SMILES,Activity,MaxAbsEStateIndex,MinAbsEStateIndex,MinEStateIndex,qed,SPS,MolWt,MaxPartialCharge,MinPartialCharge,MaxAbsPartialCharge,MinAbsPartialCharge,FpDensityMorgan1,FpDensityMorgan2,AvgIpc,BalabanJ,BertzCT,HallKierAlpha,Ipc,Kappa3,PEOE_VSA1,PEOE_VSA10,PEOE_VSA11,PEOE_VSA12,PEOE_VSA13,PEOE_VSA14,PEOE_VSA2,PEOE_VSA3,PEOE_VSA4,PEOE_VSA5,PEOE_VSA6,PEOE_VSA7,PEOE_VSA8,PEOE_VSA9,SMR_VSA1,SMR_VSA10,SMR_VSA2,SMR_VSA3,SMR_VSA4,SMR_VSA5,SMR_VSA6,SMR_VSA7,SMR_VSA9,SlogP_VSA1,SlogP_VSA10,SlogP_VSA11,SlogP_VSA12,SlogP_VSA2,SlogP_VSA3,SlogP_VSA4,SlogP_VSA5,SlogP_VSA6,SlogP_VSA7,SlogP_VSA8,TPSA,EState_VSA1,EState_VSA10,EState_VSA11,EState_VSA2,EState_VSA3,EState_VSA4,EState_VSA5,EState_VSA6,EState_VSA7,EState_VSA8,EState_VSA9,VSA_EState1,VSA_EState10,VSA_EState2,VSA_EState3,VSA_EState4,VSA_EState5,VSA_EState6,VSA_EState7,VSA_EState8,VSA_EState9,FractionCSP3,NHOHCount,NOCount,NumAliphaticCarbocycles,NumAliphaticHeterocycles,NumAliphaticRings,NumAmideBonds,NumAromaticCarbocycles,NumAromaticHeterocycles,NumAromaticRings,NumAtomStereoCenters,NumBridgeheadAtoms,NumHAcceptors,NumHDonors,NumHeteroatoms,NumHeterocycles,NumRotatableBonds,NumSaturatedCarbocycles,NumSaturatedHeterocycles,NumSaturatedRings,NumSpiroAtoms,NumUnspecifiedAtomStereoCenters,Phi,RingCount,MolLogP,fr_Al_COO,fr_Al_OH,fr_ArN,fr_Ar_COO,fr_Ar_N,fr_Ar_NH,fr_Ar_OH,fr_COO,fr_C_O,fr_C_S,fr_HOCCN,fr_Imine,fr_NH0,fr_NH1,fr_NH2,fr_Ndealkylation1,fr_Ndealkylation2,fr_aldehyde,fr_alkyl_halide,fr_allylic_oxid,fr_amidine,fr_aniline,fr_aryl_methyl,fr_azo,fr_bicyclic,fr_ester,fr_ether,fr_furan,fr_halogen,fr_hdrzine,fr_hdrzone,fr_imidazole,fr_imide,fr_ketone,fr_ketone_Topliss,fr_methoxy,fr_morpholine,fr_nitro,fr_nitro_arom,fr_nitro_arom_nonortho,fr_oxazole,fr_oxime,fr_para_hydroxylation,fr_piperdine,fr_piperzine,fr_priamide,fr_prisulfonamd,fr_pyridine,fr_sulfonamd,fr_sulfone,fr_term_acetylene,fr_thiazole,fr_thiophene,fr_unbrch_alkane,fr_urea
Cc1cc(C)c(/C=C2\C(=O)Nc3ncnc(Nc4ccc(F)c(Cl)c4)c32)[nH]1,7.39,13.399866906371791,0.0063388547312606,-0.5091181627892831,0.5833573872884239,14.37037037037037,383.814,0.2572996425292131,-0.3589175906477566,0.3589175906477566,0.2572996425292131,1.2222222222222223,2.037037037037037,3.10519160992717,1.7891735021737434,1105.474623172173,-3.1899999999999995,1710184.279167389,3.1713589519898533,15.617555728959871,23.78026647148049,0.0,0.0,5.907179729351506,0.0,4.794537184071822,14.358372089569237,0.0,0.0,11.600939890232516,49.75241427175856,17.075242264380485,16.159189335507588,9.184952231746642,46.48035608684079,0.0,14.951935562841626,0.0,13.847474399381248,10.633577208012662,63.94740147648911,0.0,10.633577208012662,21.71352687802844,0.0,11.600939890232516,20.85911529219313,4.794537184071822,19.664695240427143,22.514758973090917,30.59278834861098,5.022633313741326,11.64912463690315,82.69999999999999,5.817220841045895,9.184952231746642,0.0,10.929813043092832,28.45966785211988,16.95130748139392,18.46005421168776,12.142387175295491,19.913841467842857,25.585512770854287,11.600939890232516,13.399866906371791,5.846498940132968,24.118623405803845,5.819020055293655,4.401300237481487,0.0635089508133606,6.261785206431046,3.120275109529408,3.913565632586889,0.0,0.1052631578947368,3,6,0,1,1,1,1,2,3,0,0,4,3,8,3,3,0,0,0,0,0,4.158684758576957,4,4.450340000000002,0,0,0,0,3,1,0,0,1,0,0,0,2,3,0,0,0,0,0,0,0,3,2,0,1,0,0,0,2,0,0,0,0,0,0,0,0,0,0,0,0,0,0,0,0,0,0,0,0,0,0,0,0,0,0
Cc1cc(C(=O)N2CCOCC2)[nH]c1/C=C1\C(=O)Nc2ncnc(Nc3ccc(F)c(Cl)c3)c21,6.77,13.542331535605836,0.0415339084882993,-0.5396174899687185,0.4896190037984267,16.5,482.9030000000001,0.2699476574923258,-0.3777737710276622,0.3777737710276622,0.2699476574923258,1.2647058823529411,2.0588235294117645,3.3606004728772505,1.4863571724834008,1332.2348152667228,-3.759999999999999,74317367.36455506,4.128868747125203,25.254328413610395,29.47419446632896,0.0,0.0,11.814359458703011,0.0,9.589074368143644,14.358372089569237,0.0,0.0,11.600939890232516,42.82867707206794,24.47082708135717,29.372953264533425,18.716352369618512,52.38753581619229,0.0,19.8518452936921,0.0,6.923737199690624,36.93685394886365,63.94740147648911,0.0,10.633577208012662,21.71352687802844,0.0,11.600939890232516,57.96948149324611,9.53140013787187,12.74095804073652,27.30929615716273,30.59278834861098,5.022633313741326,11.64912463690315,112.24,5.817220841045895,13.979489415818463,0.0,16.836992772444336,66.15080058266778,5.563451491696996,24.52642128014937,17.042296906145967,6.923737199690624,25.585512770854287,16.337802844032566,18.85518588710544,5.8902268261699735,38.92130208817554,5.757850981078816,3.1480064726387864,-0.3184781466255928,5.9446741678617006,2.979453760987655,3.932889073718793,0.0,0.217391304347826,3,9,0,2,2,2,1,2,3,0,0,6,3,11,4,4,0,1,1,0,0,5.760744385697187,5,3.614320000000001,0,0,0,0,3,1,0,0,2,0,0,0,3,3,0,0,0,0,0,0,0,3,1,0,1,0,1,0,2,0,0,0,0,0,0,0,1,0,0,0,0,0,0,0,0,0,0,0,0,0,0,0,0,0,0
CN(c1ccccc1)c1ncnc2ccc(N/N=N/Cc3ccccn3)cc12,5.03,4.485145341394093,0.4231421941439008,0.4231421941439008,0.3910624471786627,11.035714285714286,369.4320000000001,0.1436319582314969,-0.3288657343349254,0.3288657343349254,0.1436319582314969,0.9285714285714286,1.7857142857142858,2.768898552928225,1.5587627231201868,1081.6207343167298,-3.87,4155208.5292199054,3.9317418824362056,4.899909730850478,18.689939258512144,0.0,0.0,0.0,0.0,10.409769918057592,9.967957041894415,5.114250125629398,0.0,29.48872119257989,42.46456947923127,24.318126043438625,16.898014987148287,0.0,28.09556025928321,0.0,14.951935562841626,10.33750304436285,6.544756405912575,17.373373110638052,84.94812939430379,0.0,10.325701127960862,17.19263532720215,0.0,0.0,21.999607545518813,6.544756405912575,0.0,5.693927994848461,89.59170444381819,0.0,10.902924932081056,78.66000000000001,0.0,0.0,0.0,0.0,6.544756405912575,33.78948825413167,0.0,12.524163646377618,78.67761946660539,30.715230004314854,0.0,0.0,0.0,15.110962293404086,9.11819371782485,6.567756734276258,0.8243280848840917,21.643183537684767,3.3225755997126294,0.4231421941439008,1.989857838069418,0.0952380952380952,1,7,0,0,0,0,2,2,4,0,0,6,1,7,2,6,0,0,0,0,0,5.146826528061806,4,4.772000000000004,0,0,0,0,3,0,0,0,0,0,0,0,6,1,0,0,0,0,0,0,0,3,0,0,1,0,0,0,0,0,0,0,0,0,0,0,0,0,0,0,0,0,1,0,0,0,0,1,0,0,0,0,0,0,0
N#CC(C#N)=Cc1cc(O)ccc1[N+](=O)[O-],4.02,10.620053854875284,0.0167592592592595,-0.6551171579743009,0.4583174098380557,8.625,215.168,0.2764250689579337,-0.5079353702316185,0.5079353702316185,0.2764250689579337,1.4375,2.0625,2.25060126431027,3.3866530083843585,533.4081739798568,-2.86,3312.8850610647182,2.336715652793384,5.106527394840706,23.46105898893772,0.0,0.0,5.687386274683562,0.0,10.114318268765572,0.0,10.523783109476971,0.0,0.0,18.208754243757102,6.06636706846161,10.486762540514666,10.029838443658376,11.763406381517443,10.523783109476971,0.0,0.0,0.0,0.0,39.44997549591666,17.887954458868453,0.0,5.687386274683562,5.749511833283905,0.0,10.029838443658376,0.0,32.77654400382709,5.563451491696996,23.772205735454097,0.0,6.076020106833881,110.95000000000002,4.923311048817671,10.114318268765572,0.0,22.57345412973373,0.0,24.27512131221871,0.0,12.138442625584547,0.0,0.0,15.63031050431768,0.0,0.0,9.964936696900985,36.805958994709,-0.5299999999999994,-0.1740003779289489,6.546345427059713,1.0534259259259258,0.0,0.0,0.0,1,6,0,0,0,0,1,0,1,0,0,5,1,6,0,2,0,0,0,0,0,3.2094937076286785,1,1.73096,0,0,0,0,0,0,1,0,0,0,0,0,3,0,0,0,0,0,0,1,0,0,0,0,0,0,0,0,0,0,0,0,0,0,0,0,0,1,1,0,0,0,0,0,0,0,0,0,0,0,0,0,0,0,0
Cc1cc(C(=O)NCCN2CCOCC2)[nH]c1/C=C1\C(=O)N(C)c2ncnc(Nc3ccc(F)c(Cl)c3)c21,5.28,13.63015890735684,0.0394231971502561,-0.5381616409075713,0.3947889424056135,16.68421052631579,539.9990000000001,0.2672633198966522,-0.3787927180120614,0.3787927180120614,0.2672633198966522,1.263157894736842,2.0526315789473686,3.3981928931380905,1.3818361030897697,1417.8183979695093,-3.799999999999999,468569505.12370527,5.259330451824212,20.35441868275992,29.47419446632896,0.0,0.0,11.814359458703011,0.0,19.3888938298446,14.358372089569237,0.0,0.0,11.600939890232516,42.82867707206794,44.60801187585951,29.372953264533425,18.716352369618512,52.38753581619229,0.0,25.16863389769843,0.0,6.923737199690624,56.65715987021014,63.94740147648911,0.0,15.533486938863138,21.71352687802844,0.0,11.600939890232516,78.10666628774842,9.53140013787187,12.74095804073652,27.30929615716273,30.59278834861098,5.022633313741326,11.64912463690315,115.48,5.817220841045895,13.979489415818463,0.0,16.836992772444336,59.60604417675522,25.197720709434723,29.42633101099985,19.19005915797268,6.923737199690624,30.48542250170476,16.337802844032566,18.98203639643661,5.9304572138830896,41.37843903258377,6.010729343628377,3.169138040071639,-0.2367587577201748,5.96290534725574,3.0366650158692936,6.2500656566329775,1.6274338224697846,0.3076923076923077,3,10,0,2,2,2,1,2,3,0,0,7,3,12,4,7,0,1,1,0,0,7.409162960904949,5,3.228220000000002,0,0,0,0,3,1,0,0,2,0,0,0,4,3,0,1,0,0,0,0,0,3,1,0,1,0,1,0,2,0,0,0,0,0,0,0,1,0,0,0,0,0,0,0,0,0,0,0,0,0,0,0,0,0,0
N#CC(C#N)=C(N)/C(C#N)=C/c1ccc(O)cc1,6.9,9.115687174561184,0.026657218442933,-0.3040941253044427,0.5962762438639292,9.72222222222222,236.234,0.1533659215718361,-0.5079662507355267,0.5079662507355267,0.1533659215718361,1.0555555555555556,1.6111111111111112,2.3897138822190267,3.2562814161549376,617.5444217481133,-3.229999999999999,9941.20975003115,2.883313130783019,10.84019487200289,23.95717577166073,5.573104530069267,0.0,0.0,0.0,0.0,0.0,15.78567466421546,0.0,12.13273413692322,23.772205735454097,0.0,11.2701438431251,5.106527394840706,6.076020106833881,15.78567466421546,0.0,5.733667477162185,0.0,0.0,46.6721681387378,23.95717577166073,5.733667477162185,0.0,5.749511833283905,0.0,5.106527394840706,0.0,33.993338602592274,5.563451491696996,41.10871664704081,0.0,6.076020106833881,117.62,0.0,0.0,0.0,22.592760206478275,5.563451491696996,0.0,18.208754243757102,24.271176762507768,6.069221312792274,0.0,26.625869536218357,0.0,0.0,0.0,35.39384020429159,5.758976232468297,0.100842991517595,11.145692423574369,1.4339814814814815,0.0,0.0,0.0,3,5,0,0,0,0,1,0,1,0,0,5,2,5,0,2,0,0,0,0,0,4.097484093004164,1,1.55914,0,0,0,0,0,0,1,0,0,0,0,0,3,0,1,0,0,0,0,2,0,0,0,0,0,0,0,0,0,0,0,0,0,0,0,0,0,0,0,0,0,0,0,0,0,0,0,0,0,0,0,0,0,0,0
N#CC(C#N)=Cc1ccc(O)c(O)c1,4.46,9.113320105820106,0.0601020408163262,-0.2833522297808009,0.5137772505164835,8.428571428571429,186.17,0.1574906311773243,-0.5042596318575665,0.5042596318575665,0.1574906311773243,1.1428571428571428,1.7857142857142858,2.194804096351836,3.1269748269818325,447.99083436384575,-2.4599999999999995,1378.3369725089528,2.024159152082614,10.213054789681411,17.711547155653815,11.49902366656781,0.0,0.0,0.0,0.0,0.0,10.523783109476971,0.0,6.06636706846161,23.772205735454097,0.0,0.0,10.213054789681411,6.076020106833881,10.523783109476971,0.0,0.0,0.0,0.0,29.33565722715109,23.63746629215236,0.0,0.0,11.49902366656781,0.0,10.213054789681411,0.0,22.66222573506152,5.563451491696996,23.772205735454097,0.0,6.076020106833881,88.04,0.0,0.0,0.0,17.072128196637077,5.563451491696996,0.0,24.27512131221871,12.138442625584547,0.0,0.0,20.736837899158385,0.0,0.0,0.0,35.02196097883598,0.4245275888133037,-0.5216713907785331,7.423238378684807,1.3186111111111112,0.0,0.0,0.0,2,4,0,0,0,0,1,0,1,0,0,4,2,4,0,1,0,0,0,0,0,2.731383670165338,1,1.52836,0,0,0,0,0,0,2,0,0,0,0,0,2,0,0,0,0,0,0,1,0,0,0,0,0,0,0,0,0,0,0,0,0,0,0,0,0,0,0,0,0,0,0,0,0,0,0,0,0,0,0,0,0,0,0
CCN(CC)CC(O)CNC(=O)c1cc(C)c(/C=C2\C(=O)Nc3ncnc(Nc4ccc(F)c(Cl)c4)c32)[nH]1,9.35,13.581481102152434,0.0564287298607959,-0.6971355897086788,0.2475408217275274,14.5,542.0150000000001,0.2673094866160773,-0.3899513998447287,0.3899513998447287,0.2673094866160773,1.263157894736842,2.026315789473684,3.424755264316467,1.548724205362087,1387.156473892043,-3.799999999999999,306260383.39402694,6.012992533820338,30.940781458657383,29.47419446632896,0.0,0.0,11.814359458703011,0.0,9.589074368143644,14.358372089569237,0.0,0.0,25.44841428961377,55.91818988389309,24.47082708135717,22.26315572325589,19.086016810659167,52.38753581619229,0.0,25.16863389769843,0.0,26.875177986820173,36.81260283166296,63.94740147648911,0.0,15.950365812018994,21.71352687802844,0.0,11.600939890232516,69.05572415863442,4.794537184071822,12.74095804073652,41.15677055654398,30.59278834861098,5.022633313741326,11.64912463690315,135.27,11.921187228794198,19.086016810659167,0.0,28.95485370842618,40.81917571766011,18.652964303522147,24.52642128014937,12.142387175295491,20.771211599071872,35.802211105711095,11.600939890232516,13.581481102152434,5.89844404401668,39.08213708315364,18.701487084114397,2.7795309861243105,-0.6687943012498991,5.81685677176112,2.2207153003617224,8.032586374010044,0.0,0.3076923076923077,5,10,0,1,1,2,1,2,3,1,0,7,5,12,3,10,0,0,0,0,1,8.40009216456269,4,3.57442,0,1,0,0,3,1,0,0,2,0,0,0,3,4,0,1,0,0,0,0,0,3,1,0,1,0,0,0,2,0,0,0,0,0,0,0,0,0,0,0,0,0,0,0,0,0,0,0,0,0,0,0,0,0,0
N#C/C(=C\c1ccc(O)c(O)c1)C(N)=O,5.0,10.706308736457546,0.2221390778533634,-0.8425325963718822,0.3698127948017662,10.733333333333333,204.185,0.2588719294731247,-0.5042596318723944,0.5042596318723944,0.2588719294731247,1.4,2.066666666666667,2.1884883847304835,3.139489712583243,472.0461118913305,-2.4800000000000004,1934.6237321017477,2.479543107280872,15.946722266843596,11.642325842861542,11.49902366656781,0.0,5.907179729351506,0.0,4.794537184071822,0.0,5.261891554738487,0.0,6.06636706846161,23.772205735454097,0.0,0.0,15.007591973753232,11.983199836185388,5.261891554738487,0.0,5.733667477162185,0.0,0.0,29.33565722715109,17.568244979360085,5.733667477162185,0.0,11.49902366656781,0.0,16.120234519032916,4.794537184071822,11.33111286753076,5.563451491696996,23.772205735454097,0.0,6.076020106833881,107.34,5.907179729351506,4.794537184071822,0.0,17.072128196637077,5.563451491696996,0.0,24.27512131221871,6.069221312792274,0.0,0.0,21.208613821582084,0.0,0.0,10.706308736457546,26.713479229654823,5.102646604938272,-1.4441595804988654,5.531354639077853,1.2237037037037035,0.0,0.0,0.0,4,5,0,0,0,1,1,0,1,0,0,4,3,5,0,2,0,0,0,0,0,2.9351150230009173,1,0.4900799999999999,0,0,0,0,0,0,2,0,1,0,0,0,1,0,1,0,0,0,0,0,0,0,0,0,0,0,0,0,0,0,0,0,0,0,0,0,0,0,0,0,0,0,0,0,0,1,0,0,0,0,0,0,0,0,0
N#CC(C#N)=C(N)/C(C#N)=C/c1ccc(O)c([N+](=O)[O-])c1,4.22,10.703781670853733,0.1869557823129246,-0.7838257432602669,0.3664761374796307,9.857142857142858,281.231,0.3107896689335716,-0.5020921934873465,0.5020921934873465,0.3107896689335716,1.2857142857142858,1.9047619047619049,2.4662454957006936,3.426374834449219,771.495476003804,-3.83,35435.01528222756,3.3417666137728377,10.84019487200289,18.20766393837682,11.322616363353172,0.0,0.0,5.687386274683562,10.114318268765572,0.0,15.78567466421546,0.0,6.06636706846161,17.705838666992488,6.06636706846161,16.19345489194277,10.029838443658376,11.763406381517443,15.78567466421546,0.0,5.733667477162185,0.0,0.0,50.720119339041766,23.95717577166073,5.733667477162185,5.687386274683562,5.749511833283905,0.0,10.029838443658376,0.0,44.10765687135785,5.563451491696996,35.0423495785792,0.0,6.076020106833881,160.76,21.933313686854405,15.22084566360628,0.0,16.833595334822096,0.0,12.13273413692322,12.142387175295491,18.20766393837682,0.0,0.0,21.51934214137765,0.0,0.0,9.919955927593463,46.40444287668133,4.266965440497188,-0.5195273788527757,8.251126097043755,1.177037037037037,0.0,0.0,0.0,3,8,0,0,0,0,1,0,1,0,0,7,2,8,0,3,0,0,0,0,0,4.619110275210891,1,1.46734,0,0,0,0,0,0,1,0,0,0,0,0,4,0,1,0,0,0,0,2,0,0,0,0,0,0,0,0,0,0,0,0,0,0,0,0,0,1,1,0,0,0,0,0,0,0,0,0,0,0,0,0,0,0,0
N#CC(C#N)=Cc1cc(O)c(O)c(O)c1,5.52,9.13415343915344,0.1671390778533632,-0.6364673091458803,0.4684715560327487,8.666666666666666,202.169,0.1997965210424458,-0.5041467010186274,0.5041467010186274,0.1997965210424458,1.0666666666666669,1.5333333333333334,2.2195858834482105,3.264255886386336,467.3743903971031,-2.66,2024.262325704768,2.172290869740507,15.319582184522115,17.711547155653815,17.248535499851716,0.0,0.0,0.0,0.0,0.0,10.523783109476971,0.0,0.0,23.772205735454097,0.0,0.0,15.319582184522115,6.076020106833881,10.523783109476971,0.0,0.0,0.0,0.0,23.269290158689483,29.38697812543626,0.0,0.0,17.248535499851716,0.0,15.319582184522115,0.0,22.66222573506152,5.563451491696996,17.705838666992488,0.0,6.076020106833881,108.27,17.248535499851716,0.0,0.0,11.136556021766264,0.0,12.13273413692322,6.076020106833881,12.138442625584547,0.0,0.0,25.84336529399909,0.0,0.0,0.0,44.22759023053666,0.0836942554799704,-1.670764361300075,5.513368764172336,1.1794444444444443,0.0,0.0,0.0,3,5,0,0,0,0,1,0,1,0,0,5,3,5,0,1,0,0,0,0,0,2.801403301598447,1,1.2339599999999995,0,0,0,0,0,0,3,0,0,0,0,0,2,0,0,0,0,0,0,1,0,0,0,0,0,0,0,0,0,0,0,0,0,0,0,0,0,0,0,0,0,0,0,0,0,0,0,0,0,0,0,0,0,0,0
C/N=N/Nc1ccc2ncnc(N(C)c3ccccc3)c2c1,5.1,4.437568657092466,0.8410067082388513,0.8410067082388513,0.586358568795822,11.0,292.34600000000006,0.1436319582314745,-0.3288657343349254,0.3288657343349254,0.1436319582314745,1.0454545454545454,1.8636363636363635,2.591027118383808,2.081092385499099,800.1000217139003,-3.02,156124.93004533474,2.7127242911100367,4.899909730850478,12.14518285259957,0.0,0.0,0.0,0.0,5.425791397110385,9.967957041894415,5.114250125629398,0.0,23.42235412411828,30.33183534230805,18.12128247182555,18.25175897497701,0.0,28.09556025928321,0.0,9.967957041894415,10.33750304436285,0.0,24.421045093315243,54.85825662245742,0.0,10.325701127960862,17.19263532720215,0.0,0.0,24.0633010072488,0.0,0.0,0.0,65.19575966682027,0.0,10.902924932081056,65.77,0.0,0.0,0.0,0.0,0.0,28.09556025928321,0.0,13.37499205744173,60.47851826122055,25.73125148336765,0.0,0.0,0.0,10.794126511715795,8.43970872184707,5.665050443016712,0.8410067082388513,15.908234662296712,1.5793252393550012,0.0,3.60588104686319,0.125,1,6,0,0,0,0,2,1,3,0,0,5,1,6,1,4,0,0,0,0,0,3.911201864534479,3,3.806600000000002,0,0,0,0,2,0,0,0,0,0,0,0,5,1,0,0,0,0,0,0,0,3,0,0,1,0,0,0,0,0,0,0,0,0,0,0,0,0,0,0,0,0,1,0,0,0,0,0,0,0,0,0,0,0,0
CN(C)/N=N/c1ccc2ncnc(Nc3cccc(Cl)c3)c2c1,7.85,6.020607259000254,0.6609571237177663,0.6609571237177663,0.562334654811535,11.08695652173913,326.791,0.1412641483210146,-0.3395711165346314,0.3395711165346314,0.1412641483210146,1.0869565217391304,1.9565217391304348,2.531254607772565,2.0032899307761287,862.0683170932708,-2.7299999999999995,191499.5360964256,3.726872945256533,5.316788604006331,12.14518285259957,0.0,0.0,0.0,0.0,5.008912523954532,9.967957041894415,0.0,5.114250125629398,22.890559877427577,36.39820241076966,30.191587768244062,11.204086992299825,0.0,39.69650014951573,0.0,14.976869565848949,10.33750304436285,0.0,19.41213256936071,53.81452286773713,0.0,5.316788604006331,17.19263532720215,0.0,11.600939890232516,29.072213531203328,0.0,0.0,0.0,59.129392598358656,5.022633313741326,10.902924932081056,65.77,0.0,0.0,0.0,0.0,10.840496091576355,22.277697481448183,6.3273200747645415,5.008912523954532,56.559913444585646,25.6222486902636,11.600939890232516,0.0,6.020607259000254,8.597693986030627,14.593026359763371,2.4178667310545623,0.6936756739732932,13.12574009683287,1.524033446712018,0.0,3.638467557744115,0.125,1,6,0,0,0,0,2,1,3,0,0,5,1,7,1,4,0,0,0,0,0,4.340621875423013,3,4.587100000000003,0,0,0,0,2,0,0,0,0,0,0,0,5,1,0,0,0,0,0,0,0,2,0,0,1,0,0,0,1,0,0,0,0,0,0,0,0,0,0,0,0,0,0,0,0,0,0,0,0,0,0,0,0,0,0
Cc1cccc(Nc2ncnc3ccc(N)cc23)c1,6.0,5.826933316536491,0.7033261421852695,0.7033261421852695,0.6850826391478327,10.578947368421051,250.30500000000004,0.1412607841346607,-0.3987075363419303,0.3987075363419303,0.1412607841346607,1.0526315789473684,1.947368421052632,2.394578743878499,2.073888448670164,737.0471378972325,-2.62,29561.07459318007,2.3294683686180617,11.050456081168516,12.14518285259957,0.0,0.0,0.0,0.0,0.0,9.967957041894415,0.0,0.0,12.13273413692322,42.81902403369567,16.76099676383192,5.516700717616262,0.0,28.09556025928321,0.0,9.967957041894415,0.0,6.923737199690624,11.050456081168516,54.3553410456928,0.0,11.050456081168516,17.19263532720215,0.0,0.0,9.967957041894415,0.0,6.923737199690624,5.563451491696996,48.79188955399581,0.0,10.902924932081056,63.83,0.0,0.0,0.0,0.0,5.687386274683562,22.40817398459965,5.563451491696996,6.3273200747645415,30.33183534230805,34.34121698251459,5.733667477162185,0.0,0.0,8.530652714789621,4.228663076341648,9.604012345679012,0.7665740740740742,13.761063030150332,1.552236394557823,2.0567983644074914,0.0,0.0666666666666666,3,4,0,0,0,0,2,1,3,0,0,4,2,4,1,2,0,0,0,0,0,2.758712726931036,3,3.2640200000000004,0,0,1,0,2,0,0,0,0,0,0,0,2,1,1,0,0,0,0,0,0,3,1,0,1,0,0,0,0,0,0,0,0,0,0,0,0,0,0,0,0,0,0,0,0,0,0,0,0,0,0,0,0,0,0
C/N=N/Nc1ccc2ncnc(Nc3cccc(Cl)c3)c2c1,7.0,6.006171032833258,0.6611803152288365,0.6611803152288365,0.5515666779217898,11.0,312.76400000000007,0.1412625893771152,-0.3395711266952953,0.3395711266952953,0.1412625893771152,1.0454545454545454,1.9545454545454544,2.5317242269935822,2.0044565422004776,833.1305496812026,-2.7299999999999995,138108.08830672692,3.1214078553842497,5.316788604006331,12.14518285259957,0.0,0.0,0.0,0.0,5.425791397110385,9.967957041894415,5.114250125629398,0.0,22.890559877427577,36.39820241076966,16.096243802889685,18.25175897497701,0.0,39.69650014951573,0.0,9.967957041894415,10.33750304436285,0.0,17.790251983793905,53.81452286773713,0.0,10.742580001116716,17.19263532720215,0.0,11.600939890232516,17.015629024571606,0.0,0.0,0.0,59.129392598358656,5.022633313741326,10.902924932081056,74.56,0.0,0.0,0.0,0.0,10.840496091576355,22.277697481448183,6.3273200747645415,7.04767198267719,42.46456947923127,31.04804008737398,11.600939890232516,0.0,6.006171032833258,8.569530405783713,12.222407077717325,5.340238760113099,0.6984758440413203,13.151912362418011,1.5218918493323257,0.0,1.6004837788720572,0.0666666666666666,2,6,0,0,0,0,2,1,3,0,0,5,2,7,1,4,0,0,0,0,0,4.110351157843642,3,4.435700000000002,0,0,0,0,2,0,0,0,0,0,0,0,4,2,0,0,0,0,0,0,0,3,0,0,1,0,0,0,1,0,0,0,0,0,0,0,0,0,0,0,0,0,0,0,0,0,0,0,0,0,0,0,0,0,0
CN(C)/N=N/c1ccc2ncnc(N(C)c3ccccc3)c2c1,4.88,4.451650447215924,0.7673256277819771,0.7673256277819771,0.5405957250697029,11.08695652173913,306.373,0.1436335172352358,-0.328865724171701,0.328865724171701,0.1436335172352358,0.9130434782608696,1.6956521739130437,2.5909354914545943,2.0753481743094038,828.8661331932825,-3.02,216519.29714987756,3.2585746287693818,4.899909730850478,12.14518285259957,0.0,0.0,0.0,0.0,5.008912523954532,9.967957041894415,0.0,5.114250125629398,23.42235412411828,30.33183534230805,32.216626437179926,11.204086992299825,0.0,28.09556025928321,0.0,14.976869565848949,10.33750304436285,0.0,26.04292567888205,54.85825662245742,0.0,4.899909730850478,17.19263532720215,0.0,0.0,36.11988551388052,0.0,0.0,0.0,65.19575966682027,0.0,10.902924932081056,56.98,0.0,0.0,0.0,0.0,0.0,28.09556025928321,0.0,11.336232598719072,74.57386222657493,20.305460086257263,0.0,0.0,0.0,10.824026203073824,10.838533947146862,2.706589558662972,0.8362065381708241,15.884154020015313,1.5814668367346938,0.0,5.662356229528848,0.1764705882352941,0,6,0,0,0,0,2,1,3,0,0,5,0,6,1,4,0,0,0,0,0,4.14111645662729,3,3.958000000000003,0,0,0,0,2,0,0,0,0,0,0,0,6,0,0,0,0,0,0,0,0,2,0,0,1,0,0,0,0,0,0,0,0,0,0,0,0,0,0,0,0,0,1,0,0,0,0,0,0,0,0,0,0,0,0
O=CN/C=C/c1cc(O)ccc1O,4.85,9.872689909297051,0.0432860922146638,0.0432860922146638,0.4748060149969757,10.153846153846152,179.17499999999998,0.2105496138461075,-0.5079394737001803,0.5079394737001803,0.2105496138461075,1.3076923076923077,2.076923076923077,2.1143053830577707,2.862844511995571,333.6317409690368,-1.97,866.865207053686,2.5168943096011875,15.529843393687743,11.49902366656781,0.0,6.410095306116121,0.0,0.0,4.794537184071822,0.0,0.0,0.0,0.0,24.27512131221871,11.763406381517443,0.0,15.007591973753234,12.486115412950005,0.0,5.316788604006331,0.0,0.0,0.0,29.962507586902277,11.49902366656781,5.316788604006331,0.0,11.49902366656781,0.0,16.623150095797534,4.794537184071822,0.0,5.563451491696996,24.39905609520528,0.0,6.076020106833881,69.56,0.0,9.901064578912528,0.0,11.49902366656781,11.973546797813118,0.0,30.47507620203916,0.0,0.0,5.316788604006331,5.106527394840706,0.0,0.0,9.872689909297051,20.604467907533383,0.4392129629629631,0.1021315192743768,4.13299429957168,3.348503401360544,0.0,0.0,0.0,3,4,0,0,0,1,1,0,1,0,0,3,3,4,0,3,0,0,0,0,0,2.915037143228373,1,0.8144999999999998,0,0,0,0,0,0,2,0,1,0,0,0,0,1,0,0,0,0,0,0,0,0,0,0,0,0,0,0,0,0,0,0,0,0,0,0,0,0,0,0,0,0,0,0,0,0,0,0,0,0,0,0,0,0,0
Brc1cccc(Nc2ncnc3ccc(N/N=N/Cc4ccccn4)cc23)c1,6.62,4.381451085914123,0.4168877197484006,0.4168877197484006,0.3087140394645682,11.035714285714286,434.30100000000016,0.1412624335854344,-0.3395819701327354,0.3395819701327354,0.1412624335854344,0.8928571428571429,1.8571428571428568,2.7234056248468583,1.522156540252979,1115.7729845272077,-3.3899999999999992,3700029.775539441,4.4684700762243645,5.316788604006331,18.689939258512144,0.0,0.0,0.0,0.0,10.409769918057592,9.967957041894415,5.114250125629398,0.0,33.28593095360602,48.53093654769288,21.743173576593847,16.898014987148287,0.0,44.02550415723256,0.0,14.951935562841626,10.33750304436285,6.544756405912575,10.742580001116716,83.3544818416746,0.0,10.742580001116716,17.19263532720215,0.0,15.929943897949348,14.951935562841626,6.544756405912575,0.0,5.693927994848461,87.998056891189,0.0,10.902924932081056,87.45,0.0,0.0,0.0,0.0,6.544756405912575,38.262207769964085,0.0,12.524163646377618,60.6636706846161,51.96196250627054,0.0,0.9921618675719956,3.4788928237896983,12.921441211631922,12.367044190505869,6.3738968055572816,0.7196058626618694,19.365247042639304,3.281489142560324,0.4168877197484006,0.0,0.05,2,7,0,0,0,0,2,2,4,0,0,6,2,8,2,6,0,0,0,0,0,5.484072507465551,4,5.510200000000003,0,0,0,0,3,0,0,0,0,0,0,0,5,2,0,0,0,0,0,0,0,3,0,0,1,0,0,0,1,0,0,0,0,0,0,0,0,0,0,0,0,0,0,0,0,0,0,1,0,0,0,0,0,0,0
Brc1cccc(Nc2ncnc3ccc(N/N=N/CCN4CCOCC4)cc23)c1,7.19,5.347299499288484,0.6521654975261785,0.6521654975261785,0.4085493950616827,15.06896551724138,456.3480000000004,0.1412624335854229,-0.3787927178127745,0.3787927178127745,0.1412624335854229,1.0689655172413792,1.9655172413793105,2.7457988256434254,1.4140569902806153,991.4805860588611,-2.62,6030839.591057312,5.465933014685845,10.05365155780638,12.14518285259957,0.0,0.0,0.0,0.0,10.325701127960862,9.967957041894415,5.114250125629398,0.0,27.21956388514441,36.39820241076966,35.1805992227185,30.96260732723824,4.736862953800049,44.02550415723256,0.0,14.867866772744897,10.33750304436285,0.0,50.13536955379285,53.26460906982823,0.0,10.742580001116716,17.19263532720215,0.0,15.929943897949348,54.260656325421024,4.736862953800049,0.0,0.0,63.60211211419107,0.0,10.902924932081056,87.03,0.0,0.0,0.0,0.0,6.544756405912575,65.41631292187917,0.0,6.3273200747645415,42.46456947923127,51.8778937161738,4.736862953800049,6.347955178397741,3.488501073543848,11.074187610100932,12.580472727675316,5.631012992662819,0.7370427753707324,13.779946729801624,1.5566439757613688,5.054236936685616,0.0,0.3,2,8,0,1,1,0,2,1,3,0,0,7,2,9,2,7,0,1,1,0,0,6.603345828911392,4,4.247200000000003,0,0,0,0,2,0,0,0,0,0,0,0,5,2,0,0,0,0,0,0,0,3,0,0,1,0,1,0,1,0,0,0,0,0,0,0,1,0,0,0,0,0,0,0,0,0,0,0,0,0,0,0,0,0,0
O=C1Nc2ncnc(Nc3ccc(F)c(Cl)c3)c2/C1=C/c1ccc(C(=O)NCCN2CCOCC2)[nH]1,7.66,13.537754357102642,0.0436989832095013,-0.5414411532022345,0.3594565557908186,16.61111111111111,511.9450000000004,0.2672528605384261,-0.3787927180120614,0.3787927180120614,0.2672528605384261,1.2222222222222223,2.055555555555556,3.471035649565424,1.3143433352160443,1336.9943817402248,-3.8,220466494.69579387,5.225145899789776,25.67120728676625,29.47419446632896,0.0,0.0,11.814359458703011,0.0,14.488984098994122,14.358372089569237,0.0,0.0,11.600939890232516,36.407855449141934,37.56033989318232,29.37295326453343,18.716352369618512,52.38753581619229,0.0,25.168633897698435,0.0,0.0,50.0263667606888,64.45031705325373,0.0,15.950365812018994,21.71352687802844,0.0,11.600939890232516,71.05899430507124,9.53140013787187,5.817220841045895,21.74584466546574,36.65915541707259,5.022633313741326,11.64912463690315,124.26999999999998,5.817220841045895,13.979489415818463,0.0,16.836992772444336,59.6060441767552,19.634269217737724,24.52642128014937,18.208754243757102,0.0,35.802211105711095,16.337802844032566,18.868378761356883,5.885757948502006,38.94521358601392,8.631450491553167,2.199474673602717,-0.4540652866857049,7.543676540732109,2.931919645498924,4.392638083870429,0.0,0.25,4,10,0,2,2,2,1,2,3,0,0,7,4,12,4,7,0,1,1,0,0,6.938616616576,5,2.895500000000001,0,0,0,0,3,1,0,0,2,0,0,0,3,4,0,0,0,0,0,0,0,3,0,0,1,0,1,0,2,0,0,0,0,0,0,0,1,0,0,0,0,0,0,0,0,0,0,0,0,0,0,0,0,0,0
N#CC(C#N)=C(O)c1cc(O)c(O)c(O)c1,4.87,9.450833333333334,0.1473148148148144,-0.7435043461829174,0.3173124194911782,8.875,218.168,0.1998014348774676,-0.505154607023579,0.505154607023579,0.1998014348774676,1.0,1.4375,2.2628669897825016,3.4416931053855158,509.91306148202017,-2.86,3149.910849777242,1.8123019349399925,20.426109579362823,12.138442625584547,28.58080490157716,0.0,0.0,0.0,0.0,0.0,10.523783109476971,0.0,0.0,12.13273413692322,5.563451491696996,0.0,20.426109579362823,5.759164871656176,10.523783109476971,0.0,0.0,0.0,0.0,23.269290158689483,29.38697812543626,0.0,0.0,17.248535499851716,0.0,20.426109579362823,0.0,22.66222573506152,5.563451491696996,17.705838666992488,0.0,5.759164871656176,128.5,28.58080490157716,5.106527394840706,0.0,5.563451491696996,0.0,12.13273413692322,12.138442625584547,0.0,0.0,0.0,25.84336529399909,0.0,0.0,0.0,53.75601615646258,-0.7126020408163256,-2.767431027966742,4.724016912320484,0.0,0.0,0.0,0.0,4,6,0,0,0,0,1,0,1,0,0,6,4,6,0,1,0,0,0,0,0,2.882884393701391,1,1.11966,0,1,0,0,0,0,3,0,0,0,0,0,2,0,0,0,0,0,0,1,0,0,0,0,0,0,0,0,0,0,0,0,0,0,0,0,0,0,0,0,0,0,0,0,0,0,0,0,0,0,0,0,0,0,0
Cc1cc(C(=O)N2CCOCC2)[nH]c1/C=C1\C(=O)Nc2ncnc(Nc3ccc4c(ccn4Cc4ccccc4)c3)c21,8.35,13.086501200100011,0.0824018781596693,-0.2805127176168636,0.2568545013389869,15.69047619047619,559.6300000000002,0.2699476574923258,-0.3777737710276622,0.3777737710276622,0.2699476574923258,1.0714285714285714,1.9047619047619049,3.6859091928269305,1.1717280397741374,1848.778056902274,-5.219999999999998,7757495292.768993,4.815800764382184,29.82142806140175,23.65697362528306,0.0,0.0,11.814359458703011,0.0,9.589074368143644,9.967957041894415,0.0,0.0,30.33183534230805,54.458495632226544,48.11535199096388,24.350319950792095,14.325937321943693,51.68952085804083,0.0,24.418944941483456,0.0,13.4684936056032,36.93685394886365,101.26604479578168,0.0,10.633577208012662,17.323111830353618,0.0,0.0,62.53658114103746,16.076156543784446,6.923737199690624,32.87274764885973,73.18783433099372,0.0,22.55204956898421,117.17,0.0,9.589074368143644,0.0,11.814359458703011,60.46341430798422,28.698519104374192,11.890771566461538,10.975929837684358,37.255572541998674,66.68129133256677,4.736862953800049,7.588531953253699,0.0,39.87696227242843,7.331605690926101,6.221440966150781,0.5900130327863982,20.418917173730826,5.274098933403964,4.865096643986471,0.0,0.1875,3,10,0,2,2,2,2,3,5,0,0,6,3,10,5,6,0,1,1,0,0,6.517664606031265,7,4.824820000000003,0,0,0,0,4,1,0,0,2,0,0,0,4,3,0,0,0,0,0,0,0,3,1,0,2,0,1,0,0,0,0,0,0,0,0,0,1,0,0,0,0,0,0,0,0,0,0,0,0,0,0,0,0,0,0
Nc1ccc2ncnc(NCc3ccccc3)c2c1,6.29,5.816706709696428,0.7130195473251031,0.7130195473251031,0.7015050601686034,10.526315789473683,250.30500000000004,0.1371327444395744,-0.3987075376652687,0.3987075376652687,0.1371327444395744,1.0,1.8421052631578947,2.459744677846757,1.9033966081943825,694.8381169736317,-2.62,35656.4588500666,2.4711317325307176,11.050456081168516,12.14518285259957,0.0,0.0,0.0,0.0,0.0,9.967957041894415,0.0,0.0,30.33183534230805,23.762552697081823,17.618366895060934,5.516700717616262,0.0,22.40817398459965,0.0,9.967957041894415,0.0,6.544756405912575,11.050456081168516,60.42170811415441,0.0,11.050456081168516,11.50524905251859,0.0,0.0,9.967957041894415,6.544756405912575,0.0,5.563451491696996,54.85825662245742,0.0,10.902924932081056,63.83,0.0,0.0,0.0,0.0,5.687386274683562,23.26554411582866,5.563451491696996,6.3273200747645415,36.39820241076966,27.417479782823968,5.733667477162185,0.0,0.0,8.516584309649787,4.267482520786093,8.625029020102073,0.8066232048374907,15.832293983173312,1.5613595993953138,0.7239606953892667,0.0,0.0666666666666666,3,4,0,0,0,0,2,1,3,0,0,4,2,4,1,3,0,0,0,0,0,2.980388131927106,3,2.8241000000000014,0,0,1,0,2,0,0,0,0,0,0,0,2,1,1,0,0,0,0,0,0,2,0,0,1,0,0,0,0,0,0,0,0,0,0,0,0,0,0,0,0,0,0,0,0,0,0,0,0,0,0,0,0,0,0
CCN(CC)CCNC(=O)c1c(C)[nH]c(/C=C2\C(=O)Nc3ncnc(Nc4ccc(F)c(Cl)c4)c32)c1C,6.7,13.595452680350416,0.0406883987561654,-0.538845468622527,0.3052677729267539,13.702702702702704,526.0160000000002,0.2572996455930161,-0.3582058320511765,0.3582058320511765,0.2572996455930161,1.2162162162162162,1.972972972972973,3.3385645827231927,1.6292782096190663,1381.4850029094582,-3.759999999999999,185601194.7665637,5.49619250477471,25.83425406381668,23.78026647148049,0.0,0.0,11.814359458703011,0.0,9.589074368143644,14.358372089569237,0.0,0.0,25.44841428961377,56.775560015122096,30.164755076205637,21.722640827204582,13.979489415818463,52.38753581619229,0.0,25.16863389769843,0.0,27.694948798762496,36.81260283166296,63.4444858997245,0.0,15.950365812018994,21.71352687802844,0.0,11.600939890232516,57.84523037604543,4.794537184071822,19.664695240427143,46.72022204824098,24.52642128014937,5.022633313741326,11.64912463690315,115.04,5.817220841045895,13.979489415818463,0.0,16.836992772444336,51.95573173942638,25.19772070943472,24.52642128014937,6.076020106833881,13.847474399381248,49.64968550509235,11.600939890232516,13.595452680350416,5.9136819989229,39.776869269120496,8.77888729325266,3.892036969910556,-0.3623577085813274,4.195843580058266,3.0025498408155102,10.984813853928303,0.0,0.3076923076923077,4,9,0,1,1,2,1,2,3,0,0,6,4,11,3,9,0,0,0,0,0,7.892488708586282,4,4.5219400000000025,0,0,0,0,3,1,0,0,2,0,0,0,3,4,0,1,0,0,0,0,0,3,1,0,1,0,0,0,2,0,0,0,0,0,0,0,0,0,0,0,0,0,0,0,0,0,0,0,0,0,0,0,0,0,0
Cc1cc(/C=C2\C(=O)Nc3ncnc(Nc4ccc(F)c(Cl)c4)c32)[nH]c1C(=O)N1CCN(C)CC1,6.68,13.55834852194146,0.0369664423006546,-0.5355535630291761,0.4780615354595718,16.97142857142857,495.9460000000004,0.2701441112694824,-0.3507820753783579,0.3507820753783579,0.2701441112694824,1.2,1.9714285714285715,3.356662692753568,1.4606111997802609,1361.8976297671204,-3.76,103974318.66603892,4.495877819971063,25.417375190660827,29.47419446632896,0.0,0.0,11.814359458703011,0.0,9.589074368143644,14.358372089569237,0.0,0.0,11.600939890232516,49.87634905474513,37.56033989318232,16.159189335507588,13.979489415818463,52.3875358161923,0.0,24.751755024542582,0.0,6.923737199690624,43.86027481434015,63.94740147648911,0.0,10.633577208012662,21.71352687802844,0.0,11.600939890232516,69.79281208957308,4.794537184071822,12.74095804073652,27.30929615716273,30.59278834861098,5.022633313741326,11.64912463690315,106.24999999999996,5.817220841045895,13.979489415818463,0.0,16.836992772444336,52.93703665364195,18.652964303522147,24.52642128014937,6.076020106833881,24.937685981679905,30.485422501704765,11.600939890232516,13.55834852194146,5.899324194396519,41.49057349507521,5.779138285815511,3.2123610299887155,-0.2313411724184488,6.030272930747005,2.988328530031075,4.84840480077416,2.035700494759904,0.25,3,9,0,2,2,2,1,2,3,0,0,6,3,11,4,4,0,1,1,0,0,5.995082788583887,5,3.529520000000001,0,0,0,0,3,1,0,0,2,0,0,0,4,3,0,1,0,0,0,0,0,3,1,0,1,0,0,0,2,0,0,0,0,0,0,0,0,0,0,0,0,0,0,0,1,0,0,0,0,0,0,0,0,0,0
Cc1cc(C(=O)N2CCOCC2)[nH]c1/C=C1\C(=O)Nc2ncnc(Nc3ccc4c(c3)CCC4)c21,5.85,12.915016930453438,0.0697942189245668,-0.2568896733777683,0.504608090635797,17.914285714285715,470.5330000000002,0.2699476574923258,-0.3777737710276622,0.3777737710276622,0.2699476574923258,1.1428571428571428,1.9714285714285715,3.568717163141518,1.3270419653503105,1369.4018434243371,-3.979999999999999,202918885.23125312,3.973195374762621,25.254328413610395,23.65697362528306,0.0,0.0,11.814359458703011,0.0,9.589074368143644,9.967957041894415,0.0,0.0,6.06636706846161,67.15167785577836,24.47082708135717,24.350319950792095,14.325937321943693,40.78659592595977,0.0,19.8518452936921,0.0,26.186202068468653,36.93685394886365,64.23445030509589,0.0,10.633577208012662,17.323111830353618,0.0,0.0,57.96948149324611,22.37304338372389,6.923737199690624,44.85702076348274,30.59278834861098,0.0,11.64912463690315,112.24,0.0,9.589074368143644,0.0,11.814359458703011,60.46341430798422,24.09248101223258,23.875044681084542,10.975929837684358,19.056471336613843,37.71824690777751,4.736862953800049,5.348123905944478,0.0,39.52186187388624,6.219398606988239,6.811098170121536,0.7011943405258438,8.179211570155513,6.587296493206079,4.131815039172075,0.0,0.3076923076923077,3,9,1,2,3,2,1,2,3,0,0,6,3,9,4,4,0,1,1,0,0,5.333398720351645,6,3.310520000000001,0,0,0,0,3,1,0,0,2,0,0,0,3,3,0,0,0,0,0,0,0,3,3,0,2,0,1,0,0,0,0,0,0,0,0,0,1,0,0,0,0,0,0,0,0,0,0,0,0,0,0,0,0,0,0
N#C/C(=C\c1ccc(C=O)cc1)C(=O)O,4.33,10.511041509196271,0.3390249433106576,-1.2667001028806582,0.4561878465297967,10.466666666666669,201.181,0.3459618477330979,-0.47711476516412,0.47711476516412,0.3459618477330979,1.2666666666666666,1.8,2.259384124036328,3.030732465860899,451.7165325373574,-2.41,2340.721952501636,2.7774853589967483,5.106527394840706,17.9284863659911,0.0,0.0,0.0,5.969305287951849,4.794537184071822,4.794537184071822,5.261891554738487,0.0,24.26546827384644,11.639471598530877,5.563451491696996,0.0,14.69560176298435,18.331485917915288,5.261891554738487,0.0,0.0,0.0,0.0,40.9654757873097,6.069221312792274,0.0,0.0,0.0,0.0,17.36199320592211,4.794537184071822,11.33111286753076,15.921440167465814,29.838572803915707,0.0,6.076020106833881,78.16,5.969305287951849,9.589074368143644,0.0,5.573104530069267,17.413063506523546,0.0,6.076020106833881,30.334689586638717,0.0,0.0,10.368418949579192,0.0,0.0,20.853555576551607,17.09159234063996,0.730912698412699,-1.2667001028806582,7.819994094860167,1.9373120590828925,0.0,0.0,0.0,1,4,0,0,0,0,1,0,1,0,0,3,1,4,0,3,0,0,0,0,0,3.359173742346752,1,1.49068,1,0,0,0,0,0,0,1,2,0,0,0,1,0,0,0,0,1,0,0,0,0,0,0,0,0,0,0,0,0,0,0,0,0,0,0,0,0,0,0,0,0,0,0,0,0,0,0,0,0,0,0,0,0,0
Cc1cc(C(=O)NCCN2CCOCC2)[nH]c1/C=C1\C(=O)Nc2ncnc(Nc3ccc(F)c(Cl)c3)c21,8.19,13.575572130497338,0.0431204708128074,-0.5410011470804108,0.3491095155833938,16.513513513513512,525.9720000000001,0.2672633198966471,-0.3787927180120614,0.3787927180120614,0.2672633198966471,1.2702702702702702,2.081081081081081,3.415736507005424,1.3513466959215086,1384.6000308367584,-3.799999999999999,310869923.1497753,5.480845949416227,25.671207286766247,29.47419446632896,0.0,0.0,11.814359458703011,0.0,14.48898409899412,14.358372089569237,0.0,0.0,11.600939890232516,42.82867707206794,37.56033989318232,29.372953264533425,18.716352369618512,52.38753581619229,0.0,25.16863389769843,0.0,6.923737199690624,50.0263667606888,63.94740147648911,0.0,15.950365812018994,21.71352687802844,0.0,11.600939890232516,71.05899430507124,9.53140013787187,12.74095804073652,27.30929615716273,30.59278834861098,5.022633313741326,11.64912463690315,124.27,5.817220841045895,13.979489415818463,0.0,16.836992772444336,59.60604417675522,25.197720709434723,24.52642128014937,12.142387175295491,6.923737199690624,35.802211105711095,16.337802844032566,18.919368022354885,5.903173263265805,39.32708669636917,8.69332978815243,3.069784770986228,-0.4371381301481583,5.924480602357781,2.9741650158692936,6.236861081903678,0.0,0.28,4,10,0,2,2,2,1,2,3,0,0,7,4,12,4,7,0,1,1,0,0,7.173460478101361,5,3.203920000000001,0,0,0,0,3,1,0,0,2,0,0,0,3,4,0,0,0,0,0,0,0,3,1,0,1,0,1,0,2,0,0,0,0,0,0,0,1,0,0,0,0,0,0,0,0,0,0,0,0,0,0,0,0,0,0
CN(c1ccccc1)c1ncnc2ccc(N)cc12,5.08,5.857523305618543,0.7129737759301253,0.7129737759301253,0.7103069408166413,10.578947368421051,250.305,0.1436306682737956,-0.398707535580362,0.398707535580362,0.1436306682737956,1.0,1.7894736842105263,2.4655859784535243,2.171266761993666,709.6723058229819,-2.62,33610.868058278444,2.080382409004457,10.633577208012664,12.14518285259957,0.0,0.0,0.0,0.0,0.0,9.967957041894415,0.0,0.0,18.19910120538483,30.33183534230805,23.80866874650911,5.516700717616262,0.0,28.09556025928321,0.0,9.967957041894415,0.0,0.0,17.681249190689854,54.85825662245742,0.0,10.633577208012664,17.19263532720215,0.0,0.0,17.015629024571606,0.0,0.0,0.0,54.85825662245742,0.0,10.902924932081056,55.040000000000006,0.0,0.0,0.0,0.0,5.687386274683562,22.40817398459965,0.0,6.3273200747645415,60.47851826122054,9.967957041894415,5.733667477162185,0.0,0.0,10.68046831695641,0.9526417233560094,8.535224500293946,0.8504629629629632,15.751446260603007,1.5766836734693876,0.0,1.98640589569161,0.0666666666666666,2,4,0,0,0,0,2,1,3,0,0,4,1,4,1,2,0,0,0,0,0,2.758712726931036,3,2.9799000000000007,0,0,1,0,2,0,0,0,0,0,0,0,3,0,1,0,0,0,0,0,0,3,0,0,1,0,0,0,0,0,0,0,0,0,0,0,0,0,0,0,0,0,1,0,0,0,0,0,0,0,0,0,0,0,0
CCN1CCN(C(=O)c2cc(C)c(/C=C3\C(=O)Nc4ncnc(Nc5ccc(F)c(Cl)c5)c43)[nH]2)CC1,7.89,13.57996670540167,0.0361266388039185,-0.5348361362920164,0.450093590840146,16.833333333333332,509.9730000000002,0.2698770199954609,-0.3507852586521549,0.3507852586521549,0.2698770199954609,1.2222222222222223,2.0,3.40403300380762,1.4398684985327923,1378.722443862574,-3.7599999999999993,181746332.8098704,4.5670834764161405,25.417375190660824,29.47419446632896,0.0,0.0,11.814359458703011,0.0,9.589074368143644,14.358372089569237,0.0,0.0,18.524677089923134,49.37343347798051,37.56033989318232,16.159189335507588,13.979489415818463,52.38753581619229,0.0,24.75175502454258,0.0,13.847474399381248,43.35735923757553,63.94740147648911,0.0,10.633577208012662,21.71352687802844,0.0,11.600939890232516,69.28989651280848,4.794537184071822,12.74095804073652,34.23303335685336,30.59278834861098,5.022633313741326,11.64912463690315,106.25,5.817220841045895,13.979489415818463,0.0,16.836992772444336,52.93703665364195,25.197720709434723,24.52642128014937,12.142387175295491,11.823646930541102,37.40915970139539,11.600939890232516,13.57996670540167,5.909324075715869,41.7387619029992,5.798343100284859,3.264925755507033,-0.2248838099962979,6.007927974899222,3.012847562952885,8.023897843346674,0.0,0.28,3,9,0,2,2,2,1,2,3,0,0,6,3,11,4,5,0,1,1,0,0,6.462096541083832,5,3.919620000000001,0,0,0,0,3,1,0,0,2,0,0,0,4,3,0,1,0,0,0,0,0,3,1,0,1,0,0,0,2,0,0,0,0,0,0,0,0,0,0,0,0,0,0,0,1,0,0,0,0,0,0,0,0,0,0
N#CC(C#N)=Cc1ccc(C=O)cc1,4.22,10.332226001511716,0.0452343159486019,0.0452343159486019,0.5180957849447793,8.142857142857142,182.182,0.1495487405541423,-0.2978964057204618,0.2978964057204618,0.1495487405541423,1.0714285714285714,1.5714285714285714,2.264492095135411,3.0092964984243347,427.66125500987255,-2.3899999999999992,1666.6661820196623,2.297264379558232,0.0,23.99770767878337,0.0,0.0,0.0,0.0,4.794537184071822,0.0,10.523783109476971,0.0,24.26546827384644,11.639471598530877,5.563451491696996,0.0,4.794537184071822,12.362180629963436,10.523783109476971,0.0,0.0,0.0,0.0,40.9654757873097,12.138442625584547,0.0,0.0,0.0,0.0,6.286160523129555,0.0,22.66222573506152,15.921440167465814,29.838572803915707,0.0,6.076020106833881,64.65,0.0,4.794537184071822,0.0,5.573104530069267,5.563451491696996,11.849612014826551,6.076020106833881,36.40391089943099,0.0,0.0,10.523783109476971,0.0,0.0,10.332226001511716,16.982286785084405,1.3427484882842031,0.0,10.136811696900985,2.205927028218695,0.0,0.0,0.0,0,3,0,0,0,0,1,0,1,0,0,3,0,3,0,2,0,0,0,0,0,3.1793053419187705,1,1.92966,0,0,0,0,0,0,0,0,1,0,0,0,2,0,0,0,0,1,0,1,0,0,0,0,0,0,0,0,0,0,0,0,0,0,0,0,0,0,0,0,0,0,0,0,0,0,0,0,0,0,0,0,0,0,0
N#CC(C#N)=Cc1cc(O)cc(O)c1,4.43,9.097116402116402,0.0879629629629628,-0.119000377928949,0.6506579026520011,8.428571428571429,186.17,0.1297732108553294,-0.5078005815343601,0.5078005815343601,0.1297732108553294,1.0714285714285714,1.5714285714285714,2.122905153200038,3.1710028774391863,427.74083436384575,-2.4599999999999995,1248.2682300816225,2.261543460199785,10.213054789681411,29.210570822221623,0.0,0.0,0.0,0.0,0.0,0.0,10.523783109476971,0.0,0.0,23.772205735454097,6.06636706846161,0.0,10.213054789681411,6.076020106833881,10.523783109476971,0.0,0.0,0.0,0.0,29.33565722715109,23.63746629215236,0.0,0.0,11.49902366656781,0.0,10.213054789681411,0.0,22.66222573506152,5.563451491696996,23.772205735454097,0.0,6.076020106833881,88.04,0.0,0.0,0.0,17.072128196637077,5.563451491696996,6.06636706846161,18.208754243757102,12.138442625584547,0.0,0.0,20.736837899158385,0.0,0.0,0.0,35.11454837490552,0.3153703703703707,-0.2380007558578978,7.197526455026456,1.277222222222222,0.0,0.0,0.0,2,4,0,0,0,0,1,0,1,0,0,4,2,4,0,1,0,0,0,0,0,2.731383670165338,1,1.52836,0,0,0,0,0,0,2,0,0,0,0,0,2,0,0,0,0,0,0,1,0,0,0,0,0,0,0,0,0,0,0,0,0,0,0,0,0,0,0,0,0,0,0,0,0,0,0,0,0,0,0,0,0,0,0
Cc1cc(C(=O)O)[nH]c1/C=C1\C(=O)Nc2ncnc(Nc3ccc(F)c(Cl)c3)c21,7.54,13.414900919977232,0.0107340513728229,-1.103795223007989,0.4822241295481642,14.03448275862069,413.7960000000001,0.3518169026176041,-0.4765669738123052,0.4765669738123052,0.3518169026176041,1.3103448275862069,2.103448275862069,3.193602756027452,1.781539249990356,1204.5504457188356,-3.719999999999999,4290790.531682731,3.4297515849209863,20.724083123800572,29.47419446632896,0.0,0.0,5.907179729351506,5.969305287951849,4.794537184071822,19.152909273641058,0.0,0.0,11.600939890232516,42.82867707206794,11.381314269532025,16.159189335507588,19.086016810659167,52.44966137479264,0.0,14.951935562841626,0.0,6.923737199690624,10.633577208012662,63.94740147648911,0.0,10.633577208012662,21.71352687802844,0.0,11.600939890232516,31.934947974985683,4.794537184071822,12.74095804073652,27.30929615716273,30.59278834861098,5.022633313741326,11.64912463690315,120.0,17.69370585834925,13.979489415818463,0.0,16.289665838659054,34.14394280859607,0.0,36.66880845544486,6.923737199690624,0.0,25.585512770854287,16.70746728507322,13.414900919977232,5.824094909487179,34.71792293841388,14.739341388871525,2.270077758361282,-1.460139019981595,5.565892262286355,2.812561610906819,1.7264583427884364,0.0,0.0526315789473684,4,8,0,1,1,1,1,2,3,0,0,5,4,10,3,4,0,0,0,0,0,4.513960521017578,4,3.8401200000000006,0,0,0,1,3,1,0,1,2,0,0,0,2,3,0,0,0,0,0,0,0,3,1,0,1,0,0,0,2,0,0,0,0,0,0,0,0,0,0,0,0,0,0,0,0,0,0,0,0,0,0,0,0,0,0
COc1cc(C=C(C#N)C#N)cc(O)c1O,5.22,9.34526455026455,0.0708144368858656,-0.3795228647014357,0.576774839125465,8.6875,216.196,0.2000360406425971,-0.5041466123723114,0.5041466123723114,0.2000360406425971,1.3125,1.9375,2.2974521894049222,3.2931419799171198,505.2568171200117,-2.66,3538.0763716835804,2.2256272427488586,14.94991774348146,17.711547155653815,11.49902366656781,5.749511833283905,0.0,0.0,0.0,0.0,10.523783109476971,0.0,0.0,23.772205735454097,0.0,7.109797541277533,14.94991774348146,6.076020106833881,10.523783109476971,0.0,0.0,0.0,7.109797541277533,23.269290158689483,29.38697812543626,4.736862953800049,0.0,17.248535499851716,0.0,17.322852330958945,0.0,22.66222573506152,5.563451491696996,17.705838666992488,0.0,6.076020106833881,97.27,0.0,10.213054789681411,0.0,22.82164002992098,5.563451491696996,0.0,25.318551785034632,12.138442625584547,0.0,0.0,15.260646063277022,4.810237622826908,0.0,0.0,35.7976883345931,0.289252645502646,-0.6829402872260006,6.008812358276644,1.2794444444444444,0.0,1.330838214915596,0.0909090909090909,2,5,0,0,0,0,1,0,1,0,0,5,2,5,0,2,0,0,0,0,0,3.365868256929021,1,1.53696,0,0,0,0,0,0,2,0,0,0,0,0,2,0,0,0,0,0,0,1,0,0,0,0,0,0,1,0,0,0,0,0,0,0,0,1,0,0,0,0,0,0,0,0,0,0,0,0,0,0,0,0,0,0,0
Nc1ccc2ncnc(Nc3cccc(Cl)c3)c2c1,6.7,5.961780465272528,0.6693292286050225,0.6693292286050225,0.6984163247449635,10.578947368421051,270.72300000000007,0.1412612994691187,-0.3987075363419303,0.3987075363419303,0.1412612994691187,1.0526315789473684,1.947368421052632,2.394578743878499,2.073888448670164,742.3475279225539,-2.33,29561.07459318007,2.4361181210887883,11.050456081168516,12.14518285259957,0.0,0.0,0.0,0.0,0.0,9.967957041894415,0.0,0.0,17.667306958694127,36.39820241076966,21.78363007757325,5.516700717616262,0.0,39.69650014951573,0.0,9.967957041894415,0.0,0.0,11.050456081168516,53.81452286773713,0.0,11.050456081168516,17.19263532720215,0.0,11.600939890232516,9.967957041894415,0.0,0.0,0.0,48.79188955399581,5.022633313741326,10.902924932081056,63.83,0.0,0.0,0.0,0.0,16.527882366259917,16.59031120676462,6.3273200747645415,0.0,42.46456947923127,15.284745645900747,17.3346073673947,0.0,5.961780465272528,8.461505714425687,4.770463960275469,8.194800572492372,0.7079320987654323,12.99537801643291,1.519250283446712,0.0,0.0,0.0,3,4,0,0,0,0,2,1,3,0,0,4,2,5,1,2,0,0,0,0,0,2.930316622609495,3,3.609000000000001,0,0,1,0,2,0,0,0,0,0,0,0,2,1,1,0,0,0,0,0,0,3,0,0,1,0,0,0,1,0,0,0,0,0,0,0,0,0,0,0,0,0,0,0,0,0,0,0,0,0,0,0,0,0,0
Nc1ccc2ncnc(Nc3cccc(Br)c3)c2c1,7.36,5.819433316536491,0.6940668829260102,0.6940668829260102,0.7075582965166849,10.578947368421051,315.17400000000004,0.1412611436774224,-0.3987075363419303,0.3987075363419303,0.1412611436774224,1.0526315789473684,1.947368421052632,2.394578743878499,2.073888448670164,742.3475279225539,-2.14,29561.07459318007,2.507118594861373,11.050456081168516,12.14518285259957,0.0,0.0,0.0,0.0,0.0,9.967957041894415,0.0,0.0,21.99631096641096,36.39820241076966,21.233716279664336,5.516700717616262,0.0,44.02550415723256,0.0,9.967957041894415,0.0,0.0,11.050456081168516,53.26460906982823,0.0,11.050456081168516,17.19263532720215,0.0,15.929943897949348,9.967957041894415,0.0,0.0,0.0,53.26460906982823,0.0,10.902924932081056,63.83,0.0,0.0,0.0,0.0,5.687386274683562,26.880893500432062,0.0,6.3273200747645415,42.46456947923127,31.2146895438501,5.733667477162185,1.0096070063828002,3.4440946370832286,8.506087333081382,4.183356953892669,8.331552330036953,0.7457407407407409,13.489043354224403,1.540517644557823,0.0,0.0,0.0,3,4,0,0,0,0,2,1,3,0,0,4,2,5,1,2,0,0,0,0,0,3.0461812714306205,3,3.7181000000000015,0,0,1,0,2,0,0,0,0,0,0,0,2,1,1,0,0,0,0,0,0,3,0,0,1,0,0,0,1,0,0,0,0,0,0,0,0,0,0,0,0,0,0,0,0,0,0,0,0,0,0,0,0,0,0
N#C/C(=C/c1cc(O)ccc1O)C(=O)O,4.12,10.49619992441421,0.0777314814814815,-1.388664021164021,0.3807632233240343,10.733333333333333,205.169,0.3459642739955555,-0.507939475160887,0.507939475160887,0.3459642739955555,1.4,2.066666666666667,2.1843591274767022,3.2341656946829827,470.800999393494,-2.4800000000000004,1917.8673139245443,2.479543107280872,15.319582184522115,23.14134950942935,0.0,0.0,0.0,5.969305287951849,0.0,4.794537184071822,5.261891554738487,0.0,0.0,24.27512131221871,5.563451491696996,0.0,20.11411936859394,12.045325394785731,5.261891554738487,0.0,0.0,0.0,0.0,29.33565722715109,17.568244979360085,0.0,0.0,11.49902366656781,0.0,21.288887472473967,4.794537184071822,11.33111286753076,5.563451491696996,23.772205735454097,0.0,6.076020106833881,101.55,11.542409818021117,9.901064578912528,0.0,17.062475158264807,0.0,12.142387175295491,18.20195544971549,0.0,0.0,0.0,15.474946344419898,0.0,0.0,10.49619992441421,35.428642762660616,-0.4399537037037033,-1.7187301587301582,5.083655990173847,0.9835185185185183,0.0,0.0,0.0,3,5,0,0,0,0,1,0,1,0,0,4,3,5,0,2,0,0,0,0,0,2.9351150230009173,1,1.0893799999999998,1,0,0,0,0,0,2,1,1,0,0,0,1,0,0,0,0,0,0,0,0,0,0,0,0,0,0,0,0,0,0,0,0,0,0,0,0,0,0,0,0,0,0,0,0,0,0,0,0,0,0,0,0,0,0
Cc1cc(CCC(=O)O)[nH]c1/C=C1\C(=O)Nc2ncnc(Nc3ccc(F)c(Cl)c3)c21,8.33,13.466427021839548,0.001410674814285,-0.8842432592863927,0.4262276916908714,13.903225806451612,441.8500000000001,0.3032356128778171,-0.481221243656655,0.481221243656655,0.3032356128778171,1.3225806451612905,2.129032258064516,3.230814158795768,1.7032646916083958,1237.7483100624802,-3.719999999999999,10959606.55923691,4.263597888024433,20.724083123800572,23.78026647148049,0.0,0.0,5.907179729351506,5.969305287951849,9.589074368143644,14.358372089569237,0.0,0.0,11.600939890232516,49.249498694993946,17.075242264380485,22.5800109584336,19.086016810659167,52.44966137479264,0.0,14.951935562841626,0.0,19.765380445542643,10.633577208012662,63.94740147648911,0.0,10.633577208012662,21.71352687802844,0.0,11.600939890232516,31.934947974985683,16.00989599106965,12.74095804073652,28.935580596016923,30.59278834861098,5.022633313741326,11.64912463690315,120.0,11.786526128997744,13.979489415818463,0.0,17.35063466601884,40.57441746989435,11.257379486545457,24.52642128014937,6.076020106833881,12.990104268152232,25.585512770854287,16.70746728507322,13.466427021839548,5.854980518565896,34.974136842564285,14.590376792439264,3.6026960662401275,-1.0785836114769547,6.0073725234319495,3.3305133380745726,1.8631916194324272,0.0,0.1428571428571428,4,8,0,1,1,1,1,2,3,0,0,5,4,10,3,6,0,0,0,0,0,5.429856047300145,4,4.1591200000000015,1,0,0,0,3,1,0,1,2,0,0,0,2,3,0,0,0,0,0,0,0,3,2,0,1,0,0,0,2,0,0,0,0,0,0,0,0,0,0,0,0,0,0,0,0,0,0,0,0,0,0,0,0,0,0
Cc1cc(C(=O)N2CCOCC2)[nH]c1/C=C1\C(=O)Nc2ncnc(Nc3ccc4c(cnn4Cc4ccccc4)c3)c21,8.74,13.078236737290098,0.0875039189759958,-0.2905127176168636,0.265233946304514,15.69047619047619,560.6180000000002,0.2699476574923258,-0.3777737710276622,0.3777737710276622,0.2699476574923258,1.0952380952380951,1.9285714285714288,3.6859091928269305,1.1717280397741374,1850.849455734684,-5.289999999999998,7757495292.768993,4.793599924314902,25.254328413610395,23.65697362528306,0.0,0.0,11.814359458703011,0.0,14.270877303288827,9.967957041894415,5.098681808301038,0.0,30.33183534230805,48.392128563764935,29.857051295821968,42.60862064593401,14.325937321943693,51.68952085804083,0.0,29.632330037138324,0.0,13.4684936056032,36.93685394886365,95.19967772732004,0.0,10.633577208012662,17.323111830353618,0.0,0.0,67.74996623669233,16.076156543784446,6.923737199690624,32.87274764885973,67.12146726253211,0.0,22.55204956898421,130.06,0.0,9.589074368143644,0.0,11.814359458703011,67.0081707138968,22.153762698461616,11.890771566461538,10.975929837684358,60.26695318568015,42.81692871607854,4.736862953800049,7.335445533500613,0.0,39.82723947628518,11.763286410690943,5.958733109009649,0.54215714969242,18.000688763329904,5.005780766270831,4.733335457887132,0.0,0.1935483870967742,3,11,0,2,2,2,2,3,5,0,0,7,3,11,5,6,0,1,1,0,0,6.476487311513454,7,4.219820000000002,0,0,0,0,5,1,0,0,2,0,0,0,5,3,0,0,0,0,0,0,0,3,1,0,2,0,1,0,0,0,0,0,0,0,0,0,1,0,0,0,0,0,0,0,0,0,0,0,0,0,0,0,0,0,0
CN(C)/N=N/c1ccc2ncnc(Nc3cccc(Br)c3)c2c1,7.96,4.347956191735953,0.7314843159486019,0.7314843159486019,0.5335207770252038,11.08695652173913,371.242,0.1412639925293032,-0.3395819599749259,0.3395819599749259,0.1412639925293032,1.0869565217391304,1.9565217391304348,2.531254607772565,2.0032899307761287,862.0683170932708,-2.54,191499.5360964256,3.809931372052872,5.316788604006331,12.14518285259957,0.0,0.0,0.0,0.0,5.008912523954532,9.967957041894415,0.0,5.114250125629398,27.21956388514441,36.39820241076966,29.64167397033515,11.204086992299825,0.0,44.02550415723256,0.0,14.976869565848949,10.33750304436285,0.0,19.41213256936071,53.26460906982823,0.0,5.316788604006331,17.19263532720215,0.0,15.929943897949348,29.072213531203328,0.0,0.0,0.0,63.60211211419107,0.0,10.902924932081056,65.77,0.0,0.0,0.0,0.0,0.0,32.56827977511562,0.0,11.336232598719072,56.559913444585646,41.55219258821295,0.0,1.0012349014955435,3.4661125943590525,8.642275604686319,14.048603582030712,2.5410073774880324,0.7314843159486019,13.619405434624364,1.5453008078231292,0.0,3.6545753815442463,0.125,1,6,0,0,0,0,2,1,3,0,0,5,1,7,1,4,0,0,0,0,0,4.474378856770403,3,4.696200000000003,0,0,0,0,2,0,0,0,0,0,0,0,5,1,0,0,0,0,0,0,0,2,0,0,1,0,0,0,1,0,0,0,0,0,0,0,0,0,0,0,0,0,0,0,0,0,0,0,0,0,0,0,0,0,0
CCCCc1cc(/C=C(\C#N)C(N)=O)cc(CCCC)c1O,4.26,11.197808554780956,0.0753955131435291,-0.7353783488704122,0.568947277245686,11.227272727272728,300.402,0.2588719135327992,-0.5073842922826662,0.5073842922826662,0.2588719135327992,1.2272727272727273,1.7272727272727273,2.5024709265183147,3.264886037995512,568.5900987558513,-2.28,61550.77490864447,4.923454247363039,10.84019487200289,17.391837676145446,0.0,0.0,5.907179729351506,0.0,4.794537184071822,0.0,5.261891554738487,0.0,26.689117645233267,60.58239521055212,0.0,0.0,9.901064578912528,11.983199836185388,5.261891554738487,0.0,5.733667477162185,52.372404136937305,0.0,34.39619314208348,11.81873314607618,5.733667477162185,0.0,5.749511833283905,0.0,11.013707124192212,17.63618042992384,11.33111286753076,56.22111536617628,17.705838666992488,0.0,6.076020106833881,87.11,5.907179729351506,9.901064578912528,0.0,5.573104530069267,5.749511833283905,55.21528421264705,6.076020106833881,0.0,18.20195544971549,13.847474399381248,10.995559031900672,0.0,0.0,11.197808554780956,19.354984198952003,7.576680667650184,-0.3912740404803894,5.482031446837994,7.085977681195935,4.193791491063316,0.0,0.4444444444444444,3,4,0,0,0,1,1,0,1,0,0,3,2,4,0,8,0,0,0,0,0,7.177504085559648,1,3.4696800000000017,0,0,0,0,0,0,1,0,1,0,0,0,1,0,1,0,0,0,0,0,0,0,2,0,0,0,0,0,0,0,0,0,0,0,0,0,0,0,0,0,0,0,0,0,0,1,0,0,0,0,0,0,0,2,0
COc1cc(/C=C(\C#N)C(N)=C(C#N)C#N)cc(O)c1O,5.92,9.547649439405392,0.0017413601242965,-0.4433049361719992,0.4292326375772375,9.904761904761903,282.259,0.2000360344277123,-0.5041466143225203,0.5041466143225203,0.2000360344277123,1.1904761904761905,1.809523809523809,2.485791834509485,3.458431450915393,742.1396283915933,-3.630000000000001,36869.26448944468,3.226092510055907,20.683585220643646,18.20766393837682,17.072128196637077,5.749511833283905,0.0,0.0,0.0,0.0,15.78567466421546,0.0,0.0,23.772205735454097,0.0,18.379941384402635,14.94991774348146,6.076020106833881,15.78567466421546,0.0,5.733667477162185,0.0,7.109797541277533,34.539434001814584,35.45619943822854,10.470530430962237,0.0,17.248535499851716,0.0,17.322852330958945,0.0,33.993338602592274,5.563451491696996,28.97598251011759,0.0,6.076020106833881,147.07999999999998,17.072128196637077,10.213054789681411,0.0,17.019655676409005,5.563451491696996,0.0,25.318551785034632,18.20766393837682,0.0,0.0,26.25620509517769,4.861831616906022,0.0,0.0,45.56644098382645,5.0983231502477535,-0.8800724363819596,7.467945273788528,1.255648148148148,0.0,1.2965499301317305,0.0714285714285714,4,7,0,0,0,0,1,0,1,0,0,7,3,7,0,3,0,0,0,0,0,4.783696318214924,1,1.27334,0,0,0,0,0,0,2,0,0,0,0,0,3,0,1,0,0,0,0,2,0,0,0,0,0,0,1,0,0,0,0,0,0,0,0,1,0,0,0,0,0,0,0,0,0,0,0,0,0,0,0,0,0,0,0
Cc1cc(C(=O)N2CCN(C)CC2)[nH]c1/C=C1\C(=O)Nc2ncnc(Nc3ccc(F)c(Cl)c3)c21,8.55,13.563581663850425,0.0368279360257848,-0.5354559851343954,0.4780615354595722,16.97142857142857,495.9460000000001,0.2698770169135383,-0.3507852586521744,0.3507852586521744,0.2698770169135383,1.2,1.9714285714285715,3.3605903127086827,1.4650366808304776,1361.89762976712,-3.759999999999999,105109720.9050395,4.495877819971063,25.417375190660824,29.47419446632896,0.0,0.0,11.814359458703011,0.0,9.589074368143644,14.358372089569237,0.0,0.0,11.600939890232516,49.87634905474513,37.56033989318232,16.159189335507588,13.979489415818463,52.38753581619229,0.0,24.75175502454258,0.0,6.923737199690624,43.86027481434016,63.94740147648911,0.0,10.633577208012662,21.71352687802844,0.0,11.600939890232516,69.79281208957308,4.794537184071822,12.74095804073652,27.30929615716273,30.59278834861098,5.022633313741326,11.64912463690315,106.25,5.817220841045895,13.979489415818463,0.0,16.836992772444336,52.937036653641954,18.652964303522147,24.52642128014937,12.142387175295491,18.871318913218293,30.48542250170476,11.600939890232516,13.563581663850425,5.901932912622952,41.44898776819186,5.787358960142787,3.2500136037485508,-0.2366054614926769,5.9944791210929935,3.0056253407306635,4.861129814459534,2.0346073877640194,0.25,3,9,0,2,2,2,1,2,3,0,0,6,3,11,4,4,0,1,1,0,0,5.995082788583887,5,3.5295200000000007,0,0,0,0,3,1,0,0,2,0,0,0,4,3,0,1,0,0,0,0,0,3,1,0,1,0,0,0,2,0,0,0,0,0,0,0,0,0,0,0,0,0,0,0,1,0,0,0,0,0,0,0,0,0,0
C#Cc1cccc(Nc2ncnc3c2/C(=C/c2[nH]c(C(=O)NCCN4CCOCC4)cc2C)C(=O)N3)c1,7.75,12.876123938278312,0.1978082456233469,-0.3042238711087568,0.2918843942311729,16.216216216216218,497.5590000000004,0.2672633198966471,-0.3787927180120614,0.3787927180120614,0.2672633198966471,1.2702702702702702,2.108108108108108,3.440692091924102,1.3530536510636493,1413.5931919915608,-4.46,362883133.75534505,5.377554237307607,25.67120728676625,23.65697362528306,0.0,0.0,11.814359458703011,0.0,14.48898409899412,9.967957041894415,0.0,6.423349895620259,11.986801387317254,42.82867707206794,43.12379138487932,24.3503199507921,14.325937321943693,40.78659592595977,0.0,25.168633897698435,0.0,6.923737199690624,50.0263667606888,64.7373658818605,12.343784214475903,15.950365812018994,17.323111830353618,0.0,0.0,71.05899430507125,9.53140013787187,19.267521414166527,32.87274764885973,36.65915541707259,0.0,11.64912463690315,124.27,0.0,9.589074368143644,0.0,11.814359458703011,40.70489397304581,49.66232240484111,6.3273200747645415,12.142387175295491,31.189205473537065,41.722645424566736,11.160212849420308,5.356060631086571,0.0,39.59667648944763,8.978744567635209,4.305055041068635,2.9801698372319647,9.129619689007466,8.620340454640202,6.366666623215655,0.0,0.2592592592592592,4,10,0,2,2,2,1,2,3,0,0,7,4,10,4,7,0,1,1,0,0,6.982673475947799,5,2.39272,0,0,0,0,3,1,0,0,2,0,0,0,3,4,0,0,0,0,0,0,0,3,1,0,1,0,1,0,0,0,0,0,0,0,0,0,1,0,0,0,0,0,0,0,0,0,0,0,0,0,1,0,0,0,0
Nc1ncnc2c1c(-c1ccc(Oc3ccccc3)cc1)cn2C1CCCC1,5.5,6.249321812993558,0.4918862727159288,0.4918862727159288,0.5085487041896478,14.571428571428571,370.4560000000002,0.1458674218656976,-0.4573838452597852,0.4573838452597852,0.1458674218656976,0.8928571428571429,1.6071428571428572,3.377825093827669,1.534691691529342,1096.8725714153015,-3.339999999999999,6697497.550840001,2.986828674591261,15.03763007875359,29.291383739935107,0.0,0.0,0.0,0.0,0.0,9.967957041894415,0.0,0.0,43.17347858816007,42.67056301139546,17.802135892458033,5.386224214464796,4.736862953800049,16.85126421306755,0.0,14.53505668968577,0.0,31.725127320852,5.733667477162185,67.12146726253211,22.6259266499618,10.470530430962237,5.817862777835028,11.49902366656781,0.0,14.53505668968577,0.0,0.0,31.725127320852,67.12146726253211,0.0,22.160304418626517,65.96000000000001,0.0,0.0,0.0,0.0,11.85970360698299,33.659328085194325,25.68328649170404,6.3273200747645415,42.46456947923127,32.864634398222066,10.470530430962237,8.208049820249496,0.0,8.788760116092575,0.9362293900316992,9.340925345093574,2.158141335492977,18.39335709834898,8.674536894690698,0.0,0.0,0.217391304347826,2,5,1,0,1,0,2,2,4,0,0,4,1,5,2,4,1,0,1,0,0,4.201536778241619,5,5.587900000000003,0,0,1,0,3,0,0,0,0,0,0,0,3,0,1,0,0,0,0,0,0,1,0,0,1,0,1,0,0,0,0,0,0,0,0,0,0,0,0,0,0,0,1,0,0,0,0,0,0,0,0,0,0,0,0
CCN(CC)CCNC(=O)c1cc(C)c(/C=C2\C(=O)Nc3ncnc(Nc4ccc(F)c(Cl)c4)c32)[nH]1,8.92,13.562868048864686,0.0411284048779898,-0.53918789684957,0.3198123476894539,13.72222222222222,511.9890000000001,0.267263319787967,-0.3507915947032765,0.3507915947032765,0.267263319787967,1.2222222222222223,2.0,3.386588748291527,1.5852949814705253,1333.937077013165,-3.7599999999999993,129493021.0611331,5.392900468268012,25.83425406381668,29.47419446632896,0.0,0.0,11.814359458703011,0.0,9.589074368143644,14.358372089569237,0.0,0.0,25.44841428961377,55.91818988389309,24.47082708135717,16.159189335507588,13.979489415818463,52.38753581619229,0.0,25.16863389769843,0.0,20.771211599071872,36.81260283166296,63.94740147648911,0.0,15.950365812018994,21.71352687802844,0.0,11.600939890232516,57.84523037604543,4.794537184071822,12.74095804073652,41.15677055654398,30.59278834861098,5.022633313741326,11.64912463690315,115.04000000000002,5.817220841045895,13.979489415818463,0.0,16.836992772444336,46.392280247729374,25.19772070943472,24.52642128014937,12.142387175295491,6.923737199690624,49.64968550509235,11.600939890232516,13.562868048864686,5.898875402385535,39.22290479444173,8.68675644875845,3.0968742736229764,-0.4175584134523622,5.930542472280434,2.9776012811447283,9.152246803064932,0.0,0.28,4,9,0,1,1,2,1,2,3,0,0,6,4,11,3,9,0,0,0,0,0,7.657713959677496,4,4.213520000000002,0,0,0,0,3,1,0,0,2,0,0,0,3,4,0,1,0,0,0,0,0,3,1,0,1,0,0,0,2,0,0,0,0,0,0,0,0,0,0,0,0,0,0,0,0,0,0,0,0,0,0,0,0,0,0
C/N=N/Nc1ccc2ncnc(Nc3cccc(C)c3)c2c1,6.7,4.3491805240614765,0.7571178193499623,0.7571178193499623,0.560730624748014,11.0,292.34600000000006,0.141262074042652,-0.3396075142277166,0.3396075142277166,0.141262074042652,1.0,1.9090909090909087,2.5317242269935822,2.0044565422004776,827.7339086153304,-3.02,138108.08830672692,3.0059469730056634,5.316788604006331,12.14518285259957,0.0,0.0,0.0,0.0,5.425791397110385,9.967957041894415,5.114250125629398,0.0,17.355987055656673,42.81902403369567,11.073610489148358,18.25175897497701,0.0,28.09556025928321,0.0,9.967957041894415,10.33750304436285,6.923737199690624,17.790251983793905,54.3553410456928,0.0,10.742580001116716,17.19263532720215,0.0,0.0,17.015629024571606,0.0,6.923737199690624,5.563451491696996,59.129392598358656,0.0,10.902924932081056,74.56,0.0,0.0,0.0,0.0,0.0,28.09556025928321,5.563451491696996,13.37499205744173,30.33183534230805,50.10451142398782,0.0,0.0,0.0,8.638677406147643,11.72086280025223,6.741301619923554,0.7571178193499623,13.917597376135436,1.5548779604434366,2.0565894571531294,1.612975560594608,0.125,2,6,0,0,0,0,2,1,3,0,0,5,2,6,1,4,0,0,0,0,0,3.911201864534479,3,4.090720000000002,0,0,0,0,2,0,0,0,0,0,0,0,4,2,0,0,0,0,0,0,0,3,1,0,1,0,0,0,0,0,0,0,0,0,0,0,0,0,0,0,0,0,0,0,0,0,0,0,0,0,0,0,0,0,0
C/N=N/Nc1ccc2ncnc(Nc3cccc(Br)c3)c2c1,7.41,4.333874401612497,0.736284486016629,0.736284486016629,0.5308542199838135,11.0,357.2150000000001,0.141262433585412,-0.3395819701327354,0.3395819701327354,0.141262433585412,1.0454545454545454,1.9545454545454544,2.5317242269935822,2.0044565422004776,833.1305496812026,-2.54,138108.08830672692,3.1980506764732373,5.316788604006331,12.14518285259957,0.0,0.0,0.0,0.0,5.425791397110385,9.967957041894415,5.114250125629398,0.0,27.21956388514441,36.39820241076966,15.54633000498077,18.25175897497701,0.0,44.02550415723256,0.0,9.967957041894415,10.33750304436285,0.0,17.790251983793905,53.26460906982823,0.0,10.742580001116716,17.19263532720215,0.0,15.929943897949348,17.015629024571606,0.0,0.0,0.0,63.60211211419107,0.0,10.902924932081056,74.56,0.0,0.0,0.0,0.0,0.0,32.56827977511562,0.0,13.37499205744173,42.46456947923127,46.97798398532333,0.0,1.001458093006614,3.4597302800921232,8.614112024439406,11.66414999736248,5.476990517657681,0.736284486016629,13.64557770020951,1.5431592104434366,0.0,1.608537690772123,0.0666666666666666,2,6,0,0,0,0,2,1,3,0,0,5,2,7,1,4,0,0,0,0,0,4.244033503205163,3,4.544800000000002,0,0,0,0,2,0,0,0,0,0,0,0,4,2,0,0,0,0,0,0,0,3,0,0,1,0,0,0,1,0,0,0,0,0,0,0,0,0,0,0,0,0,0,0,0,0,0,0,0,0,0,0,0,0,0
CN(C)/N=N/c1ccc2ncnc(NCc3ccccc3)c2c1,6.32,4.353378054925674,0.7047585191483999,0.7047585191483999,0.5748941946467649,11.043478260869565,306.373,0.137135593106206,-0.3653781078392987,0.3653781078392987,0.137135593106206,1.0434782608695652,1.8695652173913044,2.5856304350912453,1.8807225383759527,813.6863571955291,-3.02,229728.09289698696,3.793688421693632,5.316788604006331,12.14518285259957,0.0,0.0,0.0,0.0,5.008912523954532,9.967957041894415,0.0,5.114250125629398,35.555088261041504,23.762552697081823,26.02632458573175,11.204086992299825,0.0,22.40817398459965,0.0,14.976869565848949,10.33750304436285,6.544756405912575,19.41213256936071,60.42170811415441,0.0,5.316788604006331,11.50524905251859,0.0,0.0,29.072213531203328,6.544756405912575,0.0,5.563451491696996,65.19575966682027,0.0,10.902924932081056,65.77,0.0,0.0,0.0,0.0,6.544756405912575,22.40817398459965,5.563451491696996,11.336232598719072,50.49354637612404,37.754982827186815,0.0,0.0,0.0,8.652772581254723,14.149390710383226,2.838738856908951,0.7923667800453517,15.961498656165864,1.5661427626606197,0.7047585191483999,3.6676644667661984,0.1764705882352941,1,6,0,0,0,0,2,1,3,0,0,5,1,6,1,5,0,0,0,0,0,4.421982441106158,3,3.802200000000002,0,0,0,0,2,0,0,0,0,0,0,0,5,1,0,0,0,0,0,0,0,1,0,0,1,0,0,0,0,0,0,0,0,0,0,0,0,0,0,0,0,0,0,0,0,0,0,0,0,0,0,0,0,0,0
N#CC(C#N)=C(N)/C(C#N)=C/c1cc(O)c(O)c(O)c1,6.1,9.336538328294282,0.159749622071051,-0.6954533047787017,0.3529740225626064,9.95,268.232,0.1997965148259586,-0.5041467029688317,0.5041467029688317,0.1997965148259586,1.0,1.5,2.4266977659698883,3.4297411122644466,703.3456031474298,-3.63,21316.113176279498,2.785030776715104,21.0532496616843,18.20766393837682,22.82164002992098,0.0,0.0,0.0,0.0,0.0,15.78567466421546,0.0,0.0,23.772205735454097,0.0,11.2701438431251,15.319582184522115,6.076020106833881,15.78567466421546,0.0,5.733667477162185,0.0,0.0,34.539434001814584,35.45619943822854,5.733667477162185,0.0,17.248535499851716,0.0,15.319582184522115,0.0,33.993338602592274,5.563451491696996,28.97598251011759,0.0,6.076020106833881,158.07999999999998,22.82164002992098,15.319582184522115,0.0,16.833595334822096,0.0,18.208754243757102,0.0,18.20766393837682,0.0,0.0,21.51934214137765,0.0,0.0,0.0,54.171057282480895,4.748251553707903,-1.867896510456034,6.959606192785758,1.155648148148148,0.0,0.0,0.0,5,7,0,0,0,0,1,0,1,0,0,7,4,7,0,2,0,0,0,0,0,4.193136872681672,1,0.9703399999999998,0,0,0,0,0,0,3,0,0,0,0,0,3,0,1,0,0,0,0,2,0,0,0,0,0,0,0,0,0,0,0,0,0,0,0,0,0,0,0,0,0,0,0,0,0,0,0,0,0,0,0,0,0,0,0
N#CC(C#N)=C(N)/C(C#N)=C/c1ccc(O)c(O)c1,5.6,9.315704994960946,0.080379818594104,-0.3649997375493405,0.4112072679178035,9.842105263157896,252.233,0.1574902552745476,-0.5042596318725467,0.5042596318725467,0.1574902552745476,1.0526315789473684,1.6842105263157894,2.4079538017125364,3.3347762775419048,680.8241188547365,-3.4299999999999997,14563.30459275742,3.028702213339238,15.946722266843596,18.20766393837682,17.072128196637077,0.0,0.0,0.0,0.0,0.0,15.78567466421546,0.0,6.06636706846161,23.772205735454097,0.0,11.2701438431251,10.213054789681411,6.076020106833881,15.78567466421546,0.0,5.733667477162185,0.0,0.0,40.60580107027619,29.70668760494463,5.733667477162185,0.0,11.49902366656781,0.0,10.213054789681411,0.0,33.993338602592274,5.563451491696996,35.0423495785792,0.0,6.076020106833881,137.85,0.0,5.106527394840706,0.0,28.34227203976218,5.563451491696996,0.0,24.27512131221871,18.20766393837682,0.0,0.0,26.625869536218357,0.0,0.0,0.0,44.76161541005291,5.2536138930881,-0.6497304631729228,8.8396863452171,1.2948148148148149,0.0,0.0,0.0,4,6,0,0,0,0,1,0,1,0,0,6,3,6,0,2,0,0,0,0,0,4.138051076381926,1,1.2647399999999998,0,0,0,0,0,0,2,0,0,0,0,0,3,0,1,0,0,0,0,2,0,0,0,0,0,0,0,0,0,0,0,0,0,0,0,0,0,0,0,0,0,0,0,0,0,0,0,0,0,0,0,0,0,0,0
Cc1c(C(=O)N2CCN(C)CC2)c[nH]c1/C=C1\C(=O)Nc2ncnc(Nc3ccc(F)c(Cl)c3)c21,6.39,13.563581663850425,0.0355081859709514,-0.5354559851343954,0.4780615354595722,16.97142857142857,495.9460000000002,0.2572996445721081,-0.3606215315911282,0.3606215315911282,0.2572996445721081,1.2285714285714286,2.0,3.36061511635294,1.4675797488057976,1361.8976297671202,-3.759999999999999,107802994.63889056,4.37557613703924,25.417375190660824,23.78026647148049,0.0,0.0,11.814359458703011,0.0,9.589074368143644,14.358372089569237,0.0,0.0,11.600939890232516,43.80998198628352,43.7571834647954,21.722640827204582,13.979489415818463,52.38753581619229,0.0,24.75175502454258,0.0,6.923737199690624,43.86027481434016,63.94740147648911,0.0,10.633577208012662,21.71352687802844,0.0,11.600939890232516,69.79281208957308,4.794537184071822,12.74095804073652,27.17881965401127,30.723264851762448,5.022633313741326,11.64912463690315,106.25,5.817220841045895,13.979489415818463,0.0,16.836992772444336,52.8065601504905,18.652964303522147,24.52642128014937,12.272863678446956,18.871318913218293,30.48542250170476,11.600939890232516,13.563581663850425,5.901932912622952,41.51156437753931,5.787358960142787,3.2721900545757947,-0.2035962022334174,4.200844852378631,4.683518868704285,4.856375468276616,2.037340155253731,0.25,3,9,0,2,2,2,1,2,3,0,0,6,3,11,4,4,0,1,1,0,0,5.995082788583887,5,3.5295200000000007,0,0,0,0,3,1,0,0,2,0,0,0,4,3,0,1,0,0,0,0,0,3,0,0,1,0,0,0,2,0,0,0,0,0,0,0,0,0,0,0,0,0,0,0,1,0,0,0,0,0,0,0,0,0,0
Cc1cc(C(=O)N2CC(C)NC(C)C2)[nH]c1/C=C1\C(=O)Nc2ncnc(Nc3ccc(F)c(Cl)c3)c21,8.23,13.583608394933446,0.0387503436734844,-0.5371620040978995,0.3956517577913578,20.416666666666668,509.9730000000002,0.2698965058388147,-0.3507852562038686,0.3507852562038686,0.2698965058388147,1.2222222222222223,1.9722222222222223,3.348199895665215,1.4697120683684248,1393.0397470459818,-3.759999999999999,143587773.50679585,4.5670834764161405,25.83425406381668,29.47419446632896,0.0,0.0,11.814359458703011,0.0,9.589074368143644,14.358372089569237,0.0,0.0,11.600939890232516,56.67615147144918,36.554508739653095,16.159189335507588,13.979489415818463,52.38753581619229,0.0,25.16863389769843,0.0,32.85489325736779,23.72309001983781,63.94740147648911,0.0,15.950365812018994,21.71352687802844,0.0,11.600939890232516,56.83939922251619,4.794537184071822,12.74095804073652,41.15677055654398,30.59278834861098,5.022633313741326,11.64912463690315,115.04,5.817220841045895,13.979489415818463,0.0,28.92067443074026,52.937036653641954,5.563451491696996,24.52642128014937,12.142387175295491,11.823646930541102,44.74977577424187,11.600939890232516,13.583608394933446,5.909598882590581,39.50907989792637,9.212720235484475,3.21183095487555,-0.2656285683152275,6.401174317809423,3.0040822007374315,7.211311461735725,0.0,0.28,4,9,0,2,2,2,1,2,3,2,0,6,4,11,4,4,0,1,1,0,2,6.230249855972474,5,3.9643200000000016,0,0,0,0,3,1,0,0,2,0,0,0,3,4,0,0,0,0,0,0,0,3,1,0,1,0,0,0,2,0,0,0,0,0,0,0,0,0,0,0,0,0,0,0,1,0,0,0,0,0,0,0,0,0,0
CN(C)CC/N=N/Nc1ccc2ncnc(Nc3cccc(Br)c3)c2c1,7.42,4.377200592817475,0.6452210530817342,0.6452210530817342,0.4405289173252187,11.384615384615383,414.3110000000001,0.1412624335854229,-0.3395819701327354,0.3395819701327354,0.1412624335854229,1.0769230769230769,1.9615384615384612,2.615010798048393,1.788789895804193,910.935126604586,-2.58,833006.4596967195,4.96351814247903,10.216698334856808,12.14518285259957,0.0,0.0,0.0,0.0,5.425791397110385,9.967957041894415,5.114250125629398,0.0,27.21956388514441,50.49354637612404,22.091086410893347,17.7488433982124,0.0,44.02550415723256,0.0,14.867866772744891,10.33750304436285,0.0,37.92743677829625,53.26460906982823,0.0,10.742580001116716,17.19263532720215,0.0,15.929943897949348,42.05272354992443,0.0,0.0,0.0,63.60211211419107,0.0,10.902924932081056,77.80000000000001,0.0,0.0,0.0,0.0,6.544756405912575,39.1130361810282,0.0,6.3273200747645415,56.559913444585646,51.87789371617381,0.0,1.0012528652876502,3.4782591193275216,10.762536692337378,12.372453645791037,5.591092772126478,0.7373116239787417,13.738929532533309,1.5522914418483953,1.5037961584830688,4.012076148286423,0.2222222222222222,2,7,0,0,0,0,2,1,3,0,0,6,2,8,1,7,0,0,0,0,0,6.083961766030625,3,4.476600000000003,0,0,0,0,2,0,0,0,0,0,0,0,5,2,0,1,0,0,0,0,0,3,0,0,1,0,0,0,1,0,0,0,0,0,0,0,0,0,0,0,0,0,0,0,0,0,0,0,0,0,0,0,0,0,0
C/N=N/Nc1ccc2ncnc(NCc3ccccc3)c2c1,6.47,4.339296264802217,0.7076169217687073,0.7076169217687073,0.5557541382312295,10.954545454545457,292.34600000000006,0.1371340342635454,-0.3653781179828398,0.3653781179828398,0.1371340342635454,1.0454545454545454,1.9090909090909087,2.585803236860657,1.8733276840391573,785.002839959084,-3.02,165656.89856624114,3.1707165699319724,5.316788604006331,12.14518285259957,0.0,0.0,0.0,0.0,5.425791397110385,9.967957041894415,5.114250125629398,0.0,35.555088261041504,23.762552697081823,11.93098062037737,18.25175897497701,0.0,22.40817398459965,0.0,9.967957041894415,10.33750304436285,6.544756405912575,17.790251983793905,60.42170811415441,0.0,10.742580001116716,11.50524905251859,0.0,0.0,17.015629024571606,6.544756405912575,0.0,5.563451491696996,65.19575966682027,0.0,10.902924932081056,74.56,0.0,0.0,0.0,0.0,6.544756405912575,22.40817398459965,5.563451491696996,13.37499205744173,36.39820241076966,43.1807742242972,0.0,0.0,0.0,8.62460900100781,11.756220355128288,5.782411781006659,0.7971669501133788,15.986224925644466,1.5640011652809271,0.7076169217687073,1.6150822333830992,0.125,2,6,0,0,0,0,2,1,3,0,0,5,2,6,1,5,0,0,0,0,0,4.1957690323980295,3,3.650800000000002,0,0,0,0,2,0,0,0,0,0,0,0,4,2,0,0,0,0,0,0,0,2,0,0,1,0,0,0,0,0,0,0,0,0,0,0,0,0,0,0,0,0,0,0,0,0,0,0,0,0,0,0,0,0,0
Brc1cccc(Nc2ncnc3ccc(N/N=N/Cc4ccccc4)cc23)c1,7.6,4.38971554872404,0.5279988308595118,0.5279988308595118,0.2840416162977051,11.035714285714286,433.31300000000016,0.1412624335854344,-0.3395819701327354,0.3395819701327354,0.1412624335854344,0.8571428571428571,1.75,2.7234056248468583,1.522156540252979,1114.1145899966773,-3.319999999999999,3700029.775539441,4.498424821195755,5.316788604006331,12.14518285259957,0.0,0.0,0.0,0.0,5.425791397110385,9.967957041894415,5.114250125629398,0.0,57.55139922745246,41.96165390246666,15.54633000498077,17.7488433982124,0.0,44.02550415723256,0.0,9.967957041894415,10.33750304436285,6.544756405912575,10.742580001116716,89.1598959038333,0.0,10.742580001116716,17.19263532720215,0.0,15.929943897949348,9.967957041894415,6.544756405912575,0.0,5.563451491696996,93.93394745649915,0.0,10.902924932081056,74.56,0.0,0.0,0.0,0.0,6.544756405912575,38.13173126681262,0.0,6.3273200747645415,72.79640482153933,46.97798398532333,0.0,0.9972639083883224,3.4833372682341426,8.72579431866249,12.490154332328132,6.68902719104481,0.7296058626618694,23.722570923107316,1.5509140313800756,0.5279988308595118,0.0,0.0476190476190476,2,6,0,0,0,0,3,1,4,0,0,5,2,7,1,6,0,0,0,0,0,5.534321171404018,4,6.115200000000003,0,0,0,0,2,0,0,0,0,0,0,0,4,2,0,0,0,0,0,0,0,3,0,0,1,0,0,0,1,0,0,0,0,0,0,0,0,0,0,0,0,0,0,0,0,0,0,0,0,0,0,0,0,0,0
N#C/C(=C\c1ccc(O)c(O)c1)C(N)=S,5.62,9.198035241874528,0.0091992630385486,-0.2602040816326527,0.3022206701578595,10.733333333333333,220.253,0.1574902592629966,-0.5042596318725094,0.5042596318725094,0.1574902592629966,1.4,2.066666666666667,2.1884883847304835,3.139489712583243,474.800999393494,-2.06,1934.6237321017477,2.6904426619376403,15.946722266843596,11.057723414530464,11.49902366656781,0.0,0.0,0.0,0.0,0.0,5.261891554738487,0.0,18.284240511508305,23.772205735454097,0.0,5.573104530069267,10.213054789681411,23.282395651618767,5.261891554738487,0.0,5.733667477162185,0.0,0.0,29.33565722715109,17.568244979360085,5.733667477162185,0.0,11.49902366656781,12.217873443046695,15.201556891419605,0.0,11.33111286753076,5.563451491696996,23.772205735454097,0.0,6.076020106833881,90.27,0.0,5.106527394840706,0.0,22.06063029837527,5.563451491696996,0.0,24.27512131221871,0.0,6.069221312792274,12.217873443046695,16.102086426741376,0.0,4.64900945872176,-0.0091992630385486,26.94004815969598,5.976720679012346,-0.4815164399092964,5.992900368480726,1.432037037037037,0.0,0.0,0.0,4,4,0,0,0,0,1,0,1,0,0,4,3,5,0,2,0,0,0,0,0,3.2611983323471763,1,1.2908799999999998,0,0,0,0,0,0,2,0,0,1,0,0,1,0,1,0,0,0,0,0,0,0,0,0,0,0,0,0,0,0,0,0,0,0,0,0,0,0,0,0,0,0,0,0,0,0,0,0,0,0,0,0,0,0,0
Cc1cc(C(=O)NCCN2CCOCC2)[nH]c1/C=C1\C(=O)Nc2ncnc(Nc3ccc4c(ccn4Cc4ccccc4)c3)c21,8.96,13.12705724373756,0.1889209163304939,-0.284719343331391,0.1840109557480266,15.755555555555556,602.6990000000002,0.2672633198966471,-0.3787927180120614,0.3787927180120614,0.2672633198966471,1.0666666666666669,1.9111111111111112,3.7293810874611215,1.0948074399656902,1903.3639468008653,-5.259999999999999,32297964072.360703,6.080002210980874,30.238306934557603,23.65697362528306,0.0,0.0,11.814359458703011,0.0,14.48898409899412,9.967957041894415,0.0,0.0,30.33183534230805,54.458495632226544,61.20486480278903,24.350319950792095,14.325937321943693,51.68952085804083,0.0,29.735733545489783,0.0,13.4684936056032,50.0263667606888,101.26604479578168,0.0,15.950365812018994,17.323111830353618,0.0,0.0,75.62609395286259,16.076156543784446,6.923737199690624,32.87274764885973,73.18783433099372,0.0,22.55204956898421,129.20000000000002,0.0,9.589074368143644,0.0,11.814359458703011,40.70489397304581,61.54655225113775,11.890771566461538,12.142387175295491,31.18920547353706,76.89798966742359,4.736862953800049,7.6057629960224915,0.0,40.27024448750172,10.32064062114459,6.140858324428804,0.4727367063755252,20.40209439063218,5.269403089445056,7.1849260511163004,0.0,0.2352941176470588,4,11,0,2,2,2,2,3,5,0,0,7,4,11,5,9,0,1,1,0,0,7.847535059577254,7,4.4144200000000025,0,0,0,0,4,1,0,0,2,0,0,0,4,4,0,0,0,0,0,0,0,3,1,0,2,0,1,0,0,0,0,0,0,0,0,0,1,0,0,0,0,0,0,0,0,0,0,0,0,0,0,0,0,0,0
Cc1[nH]c(/C=C2\C(=O)Nc3ncnc(Nc4ccc(F)c(Cl)c4)c32)c(C)c1CCC(=O)O,6.75,13.499011653325276,0.0148828970365071,-0.8724405381979576,0.4069884290877332,13.875,455.8770000000003,0.3031791196803832,-0.4812219269344136,0.4812219269344136,0.3031791196803832,1.3125,2.09375,3.1926310211633777,1.7365643527425434,1284.8109580496334,-3.7199999999999993,16031841.369606197,4.064693134307783,20.724083123800572,23.78026647148049,0.0,0.0,5.907179729351506,5.969305287951849,9.589074368143644,14.358372089569237,0.0,0.0,11.600939890232516,55.67032031791996,23.49606388730649,16.159189335507588,19.086016810659167,52.44966137479264,0.0,14.951935562841626,0.0,26.689117645233267,10.633577208012662,63.44448589972449,0.0,10.633577208012662,21.71352687802844,0.0,11.600939890232516,31.934947974985683,16.00989599106965,19.664695240427143,34.499032087713914,24.52642128014937,5.022633313741326,11.64912463690315,120.0,11.786526128997744,13.979489415818463,0.0,17.35063466601884,40.57441746989436,16.82083097824245,24.52642128014937,6.076020106833881,13.847474399381248,25.585512770854287,16.70746728507322,13.499011653325276,5.869787115103262,35.305783038079525,14.732979103297795,4.6203826455377,-1.0607931484804491,4.165335668246819,3.403980416263874,3.7413112864039713,0.0,0.1818181818181818,4,8,0,1,1,1,1,2,3,0,0,5,4,10,3,6,0,0,0,0,0,5.665324910421621,4,4.467540000000002,1,0,0,0,3,1,0,1,2,0,0,0,2,3,0,0,0,0,0,0,0,3,1,0,1,0,0,0,2,0,0,0,0,0,0,0,0,0,0,0,0,0,0,0,0,0,0,0,0,0,0,0,0,0,0
CCN(CC)CCNC(=O)c1cc(C)c(/C=C2\C(=O)Nc3ncnc(Nc4ccc(Cl)cc4F)c32)[nH]1,6.35,14.380049829435814,0.1515945578263124,-0.5606155512074731,0.3198123476894539,13.72222222222222,511.9890000000001,0.267263319787967,-0.3507915947032765,0.3507915947032765,0.267263319787967,1.2222222222222223,2.0,3.380077318423919,1.5927395168157354,1333.937077013165,-3.7599999999999993,127754538.03312942,5.392900468268012,25.83425406381668,29.47419446632896,0.0,0.0,11.814359458703011,0.0,9.589074368143644,14.358372089569237,0.0,0.0,25.44841428961377,55.91818988389309,23.806074120414937,16.823942296449825,13.979489415818463,52.38753581619229,0.0,25.16863389769843,0.0,20.771211599071872,36.81260283166296,63.94740147648911,0.0,15.950365812018994,21.71352687802844,0.0,11.600939890232516,57.84523037604543,4.794537184071822,12.74095804073652,41.15677055654398,30.59278834861098,5.022633313741326,11.64912463690315,115.04000000000002,5.817220841045895,13.979489415818463,0.0,33.91534635503219,29.31392666514152,25.19772070943472,18.46005421168776,18.208754243757102,6.923737199690624,49.64968550509235,11.600939890232516,14.380049829435814,5.849198083140277,39.11872596806474,8.80305531922686,2.598377095208124,-0.6156755987615068,5.9488469978420735,2.911402301552892,9.11713111540183,0.0,0.28,4,9,0,1,1,2,1,2,3,0,0,6,4,11,3,9,0,0,0,0,0,7.657713959677496,4,4.213520000000002,0,0,0,0,3,1,0,0,2,0,0,0,3,4,0,1,0,0,0,0,0,3,1,0,1,0,0,0,2,0,0,0,0,0,0,0,0,0,0,0,0,0,0,0,0,0,0,0,0,0,0,0,0,0,0
Cc1cccc(Nc2ncnc3ccc(/N=N/N(C)C)cc23)c1,7.62,4.363262314184933,0.7523176492819351,0.7523176492819351,0.5780326202465983,11.08695652173913,306.3730000000001,0.1412636329865452,-0.3396075040699074,0.3396075040699074,0.1412636329865452,1.0434782608695652,1.9130434782608696,2.531254607772565,2.0032899307761287,856.5814487920151,-3.02,191499.5360964256,3.6015372448962144,5.316788604006331,12.14518285259957,0.0,0.0,0.0,0.0,5.008912523954532,9.967957041894415,0.0,5.114250125629398,17.355987055656673,42.81902403369567,25.16895445450274,11.204086992299825,0.0,28.09556025928321,0.0,14.976869565848949,10.33750304436285,6.923737199690624,19.41213256936071,54.3553410456928,0.0,5.316788604006331,17.19263532720215,0.0,0.0,29.072213531203328,0.0,6.923737199690624,5.563451491696996,59.129392598358656,0.0,10.902924932081056,65.77,0.0,0.0,0.0,0.0,0.0,28.09556025928321,5.563451491696996,11.336232598719072,44.42717930766243,44.67872002687744,0.0,0.0,0.0,8.666840986394558,14.112816384920462,3.797595288242836,0.7523176492819351,13.891425110550292,1.5570195578231292,2.058533901597574,3.663451121189216,0.1764705882352941,1,6,0,0,0,0,2,1,3,0,0,5,1,6,1,4,0,0,0,0,0,4.14111645662729,3,4.2421200000000026,0,0,0,0,2,0,0,0,0,0,0,0,5,1,0,0,0,0,0,0,0,2,1,0,1,0,0,0,0,0,0,0,0,0,0,0,0,0,0,0,0,0,0,0,0,0,0,0,0,0,0,0,0,0,0
COCC/N=N/Nc1ccc2ncnc(Nc3cccc(Br)c3)c2c1,7.15,4.922794251806559,0.5098043864150676,0.5098043864150676,0.3445258786490907,11.12,401.2680000000001,0.1412624335854229,-0.3826945833886588,0.3826945833886588,0.1412624335854229,1.12,2.04,2.619237738796424,1.830935442227153,885.8960001370303,-2.58,603862.6414417767,4.70866429581811,10.05365155780638,12.14518285259957,0.0,0.0,0.0,0.0,5.425791397110385,9.967957041894415,5.114250125629398,0.0,27.21956388514441,36.39820241076966,22.656127546258304,24.35572536272532,4.736862953800049,44.02550415723256,0.0,9.967957041894415,10.33750304436285,0.0,31.004015912819742,53.26460906982823,0.0,10.742580001116716,17.19263532720215,0.0,15.929943897949348,30.229392953597443,4.736862953800049,0.0,0.0,63.60211211419107,0.0,10.902924932081056,83.79,0.0,0.0,0.0,0.0,13.151638370425491,32.56827977511562,0.0,13.437117616042077,42.46456947923127,46.97798398532333,4.736862953800049,5.917875537351201,3.468662765160855,8.662082129530722,12.119871766390975,5.4931286531202765,0.7250664449153809,13.64146480683369,1.5418747751817286,1.048935047371958,1.6310380741432111,0.1764705882352941,2,7,0,0,0,0,2,1,3,0,0,6,2,8,1,7,0,0,0,0,0,5.863381255995628,3,4.561400000000003,0,0,0,0,2,0,0,0,0,0,0,0,4,2,0,0,0,0,0,0,0,3,0,0,1,0,1,0,1,0,0,0,0,0,0,1,0,0,0,0,0,0,0,0,0,0,0,0,0,0,0,0,0,0,0
N#C/C(=C\c1ccc(O)c(O)c1)C(=O)O,4.6,10.484086514235324,0.3046456916099769,-1.3425325963718822,0.3807632233240343,10.733333333333333,205.169,0.3459618666623099,-0.5042596318723127,0.5042596318723127,0.3459618666623099,1.3333333333333333,2.0,2.1884883847304835,3.139489712583243,470.800999393494,-2.4800000000000004,1934.6237321017477,2.479543107280872,15.319582184522115,11.642325842861542,11.49902366656781,0.0,0.0,5.969305287951849,0.0,4.794537184071822,5.261891554738487,0.0,6.06636706846161,23.772205735454097,0.0,0.0,20.11411936859394,12.045325394785731,5.261891554738487,0.0,0.0,0.0,0.0,29.33565722715109,17.568244979360085,0.0,0.0,11.49902366656781,0.0,21.288887472473967,4.794537184071822,11.33111286753076,5.563451491696996,23.772205735454097,0.0,6.076020106833881,101.55,11.542409818021117,4.794537184071822,0.0,11.49902366656781,5.563451491696996,12.142387175295491,18.20195544971549,0.0,0.0,0.0,20.5814737392606,0.0,0.0,10.484086514235324,35.133323491433615,-0.1209816704459558,-2.0162259070294777,5.25442720143613,1.0987037037037035,0.0,0.0,0.0,3,5,0,0,0,0,1,0,1,0,0,4,3,5,0,2,0,0,0,0,0,2.9351150230009173,1,1.0893799999999998,1,0,0,0,0,0,2,1,1,0,0,0,1,0,0,0,0,0,0,0,0,0,0,0,0,0,0,0,0,0,0,0,0,0,0,0,0,0,0,0,0,0,0,0,0,0,0,0,0,0,0,0,0,0,0
N#CC(C#N)=C(N)/C(C#N)=C/c1cc(O)c(O)c(Br)c1,6.3,9.46653832829428,0.0971390778533631,-0.3830966028386664,0.4304735801828457,10.0,331.129,0.1714883157070188,-0.5042165900300509,0.5042165900300509,0.1714883157070188,1.15,1.75,2.4266977659698883,3.4297411122644466,706.1004906495932,-2.9499999999999997,21316.113176279498,3.0815267308195966,15.946722266843596,18.20766393837682,17.072128196637077,0.0,0.0,0.0,0.0,0.0,15.78567466421546,0.0,0.0,39.70214963340344,0.0,15.742863358957514,10.213054789681411,22.00596400478323,15.78567466421546,0.0,5.733667477162185,0.0,0.0,39.012153517647,29.70668760494463,5.733667477162185,0.0,11.49902366656781,15.929943897949348,10.213054789681411,0.0,33.993338602592274,5.563451491696996,33.448702025950006,0.0,6.076020106833881,137.85,0.0,10.213054789681411,0.0,32.814991555594595,5.563451491696996,0.0,18.208754243757102,18.20766393837682,0.0,15.929943897949348,21.51934214137765,0.226278397161334,3.031919603489544,0.0,45.28342520418661,5.209543362097926,-0.717438796506257,7.597290748089359,1.285648148148148,0.0,0.0,0.0,4,6,0,0,0,0,1,0,1,0,0,6,3,7,0,2,0,0,0,0,0,4.74803126085593,1,2.027240000000001,0,0,0,0,0,0,2,0,0,0,0,0,3,0,1,0,0,0,0,2,0,0,0,0,0,0,0,0,1,0,0,0,0,0,0,0,0,0,0,0,0,0,0,0,0,0,0,0,0,0,0,0,0,0,0
COc1cccc(-c2ccc3c(c2)NC(=O)/C3=C\c2[nH]c3c(c2CCC(=O)O)CCCC3)c1,5.05,12.896989542360664,0.0765358882886144,-0.8116764514950174,0.4644746463422631,15.787878787878787,442.5150000000003,0.3031793325550511,-0.4967454765164221,0.4967454765164221,0.3031793325550511,1.121212121212121,1.9393939393939397,3.3344689733114325,1.527192197230285,1285.2686444762803,-3.8,50806436.78441323,4.042402018109525,20.14415747359429,5.749511833283905,0.0,0.0,5.907179729351506,5.969305287951849,9.589074368143644,0.0,0.0,0.0,24.26546827384644,78.63303539363676,29.05951537900349,12.6829020713468,19.432464716784395,29.212995928890063,0.0,4.9839785209472085,0.0,38.524929737556064,12.426586145283864,70.54277994401919,16.876414816677897,10.05365155780638,5.687386274683562,5.749511833283905,0.0,29.0767884743688,28.85153923692167,0.0,47.34067533356594,42.46456947923127,0.0,22.77602762029714,91.42,5.969305287951849,14.69560176298435,0.0,12.328001352277514,11.993926152995275,65.06791856130796,11.257379486545457,7.109797541277533,48.54058958606515,10.30076712495354,4.736862953800049,5.330690884489724,0.0,27.613622307094857,12.21046262612499,8.535157598987277,-0.1804080859605012,13.7699322130138,6.579403619877329,0.0,1.641138836372518,0.2592592592592592,3,6,1,1,2,1,2,1,3,0,0,3,3,6,2,6,0,0,0,0,0,5.502343153384774,5,5.079000000000003,1,0,0,0,1,1,0,1,2,0,0,0,0,2,0,0,0,0,0,0,0,1,1,0,2,0,1,0,0,0,0,0,0,0,0,1,0,0,0,0,0,0,0,0,0,0,0,0,0,0,0,0,0,0,0
COc1cc(Nc2c(C#N)cnc3cc(-c4ccc(CN5CCOCC5)cc4)ccc23)c(Cl)cc1Cl,5.52,9.727063306385595,0.409906601876784,0.409906601876784,0.3071423430162741,13.944444444444445,519.4320000000004,0.1391287375953739,-0.4951166431890935,0.4951166431890935,0.1391287375953739,1.0277777777777777,1.7777777777777777,2.906862251050802,1.4487547472830655,1445.1414886198334,-3.3399999999999985,190887876.8118001,5.108855943192541,14.790514511606428,11.81873314607618,0.0,0.0,0.0,0.0,9.883888251797686,0.0,5.261891554738487,0.0,59.6000821912347,28.823088612014207,37.28370407227721,52.82375285646639,9.473725907600098,45.479577261913214,5.261891554738487,9.883888251797686,0.0,6.544756405912575,38.729862886134846,81.96631679864421,22.94563612947017,10.05365155780638,11.374772549367124,5.749511833283905,23.20187978046503,43.296962533926205,11.281619359712623,11.33111286753076,11.126902983393991,60.79414718776757,10.045266627482652,22.02982791547505,70.41,0.0,5.261891554738487,0.0,0.0,32.73300250183068,54.87786106223861,12.673249032974528,18.32957770853629,18.19910120538483,45.53536644244273,32.67560568806513,10.760994582871827,12.609730199387364,6.950861894607803,14.6650541705022,5.821958170005468,0.4859159351204094,20.204565767912904,1.570370693748924,4.4462858923208906,1.539818249077765,0.2142857142857142,1,6,0,1,1,0,3,1,4,0,0,6,1,8,2,6,0,1,1,0,0,7.261796618777613,5,6.664680000000005,0,0,0,0,1,0,0,0,0,0,0,0,3,1,0,0,0,0,0,0,0,2,0,0,1,0,2,0,2,0,0,0,0,0,0,1,1,0,0,0,0,0,0,0,0,0,0,1,0,0,0,0,0,0,0
O=C(O)CCc1c(/C=C2\C(=O)Nc3ccc(C(=O)O)cc32)[nH]c2c1CCCC2,4.25,12.502470211850172,0.0202504388782347,-1.056496381087381,0.5943541658077995,16.571428571428573,380.4000000000002,0.3352033124390161,-0.48122192577367,0.48122192577367,0.3352033124390161,1.1428571428571428,1.9285714285714288,3.165204370949526,1.8004567625109098,1031.6571885621674,-3.35,2954635.984967738,3.1943712205950154,20.513821914634956,0.0,0.0,0.0,5.907179729351506,11.9386105759037,9.589074368143644,4.794537184071822,0.0,0.0,0.0,67.50613241024276,29.05951537900349,11.136556021766264,24.59666634189688,35.182301216841914,0.0,4.9839785209472085,0.0,38.524929737556064,5.316788604006331,51.84076316186973,0.0,5.316788604006331,5.687386274683562,0.0,0.0,33.042823615883826,28.85153923692167,0.0,57.69866400933475,18.19910120538483,0.0,11.64912463690315,119.49,11.9386105759037,19.49013894705617,0.0,17.89145284397451,23.244763919375835,48.19804546479496,12.13273413692322,12.142387175295491,0.0,10.30076712495354,5.106527394840706,0.0,0.0,38.26503823280044,21.106030603582703,5.5679640813064335,-2.215095584530109,4.527572996638202,6.081823003535666,0.0,0.0,0.2857142857142857,4,7,1,1,2,1,1,1,2,0,0,3,4,7,2,5,0,0,0,0,0,4.504726801490208,4,3.101600000000002,1,0,0,1,1,1,0,2,3,0,0,0,0,2,0,0,0,0,0,0,0,1,1,0,2,0,0,0,0,0,0,0,0,0,0,0,0,0,0,0,0,0,0,0,0,0,0,0,0,0,0,0,0,0,0
NS(=O)(=O)c1ccc2c(c1)/C(=C/c1[nH]c3c(c1CCC(=O)O)CCCC3)C(=O)N2,4.54,12.549026334299151,0.0011751809564761,-3.9060856117520992,0.5529148045988513,17.137931034482758,415.4710000000003,0.3031793325550511,-0.48122192577367,0.48122192577367,0.3031793325550511,1.2413793103448276,2.0,3.1591322260674963,1.8190804095292792,1161.0196131672703,-2.91,3813508.557110666,3.70462385663752,15.407294519794243,0.0,0.0,10.023291153407584,5.907179729351506,5.969305287951849,9.589074368143644,13.556770721936878,0.0,0.0,0.0,67.50613241024277,29.05951537900349,10.468588005587042,23.113398747313283,39.23628708229764,0.0,4.9839785209472085,5.138973737607942,43.42041321307383,5.316788604006331,46.277311670172736,0.0,10.455762341614273,5.687386274683562,0.0,0.0,30.384787917420205,38.87483039032926,0.0,47.34067533356594,23.094584680902603,0.0,11.64912463690315,142.35000000000002,15.992596441359431,18.00687135247258,0.0,17.22348482779529,28.938691914224297,42.50411746994649,18.19910120538483,6.076020106833881,0.0,10.30076712495354,10.245501132448648,23.41243175266375,0.0,26.93941533979512,17.066326354739886,5.132673886684304,-1.2227428820344577,4.246114663304868,5.915199829931972,0.0,-3.9060856117520992,0.3,5,8,1,1,2,1,1,1,2,0,0,4,4,9,2,5,0,0,0,0,0,4.792959420203808,4,2.0508,1,0,0,0,1,1,0,1,2,0,0,0,0,2,1,0,0,0,0,0,0,1,1,0,2,0,0,0,0,0,0,0,0,0,0,0,0,0,0,0,0,0,0,0,0,0,1,0,1,0,0,0,0,0,0
C=CC(=O)N(CCN(C)C)c1cc2c(Nc3cccc(Br)c3)ncnc2cn1,8.38,12.371742487794526,0.2018068278989992,-0.2018068278989992,0.5651111526842606,10.857142857142858,441.3330000000001,0.2510814329430296,-0.3395803347111261,0.3395803347111261,0.2510814329430296,1.2142857142857142,2.0357142857142856,2.677667288922651,2.0030810439124505,1006.9073999725908,-2.84,1954287.4378183305,4.706025961954159,10.216698334856808,17.9630456304346,0.0,0.0,5.907179729351506,0.0,9.6944469149223,14.951935562841626,0.0,0.0,28.57524665000945,44.4368323460347,28.63584281680592,11.713544289229338,4.794537184071822,50.06316038973553,0.0,19.8518452936921,0.0,0.0,37.40155511203634,59.98367429495046,0.0,10.216698334856808,17.323111830353618,0.0,15.929943897949348,52.943881800223146,4.794537184071822,0.0,0.0,59.98367429495046,0.0,10.902924932081056,74.25,0.0,4.794537184071822,0.0,5.907179729351506,30.24193908511147,15.54633000498077,12.403340181598423,11.096753302463554,49.32708903851291,42.77760374839581,0.0,0.9626459593576504,3.468365024745849,29.06907185573134,4.083633314436886,1.57798841861635,0.9756967414299672,9.627117546256375,4.434387408385199,4.804581282901781,3.9131791148052666,0.2,1,7,0,0,0,1,1,2,3,0,0,6,1,8,2,7,0,0,0,0,0,6.327676123909483,3,3.611500000000001,0,0,0,0,3,0,0,0,1,0,0,0,5,1,0,1,0,0,0,0,0,3,0,0,1,0,0,0,1,0,0,0,0,0,0,0,0,0,0,0,0,0,0,0,0,0,0,1,0,0,0,0,0,0,0
Cc1cccc(Nc2ncnc3cnc(N(C)C)nc23)c1,8.4,4.52058201058201,0.6292520681111955,0.6292520681111955,0.7949409635456116,10.61904761904762,280.33500000000004,0.2250875933829467,-0.3469284013390785,0.3469284013390785,0.2250875933829467,1.0952380952380951,1.9523809523809523,2.469142345801325,2.06682407824735,783.9707830301442,-2.76,73731.05958797337,2.73823948285219,10.216698334856808,17.360721509997063,5.817862777835028,5.948339280986494,0.0,0.0,0.0,19.935914083788838,0.0,0.0,12.13273413692322,24.61992282831084,19.782730240037942,6.196843571613076,0.0,28.486989768737608,0.0,19.935914083788838,0.0,6.923737199690624,24.31204230021119,42.353083411921055,0.0,10.216698334856808,17.453588333505085,0.0,0.0,34.03125804914322,0.0,6.923737199690624,5.563451491696996,36.78963192022406,0.0,11.033401435232523,66.83000000000001,0.0,0.0,0.0,0.0,22.799603494054047,5.687386274683562,11.890771566461538,6.196843571613076,31.12798783312808,44.30917402440901,0.0,0.0,0.0,19.144200942722765,3.293972978080121,3.574483864533468,1.30619651255564,8.105002099605274,3.222149943310657,2.051173364407491,3.802820294784581,0.2,1,6,0,0,0,0,1,2,3,0,0,6,1,6,2,3,0,0,0,0,0,3.3513024237683,3,2.53782,0,0,0,0,4,0,0,0,0,0,0,0,5,1,0,0,0,0,0,0,0,3,1,0,1,0,0,0,0,0,0,0,0,0,0,0,0,0,0,0,0,0,0,0,0,0,0,0,0,0,0,0,0,0,0
Cc1cccc(Nc2ncnc3cnc(Cl)nc23)c1,6.42,5.813301454326585,0.1755483644074917,0.1755483644074917,0.7256571340036954,10.63157894736842,271.71100000000007,0.2226418488479581,-0.3382993091397052,0.3382993091397052,0.2226418488479581,1.1578947368421053,2.0526315789473686,2.394578743878499,2.073888448670164,743.9351400210893,-2.27,29561.07459318007,2.4584434926369183,5.316788604006331,17.360721509997063,5.817862777835028,5.283586320044258,0.0,0.0,0.0,19.935914083788838,0.0,0.0,12.13273413692322,36.22086271854335,5.687386274683562,6.196843571613076,0.0,34.13959037798363,0.0,19.935914083788838,0.0,6.923737199690624,5.316788604006331,47.63666973196531,0.0,5.316788604006331,11.50524905251859,0.0,11.600939890232516,19.935914083788838,0.0,6.923737199690624,5.563451491696996,36.78963192022406,5.283586320044258,11.033401435232523,63.59,0.0,0.0,0.0,5.283586320044258,16.85126421306755,11.250837766380558,6.3273200747645415,6.196843571613076,31.18920547353706,25.252702687795164,11.600939890232516,0.0,5.813301454326585,16.376063922482572,3.3904712039136644,3.351216493799166,0.6110185185185188,7.991855666134766,3.047121598639456,2.0300622532963803,0.0,0.0769230769230769,1,5,0,0,0,0,1,2,3,0,0,5,1,6,2,2,0,0,0,0,0,2.9666104984330026,3,3.125220000000001,0,0,0,0,4,0,0,0,0,0,0,0,4,1,0,0,0,0,0,0,0,2,1,0,1,0,0,0,1,0,0,0,0,0,0,0,0,0,0,0,0,0,0,0,0,0,0,0,0,0,0,0,0,0,0
C=CC(=O)N(CCCN1CCOCC1)c1ccc2ncnc(Nc3cccc(Br)c3)c2c1,8.48,12.666268029492688,0.1206702590739383,-0.1206702590739383,0.4672741768767913,14.28125,496.4090000000001,0.2498714287259356,-0.378792740354582,0.378792740354582,0.2498714287259356,1.21875,2.0625,2.8205805169798097,1.5695780963081272,1100.694674271958,-2.809999999999999,22915061.776945986,5.50786757539206,14.953561288656855,12.14518285259957,0.0,5.907179729351506,0.0,0.0,9.6944469149223,9.967957041894415,0.0,0.0,28.57524665000945,48.89504414052955,47.41274190331464,18.730464646642098,9.53140013787187,49.93268388658407,0.0,14.867866772744891,0.0,6.4208216229260096,49.60948788753295,65.9195648602606,0.0,10.216698334856808,17.19263532720215,0.0,15.929943897949348,60.167836054772536,9.53140013787187,0.0,6.4208216229260096,65.9195648602606,0.0,10.902924932081056,70.59,0.0,4.794537184071822,0.0,5.907179729351506,12.362619183747604,66.01927176697016,12.403340181598423,4.899909730850478,42.46456947923127,42.69353495829907,4.736862953800049,6.389852426619516,3.495778654417029,25.63060849545872,4.2072940459515,2.5197671580457377,0.5684674931216244,13.694301371021496,3.7683116076391374,8.64228541439191,0.0,0.2916666666666667,1,7,0,1,1,1,2,1,3,0,0,6,1,8,2,8,0,1,1,0,0,7.4661687733312,4,4.377200000000003,0,0,0,0,2,0,0,0,1,0,0,0,4,1,0,0,0,0,0,0,0,3,0,0,1,0,1,0,1,0,0,0,0,0,0,0,1,0,0,0,0,0,0,0,0,0,0,0,0,0,0,0,0,0,0
CCn1c(=O)c(-c2c(Cl)cccc2Cl)cc2cnc(Nc3ccccc3)nc21,6.7,13.153329431711466,0.1996656378600823,-0.1996656378600823,0.4799000606352365,10.964285714285714,411.2920000000001,0.2596826793784245,-0.3241253023762622,0.3241253023762622,0.2596826793784245,1.0357142857142858,1.75,2.691571517546789,1.8929099318920213,1202.23134591489,-2.89,2853797.9160523694,3.345612820894842,5.316788604006331,5.647177220767728,0.0,5.948339280986494,5.559266895052008,0.0,9.361636831863176,4.9839785209472085,4.9839785209472085,0.0,47.46734805431147,37.255572541998674,29.378661958371005,15.608718119179647,0.0,45.87100677136761,0.0,14.53505668968577,0.0,13.4684936056032,5.316788604006331,81.19321789437406,11.126902983393991,10.87605549905834,11.635725555670057,0.0,23.20187978046503,14.53505668968577,6.544756405912575,0.0,6.923737199690624,65.58868437183939,10.045266627482652,22.160304418626517,59.81,0.0,4.794537184071822,0.0,5.559266895052008,39.31244251854344,11.073610489148358,0.0,35.02941149325087,37.255572541998674,15.284745645900747,23.20187978046503,1.5993827160493823,12.648783690739837,22.093169126848775,4.730992022849367,2.1645110975851427,0.4202091906721539,16.53171672126693,1.6879525699168556,2.3455050862937767,0.0,0.0952380952380952,1,5,0,0,0,0,2,2,4,0,0,4,1,7,2,4,0,0,0,0,0,5.026475368332023,4,5.528800000000003,0,0,0,0,3,0,0,0,0,0,0,0,3,1,0,0,0,0,0,0,0,2,1,0,1,0,0,0,2,0,0,0,0,0,0,0,0,0,0,0,0,0,1,0,0,0,0,1,0,0,0,0,0,0,0
Cn1c(=O)c(-c2c(Cl)cccc2Cl)cc2cnc(Nc3cccc(Br)c3)nc21,6.17,12.960536731986949,0.2411059670781892,-0.2411059670781892,0.4058648799473121,11.0,476.1610000000001,0.2594296514204328,-0.3240846305629297,0.3240846305629297,0.2594296514204328,1.0714285714285714,1.7857142857142858,2.657994044435904,1.8386711547002643,1252.7634380384495,-2.41,2370784.4979643817,3.506819450638389,5.316788604006331,5.647177220767728,0.0,5.948339280986494,5.559266895052008,0.0,9.361636831863176,4.9839785209472085,4.9839785209472085,0.0,51.2645578153376,36.39820241076966,34.35429705096804,15.608718119179647,0.0,61.80095066931696,0.0,14.53505668968577,7.04767198267719,0.0,5.316788604006331,79.59957034174485,11.126902983393991,10.87605549905834,11.635725555670057,0.0,39.13182367841438,14.53505668968577,7.04767198267719,0.0,0.0,63.99503681921019,10.045266627482652,22.160304418626517,59.81,0.0,4.794537184071822,0.0,5.559266895052008,38.15391032709567,10.160105790515976,4.567099647791355,37.509983828136704,24.26546827384644,31.214689543850096,23.20187978046503,2.407322048514051,16.01059209087217,21.82355197512124,4.6692863479393285,2.003511569974638,0.3927091906721538,14.507369718558389,1.663036541005291,0.0,1.6615094062316285,0.05,1,5,0,0,0,0,2,2,4,0,0,4,1,8,2,3,0,0,0,0,0,5.100351785912217,4,5.808400000000002,0,0,0,0,3,0,0,0,0,0,0,0,3,1,0,0,0,0,0,0,0,2,1,0,1,0,0,0,3,0,0,0,0,0,0,0,0,0,0,0,0,0,0,0,0,0,0,1,0,0,0,0,0,0,0
COc1cccc(Nc2ncc3cc(-c4c(Cl)cccc4Cl)c(=O)n(C)c3n2)c1,7.52,12.989060607101733,0.2513607880148278,-0.2513607880148278,0.4935322643431872,10.89655172413793,427.2910000000001,0.2594296514204328,-0.496687731101681,0.496687731101681,0.2594296514204328,1.0689655172413792,1.793103448275862,2.7173972095852386,1.807784750610308,1267.40109489546,-3.0899999999999994,4161881.326887254,3.642715609328977,10.05365155780638,11.396689054051633,0.0,5.948339280986494,5.559266895052007,0.0,9.361636831863176,4.9839785209472085,4.9839785209472085,0.0,35.33461391738825,30.33183534230805,35.94794460359723,22.718515660457182,4.736862953800049,45.87100677136762,0.0,14.53505668968577,7.04767198267719,0.0,12.426586145283864,75.12685082591244,16.876414816677897,15.612918452858386,11.635725555670057,5.749511833283905,23.20187978046503,21.644854230963304,7.04767198267719,0.0,0.0,59.522317303377775,10.045266627482652,22.160304418626517,69.03999999999999,0.0,4.794537184071822,0.0,5.559266895052007,43.90342216037956,5.687386274683562,4.567099647791355,44.61978136941424,24.26546827384644,15.284745645900747,27.938742734265084,6.685366140811598,12.591349338191014,21.85271360533806,4.628305544046436,1.9015205575238607,1.0775263576039424,14.245341657333904,1.651317791005291,0.0,3.255447897034782,0.0952380952380952,1,6,0,0,0,0,2,2,4,0,0,5,1,8,2,4,0,0,0,0,0,5.130226474513617,4,5.054500000000003,0,0,0,0,3,0,0,0,0,0,0,0,3,1,0,0,0,0,0,0,0,2,1,0,1,0,1,0,2,0,0,0,0,0,0,1,0,0,0,0,0,0,0,0,0,0,0,1,0,0,0,0,0,0,0
O=C(/C=C/C(=O)Nc1cc2c(Nc3cccc(Br)c3)ncnc2cn1)NCCCN1CCOCC1,9.09,12.31439141552702,0.3171238019646556,-0.4595691134963318,0.2800467597648016,14.2,540.4220000000001,0.2492128005800635,-0.3787927403546377,0.3787927403546377,0.2492128005800635,1.0857142857142856,1.9142857142857144,2.863486367226826,1.3033677034301243,1214.6969450611427,-3.41,89777215.79562421,7.538998044116215,20.687228765819043,17.9630456304346,0.0,11.814359458703011,0.0,0.0,14.488984098994122,14.951935562841626,0.0,0.0,21.99631096641096,37.23104630268502,47.33263943638625,24.92730821825517,14.325937321943693,55.97034011908704,0.0,25.168633897698435,0.0,6.4208216229260096,50.0263667606888,59.480758718185854,0.0,15.950365812018994,17.323111830353618,0.0,15.929943897949348,71.05899430507125,14.325937321943693,0.0,6.4208216229260096,59.480758718185854,0.0,10.902924932081056,121.37,5.907179729351506,9.589074368143644,0.0,5.907179729351506,29.08340689366369,49.42896056020554,18.479360288432304,12.263210640074686,24.26546827384644,51.73215500366045,4.736862953800049,6.255934671604992,3.4514425589981137,39.425976735963616,9.416553527125522,1.4751466834759992,0.1290103767938619,9.375165944210748,6.249465231849462,4.804637603311031,0.0,0.2916666666666667,3,10,0,1,1,2,1,2,3,0,0,8,3,11,3,9,0,1,1,0,0,8.710105149647164,4,2.8641000000000005,0,0,0,0,3,0,0,0,2,0,0,0,4,3,0,0,0,0,0,0,0,3,0,0,1,0,1,0,1,0,0,0,0,0,0,0,1,0,0,0,0,0,0,0,0,0,0,1,0,0,0,0,0,0,0
COc1ncc2ncnc(Nc3cccc(Br)c3)c2n1,8.42,5.033554474258839,0.2820298458889729,0.2820298458889729,0.7949884729056614,10.5,332.16100000000006,0.3163713071107006,-0.4667687977335413,0.4667687977335413,0.3163713071107006,1.2,2.1,2.470835110601559,2.061561517702104,764.5876221361084,-2.28,52142.0333390247,2.5261714155524224,10.05365155780638,17.360721509997063,5.817862777835028,0.0,0.0,6.010464839586836,0.0,14.951935562841626,4.9839785209472085,0.0,21.99631096641096,18.19910120538483,10.160105790515976,13.30664111289061,4.736862953800049,38.46859438570046,0.0,19.935914083788838,0.0,0.0,12.426586145283864,41.26235143605647,6.010464839586836,10.05365155780638,11.50524905251859,6.010464839586836,15.929943897949348,27.045711625066364,0.0,0.0,0.0,41.26235143605647,0.0,11.033401435232523,72.82000000000001,0.0,0.0,0.0,6.010464839586836,16.85126421306755,10.160105790515976,13.437117616042077,6.196843571613076,24.26546827384644,41.182646585744514,4.736862953800049,6.013247144536827,3.429667984190666,16.6678492037247,3.2121022297808013,2.161644817649282,0.6053703703703703,8.063096760309062,3.076809689153439,0.0,1.520211800284852,0.0769230769230769,1,6,0,0,0,0,1,2,3,0,0,6,1,7,2,3,0,0,0,0,0,3.424895709954775,3,2.9345,0,0,0,0,4,0,0,0,0,0,0,0,4,1,0,0,0,0,0,0,0,2,0,0,1,0,1,0,1,0,0,0,0,0,0,1,0,0,0,0,0,0,0,0,0,0,0,0,0,0,0,0,0,0,0
COc1cc2ncnc(Nc3ccc(F)c(Cl)c3)c2cc1OCCCN1CCOCC1,6.29,13.468244022471676,0.0364085711831807,-0.4747555099301797,0.517854527865434,14.548387096774194,446.9100000000004,0.1624329849026206,-0.4927859630535338,0.4927859630535338,0.1624329849026206,1.1612903225806452,2.0,2.794230401534003,1.5078739571774324,1046.6849035998564,-2.6799999999999997,13732178.246809222,5.330841061237727,19.52737746540648,17.962403693645463,11.49902366656781,0.0,0.0,0.0,4.899909730850478,14.358372089569237,0.0,0.0,11.600939890232516,30.68628989677245,36.77424677534769,37.46977746617387,18.60100390907497,34.00911387483217,0.0,14.867866772744897,0.0,6.4208216229260096,51.881501256560334,47.49900957185981,11.49902366656781,14.790514511606428,15.89566410019341,11.49902366656781,11.600939890232516,61.4325794252989,4.736862953800049,5.817220841045895,6.4208216229260096,36.65915541707259,5.022633313741326,10.902924932081056,68.74000000000001,5.817220841045895,4.39041504767482,0.0,5.022633313741326,35.12785540121558,44.655078984154365,18.46005421168776,13.176164609739144,12.13273413692322,20.184655376751227,25.811528751632665,30.373687188141982,5.895463515763117,11.035060718058636,3.9656523368373766,1.3179841601243467,1.3111794738693126,8.089993046623432,2.350959873566399,5.004639048839564,1.5998250826202731,0.3636363636363636,1,7,0,1,1,0,2,1,3,0,0,7,1,9,2,8,0,1,1,0,0,7.010112818481523,4,4.275600000000003,0,0,0,0,2,0,0,0,0,0,0,0,3,1,0,0,0,0,0,0,0,2,0,0,1,0,3,0,2,0,0,0,0,0,0,1,1,0,0,0,0,0,0,0,0,0,0,0,0,0,0,0,0,0,0
C#Cc1cccc(Nc2c(C#N)cnc3cc(OCCOC)c(OCCOC)cc23)c1,6.07,9.648483613290576,0.3482046852257892,0.3482046852257892,0.3956914290015338,10.32258064516129,417.46500000000026,0.1629918680214723,-0.4872705656500655,0.4872705656500655,0.1629918680214723,1.0,1.7096774193548387,2.797452509052973,2.073909893853088,1132.0981816028009,-3.78,10628688.61958852,5.430392546393328,24.264240419206526,19.28298524181811,11.49902366656781,0.0,0.0,0.0,4.9839785209472085,0.0,5.261891554738487,6.423349895620259,11.986801387317254,24.26546827384644,43.11986770347511,29.981302413022657,18.9474518152002,22.277697481448183,5.261891554738487,4.9839785209472085,0.0,0.0,45.96391154461307,53.721948965776726,29.912029193835984,14.790514511606428,11.374772549367124,11.49902366656781,0.0,45.63110146155395,9.473725907600098,23.674897082006662,11.126902983393991,42.595045982382736,0.0,10.902924932081056,85.63000000000001,0.0,5.261891554738487,0.0,0.0,54.69409000861629,16.637061980845353,6.196843571613076,20.28596215101668,30.33183534230805,22.29042275660145,25.37080171082045,21.842162011554077,0.0,4.428121063240111,13.67592054466194,3.165120341819477,3.678397948034944,13.208983643029423,7.0413209902658656,1.5779713048395412,3.2153354858879544,0.25,1,7,0,0,0,0,2,1,3,0,0,7,1,7,1,10,0,0,0,0,0,7.665474649225427,3,3.8817800000000022,0,0,0,0,1,0,0,0,0,0,0,0,2,1,0,0,0,0,0,0,0,2,0,0,1,0,4,0,0,0,0,0,0,0,0,2,0,0,0,0,0,0,0,0,0,0,0,1,0,0,1,0,0,0,0
Cc1cccc(Nc2ncnc3cnc(N)nc23)c1,7.77,5.604711094314268,0.2033261421852694,0.2033261421852694,0.7251543913095554,10.578947368421051,252.28100000000003,0.2202805186589214,-0.3677712558617821,0.3677712558617821,0.2202805186589214,1.1578947368421053,2.0526315789473686,2.394578743878499,2.073888448670164,740.0350054911992,-2.76,29561.07459318007,2.2787329133548773,11.050456081168516,17.360721509997063,5.817862777835028,5.948339280986494,0.0,0.0,0.0,19.935914083788838,0.0,0.0,12.13273413692322,24.61992282831084,5.687386274683562,6.196843571613076,0.0,28.486989768737608,0.0,19.935914083788838,0.0,6.923737199690624,11.050456081168516,42.353083411921055,0.0,11.050456081168516,17.453588333505085,0.0,0.0,19.935914083788838,0.0,6.923737199690624,5.563451491696996,36.78963192022406,0.0,11.033401435232523,89.61,0.0,0.0,0.0,5.948339280986494,16.85126421306755,11.250837766380558,6.3273200747645415,6.196843571613076,31.18920547353706,25.252702687795164,5.733667477162185,0.0,0.0,16.40692812001344,3.2180092592592597,8.970955792810951,0.8187891051482326,7.997810741580583,3.056333616780045,2.031173364407491,0.0,0.0769230769230769,3,6,0,0,0,0,1,2,3,0,0,6,2,6,2,2,0,0,0,0,0,2.6781196385654185,3,2.0540199999999995,0,0,1,0,4,0,0,0,0,0,0,0,4,1,1,0,0,0,0,0,0,3,1,0,1,0,0,0,0,0,0,0,0,0,0,0,0,0,0,0,0,0,0,0,0,0,0,0,0,0,0,0,0,0,0
COc1cccc2c(C(=O)Nc3ccccc3)c(SSc3c(C(=O)Nc4ccccc4)c4cccc(OC)c4n3C)n(C)c12,5.19,13.869173666872218,0.2371216125622133,-0.2371216125622133,0.159050718969794,11.090909090909092,622.7719999999999,0.2585585905997461,-0.494548870401003,0.494548870401003,0.2585585905997461,0.5681818181818182,0.9545454545454546,3.504527220191685,1.4607678666348292,1857.442966750234,-4.799999999999998,12550959306.834637,5.267565406442746,29.24150241119547,11.49902366656781,0.0,0.0,11.814359458703011,0.0,9.589074368143644,0.0,0.0,0.0,60.6636706846161,57.98599836354311,36.2425649436511,46.43181945852006,19.06280027574374,66.58277782500569,0.0,9.13419929558271,14.09534396535438,10.051919957338482,24.853172290567727,108.1887760787798,11.49902366656781,20.10730311561276,11.374772549367124,11.49902366656781,21.587795952773448,35.16815383684079,14.09534396535438,0.0,20.715977351537635,107.11379305272428,0.0,21.805849864162116,86.52000000000001,0.0,9.589074368143644,0.0,11.814359458703011,34.00069919932893,31.8577698215006,21.587795952773448,14.219595082555069,120.29141635632288,10.633577208012662,9.473725907600098,15.32104502454118,0.0,27.73834733374444,9.055971455423254,4.042783119296191,0.8459058996096969,30.09835171154824,0.0,0.0,9.897595455837006,0.1176470588235294,2,8,0,0,0,2,4,2,6,0,0,6,2,10,2,9,0,0,0,0,0,8.275030989753462,6,7.991200000000005,0,0,0,0,2,0,0,0,2,0,0,0,2,2,0,0,0,0,0,0,0,2,2,0,2,0,2,0,0,0,0,0,0,0,0,2,0,0,0,0,0,0,4,0,0,0,0,0,0,0,0,0,0,0,0
COC(=O)c1cccc(NCc2cc(O)ccc2O)c1,5.05,11.415607394983295,0.0860291401786714,-0.4084696502057616,0.5889434026503025,10.05,273.28799999999995,0.3374197126562113,-0.5079503987732238,0.5079503987732238,0.3374197126562113,1.2,2.0,2.4736303244687146,2.1072605840202128,625.0206203254761,-2.69,34719.87523424288,3.1980726328987146,20.26670634748779,11.49902366656781,0.0,0.0,0.0,5.969305287951849,0.0,4.794537184071822,0.0,0.0,6.06636706846161,36.39820241076966,17.795594172293132,12.673249032974528,19.74445492755328,11.656691562635412,0.0,0.0,0.0,6.544756405912575,12.426586145283864,53.59147246262526,11.49902366656781,5.316788604006331,5.687386274683562,11.49902366656781,0.0,23.292157618910792,11.281619359712623,0.0,15.921440167465814,42.46456947923127,0.0,0.0,78.79,5.969305287951849,15.007591973753234,0.0,11.49902366656781,17.671659389306566,5.687386274683562,25.30889874666236,24.26546827384644,0.0,10.05365155780638,0.0,4.649109219687773,0.0,11.415607394983295,22.12152340200951,1.7238377897455284,-0.2257530047780767,11.164804234365922,0.0,0.324265164399093,1.3266057995869502,0.1333333333333333,3,5,0,0,0,0,2,0,2,0,0,5,3,5,0,4,0,0,0,0,0,4.098437888827057,2,2.4965,0,0,0,0,0,0,2,0,1,0,0,0,0,1,0,0,0,0,0,0,0,1,0,0,0,1,1,0,0,0,0,0,0,0,0,1,0,0,0,0,0,0,0,0,0,0,0,0,0,0,0,0,0,0,0
C=CC(=O)Nc1cc2c(Nc3ccc(F)c(Cl)c3)ncnc2cc1OCCCN1CCOCC1.Cl.Cl,8.82,13.520356855803808,0.0,-0.5096327660617559,0.2744202223096958,13.27777777777778,558.8690000000005,0.2473656823318198,-0.4912774563029517,0.4912774563029517,0.2473656823318198,1.2222222222222223,2.0,2.8489167064702583,2.281664541429884e-06,1195.115993414371,-2.6899999999999995,52821570.92832902,7.652305644970369,20.10730311561276,23.711915526929367,0.0,5.907179729351506,0.0,0.0,9.6944469149223,14.358372089569237,0.0,24.814066322359952,18.17987557383101,36.76231000360633,36.77424677534769,36.04736619957991,18.65867813934674,70.41774620122717,0.0,14.867866772744897,0.0,6.4208216229260096,50.08849231928914,60.15396536229218,5.749511833283905,15.370440161812713,21.58305037487697,5.749511833283905,36.41500621259247,60.22996161337287,9.53140013787187,5.817220841045895,6.4208216229260096,49.31411120750497,5.022633313741326,10.902924932081056,88.61,5.817220841045895,9.184952231746642,0.0,35.743879365452784,40.45195405708003,39.26885476968957,24.53607431852164,18.19910120538483,0.0,32.08037966435605,21.074665797832616,24.918329853710688,5.897164405946523,23.0337471283251,6.550379422056513,1.6488586165116697,0.0959137345032685,7.791759546150287,3.432896512403013,8.24206189150405,0.0,0.2916666666666667,2,8,0,1,1,1,2,1,3,0,0,7,2,12,2,9,0,1,1,0,0,11.611860479710067,4,5.235100000000005,0,0,0,0,2,0,0,0,1,0,0,0,3,2,0,0,0,0,0,0,0,3,0,0,1,0,2,0,4,0,0,0,0,0,0,0,1,0,0,0,0,0,0,0,0,0,0,0,0,0,0,0,0,0,0
COc1ccc(Nc2ncc3cc(-c4c(Cl)cccc4Cl)c(=O)n(C)c3n2)cn1,5.89,12.968725607020229,0.2608665357276463,-0.2608665357276463,0.5174170530432375,10.89655172413793,428.2790000000001,0.2594296514204607,-0.4809823313983686,0.4809823313983686,0.2594296514204607,1.0689655172413792,1.827586206896552,2.721860637593016,1.783121115886949,1252.3415584016298,-3.16,4216739.162086751,3.618766997197517,10.05365155780638,5.647177220767728,0.0,11.828327617421866,5.559266895052007,0.0,9.361636831863176,9.967957041894415,4.9839785209472085,0.0,29.268246848926644,24.26546827384644,30.260558328913667,34.60274550675382,4.736862953800049,45.87100677136762,0.0,19.51903521063298,7.04767198267719,0.0,12.426586145283864,69.1909602606023,17.00689131982936,15.612918452858386,11.635725555670057,5.879988336435371,23.20187978046503,26.62883275191051,7.04767198267719,0.0,0.0,53.58642673806763,10.045266627482652,22.160304418626517,81.92999999999999,0.0,4.794537184071822,0.0,5.559266895052007,49.7212849382146,0.0,4.567099647791355,62.94935907795053,0.0,20.26872416684796,27.938742734265084,6.491252220048744,12.575895500590883,25.89864276136948,4.54385719764643,1.780450041664419,0.8390113493787141,10.328913841558585,3.2393115021235515,0.0,3.1915544745080835,0.1,1,7,0,0,0,0,1,3,4,0,0,6,1,9,3,4,0,0,0,0,0,5.084782158308143,4,4.449500000000002,0,0,0,0,4,0,0,0,0,0,0,0,4,1,0,0,0,0,0,0,0,2,1,0,1,0,1,0,2,0,0,0,0,0,0,1,0,0,0,0,0,0,0,0,0,0,0,2,0,0,0,0,0,0,0
CNc1ncc2ncnc(Nc3cccc(C)c3)c2n1,8.37,4.402526455026455,0.5412891051482323,0.5412891051482323,0.7583117224232307,10.5,266.308,0.2226902506693726,-0.3572770550338839,0.3572770550338839,0.2226902506693726,1.1,2.0,2.470835110601559,2.061561517702104,755.490235033246,-2.76,52142.0333390247,2.3530359779541845,10.633577208012662,17.360721509997063,5.817862777835028,5.948339280986494,0.0,0.0,0.0,19.935914083788838,0.0,0.0,12.13273413692322,24.61992282831084,12.735058257360752,6.196843571613076,0.0,28.486989768737608,0.0,19.935914083788838,0.0,6.923737199690624,17.68124919068985,42.353083411921055,0.0,10.633577208012662,17.453588333505085,0.0,0.0,26.98358606646602,0.0,6.923737199690624,5.563451491696996,36.78963192022406,0.0,11.033401435232523,75.62,0.0,0.0,0.0,0.0,22.799603494054047,5.687386274683562,11.890771566461538,13.244515554290269,31.189205473537065,30.56949129180149,0.0,0.0,0.0,16.989411113210714,6.183621241706559,3.537991202653901,1.207492808851936,8.0782042600991,3.180695861678005,2.0461733644074918,1.7764101473922902,0.1428571428571428,2,6,0,0,0,0,1,2,3,0,0,6,2,6,2,3,0,0,0,0,0,3.1218420971925163,3,2.5135200000000006,0,0,0,0,4,0,0,0,0,0,0,0,4,2,0,0,0,0,0,0,0,3,1,0,1,0,0,0,0,0,0,0,0,0,0,0,0,0,0,0,0,0,0,0,0,0,0,0,0,0,0,0,0,0,0
COC(=O)c1cc(NCc2ccccc2O)ccc1O,4.7,11.46484293217338,0.0923922377593016,-0.6030478395061734,0.5889434026503026,10.05,273.28800000000007,0.3412113503672351,-0.5076044372448703,0.5076044372448703,0.3412113503672351,1.15,1.9,2.467552246790348,2.144706902639754,625.0206203254761,-2.6899999999999995,35345.21838302495,3.003174323600842,20.26670634748779,17.062475158264807,0.0,0.0,0.0,5.969305287951849,0.0,4.794537184071822,0.0,0.0,18.19910120538483,24.26546827384644,17.795594172293132,7.109797541277533,19.74445492755328,11.656691562635412,0.0,0.0,0.0,6.544756405912575,12.426586145283864,53.59147246262526,11.49902366656781,5.316788604006331,5.687386274683562,11.49902366656781,0.0,23.292157618910792,11.281619359712623,0.0,15.921440167465814,42.46456947923127,0.0,0.0,78.79,5.969305287951849,15.007591973753234,0.0,17.062475158264807,12.232142680596136,5.563451491696996,19.242531678200752,24.26546827384644,6.06636706846161,10.05365155780638,0.0,4.587270376712566,0.0,11.46484293217338,22.32611318295301,1.473546049592677,-0.5364477828168306,11.529969907103746,0.0,0.4008543556311414,1.2538509786503111,0.1333333333333333,3,5,0,0,0,0,2,0,2,0,0,5,3,5,0,4,0,0,0,0,0,4.0984378888270605,2,2.4965000000000006,0,0,0,0,0,0,2,0,1,0,0,0,0,1,0,0,0,0,0,0,0,1,0,0,0,1,1,0,0,0,0,0,0,0,0,1,0,0,0,0,0,0,1,0,0,0,0,0,0,0,0,0,0,0,0
CCOC(=O)/C=C/C(=O)Nc1cc2c(Nc3cccc(Br)c3)ncnc2cn1,8.82,11.97289186421176,0.2408582861000885,-0.5851585189378639,0.4440299226116634,10.785714285714286,442.2730000000001,0.3304305467295657,-0.4628227629173942,0.4628227629173942,0.3304305467295657,1.1785714285714286,2.0357142857142856,2.6710812465289977,1.818147320317245,1054.6734740844995,-3.33,2060223.6630165416,5.103960674748529,15.37044016181271,17.9630456304346,0.0,5.907179729351506,0.0,5.969305287951849,4.794537184071822,19.746472746913447,0.0,0.0,21.99631096641096,31.18920547353706,27.69837021864853,18.32042625374225,14.325937321943693,56.03246567768738,0.0,14.951935562841626,0.0,6.923737199690624,17.24045917252558,59.480758718185854,0.0,10.633577208012662,17.323111830353618,0.0,15.929943897949348,33.435302544657894,14.325937321943693,0.0,6.923737199690624,59.480758718185854,0.0,10.902924932081056,106.1,11.876485017303356,9.589074368143644,0.0,6.606881964512918,22.538650487751116,22.312146004183735,12.524163646377618,12.990104268152232,24.26546827384644,41.51545666880364,4.736862953800049,5.660843025181586,3.4289630762657093,35.8914883934377,6.50444910116159,1.459911251679397,-0.2106979294398454,9.30161800876011,5.118753847040369,1.9280045592467236,0.0,0.1052631578947368,2,8,0,0,0,1,1,2,3,0,0,7,2,9,2,6,0,0,0,0,0,6.278285787396216,3,3.588700000000001,0,0,0,0,3,0,0,0,2,0,0,0,3,2,0,0,0,0,0,0,0,3,0,0,1,1,1,0,1,0,0,0,0,0,0,0,0,0,0,0,0,0,0,0,0,0,0,1,0,0,0,0,0,0,0
COc1ccc(Nc2ncc3cc(-c4c(Cl)cccc4Cl)c(=O)n(C)c3n2)cc1C,6.6,13.023381254403148,0.2477389637111855,-0.2477389637111855,0.4617322903578021,10.966666666666669,441.31800000000015,0.2594296514204327,-0.4964866645715056,0.4964866645715056,0.2594296514204327,1.1,1.8333333333333333,2.718095937059507,1.7851059862353096,1314.76117184006,-3.0899999999999994,6017212.061624854,3.598268023283711,10.05365155780638,11.396689054051633,0.0,5.948339280986494,5.559266895052007,0.0,9.361636831863176,4.9839785209472085,4.9839785209472085,0.0,29.268246848926644,48.885391102157286,29.88157753513562,22.718515660457182,4.736862953800049,45.87100677136762,0.0,14.53505668968577,7.04767198267719,6.923737199690624,12.426586145283864,74.62393524914782,16.876414816677897,15.612918452858386,11.635725555670057,5.749511833283905,23.20187978046503,21.644854230963304,7.04767198267719,6.923737199690624,5.563451491696996,53.455950234916166,10.045266627482652,22.160304418626517,69.03999999999999,0.0,4.794537184071822,0.0,5.559266895052007,38.15391032709567,17.000349599664464,4.567099647791355,44.61978136941424,25.122838405075456,15.284745645900747,27.938742734265084,6.753983701530226,12.613216543406434,21.93968054263696,4.678482383318624,2.9454645155314294,1.1793817197490843,12.537848656170986,1.6614451058201058,1.9547036742004968,3.2913487131912107,0.1363636363636363,1,6,0,0,0,0,2,2,4,0,0,5,1,8,2,4,0,0,0,0,0,5.3656606319471685,4,5.362920000000004,0,0,0,0,3,0,0,0,0,0,0,0,3,1,0,0,0,0,0,0,0,2,2,0,1,0,1,0,2,0,0,0,0,0,0,1,0,0,0,0,0,0,0,0,0,0,0,1,0,0,0,0,0,0,0
Brc1cccc(Nc2ncnc3cnc(NCCCN4CCOCC4)nc23)c1,8.54,5.378816999758343,0.5847867850844042,0.5847867850844042,0.5380965898414123,14.892857142857142,444.3370000000004,0.2229540009317711,-0.3787927403546377,0.3787927403546377,0.2229540009317711,1.1428571428571428,2.0357142857142856,2.7234056248468583,1.4177377254970769,933.0541336319372,-2.36,3700029.775539441,4.9174139801737695,15.370440161812713,17.360721509997063,5.817862777835028,5.948339280986494,0.0,0.0,4.899909730850478,19.935914083788838,0.0,0.0,21.99631096641096,31.164679234223417,29.794375008253706,19.410607500638918,4.736862953800049,44.41693366668696,0.0,24.835823814639312,0.0,6.4208216229260096,50.0263667606888,41.26235143605647,0.0,10.633577208012662,17.453588333505085,0.0,15.929943897949348,64.22861336731543,4.736862953800049,0.0,6.4208216229260096,41.26235143605647,0.0,11.033401435232523,88.09,0.0,0.0,0.0,0.0,22.799603494054047,55.97371696611811,6.3273200747645415,6.196843571613076,24.26546827384644,51.39934492060133,4.736862953800049,6.3724384837568895,3.4819853318693363,20.036706261821408,6.613154650294247,2.312523963629924,1.2392930180055903,7.903992783503194,4.261600689405402,5.528304817714011,0.0,0.3684210526315789,2,8,0,1,1,0,1,2,3,0,0,8,2,9,3,7,0,1,1,0,0,6.251104824684395,4,3.0601000000000003,0,0,0,0,4,0,0,0,0,0,0,0,5,2,0,0,0,0,0,0,0,3,0,0,1,0,1,0,1,0,0,0,0,0,0,0,1,0,0,0,0,0,0,0,0,0,0,0,0,0,0,0,0,0,0
Cn1c(SSc2c(C(=O)Nc3ccccc3)c3ccccc3n2C)c(C(=O)Nc2ccccc2)c2ccccc21,5.0,13.64337966079412,0.1757533709486618,-0.1757533709486618,0.1936801033428886,11.15,562.7200000000003,0.2585561105699632,-0.3374840433153575,0.3374840433153575,0.2585561105699632,0.525,0.875,3.4311691368893,1.3982854628918575,1723.1940334595215,-4.399999999999999,2076707214.688557,4.761444138056101,19.76777650359537,0.0,0.0,0.0,11.814359458703011,0.0,9.589074368143644,0.0,0.0,0.0,72.79640482153933,57.9859983635431,47.27596637888362,21.178822940732477,9.589074368143644,66.58277782500569,0.0,9.13419929558271,14.09534396535438,10.051919957338482,10.633577208012662,120.32151021570304,0.0,10.633577208012662,11.374772549367124,0.0,21.587795952773448,20.94855875428572,14.09534396535438,0.0,20.715977351537635,119.24652718964752,0.0,21.805849864162116,68.06,0.0,9.589074368143644,0.0,11.814359458703011,11.126902983393991,43.23254237086772,21.587795952773448,0.0,132.42415049324612,10.633577208012662,0.0,4.081894001427732,0.0,27.28675932158824,9.456702388751587,4.599987162229018,-0.3515067418973236,34.70496299866416,0.0,0.0,6.887867535903249,0.0625,2,6,0,0,0,2,4,2,6,0,0,4,2,8,2,7,0,0,0,0,0,7.108079412604793,6,7.974000000000005,0,0,0,0,2,0,0,0,2,0,0,0,2,2,0,0,0,0,0,0,0,2,2,0,2,0,0,0,0,0,0,0,0,0,0,0,0,0,0,0,0,0,4,0,0,0,0,0,0,0,0,0,0,0,0
CN1CCN(CCCCCNc2ncc3cc(-c4c(Cl)cccc4Cl)c(=O)n(C)c3n2)CC1,5.35,13.037884143419312,0.2027255026625618,-0.2027255026625618,0.4803685031399147,15.272727272727272,489.4510000000003,0.2594296502501286,-0.3541639744301231,0.3541639744301231,0.2594296502501286,1.0303030303030305,1.7575757575757576,2.803551917120969,1.3727543758504257,1153.3135647713866,-2.189999999999999,28550206.446362432,5.662216415579663,15.116608065707286,5.647177220767728,0.0,5.948339280986494,5.559266895052007,0.0,9.361636831863176,4.9839785209472085,4.9839785209472085,0.0,35.68906847185265,44.63317283982661,56.91797329001493,15.608718119179647,0.0,40.18362049668405,0.0,24.334876151386727,7.04767198267719,19.26246486877803,51.63299902215897,50.86138255206599,11.126902983393991,10.87605549905834,5.948339280986494,0.0,23.20187978046503,70.65108656953937,7.04767198267719,0.0,19.26246486877803,35.25684902953134,10.045266627482652,22.160304418626517,66.28999999999999,0.0,4.794537184071822,0.0,5.559266895052007,32.76768611263087,37.86213667805454,30.62219048845509,37.509983828136704,0.0,32.13223709027889,23.20187978046503,1.5210633710255963,12.659147500018571,26.980091286424788,4.914722181803895,1.3314046774505288,0.5278644751356996,6.960504110808058,5.141825204070667,6.632806169207266,3.886126579610485,0.4583333333333333,1,7,0,1,1,0,1,2,3,0,0,6,1,9,3,8,0,1,1,0,0,7.856378060533878,4,4.131900000000003,0,0,0,0,3,0,0,0,0,0,0,0,5,1,0,1,0,0,0,0,0,1,1,0,1,0,0,0,2,0,0,0,0,0,0,0,0,0,0,0,0,0,0,0,1,0,0,1,0,0,0,0,0,2,0
Cn1c(=O)c(-c2c(Cl)cccc2Cl)cc2cnc(Nc3cccc(CO)c3)nc21,7.05,12.97781175494379,0.0595423537645205,-0.2644186392544978,0.5001246728252936,11.03448275862069,427.29100000000017,0.2594296514204327,-0.3916791274039671,0.3916791274039671,0.2594296514204327,1.103448275862069,1.827586206896552,2.7173972095852386,1.8077847506103089,1267.40109489546,-2.93,4161881.326887254,3.697722016451092,10.423315998847038,5.647177220767728,0.0,5.948339280986494,5.559266895052008,0.0,9.361636831863176,4.9839785209472085,4.9839785209472085,0.0,41.40098098584986,35.89528683400505,29.88157753513562,22.215600083692568,5.106527394840706,45.87100677136761,0.0,14.53505668968577,7.04767198267719,6.606881964512918,5.316788604006331,80.69030231760944,11.126902983393991,10.87605549905834,11.635725555670057,0.0,23.20187978046503,19.64158408452648,13.654553947190108,0.0,5.563451491696996,59.522317303377775,10.045266627482652,22.160304418626517,80.04,0.0,9.901064578912528,0.0,12.166148859564926,38.15391032709567,11.250837766380558,4.567099647791355,43.57635089659831,18.19910120538483,15.284745645900747,23.20187978046503,1.4457638888888886,12.576201945900769,21.798097406241347,13.84419153208201,2.582310164821613,0.3389960387447162,14.088733636026204,1.6331850749559085,-0.0595423537645205,1.6409515549919589,0.0952380952380952,2,6,0,0,0,0,2,2,4,0,0,5,2,8,2,4,0,0,0,0,0,5.235020764477059,4,4.538200000000003,0,1,0,0,3,0,0,0,0,0,0,0,3,1,0,0,0,0,0,0,0,2,1,0,1,0,0,0,2,0,0,0,0,0,0,0,0,0,0,0,0,0,0,0,0,0,0,1,0,0,0,0,0,0,0
Brc1cccc(Nc2ncnc3cnc(NCCN4CCOCC4)nc23)c1,9.09,5.371308793777744,0.5720848817922233,0.5720848817922233,0.6174903737511086,15.0,430.31000000000034,0.2229986031667055,-0.3787927180120654,0.3787927180120654,0.2229986031667055,1.148148148148148,2.037037037037037,2.692576762744291,1.481576051943019,917.1056564913312,-2.36,2255797.730598964,4.679234953904087,15.370440161812713,17.360721509997063,5.817862777835028,5.948339280986494,0.0,0.0,4.899909730850478,19.935914083788838,0.0,0.0,21.99631096641096,18.19910120538483,36.33913141416628,19.410607500638918,4.736862953800049,44.41693366668696,0.0,24.835823814639312,0.0,0.0,50.0263667606888,41.26235143605647,0.0,10.633577208012662,17.453588333505085,0.0,15.929943897949348,64.22861336731543,4.736862953800049,0.0,0.0,41.26235143605647,0.0,11.033401435232523,88.09,0.0,0.0,0.0,0.0,22.799603494054047,49.552895343192105,6.3273200747645415,6.196843571613076,24.26546827384644,51.39934492060133,4.736862953800049,6.362934657433314,3.477855166625593,19.944162604336924,6.590216147422137,2.2985073657663744,1.221834212781634,7.8922016876172,3.226895927435544,5.235392230581278,0.0,0.3333333333333333,2,8,0,1,1,0,1,2,3,0,0,8,2,9,3,6,0,1,1,0,0,5.709484444784106,4,2.67,0,0,0,0,4,0,0,0,0,0,0,0,5,2,0,0,0,0,0,0,0,3,0,0,1,0,1,0,1,0,0,0,0,0,0,0,1,0,0,0,0,0,0,0,0,0,0,0,0,0,0,0,0,0,0
O=C(CCc1c(SSc2[nH]c3ccccc3c2CCC(=O)NCc2ccccc2)[nH]c2ccccc12)NCc1ccccc1,6.07,12.76547073757778,0.0335017740633689,0.0335017740633689,0.0989582918476309,11.181818181818182,618.8280000000002,0.2200972612292834,-0.3520185747270369,0.3520185747270369,0.2200972612292834,0.5227272727272727,0.9090909090909092,3.611495513995593,1.1382985785951247,1727.9243758364717,-4.399999999999999,17676229497.095703,7.3822699318164515,20.60153424990708,0.0,0.0,11.814359458703011,0.0,0.0,9.589074368143644,0.0,0.0,0.0,97.0618730953858,68.81597930233667,47.73700592183928,10.051919957338482,9.589074368143644,55.20800527563857,0.0,20.60153424990708,0.0,48.82471926086767,0.0,131.44841319909702,0.0,10.633577208012662,0.0,0.0,21.587795952773448,21.782316500597428,35.52023042582081,0.0,35.09544921264,119.24652718964752,0.0,21.805849864162116,89.78,0.0,9.589074368143644,0.0,11.814359458703011,38.77279930352918,54.111575788288576,0.0,21.587795952773448,84.92913895846256,44.86700252375352,0.0,0.0,0.0,32.69931993549942,10.456434113103596,6.576975116581784,0.0670035481267383,36.42330511468786,2.078001315322923,1.0524909182944404,3.313136605049899,0.1666666666666666,4,6,0,0,0,2,4,2,6,0,0,4,4,8,2,13,0,0,0,0,0,9.695025853890952,6,7.946600000000007,0,0,0,0,2,2,0,0,2,0,0,0,0,4,0,0,0,0,0,0,0,0,2,0,2,0,0,0,0,0,0,0,0,0,0,0,0,0,0,0,0,0,2,0,0,0,0,0,0,0,0,0,0,0,0
CNc1ncc2ncnc(Nc3ccccc3)c2n1,7.89,4.38009873393802,0.5401959981523474,0.5401959981523474,0.7439378482757566,10.36842105263158,252.28100000000003,0.2226902506693658,-0.3572770550338839,0.3572770550338839,0.2226902506693658,1.0,1.8421052631578947,2.481070765417635,2.072640126141037,697.8259845675985,-2.76,37543.56282229965,2.278732913354879,10.633577208012662,17.360721509997063,5.817862777835028,5.948339280986494,0.0,0.0,0.0,19.935914083788838,0.0,0.0,18.19910120538483,12.13273413692322,12.735058257360752,6.196843571613076,0.0,28.486989768737608,0.0,19.935914083788838,0.0,0.0,17.68124919068985,42.85599898868567,0.0,10.633577208012662,17.453588333505085,0.0,0.0,26.98358606646602,0.0,0.0,0.0,42.85599898868567,0.0,11.033401435232523,75.62,0.0,0.0,0.0,0.0,22.799603494054047,5.687386274683562,6.3273200747645415,13.244515554290269,30.33183534230805,30.56949129180149,0.0,0.0,0.0,16.905646730914587,6.133672682035778,2.3381982237339383,1.2023256277819772,9.81172844755186,3.168684807256236,0.0,1.7730768140589568,0.0769230769230769,2,6,0,0,0,0,1,2,3,0,0,6,2,6,2,3,0,0,0,0,0,2.894535860573208,3,2.2051,0,0,0,0,4,0,0,0,0,0,0,0,4,2,0,0,0,0,0,0,0,3,0,0,1,0,0,0,0,0,0,0,0,0,0,0,0,0,0,0,0,0,1,0,0,0,0,0,0,0,0,0,0,0,0
O=C1NC(=O)c2cc(Nc3ccc(O)cc3)c(Nc3ccc(O)cc3)cc21,5.6,11.991370635337084,0.1406662356702943,-0.4445004188799284,0.3594477361567744,12.444444444444445,361.3570000000001,0.2585045282920077,-0.5079643158735552,0.5079643158735552,0.2585045282920077,0.6296296296296297,1.0,2.923595565813356,1.7555667412650595,959.572018865218,-3.999999999999999,1774505.5646260744,3.2544378698224854,20.846631997694075,11.49902366656781,0.0,0.0,11.814359458703011,0.0,14.905862972149976,0.0,0.0,0.0,0.0,60.6636706846161,11.374772549367124,22.50167553276112,19.802129157825057,34.56390455743726,0.0,5.316788604006331,0.0,0.0,10.633577208012662,71.7905736680101,11.49902366656781,15.950365812018994,22.74954509873425,11.49902366656781,0.0,22.027414248384424,0.0,0.0,20.715977351537635,60.6636706846161,0.0,0.0,110.69,11.814359458703011,19.802129157825057,0.0,22.6259266499618,22.74954509873425,0.0,0.0,60.6636706846161,0.0,15.950365812018994,0.0,0.0,0.0,23.98274127067417,27.512853649643876,3.14099447803813,-0.6076683664192675,16.13774563472976,0.0,0.0,0.0,0.0,5,7,0,1,1,2,3,0,3,0,0,6,5,7,1,4,0,0,0,0,0,3.8904048125714032,4,3.4686000000000003,0,0,0,0,0,0,2,0,2,0,0,0,0,3,0,0,0,0,0,0,0,4,0,0,1,0,0,0,0,0,0,0,1,0,0,0,0,0,0,0,0,0,0,0,0,0,0,0,0,0,0,0,0,0,0
C=CC(=O)Nc1ccc2ncnc(Nc3cccc(Br)c3)c2c1,9.15,11.44946641069702,0.2613901612323326,-0.2613901612323326,0.6747178471005569,10.304347826086955,369.222,0.2472628197965696,-0.3395819763734233,0.3395819763734233,0.2472628197965696,1.1304347826086956,2.0,2.551391569011981,2.000782706191377,894.6506920789523,-2.7299999999999995,202174.8193200784,3.544076849899877,10.633577208012662,12.14518285259957,0.0,5.907179729351506,0.0,0.0,4.794537184071822,9.967957041894415,0.0,0.0,28.57524665000945,42.47422251760354,21.233716279664336,5.516700717616262,4.794537184071822,49.93268388658407,0.0,9.967957041894415,0.0,0.0,10.633577208012662,65.9195648602606,0.0,10.633577208012662,17.19263532720215,0.0,15.929943897949348,15.875136771245923,4.794537184071822,0.0,0.0,65.9195648602606,0.0,10.902924932081056,66.91,0.0,4.794537184071822,0.0,5.907179729351506,11.50524905251859,21.063030722597038,12.403340181598423,6.06636706846161,36.39820241076966,43.11041383145492,0.0,0.9720343097191946,3.4422629596309218,19.999558845819216,6.818591637272193,2.350459485491728,0.4078709876716736,13.245551139211974,2.733129298659827,3.447208003189938,0.0,0.0,2,5,0,0,0,1,2,1,3,0,0,4,2,6,1,4,0,0,0,0,0,4.340621875423013,3,4.260400000000002,0,0,0,0,2,0,0,0,1,0,0,0,2,2,0,0,0,0,0,0,0,3,0,0,1,0,0,0,1,0,0,0,0,0,0,0,0,0,0,0,0,0,0,0,0,0,0,0,0,0,0,0,0,0,0
C/C=C/C(=O)Nc1cc2c(Nc3cccc(Br)c3)ncnc2cn1,9.3,11.67196641069702,0.2336123834545549,-0.2336123834545549,0.6639155212371507,10.916666666666666,384.2370000000001,0.2486815503817654,-0.3395803355076829,0.3395803355076829,0.2486815503817654,1.2083333333333333,2.083333333333333,2.5552956529449857,1.964473045810424,925.7528942657708,-2.8,319498.83667032333,3.746705627297577,10.633577208012662,17.9630456304346,0.0,5.907179729351506,0.0,0.0,4.794537184071822,14.951935562841626,0.0,0.0,28.07233107324484,37.26522558037095,15.54633000498077,11.713544289229338,4.794537184071822,50.06316038973553,0.0,14.951935562841626,0.0,6.923737199690624,10.633577208012662,59.480758718185854,0.0,10.633577208012662,17.323111830353618,0.0,15.929943897949348,20.85911529219313,4.794537184071822,0.0,6.923737199690624,59.480758718185854,0.0,10.902924932081056,79.8,0.0,4.794537184071822,0.0,5.907179729351506,17.152426273286316,15.54633000498077,12.403340181598423,25.26296794659919,24.26546827384644,41.51545666880364,0.0,0.964660688563522,3.4420066500064803,24.37646287286213,6.732248257327623,1.576128280915213,0.8494661627787536,9.511600094755533,6.185069767209728,1.7790238922476824,0.0,0.0588235294117647,2,6,0,0,0,1,1,2,3,0,0,5,2,7,2,4,0,0,0,0,0,4.809428490784744,3,4.045500000000002,0,0,0,0,3,0,0,0,1,0,0,0,3,2,0,0,0,0,0,1,0,3,0,0,1,0,0,0,1,0,0,0,0,0,0,0,0,0,0,0,0,0,0,0,0,0,0,1,0,0,0,0,0,0,0
Cn1c(SSc2c(C(=O)Nc3ccccc3)c3cc(C#N)ccc3n2C)c(C(=O)Nc2ccccc2)c2cc(C#N)ccc21,4.27,13.800022635447212,0.3076498715139932,-0.3076498715139935,0.1784364307895686,10.818181818181818,612.7400000000001,0.25855687577625,-0.3374828483885444,0.3374828483885444,0.25855687577625,0.6136363636363636,1.0,3.490854826140238,1.4522104714053483,2000.43462646156,-5.419999999999998,12213264101.12902,5.287976383911217,19.76777650359537,0.0,0.0,0.0,11.814359458703011,0.0,9.589074368143644,0.0,10.523783109476971,0.0,36.39820241076966,82.25146663738957,47.27596637888362,44.44416854971101,9.589074368143644,66.58277782500569,10.523783109476971,9.13419929558271,14.09534396535438,10.051919957338482,10.633577208012662,119.3156790621738,12.138442625584547,10.633577208012662,11.374772549367124,0.0,21.587795952773448,20.94855875428572,14.09534396535438,22.66222573506152,31.842880334931625,107.11379305272428,0.0,21.805849864162116,115.64,0.0,20.11285747762061,0.0,11.814359458703011,54.45294690242318,11.033401435232523,21.587795952773448,24.26546827384644,96.02594808247645,22.77201983359721,0.0,3.84963233438973,0.0,27.60004527089442,27.76810655305413,4.646555774585386,-0.6152997430279867,33.296144519407896,0.0,0.0,6.454815290696423,0.0588235294117647,2,8,0,0,0,2,4,2,6,0,0,6,2,10,2,7,0,0,0,0,0,7.861342958824125,6,7.717360000000005,0,0,0,0,2,0,0,0,2,0,0,0,4,2,0,0,0,0,0,0,0,2,2,0,2,0,0,0,0,0,0,0,0,0,0,0,0,0,0,0,0,0,2,0,0,0,0,0,0,0,0,0,0,0,0
Cn1c(SSc2c(C(=O)Nc3ccccc3)c3cccc(O)c3n2C)c(C(=O)Nc2ccccc2)c2cccc(O)c21,4.0,13.684644879461937,0.0537652571941202,-0.3220085149815836,0.1436496840720822,11.19047619047619,594.7180000000003,0.2585585895770617,-0.5057434683135199,0.5057434683135199,0.2585585895770617,0.5714285714285714,0.9523809523809524,3.44109702519158,1.4389339048001737,1824.2086070590244,-4.799999999999999,4273973762.492871,4.843207024247016,29.98083129327678,11.49902366656781,0.0,0.0,11.814359458703011,0.0,9.589074368143644,0.0,0.0,0.0,60.6636706846161,57.9859983635431,36.2425649436511,32.21222437596499,19.802129157825057,66.58277782500569,0.0,9.13419929558271,14.09534396535438,10.051919957338482,10.633577208012662,108.1887760787798,11.49902366656781,10.633577208012662,11.374772549367124,11.49902366656781,21.587795952773448,31.16161354396713,14.09534396535438,0.0,20.715977351537635,107.11379305272428,0.0,21.805849864162116,108.52,0.0,19.802129157825057,0.0,23.31338312527082,54.35944535426171,0.0,21.587795952773448,59.62774567170674,60.6636706846161,10.633577208012662,0.0,3.567619310069707,0.0,27.369289758923877,29.748652383504474,3.1471886660322537,-0.5364865155749265,28.522336065306988,0.0,0.0,6.181400331737633,0.0625,4,8,0,0,0,2,4,2,6,0,0,6,4,10,2,7,0,0,0,0,0,7.3188969030259186,6,7.385200000000005,0,0,0,0,2,0,2,0,2,0,0,0,2,2,0,0,0,0,0,0,0,2,2,0,2,0,0,0,0,0,0,0,0,0,0,0,0,0,0,0,0,0,4,0,0,0,0,0,0,0,0,0,0,0,0
C=CC(=O)N(C)c1cc2c(Nc3cccc(Br)c3)ncnc2cn1,9.77,11.77752196625258,0.2359271982693696,-0.2359271982693696,0.6952765618145934,10.416666666666666,384.2370000000001,0.2507729336432486,-0.3395803347157132,0.3395803347157132,0.2507729336432486,1.2916666666666667,2.125,2.60155853620124,2.042102007890057,927.7528942657708,-2.8,320072.34826737473,3.255363321799307,5.316788604006331,17.9630456304346,0.0,0.0,5.907179729351506,0.0,9.6944469149223,14.951935562841626,0.0,0.0,28.57524665000945,30.34148838068032,22.59400198765796,11.713544289229338,4.794537184071822,50.06316038973553,0.0,14.951935562841626,0.0,0.0,17.264370317534,59.98367429495046,0.0,10.216698334856808,17.323111830353618,0.0,15.929943897949348,27.90678727487032,4.794537184071822,0.0,0.0,59.98367429495046,0.0,10.902924932081056,71.01,0.0,4.794537184071822,0.0,5.907179729351506,17.152426273286316,15.54633000498077,17.303249912448898,19.31088262275188,24.26546827384644,42.77760374839581,0.0,0.9625281368796882,3.44346130673836,25.994764292195303,4.034221151423533,1.5731098172293612,0.9036045372643504,9.53678518221189,4.335263179990137,3.49068022541216,1.642248837321889,0.0588235294117647,1,6,0,0,0,1,1,2,3,0,0,5,1,7,2,4,0,0,0,0,0,4.524067205313955,3,3.679700000000002,0,0,0,0,3,0,0,0,1,0,0,0,4,1,0,1,0,0,0,0,0,3,0,0,1,0,0,0,1,0,0,0,0,0,0,0,0,0,0,0,0,0,0,0,0,0,0,1,0,0,0,0,0,0,0
CCN(CC)CCCNC(=O)/C=C/C(=O)Nc1cc2c(Nc3cccc(Br)c3)ncnc2cn1,9.14,12.286736911910976,0.3101150571086886,-0.4551020948247675,0.2569410437306334,11.176470588235292,526.4390000000001,0.2492128005800635,-0.3525023650145301,0.3525023650145301,0.2492128005800635,1.0588235294117647,1.8529411764705883,2.8312364114603885,1.586069016336785,1165.021559275453,-3.37,37253442.67683273,7.599193862867056,20.85027554286947,17.9630456304346,0.0,11.814359458703011,0.0,0.0,9.589074368143644,14.951935562841626,0.0,0.0,35.84378536579221,50.320559114510175,34.24312662456111,11.713544289229338,9.589074368143644,55.97034011908704,0.0,25.16863389769843,0.0,20.268296022307258,36.81260283166296,59.480758718185854,0.0,15.950365812018994,17.323111830353618,0.0,15.929943897949348,57.84523037604543,9.589074368143644,0.0,20.268296022307258,59.480758718185854,0.0,10.902924932081056,112.14,5.907179729351506,9.589074368143644,0.0,5.907179729351506,29.08340689366369,36.21519663117971,18.479360288432304,12.263210640074686,24.26546827384644,65.5796294030417,0.0,0.9353668615765652,3.450724572078828,39.32690162815817,9.413086305208603,1.4795762133669872,0.146360186010849,9.380423364257892,6.2725554380637565,7.678338764611677,0.0,0.2916666666666667,3,9,0,0,0,2,1,2,3,0,0,7,3,10,2,11,0,0,0,0,0,9.477660695361587,3,3.873700000000001,0,0,0,0,3,0,0,0,2,0,0,0,4,3,0,0,0,0,0,0,0,3,0,0,1,0,0,0,1,0,0,0,0,0,0,0,0,0,0,0,0,0,0,0,0,0,0,1,0,0,0,0,0,0,0
Cn1c(SSc2c(C(=O)Nc3ccccc3)c3cc([N+](=O)[O-])ccc3n2C)c(C(=O)Nc2ccccc2)c2cc([N+](=O)[O-])ccc21,5.3,13.792156779538772,0.1609148614763829,-0.5146602787957621,0.0911244973805285,11.08695652173913,652.7140000000003,0.2697045077216563,-0.3374771656926972,0.3374771656926972,0.2697045077216563,0.6086956521739131,0.9782608695652174,3.4932747137681384,1.4661387174875955,2024.78699682698,-5.6,24502733684.35918,5.661825955331429,19.76777650359537,0.0,0.0,0.0,23.189132008070136,0.0,29.817710905674787,0.0,0.0,0.0,36.39820241076966,57.9859983635431,71.54143465273006,31.025445038367813,19.435696465778985,77.95755037437281,0.0,9.13419929558271,14.09534396535438,10.051919957338482,10.633577208012662,128.41741261631094,0.0,10.633577208012662,22.74954509873425,0.0,21.587795952773448,30.79518085192106,14.09534396535438,20.228636537531145,20.715977351537635,107.11379305272428,0.0,21.805849864162116,154.34,21.660981556338356,29.817710905674787,0.0,22.50167553276112,43.23254237086772,0.0,45.853264226619885,83.8932139455532,12.13273413692322,10.633577208012662,0.0,3.5433385992648256,0.0,49.84787374105596,30.806914850549465,2.432891985752252,-0.9257238667637976,26.390988651256603,0.0,0.0,5.9037160388846885,0.0625,2,12,0,0,0,2,4,2,6,0,0,8,2,14,2,9,0,0,0,0,0,8.213925102551794,6,7.790400000000005,0,0,0,0,2,0,0,0,2,0,0,0,4,2,0,0,0,0,0,0,0,2,2,0,2,0,0,0,0,0,0,0,0,0,0,0,0,2,2,2,0,0,2,0,0,0,0,0,0,0,0,0,0,0,0
C=CC(=O)N(CCCN1CCOCC1)c1cc2c(Nc3cccc(Br)c3)ncnc2cn1,8.57,12.626268029492689,0.1831702590739383,-0.1831702590739383,0.474698300494004,14.28125,497.3970000000001,0.2510365211496432,-0.3787927403545819,0.3787927403545819,0.2510365211496432,1.25,2.09375,2.8205805169798097,1.5695780963081274,1102.7917147700643,-2.8799999999999994,22915061.776945986,5.477530685024554,10.05365155780638,17.9630456304346,0.0,0.0,5.907179729351506,0.0,14.594356645772775,14.951935562841626,0.0,0.0,28.57524665000945,36.76231000360633,41.72535562863108,24.92730821825517,9.53140013787187,50.06316038973553,0.0,19.8518452936921,0.0,6.4208216229260096,49.60948788753295,59.98367429495046,0.0,10.216698334856808,17.323111830353618,0.0,15.929943897949348,65.15181457571974,9.53140013787187,0.0,6.4208216229260096,59.98367429495046,0.0,10.902924932081056,83.48,0.0,4.794537184071822,0.0,5.907179729351506,23.697182679198896,54.81518477467034,12.403340181598423,11.096753302463554,30.33183534230805,47.67751347924629,4.736862953800049,6.367506747607169,3.4857786544170293,29.870908371582008,4.117016268173723,1.5859610985849162,1.0182542782060289,9.684224940183883,5.318727807100251,8.468288500811664,0.0,0.3043478260869565,1,8,0,1,1,1,1,2,3,0,0,7,1,9,3,8,0,1,1,0,0,7.410450847487247,4,3.7722000000000016,0,0,0,0,3,0,0,0,1,0,0,0,5,1,0,0,0,0,0,0,0,3,0,0,1,0,1,0,1,0,0,0,0,0,0,0,1,0,0,0,0,0,0,0,0,0,0,1,0,0,0,0,0,0,0
COc1cc(Nc2ncc3cc(-c4c(Cl)cccc4Cl)c(=O)n(C)c3n2)cc(OC)c1,6.48,13.056041782492,0.2683337159473518,-0.2683337159473518,0.451407905494428,10.870967741935484,457.3170000000002,0.2594296514204328,-0.4965439103694078,0.4965439103694078,0.2594296514204328,1.0,1.6451612903225807,2.7658960176816723,1.794190606681437,1312.4054875602912,-3.289999999999999,10123718.774438368,4.017946675359854,14.790514511606428,17.14620088733554,0.0,5.948339280986494,5.559266895052007,0.0,9.361636831863176,4.9839785209472085,4.9839785209472085,0.0,29.268246848926644,18.19910120538483,48.08067874052045,29.82831320173472,9.473725907600098,45.87100677136762,0.0,14.53505668968577,7.04767198267719,0.0,19.5363836865614,69.06048375745083,22.6259266499618,20.34978140665844,11.635725555670057,11.49902366656781,23.20187978046503,28.75465177224084,7.04767198267719,0.0,0.0,53.455950234916166,10.045266627482652,22.160304418626517,78.27,0.0,4.794537184071822,0.0,5.559266895052007,55.34032026834703,0.0,4.567099647791355,69.9286801160766,0.0,15.284745645900747,32.67560568806513,12.021349565573814,12.62029537112972,21.949055135981546,4.58180103803262,1.741627617613751,1.5638250060172123,12.153583861604451,1.6346830120937264,0.0,4.789334947508718,0.1363636363636363,1,7,0,0,0,0,2,2,4,0,0,6,1,9,2,5,0,0,0,0,0,5.7137149979853135,4,5.063100000000004,0,0,0,0,3,0,0,0,0,0,0,0,3,1,0,0,0,0,0,0,0,2,1,0,1,0,2,0,2,0,0,0,0,0,0,2,0,0,0,0,0,0,0,0,0,0,0,1,0,0,0,0,0,0,0
Clc1ncc2ncnc(Nc3cccc(Br)c3)c2n1,7.09,5.805801454326586,0.1662891051482327,0.1662891051482327,0.7247128546913212,10.63157894736842,336.58000000000004,0.2226418488479776,-0.3382726555443791,0.3382726555443791,0.2226418488479776,1.1578947368421053,2.0526315789473686,2.394578743878499,2.073888448670164,749.0213063482697,-1.7899999999999994,29561.07459318007,2.64021394495848,5.316788604006331,17.360721509997063,5.817862777835028,5.283586320044258,0.0,0.0,0.0,19.935914083788838,0.0,0.0,21.99631096641096,29.800041095617345,10.160105790515976,6.196843571613076,0.0,50.06953427593297,0.0,19.935914083788838,0.0,0.0,5.316788604006331,46.54593775610073,0.0,5.316788604006331,11.50524905251859,0.0,27.530883788181864,19.935914083788838,0.0,0.0,0.0,41.26235143605647,5.283586320044258,11.033401435232523,63.59,0.0,0.0,0.0,5.283586320044258,16.85126421306755,10.160105790515976,6.3273200747645415,6.196843571613076,24.26546827384644,41.182646585744514,11.600939890232516,0.9754814219926656,9.223159980298703,16.332279790774336,3.351211944654405,2.114335199357521,0.5901851851851851,7.748313999468101,3.0261435893801965,0.0,0.0,0.0,1,5,0,0,0,0,1,2,3,0,0,5,1,7,2,2,0,0,0,0,0,3.2668028721356954,3,3.579300000000001,0,0,0,0,4,0,0,0,0,0,0,0,4,1,0,0,0,0,0,0,0,2,0,0,1,0,0,0,2,0,0,0,0,0,0,0,0,0,0,0,0,0,0,0,0,0,0,0,0,0,0,0,0,0,0
CN1C(=S)C(C(=O)Nc2ccccc2)c2ccccc21,6.0,12.508155706727136,0.085185185185185,-0.3968461829176117,0.8586192928395768,16.95,282.36800000000005,0.2384034773783031,-0.3379387713420715,0.3379387713420715,0.2384034773783031,1.1,1.75,2.72453060195284,1.9064188128299,669.1869069327147,-2.1999999999999997,55645.8130142848,2.079027297193388,10.216698334856808,5.917906046161393,0.0,5.907179729351506,0.0,0.0,4.794537184071822,0.0,0.0,0.0,48.61607585381636,23.762552697081823,18.422444532044317,4.988502101738191,4.794537184071822,34.48832782350352,0.0,0.0,0.0,5.917906046161393,17.264370317534,60.160755107851486,0.0,10.216698334856808,11.374772549367124,0.0,12.217873443046695,17.943353813766887,4.794537184071822,0.0,11.48135753785839,54.59730361615449,0.0,0.0,32.34,5.917906046161393,4.794537184071822,0.0,5.907179729351506,4.988502101738191,16.93822404106412,0.0,0.0,66.54488532968216,5.316788604006331,12.217873443046695,0.0,5.425779268497522,15.049388227513228,2.9226114890400603,2.755997207524986,-0.4820313681027968,17.261822824808934,0.0,0.0,1.8997656840513983,0.125,1,3,0,1,1,1,2,0,2,1,0,2,1,4,1,2,0,0,0,0,1,3.239788575995646,3,3.186100000000001,0,0,0,0,0,0,0,0,1,1,0,0,1,1,0,1,0,0,0,0,0,2,0,0,1,0,0,0,0,0,0,0,0,0,0,0,0,0,0,0,0,0,2,0,0,0,0,0,0,0,0,0,0,0,0
COC(=O)c1cc(NCc2cccc(O)c2)ccc1O,4.68,11.46232550197918,0.1050082409507016,-0.5939763374485596,0.5889434026503026,10.05,273.28800000000007,0.3412113503671075,-0.5079551842709308,0.5079551842709308,0.3412113503671075,1.2,2.0,2.4546559875261296,2.1198227403973533,625.0206203254761,-2.6899999999999995,34001.894739211944,3.1980726328987163,20.26670634748779,17.062475158264807,0.0,0.0,0.0,5.969305287951849,0.0,4.794537184071822,0.0,0.0,12.13273413692322,35.89528683400505,12.232142680596136,7.109797541277533,19.74445492755328,11.656691562635412,0.0,0.0,0.0,6.544756405912575,12.426586145283864,53.59147246262526,11.49902366656781,5.316788604006331,5.687386274683562,11.49902366656781,0.0,23.292157618910792,11.281619359712623,0.0,15.921440167465814,42.46456947923127,0.0,0.0,78.79,5.969305287951849,15.007591973753234,0.0,17.062475158264807,12.232142680596136,5.563451491696996,19.242531678200752,24.26546827384644,6.06636706846161,10.05365155780638,0.0,4.590827326683658,0.0,11.46232550197918,22.0746370116509,1.6783748267825656,-0.5198916417143322,11.46927378297508,0.0,0.4859006519274373,1.2585525397155086,0.1333333333333333,3,5,0,0,0,0,2,0,2,0,0,5,3,5,0,4,0,0,0,0,0,4.0984378888270605,2,2.4965000000000006,0,0,0,0,0,0,2,0,1,0,0,0,0,1,0,0,0,0,0,0,0,1,0,0,0,1,1,0,0,0,0,0,0,0,0,1,0,0,0,0,0,0,0,0,0,0,0,0,0,0,0,0,0,0,0
CNc1ncc2ncnc(Nc3cccc(Br)c3)c2n1,9.12,4.390807705026455,0.532029845888973,0.532029845888973,0.7684706048512752,10.5,331.177,0.2226902506693922,-0.3572770550338838,0.3572770550338838,0.2226902506693922,1.15,2.05,2.470835110601559,2.061561517702104,760.6874876062183,-2.28,52142.0333390247,2.5261714155524224,10.633577208012662,17.360721509997063,5.817862777835028,5.948339280986494,0.0,0.0,0.0,19.935914083788838,0.0,0.0,21.99631096641096,18.19910120538483,17.207777773193165,6.196843571613076,0.0,44.41693366668695,0.0,19.935914083788838,0.0,0.0,17.68124919068985,41.26235143605647,0.0,10.633577208012662,17.453588333505085,0.0,15.929943897949348,26.98358606646602,0.0,0.0,0.0,41.26235143605647,0.0,11.033401435232523,75.62,0.0,0.0,0.0,0.0,22.799603494054047,10.160105790515976,6.3273200747645415,13.244515554290269,24.26546827384644,46.49943518975085,0.0,0.9920383492903336,3.4396679841906663,16.945626981502475,6.14612124170656,2.2845529809145884,1.177400216259343,7.834662593432434,3.159717852418745,0.0,1.770211800284852,0.0769230769230769,2,6,0,0,0,0,1,2,3,0,0,6,2,7,2,3,0,0,0,0,0,3.424895709954775,3,2.967600000000001,0,0,0,0,4,0,0,0,0,0,0,0,4,2,0,0,0,0,0,0,0,3,0,0,1,0,0,0,1,0,0,0,0,0,0,0,0,0,0,0,0,0,0,0,0,0,0,0,0,0,0,0,0,0,0
C=C(C)C(=O)Nc1cc2c(Nc3cccc(Br)c3)ncnc2cn1,8.8,11.75900344773406,0.2775938649360363,-0.2775938649360363,0.6639155212371507,10.416666666666666,384.2370000000001,0.2513514152975309,-0.3395803355076765,0.3395803355076765,0.2513514152975309,1.2083333333333333,2.0416666666666665,2.5510185938083763,1.9799722291200217,941.1671492043675,-2.8,287471.7343176721,3.571240538172997,10.633577208012662,17.9630456304346,0.0,0.0,5.907179729351506,0.0,4.794537184071822,14.951935562841626,0.0,0.0,28.57524665000945,31.18920547353706,21.11943453505004,11.713544289229338,4.794537184071822,50.06316038973553,0.0,14.951935562841626,0.0,6.923737199690624,10.633577208012662,59.480758718185854,0.0,10.633577208012662,17.323111830353618,0.0,15.929943897949348,20.85911529219313,4.794537184071822,0.0,6.923737199690624,59.480758718185854,0.0,10.902924932081056,79.8,0.0,4.794537184071822,0.0,5.907179729351506,22.725530803355586,15.54633000498077,6.3273200747645415,19.18694783976531,24.26546827384644,48.09439235240214,0.0,0.9601286368286732,3.439015644268222,24.446841746633865,6.699327496430671,1.97057632093369,0.7723285546490821,9.479501422901617,3.0631085574661965,5.25250495322132,0.0,0.0588235294117647,2,6,0,0,0,1,1,2,3,0,0,5,2,7,2,4,0,0,0,0,0,4.524067205313955,3,4.045500000000002,0,0,0,0,3,0,0,0,1,0,0,0,3,2,0,0,0,0,0,0,0,3,0,0,1,0,0,0,1,0,0,0,0,0,0,0,0,0,0,0,0,0,0,0,0,0,0,1,0,0,0,0,0,0,0
C/C=C/C(=O)Nc1ccc2ncnc(Nc3cccc(Br)c3)c2c1,9.26,11.71196641069702,0.1711123834545549,-0.1711123834545549,0.6439453539047593,10.916666666666666,383.2490000000001,0.2475273739821101,-0.3395819763734232,0.3395819763734232,0.2475273739821101,1.125,2.0,2.5552956529449857,1.9644730458104245,923.790753015502,-2.7299999999999995,319498.83667032333,3.776503326742064,10.633577208012662,12.14518285259957,0.0,5.907179729351506,0.0,0.0,4.794537184071822,9.967957041894415,0.0,0.0,28.07233107324484,49.39795971729416,21.233716279664336,5.516700717616262,4.794537184071822,49.93268388658407,0.0,9.967957041894415,0.0,6.923737199690624,10.633577208012662,65.41664928349599,0.0,10.633577208012662,17.19263532720215,0.0,15.929943897949348,15.875136771245923,4.794537184071822,0.0,6.923737199690624,65.41664928349599,0.0,10.902924932081056,66.91,0.0,4.794537184071822,0.0,5.907179729351506,11.50524905251859,21.063030722597038,12.403340181598423,12.999757306524504,42.46456947923127,36.531478147856426,0.0,0.9770063675758678,3.45200665000648,20.306750203843908,6.933637146216512,2.399955178958381,0.5096585391120027,13.35090538786043,4.687315137580098,1.7994320555129883,0.0,0.0555555555555555,2,5,0,0,0,1,2,1,3,0,0,4,2,6,1,4,0,0,0,0,0,4.860603846048343,3,4.650500000000003,0,0,0,0,2,0,0,0,1,0,0,0,2,2,0,0,0,0,0,1,0,3,0,0,1,0,0,0,1,0,0,0,0,0,0,0,0,0,0,0,0,0,0,0,0,0,0,0,0,0,0,0,0,0,0
Nc1ncc2ncnc(Nc3cccc(Br)c3)c2n1,8.82,5.597211094314269,0.1940668829260103,0.1940668829260103,0.7546729998537474,10.578947368421051,317.15000000000003,0.2202805186589409,-0.3677712558617821,0.3677712558617821,0.2202805186589409,1.1578947368421053,2.0526315789473686,2.394578743878499,2.073888448670164,745.1211718183796,-2.28,29561.07459318007,2.454716441207075,11.050456081168516,17.360721509997063,5.817862777835028,5.948339280986494,0.0,0.0,0.0,19.935914083788838,0.0,0.0,21.99631096641096,18.19910120538483,10.160105790515976,6.196843571613076,0.0,44.41693366668695,0.0,19.935914083788838,0.0,0.0,11.050456081168516,41.26235143605647,0.0,11.050456081168516,17.453588333505085,0.0,15.929943897949348,19.935914083788838,0.0,0.0,0.0,41.26235143605647,0.0,11.033401435232523,89.61,0.0,0.0,0.0,5.948339280986494,16.85126421306755,10.160105790515976,6.3273200747645415,6.196843571613076,24.26546827384644,41.182646585744514,5.733667477162185,0.9768531641051484,3.4184696370832284,16.3631439883052,3.1880092592592595,7.725202756256825,0.7886965125556402,7.754269074913916,3.035355607520786,0.0,0.0,0.0,3,6,0,0,0,0,1,2,3,0,0,6,2,7,2,2,0,0,0,0,0,2.960542642370009,3,2.5081000000000007,0,0,1,0,4,0,0,0,0,0,0,0,4,1,1,0,0,0,0,0,0,3,0,0,1,0,0,0,1,0,0,0,0,0,0,0,0,0,0,0,0,0,0,0,0,0,0,0,0,0,0,0,0,0,0
Cc1cccc(Nc2ncnc3cnc(NCCN4CCOCC4)nc23)c1,8.64,5.374238481277744,0.5813441410514826,0.5813441410514826,0.6874415906245668,15.0,365.44100000000026,0.222998603166686,-0.3787927180120654,0.3787927180120654,0.222998603166686,1.148148148148148,2.037037037037037,2.692576762744291,1.481576051943019,911.4536837618648,-2.8400000000000003,2255797.730598964,4.470920271299435,15.370440161812713,17.360721509997063,5.817862777835028,5.948339280986494,0.0,0.0,4.899909730850478,19.935914083788838,0.0,0.0,12.13273413692322,24.61992282831084,31.866411898333865,19.410607500638918,4.736862953800049,28.486989768737608,0.0,24.835823814639312,0.0,6.923737199690624,50.0263667606888,42.353083411921055,0.0,10.633577208012662,17.453588333505085,0.0,0.0,64.22861336731543,4.736862953800049,6.923737199690624,5.563451491696996,36.78963192022406,0.0,11.033401435232523,88.09,0.0,0.0,0.0,0.0,22.799603494054047,45.080175827359696,11.890771566461538,6.196843571613076,12.13273413692322,54.52587235926582,4.736862953800049,5.374238481277744,0.0,19.99238460586765,6.627716147422136,3.551533101870924,1.2519268053742263,8.135743354283866,3.2478739366948037,7.318583567208648,0.0,0.3684210526315789,2,8,0,1,1,0,1,2,3,0,0,8,2,8,3,6,0,1,1,0,0,5.3589215724119645,4,2.21592,0,0,0,0,4,0,0,0,0,0,0,0,5,2,0,0,0,0,0,0,0,3,1,0,1,0,1,0,0,0,0,0,0,0,0,0,1,0,0,0,0,0,0,0,0,0,0,0,0,0,0,0,0,0,0
Clc1ncc2ncnc(Nc3ccccc3)c2n1,5.59,5.788075116878026,0.1744552574116071,0.1744552574116071,0.7154214806893806,10.5,257.684,0.2226418488479513,-0.3383080582874347,0.3383080582874347,0.2226418488479513,1.0,1.8333333333333333,2.406321303406511,2.089018129954219,686.3723845865077,-2.27,21300.75617775444,2.0769944398750284,5.316788604006331,17.360721509997063,5.817862777835028,5.283586320044258,0.0,0.0,0.0,19.935914083788838,0.0,0.0,18.19910120538483,23.733674027155736,5.687386274683562,6.196843571613076,0.0,34.13959037798363,0.0,19.935914083788838,0.0,0.0,5.316788604006331,48.13958530872992,0.0,5.316788604006331,11.50524905251859,0.0,11.600939890232516,19.935914083788838,0.0,0.0,0.0,42.85599898868567,5.283586320044258,11.033401435232523,63.59,0.0,0.0,0.0,5.283586320044258,16.85126421306755,5.687386274683562,6.3273200747645415,6.196843571613076,30.33183534230805,25.252702687795164,11.600939890232516,0.0,5.788075116878026,16.292299540186445,3.3485447635844467,2.167980442176871,0.6069444444444445,9.705489592956525,3.035110544217687,0.0,0.0,0.0,1,5,0,0,0,0,1,2,3,0,0,5,1,6,2,2,0,0,0,0,0,2.7386707827772203,3,2.8168000000000006,0,0,0,0,4,0,0,0,0,0,0,0,4,1,0,0,0,0,0,0,0,2,0,0,1,0,0,0,1,0,0,0,0,0,0,0,0,0,0,0,0,0,1,0,0,0,0,0,0,0,0,0,0,0,0
C=CC(=O)Nc1cc2c(Nc3ccc(F)c(Cl)c3)ncnc2cc1OCCCN1CCOCC1,7.13,13.520356855803808,0.0045717636686903,-0.5096327660617559,0.3429726304570578,14.058823529411764,485.9470000000004,0.2473656823318198,-0.4912774563029517,0.4912774563029517,0.2473656823318198,1.2647058823529411,2.088235294117647,2.8489167064702583,1.5584181185757715,1186.7273174671227,-3.27,52821570.92832902,5.990027316260755,20.10730311561276,23.711915526929367,0.0,5.907179729351506,0.0,0.0,9.6944469149223,14.358372089569237,0.0,0.0,18.17987557383101,36.76231000360633,36.77424677534769,36.04736619957991,18.65867813934674,45.603679878867226,0.0,14.867866772744897,0.0,6.4208216229260096,50.08849231928914,60.15396536229218,5.749511833283905,15.370440161812713,21.58305037487697,5.749511833283905,11.600939890232516,60.22996161337287,9.53140013787187,5.817220841045895,6.4208216229260096,49.31411120750497,5.022633313741326,10.902924932081056,88.61,5.817220841045895,9.184952231746642,0.0,10.929813043092832,40.45195405708003,39.26885476968957,24.53607431852164,18.19910120538483,0.0,32.08037966435605,21.074665797832616,24.918329853710688,5.897164405946523,23.0337471283251,6.550379422056513,1.6488586165116697,0.0959137345032685,7.791759546150287,3.432896512403013,8.24206189150405,0.0,0.2916666666666667,2,8,0,1,1,1,2,1,3,0,0,7,2,10,2,9,0,1,1,0,0,7.890697207843539,4,4.391500000000003,0,0,0,0,2,0,0,0,1,0,0,0,3,2,0,0,0,0,0,0,0,3,0,0,1,0,2,0,2,0,0,0,0,0,0,0,1,0,0,0,0,0,0,0,0,0,0,0,0,0,0,0,0,0,0
CCOC(=O)/C=C/C(=O)Nc1ccc2ncnc(Nc3cccc(Br)c3)c2c1,8.57,12.01289186421176,0.2532039651124342,-0.5647503556725575,0.4402701512585796,10.785714285714286,441.2850000000001,0.3304305406352656,-0.4628227629334833,0.4628227629334833,0.3304305406352656,1.1071428571428572,1.9642857142857144,2.6710812465289977,1.818147320317245,1052.555175416617,-3.26,2060223.6630165416,5.137090530323961,15.37044016181271,12.14518285259957,0.0,5.907179729351506,0.0,5.969305287951849,4.794537184071822,14.76249422596624,0.0,0.0,21.99631096641096,43.32193961046029,33.385756493332096,12.12358268212918,14.325937321943693,55.90198917453592,0.0,9.967957041894415,0.0,6.923737199690624,17.24045917252558,65.41664928349599,0.0,10.633577208012662,17.19263532720215,0.0,15.929943897949348,28.451324023710686,14.325937321943693,0.0,6.923737199690624,65.41664928349599,0.0,10.902924932081056,93.21,11.876485017303356,9.589074368143644,0.0,6.606881964512918,11.50524905251859,33.215070936264794,6.3273200747645415,25.12283840507545,24.26546827384644,36.531478147856426,4.736862953800049,5.688813704193932,3.438963076265709,31.87239198481252,6.705837990050479,2.145227845909682,-0.3915870860284074,12.9822977822127,3.691037797657653,1.9503502382590687,0.0,0.1,2,7,0,0,0,1,2,1,3,0,0,6,2,8,1,6,0,0,0,0,0,6.333789397624307,3,4.193700000000002,0,0,0,0,2,0,0,0,2,0,0,0,2,2,0,0,0,0,0,0,0,3,0,0,1,1,1,0,1,0,0,0,0,0,0,0,0,0,0,0,0,0,0,0,0,0,0,0,0,0,0,0,0,0,0
O=C(/C=C/C(=O)Nc1cc2c(Nc3ccc(F)c(Cl)c3)ncnc2cn1)NCCCN1CCOCC1,9.21,13.455608860133337,0.0269385050145147,-0.5289942432627643,0.2948491209622474,14.166666666666666,513.9610000000004,0.2492128005800635,-0.3787927403546377,0.3787927403546377,0.2492128005800635,1.1111111111111112,1.9166666666666667,2.8838935856968617,1.3151898839352776,1267.6887657027398,-3.67,133960179.30102997,7.1685263447854295,20.687228765819043,23.78026647148049,0.0,11.814359458703011,0.0,0.0,14.488984098994122,19.342350610516444,0.0,0.0,11.600939890232516,37.23104630268502,42.85991992055384,29.9499415319965,18.716352369618512,51.64133611137021,0.0,25.168633897698435,0.0,6.4208216229260096,50.0263667606888,59.781526288679046,0.0,15.950365812018994,21.71352687802844,0.0,11.600939890232516,71.05899430507125,14.325937321943693,5.817220841045895,6.4208216229260096,48.94167213389183,5.022633313741326,10.902924932081056,121.37,11.7244005703974,13.979489415818463,0.0,16.74767582092786,28.952930390512226,45.34487487652345,36.79928495859633,6.06636706846161,0.0,35.802211105711095,16.337802844032566,18.76720376454228,5.854148690107142,39.17321228637421,8.994008143732554,1.0633289108422546,-0.7196743227622933,5.804376421868074,5.983691388102354,4.6908158283045465,0.0,0.2916666666666667,3,10,0,1,1,2,1,2,3,0,0,8,3,12,3,9,0,1,1,0,0,8.713815172993641,4,2.894100000000001,0,0,0,0,3,0,0,0,2,0,0,0,4,3,0,0,0,0,0,0,0,3,0,0,1,0,1,0,2,0,0,0,0,0,0,0,1,0,0,0,0,0,0,0,0,0,0,1,0,0,0,0,0,0,0
Cn1c(=O)c(-c2c(Cl)cccc2Cl)cc2cnc(Nc3cccc(O)c3)nc21,6.82,12.933677227854716,0.1244902583905944,-0.2736059670781892,0.5067836018010966,10.964285714285714,413.2640000000001,0.2594296514204328,-0.5078861343593272,0.5078861343593272,0.2594296514204328,1.0714285714285714,1.7857142857142858,2.657994044435904,1.8386711547002643,1250.7634380384495,-3.09,2370784.4979643817,3.2794628416819687,10.423315998847038,11.396689054051633,0.0,5.948339280986494,5.559266895052008,0.0,9.361636831863176,4.9839785209472085,4.9839785209472085,0.0,35.33461391738825,30.33183534230805,35.94794460359723,15.608718119179647,5.106527394840706,45.87100677136761,0.0,14.53505668968577,7.04767198267719,0.0,5.316788604006331,75.12685082591244,16.876414816677897,10.87605549905834,11.635725555670057,5.749511833283905,23.20187978046503,19.64158408452648,7.04767198267719,0.0,0.0,59.522317303377775,10.045266627482652,22.160304418626517,80.04,0.0,9.901064578912528,0.0,11.308778728335913,43.84129660177923,0.0,4.567099647791355,61.77545210198314,0.0,15.284745645900747,23.20187978046503,1.430208333333333,12.547073702010618,21.66403940976452,14.03978991727497,1.6676763713979632,0.4269216712849706,13.371914786585604,1.612255291005291,0.0,1.6290094062316285,0.05,2,6,0,0,0,0,2,2,4,0,0,5,2,8,2,3,0,0,0,0,0,4.664978089342606,4,4.751500000000003,0,0,0,0,3,0,1,0,0,0,0,0,3,1,0,0,0,0,0,0,0,2,1,0,1,0,0,0,2,0,0,0,0,0,0,0,0,0,0,0,0,0,0,0,0,0,0,1,0,0,0,0,0,0,0
CCOC(=O)CCCc1ccc(Nc2ncc3cc(-c4c(Cl)cccc4Cl)c(=O)n(C)c3n2)cc1,6.16,13.095473119618218,0.1706259600857937,-0.2598877283020289,0.2952581386503428,10.971428571428572,511.4090000000003,0.3052793643366797,-0.4659690697774492,0.4659690697774492,0.3052793643366797,1.1142857142857143,1.8285714285714283,2.834964810763075,1.5288951304749214,1415.2291517592337,-3.419999999999999,68940776.32686965,5.634746057227957,10.05365155780638,5.647177220767728,0.0,5.948339280986494,5.559266895052007,5.969305287951849,14.156174015934996,4.9839785209472085,4.9839785209472085,0.0,41.40098098584986,55.66066727954769,36.302399158061625,22.215600083692568,9.53140013787187,51.840312059319466,0.0,14.53505668968577,7.04767198267719,26.186202068468653,11.923670568519247,80.69030231760944,11.126902983393991,10.87605549905834,11.635725555670057,0.0,23.20187978046503,27.111243942150537,22.99989374347507,0.0,25.32883193723964,59.522317303377775,10.045266627482652,22.160304418626517,86.11,0.0,9.589074368143644,0.0,11.528572183003856,51.18161391453459,24.09248101223257,4.567099647791355,44.433721027827325,24.26546827384644,15.284745645900747,27.938742734265084,6.417259105004966,12.65258347235891,33.51499535736069,4.653616847251731,3.024136625863588,0.1961212601663824,14.663670368756849,3.5736858179502144,2.205931237722658,1.6535554631195708,0.2307692307692307,1,7,0,0,0,0,2,2,4,0,0,6,1,9,2,8,0,0,0,0,0,7.68050614804838,4,5.931700000000005,0,0,0,0,3,0,0,0,1,0,0,0,3,1,0,0,0,0,0,0,0,2,2,0,1,1,1,0,2,0,0,0,0,0,0,0,0,0,0,0,0,0,0,0,0,0,0,1,0,0,0,0,0,0,0
Brc1cccc(Nc2ncnc3cnc(NCCc4c[nH]cn4)nc23)c1,9.6,4.562940405328797,0.527896248005375,0.527896248005375,0.4472588160523634,10.807692307692308,411.26700000000017,0.2229649969145162,-0.3538107655599589,0.3538107655599589,0.2229649969145162,1.1153846153846154,2.076923076923077,3.156813245940342,1.5526446486841183,1018.3945217406822,-3.0700000000000003,1705749.3124981583,3.774702400522261,15.617555728959871,17.360721509997063,5.817862777835028,5.948339280986494,0.0,0.0,0.0,24.91989260473604,0.0,0.0,21.99631096641096,18.19910120538483,29.32252739096764,18.21809164122608,0.0,44.41693366668696,0.0,29.90387112568325,0.0,6.4208216229260096,17.178333613925236,59.48044307728255,0.0,10.633577208012662,17.453588333505085,0.0,15.929943897949348,36.44862753159583,6.4208216229260096,0.0,5.693927994848461,53.786515082434086,0.0,11.033401435232523,104.3,0.0,0.0,0.0,0.0,29.34435989996662,22.27485540829045,6.3273200747645415,12.524163646377618,30.46231184545952,56.46739223164527,0.0,0.982601445867416,3.465886492414045,24.56895368500539,6.488453953921126,3.226624376906404,1.158314069454943,7.847943308890556,7.498876772494006,0.679012561712778,0.0,0.1176470588235294,3,8,0,0,0,0,1,3,4,0,0,7,3,9,3,6,0,0,0,0,0,4.694243250662684,4,3.3035999999999994,0,0,0,0,6,1,0,0,0,0,0,0,5,3,0,0,0,0,0,0,0,3,0,0,1,0,0,0,1,0,0,1,0,0,0,0,0,0,0,0,0,0,0,0,0,0,0,0,0,0,0,0,0,0,0
CN(C)c1cc2c(Nc3cccc(Br)c3)ncnc2cn1,8.59,4.369026727975141,0.7672222222222224,0.7672222222222224,0.7868681517234083,10.61904761904762,344.216,0.1413803230885786,-0.3627254454651267,0.3627254454651267,0.1413803230885786,1.0952380952380951,1.9523809523809523,2.469142345801325,2.066824078247349,787.8709175600343,-2.21,73731.05958797337,2.947817881080568,10.216698334856808,17.9630456304346,0.0,0.0,0.0,0.0,0.0,14.951935562841626,0.0,0.0,21.99631096641096,24.26546827384644,29.641673970335148,11.713544289229338,0.0,44.15598066038402,0.0,14.951935562841626,0.0,0.0,24.31204230021119,47.32871850451808,0.0,10.216698334856808,17.323111830353618,0.0,15.929943897949348,29.047279528196004,0.0,0.0,0.0,47.32871850451808,0.0,10.902924932081056,53.94,0.0,0.0,0.0,0.0,0.0,32.69875627826709,0.0,12.524163646377618,49.32708903851291,36.1986680647973,0.0,1.0152860187284791,3.4664913312981045,14.93127577265474,4.267376228269085,1.778413997543462,1.6372150310741582,9.934846085810868,3.3036719340513985,0.0,3.915423600569704,0.1333333333333333,1,5,0,0,0,0,1,2,3,0,0,5,1,6,2,3,0,0,0,0,0,3.7024289814144775,3,3.596900000000001,0,0,0,0,3,0,0,0,0,0,0,0,4,1,0,0,0,0,0,0,0,3,0,0,1,0,0,0,1,0,0,0,0,0,0,0,0,0,0,0,0,0,0,0,0,0,0,1,0,0,0,0,0,0,0
O=C(/C=C/Cl)Nc1cc2c(Nc3cccc(Br)c3)ncnc2cn1,9.16,11.587521966252575,0.3655568278989991,-0.3655568278989991,0.6364171323817597,10.916666666666666,404.6550000000001,0.2498976067395397,-0.3395803355076829,0.3395803355076829,0.2498976067395397,1.2083333333333333,2.083333333333333,2.5552956529449857,1.964473045810424,931.2397625670264,-2.51,319498.83667032333,3.870782703768825,10.633577208012662,17.9630456304346,0.0,5.907179729351506,0.0,0.0,4.794537184071822,14.951935562841626,0.0,0.0,33.59725085664348,24.26546827384644,27.157552040692863,11.713544289229338,4.794537184071822,61.664100279968046,0.0,14.951935562841626,0.0,0.0,10.633577208012662,58.93994054023018,0.0,10.633577208012662,17.323111830353618,0.0,27.530883788181864,20.85911529219313,4.794537184071822,0.0,0.0,58.93994054023018,0.0,10.902924932081056,79.8,0.0,4.794537184071822,0.0,5.907179729351506,17.152426273286316,21.081531933858983,12.403340181598423,12.263210640074686,24.26546827384644,41.51545666880364,11.600939890232516,0.952168906840971,8.821532121989886,24.20671230596871,6.593706590660956,2.6712482648773737,0.6328166428884934,9.415932450095214,4.233660494456174,0.0,0.0,0.0,2,6,0,0,0,1,1,2,3,0,0,5,2,8,2,4,0,0,0,0,0,5.023533132472625,3,4.2219000000000015,0,0,0,0,3,0,0,0,1,0,0,0,3,2,0,0,0,0,0,0,0,3,0,0,1,0,0,0,2,0,0,0,0,0,0,0,0,0,0,0,0,0,0,0,0,0,0,1,0,0,0,0,0,0,0
CC(=O)/C=C/C(=O)Nc1ccc2ncnc(Nc3cccc(Br)c3)c2c1,8.92,11.86418863291924,0.1874355408577437,-0.3769457167878884,0.6146217804800123,10.846153846153848,411.25900000000007,0.2479863434149081,-0.3395819763734232,0.3395819763734232,0.2479863434149081,1.0384615384615383,1.8846153846153848,2.604388588981161,1.8998440983971316,1017.3466833131616,-3.059999999999999,738385.8351935828,4.515469416169572,10.633577208012662,12.14518285259957,5.783244946364939,5.907179729351506,0.0,0.0,9.589074368143644,9.967957041894415,0.0,0.0,21.99631096641096,49.39795971729416,27.309736386498216,5.516700717616262,9.589074368143644,55.71592883294901,0.0,9.967957041894415,0.0,6.923737199690624,10.633577208012662,65.41664928349599,0.0,10.633577208012662,17.19263532720215,0.0,15.929943897949348,21.65838171761086,9.589074368143644,0.0,6.923737199690624,65.41664928349599,0.0,10.902924932081056,83.98,0.0,9.589074368143644,0.0,11.690424675716445,11.50524905251859,21.063030722597038,25.403097488122924,18.19910120538483,24.26546827384644,36.531478147856426,0.0,0.9500671895377886,3.438151774723033,31.338731155756456,6.741384336129105,2.2044197084698083,0.0638382245917075,13.053139440861422,3.90766255110933,1.3859389521546808,0.0,0.0526315789473684,2,6,0,0,0,1,2,1,3,0,0,5,2,7,1,5,0,0,0,0,0,5.3807720047729095,3,4.2196000000000025,0,0,0,0,2,0,0,0,2,0,0,0,2,2,0,0,0,0,0,1,0,3,0,0,1,0,0,0,1,0,0,0,0,1,0,0,0,0,0,0,0,0,0,0,0,0,0,0,0,0,0,0,0,0,0
C=CS(=O)(=O)Nc1ccc2ncnc(Nc3cccc(Br)c3)c2c1,8.85,11.63696641069702,0.4115668829260104,-3.5720779079793314,0.6700284684651477,11.208333333333334,405.2770000000001,0.2539339256734317,-0.3395819742776402,0.3395819742776402,0.2539339256734317,1.0833333333333333,1.9166666666666667,2.5508000829982262,2.0271830004556373,1021.516076111682,-2.4499999999999997,265107.2034260887,3.715655667418301,5.316788604006331,12.14518285259957,0.0,0.0,10.023291153407584,0.0,4.722094864452088,18.385754026223356,0.0,0.0,28.57524665000945,36.39820241076966,26.641768370319,5.516700717616262,8.417796984328938,54.04879531064015,0.0,9.967957041894415,0.0,0.0,10.03888346845842,65.25159684408139,0.0,10.03888346845842,17.19263532720215,0.0,15.929943897949348,18.385754026223356,10.023291153407584,0.0,0.0,65.25159684408139,0.0,10.902924932081056,83.98,10.023291153407584,8.417796984328938,0.0,0.0,22.40817398459965,15.568157881170638,6.3273200747645415,18.19910120538483,24.26546827384644,42.51572009190068,0.0,26.6329923413861,3.4189474178494708,8.455704680020157,4.769798681690817,1.9583244100109187,0.5812509448223737,12.686584579677232,1.4546001826656587,3.2805413365232714,-3.5720779079793314,0.0,2,6,0,0,0,0,2,1,3,0,0,5,2,8,1,5,0,0,0,0,0,4.498700784519942,3,4.0211000000000015,0,0,0,0,2,0,0,0,0,0,0,0,2,2,0,0,0,0,0,0,0,3,0,0,1,0,0,0,1,0,0,0,0,0,0,0,0,0,0,0,0,0,0,0,0,0,0,0,1,0,0,0,0,0,0
Cc1cccc(Nc2ncnc3cnc(NCCc4c[nH]cn4)nc23)c1,8.52,4.574659155328797,0.5371555072646343,0.5371555072646343,0.4929171939465296,10.807692307692308,346.398,0.2229649969144966,-0.3538107655599589,0.3538107655599589,0.2229649969144966,1.1153846153846154,2.076923076923077,3.156813245940342,1.5526446486841183,1012.8227400159764,-3.5500000000000003,1705749.3124981583,3.585593789866297,15.617555728959871,17.360721509997063,5.817862777835028,5.948339280986494,0.0,0.0,0.0,24.91989260473604,0.0,0.0,12.13273413692322,24.61992282831084,24.849807875135223,18.21809164122608,0.0,28.486989768737608,0.0,29.90387112568325,0.0,13.344558822616634,17.178333613925236,60.57117505314714,0.0,10.633577208012662,17.453588333505085,0.0,0.0,36.44862753159583,6.4208216229260096,6.923737199690624,11.257379486545457,49.31379556660168,0.0,11.033401435232523,104.3,0.0,0.0,0.0,0.0,29.34435989996662,17.802135892458033,11.890771566461538,12.524163646377618,31.31968197668853,46.60381540215752,0.0,0.0,0.0,24.619897680659207,6.5259539539211255,4.475063565045285,1.188406662047535,8.091484975557224,7.532222979032177,2.733636850404111,0.0,0.1666666666666666,3,8,0,0,0,0,1,3,4,0,0,7,3,8,3,6,0,0,0,0,0,4.37827926496225,4,2.84952,0,0,0,0,6,1,0,0,0,0,0,0,5,3,0,0,0,0,0,0,0,3,1,0,1,0,0,0,0,0,0,1,0,0,0,0,0,0,0,0,0,0,0,0,0,0,0,0,0,0,0,0,0,0,0
O=c1c(-c2ccc(O)cc2)coc2cc(O)cc(O)c12,6.0,12.381821145124716,0.0077546296296298,-0.4079261148904003,0.6318329361180623,10.8,270.24,0.2037505028647793,-0.507966244667516,0.507966244667516,0.2037505028647793,0.9,1.6,2.3942210013479484,2.314178645953313,846.5071386809369,-2.95,39600.41536229507,1.8521839118081176,19.736733121575465,34.48094285159781,0.0,5.428790391900541,0.0,0.0,4.794537184071822,0.0,0.0,0.0,12.13273413692322,17.696185628620217,12.13273413692322,5.563451491696996,19.736733121575465,10.969244356107035,0.0,0.0,0.0,0.0,0.0,52.88469298238108,28.375438483245706,5.428790391900541,0.0,17.248535499851716,0.0,15.319582184522115,0.0,0.0,0.0,51.87305352753389,0.0,22.09614733950103,90.9,5.428790391900541,20.11411936859394,0.0,33.78123134765575,5.563451491696996,6.06636706846161,24.462264201023885,12.13273413692322,0.0,0.0,4.417150937053347,5.287426540060468,0.0,12.381821145124716,28.415057647829563,0.522113830099942,-0.4336960800543048,8.400761421852692,1.2598488284202571,0.0,0.0,0.0,3,5,0,0,0,0,2,1,3,0,0,5,3,5,1,1,0,0,0,0,0,2.6068153178,3,2.576800000000001,0,0,0,0,0,0,3,0,0,0,0,0,0,0,0,0,0,0,0,0,0,0,0,0,1,0,0,0,0,0,0,0,0,0,0,0,0,0,0,0,0,0,0,0,0,0,0,0,0,0,0,0,0,0,0
CN(C)CCCNC(=O)/C=C/C(=O)N(C)c1cc2c(Nc3cccc(Br)c3)ncnc2cn1,8.84,12.577083560212166,0.3093658129665873,-0.3716294899885264,0.3355721032231555,11.181818181818182,512.412,0.251568708016171,-0.3525023675807071,0.3525023675807071,0.251568708016171,1.0909090909090908,1.9090909090909087,2.794143339579391,1.7074241354271968,1166.5100036397669,-3.37,19781593.21791665,7.059079727328314,15.533486938863138,17.9630456304346,0.0,5.907179729351506,5.907179729351506,0.0,14.488984098994122,14.951935562841626,0.0,0.0,21.99631096641096,51.32639026803941,41.2907986072383,11.713544289229338,9.589074368143644,55.97034011908704,0.0,25.16863389769843,0.0,6.4208216229260096,44.44922709471353,59.480758718185854,0.0,15.533486938863138,17.323111830353618,0.0,15.929943897949348,65.89873351225184,9.589074368143644,0.0,6.4208216229260096,59.480758718185854,0.0,10.902924932081056,103.35,0.0,9.589074368143644,0.0,11.814359458703011,29.08340689366369,23.12568381935456,23.379270019282785,19.31088262275188,43.2607219700513,41.51545666880364,0.0,0.9371029513135783,3.456021558642048,40.864189759245306,6.748820656586207,1.4920698301855375,0.3244457896462152,9.44541667694764,6.343421808304663,1.4233900765398595,5.54845422592228,0.2608695652173913,2,9,0,0,0,2,1,2,3,0,0,7,2,10,2,9,0,0,0,0,0,8.446459727462045,3,3.117800000000001,0,0,0,0,3,0,0,0,2,0,0,0,5,2,0,1,0,0,0,0,0,3,0,0,1,0,0,0,1,0,0,0,0,0,0,0,0,0,0,0,0,0,0,0,0,0,0,1,0,0,0,0,0,0,0
C=CS(=O)(=O)c1cc2c(Nc3cccc(Br)c3)ncnc2cn1,9.37,11.910907889709296,0.0906553392962117,-3.624041766397916,0.7335175970445679,11.347826086956522,391.25000000000006,0.2160023087314818,-0.3395808584836829,0.3395808584836829,0.2160023087314818,1.173913043478261,2.0,2.5461020234196203,2.1306823601113023,1005.284439452105,-2.32,174357.0665637756,3.22421768707483,5.316788604006331,12.14518285259957,5.025959978669241,9.837253136417502,0.0,0.0,0.0,23.36973254717056,0.0,0.0,28.57524665000945,24.26546827384644,20.95438209563543,11.713544289229338,8.417796984328938,48.175371018966494,0.0,14.951935562841626,0.0,5.025959978669241,5.316788604006331,59.315706278771245,0.0,5.316788604006331,11.50524905251859,0.0,15.929943897949348,23.36973254717056,9.837253136417502,0.0,0.0,64.34166625744048,0.0,10.902924932081056,84.84,9.837253136417502,8.417796984328938,0.0,5.025959978669241,16.720787709916088,15.568157881170638,18.59053071483923,0.0,24.26546827384644,42.77760374839581,0.0,24.73612366666389,3.399142272528591,12.228288664231124,4.489895416015097,1.3516890143403044,0.4963076341647774,8.983511326177496,2.797115654132023,3.308634784811282,-3.624041766397916,0.0,1,6,0,0,0,0,1,2,3,0,0,6,1,8,2,4,0,0,0,0,0,4.098467149041361,3,3.448100000000002,0,0,0,0,3,0,0,0,0,0,0,0,3,1,0,0,0,0,0,0,0,2,0,0,1,0,0,0,1,0,0,0,0,0,0,0,0,0,0,0,0,0,0,0,0,0,0,1,0,1,0,0,0,0,0
COc1ccc(Nc2ncc3cc(-c4c(Cl)cccc4Cl)c(=O)n(C)c3n2)cc1,6.66,12.978725607020229,0.2485208567153007,-0.2485208567153007,0.4935322643431872,10.89655172413793,427.2910000000001,0.2594296514204327,-0.4967658883837371,0.4967658883837371,0.2594296514204327,1.0689655172413792,1.7586206896551724,2.721860637593016,1.783121115886949,1250.15109489546,-3.0899999999999994,4216739.162086751,3.642715609328977,10.05365155780638,11.396689054051633,0.0,5.948339280986494,5.559266895052007,0.0,9.361636831863176,4.9839785209472085,4.9839785209472085,0.0,29.268246848926644,42.46456947923127,29.88157753513562,22.718515660457182,4.736862953800049,45.87100677136762,0.0,14.53505668968577,7.04767198267719,0.0,12.426586145283864,75.12685082591244,16.876414816677897,15.612918452858386,11.635725555670057,5.749511833283905,23.20187978046503,21.644854230963304,7.04767198267719,0.0,0.0,59.522317303377775,10.045266627482652,22.160304418626517,69.03999999999999,0.0,4.794537184071822,0.0,5.559266895052007,38.15391032709567,11.436898107967467,4.567099647791355,44.61978136941424,24.26546827384644,15.284745645900747,27.938742734265084,6.617988331159856,12.587729820117511,21.83569005020491,4.635871086535319,1.942579457863099,1.129011349378714,14.21897625537738,1.6546423847316705,0.0,3.266400153520429,0.0952380952380952,1,6,0,0,0,0,2,2,4,0,0,5,1,8,2,4,0,0,0,0,0,5.130226474513617,4,5.054500000000003,0,0,0,0,3,0,0,0,0,0,0,0,3,1,0,0,0,0,0,0,0,2,1,0,1,0,1,0,2,0,0,0,0,0,0,1,0,0,0,0,0,0,0,0,0,0,0,1,0,0,0,0,0,0,0
CNc1ccc2ncnc(Nc3cccc(Br)c3)c2n1,8.51,4.501918816137566,0.6853703703703705,0.6853703703703705,0.7686164717854101,10.5,330.1890000000001,0.1600171112746872,-0.3731259018516196,0.3731259018516196,0.1600171112746872,1.1,2.0,2.470835110601559,2.061561517702104,759.3903695631361,-2.21,52142.0333390247,2.551872091854025,10.633577208012662,17.66188357021583,5.817862777835028,0.0,0.0,0.0,0.0,14.951935562841626,0.0,0.0,21.99631096641096,30.33183534230805,17.207777773193165,5.516700717616262,0.0,44.28645716353549,0.0,14.951935562841626,0.0,0.0,17.68124919068985,47.198242001366616,0.0,10.633577208012662,17.323111830353618,0.0,15.929943897949348,21.999607545518813,0.0,0.0,0.0,47.198242001366616,0.0,11.033401435232523,62.73,0.0,0.0,0.0,0.0,5.817862777835028,27.01137000358353,6.3273200747645415,0.0,43.44587439344685,41.51545666880364,0.0,1.0043840283026793,3.4496679841906666,13.007155809082892,6.285010130595448,2.478572255291005,1.4674002162593434,11.693967886537331,1.5311298894557823,0.0,1.832711800284852,0.0714285714285714,2,5,0,0,0,0,1,2,3,0,0,5,2,6,2,3,0,0,0,0,0,3.4705125472403666,3,3.5726000000000013,0,0,0,0,3,0,0,0,0,0,0,0,3,2,0,0,0,0,0,0,0,3,0,0,1,0,0,0,1,0,0,0,0,0,0,0,0,0,0,0,0,0,0,0,0,0,0,1,0,0,0,0,0,0,0
C=CC(=O)Nc1cc2c(Nc3ccc(F)c(Cl)c3)c(C#N)cnc2cc1OCCCN1CCOCC1,7.1,13.629091423705042,0.052249862686075,-0.5489406574281792,0.3134159614494921,13.694444444444445,509.9690000000005,0.2473656766264649,-0.4912774828610854,0.4912774828610854,0.2473656766264649,1.3333333333333333,2.138888888888889,2.893536057026717,1.6405197103653044,1321.1579965072342,-3.71,132089909.4291254,6.095996085985211,20.10730311561276,17.635953987122072,0.0,5.907179729351506,0.0,0.0,14.678425435869508,4.39041504767482,5.261891554738487,0.0,18.17987557383101,36.76231000360633,42.97109034696077,47.29820396596045,18.65867813934674,45.47320337571576,5.261891554738487,9.883888251797686,0.0,6.4208216229260096,50.08849231928914,65.58694035083772,11.81873314607618,15.370440161812713,21.452573871725505,5.749511833283905,11.600939890232516,55.24598309242566,9.53140013787187,17.148333708576654,11.984273114623004,49.1836347043535,5.022633313741326,10.902924932081056,99.51,11.7244005703974,14.446843786485127,0.0,10.586084805438322,40.32147755392856,45.34487487652345,24.395944776997908,12.13273413692322,0.0,33.16562245620112,21.074665797832616,25.04051764896768,5.926229285499167,18.860338586398512,16.093133790397104,2.1593755135510038,-0.5031989367270424,9.694399506995271,3.404605606713117,8.102376775982966,0.0,0.2692307692307692,2,8,0,1,1,1,2,1,3,0,0,7,2,10,2,9,0,1,1,0,0,8.332202713585971,4,4.868180000000005,0,0,0,0,1,0,0,0,1,0,0,0,3,2,0,0,0,0,0,0,0,3,0,0,1,0,2,0,2,0,0,0,0,0,0,0,1,0,0,0,0,0,0,0,0,0,0,1,0,0,0,0,0,0,0
COC(=O)c1cc(NCc2cc(O)ccc2O)ccc1O,5.05,11.476440728316629,0.0441026287058037,-0.6422659465020579,0.5085211538935756,10.142857142857142,289.28700000000003,0.3412113503672352,-0.5079503987732238,0.5079503987732238,0.3412113503672352,1.0952380952380951,1.809523809523809,2.483785964102984,2.167094480919014,669.1087073558793,-2.89,50490.401078285446,3.357495964948966,25.37323374232849,22.81198699154871,0.0,0.0,0.0,5.969305287951849,0.0,4.794537184071822,0.0,0.0,0.0,36.39820241076966,17.795594172293132,7.109797541277533,24.85098232239399,11.656691562635412,0.0,0.0,0.0,6.544756405912575,12.426586145283864,47.52510539416365,17.248535499851716,5.316788604006331,5.687386274683562,17.248535499851716,0.0,28.398685013751496,11.281619359712623,0.0,15.921440167465814,36.39820241076966,0.0,0.0,99.02,5.969305287951849,20.11411936859394,0.0,29.356743397461283,11.250837766380558,0.0,37.441632883585584,6.06636706846161,0.0,10.05365155780638,0.0,4.5699425530211055,0.0,11.476440728316629,31.64565924308709,1.1122840293524825,-0.7205729636258129,8.61239736574152,0.0,0.2416876889644748,1.2288280218091725,0.1333333333333333,4,6,0,0,0,0,2,0,2,0,0,6,4,6,0,4,0,0,0,0,0,4.17695557041217,2,2.2021,0,0,0,0,0,0,3,0,1,0,0,0,0,1,0,0,0,0,0,0,0,1,0,0,0,1,1,0,0,0,0,0,0,0,0,1,0,0,0,0,0,0,0,0,0,0,0,0,0,0,0,0,0,0,0
O=C1NC(=O)c2cc(Nc3ccccc3)c(Nc3ccccc3)cc21,6.52,11.970073573812751,0.372802973041068,-0.3728029730410684,0.6314431119263917,12.48,329.35900000000004,0.2585045282920075,-0.3538093060692952,0.3538093060692952,0.2585045282920075,0.6,1.0,2.904745767794875,1.7817389763206386,874.9351035763247,-3.5999999999999988,872353.2489841569,2.94832320196708,10.633577208012662,0.0,0.0,0.0,11.814359458703011,0.0,14.905862972149976,0.0,0.0,0.0,36.39820241076966,36.39820241076966,11.374772549367124,22.50167553276112,9.589074368143644,34.56390455743726,0.0,5.316788604006331,0.0,0.0,10.633577208012662,83.92330780493333,0.0,15.950365812018994,22.74954509873425,0.0,0.0,11.814359458703011,0.0,0.0,20.715977351537635,72.79640482153933,0.0,0.0,70.23,0.0,9.589074368143644,0.0,11.814359458703011,11.126902983393991,22.74954509873425,0.0,12.13273413692322,60.6636706846161,15.950365812018994,0.0,0.0,0.0,23.940147147625503,8.939111709498615,3.979609578399262,-0.7456059460821365,22.72007084389209,0.0,0.0,0.0,0.0,3,5,0,1,1,2,3,0,3,0,0,4,3,5,1,4,0,0,0,0,0,3.665907902267629,4,4.057400000000001,0,0,0,0,0,0,0,0,2,0,0,0,0,3,0,0,0,0,0,0,0,4,0,0,1,0,0,0,0,0,0,0,1,0,0,0,0,0,0,0,0,0,2,0,0,0,0,0,0,0,0,0,0,0,0
CN(c1ccccc1)c1cc2c(cc1Nc1ccccc1)C(=O)NC2=O,5.06,12.08600327902817,0.3620622323003275,-0.3657168052406148,0.7008371023982791,12.5,343.3860000000001,0.2585046472475549,-0.3538035179604933,0.3538035179604933,0.2585046472475549,0.8076923076923077,1.3846153846153846,2.951744531016423,1.8383733042880976,984.897845619336,-3.6,1365831.2293919192,2.796218169104364,10.216698334856808,0.0,0.0,0.0,11.814359458703011,0.0,14.905862972149976,0.0,0.0,0.0,36.39820241076966,36.39820241076966,18.422444532044317,22.50167553276112,9.589074368143644,34.56390455743726,0.0,5.316788604006331,0.0,0.0,17.264370317534,83.92330780493333,0.0,15.533486938863138,22.74954509873425,0.0,0.0,18.8620314413802,0.0,0.0,20.715977351537635,72.79640482153933,0.0,0.0,61.440000000000005,0.0,9.589074368143644,0.0,11.814359458703011,11.126902983393991,22.74954509873425,0.0,12.13273413692322,72.61125239814378,10.633577208012662,0.0,0.0,0.0,26.13213363666556,5.710385566263542,4.22965587469556,-0.7277790375409423,23.05648595160184,0.0,0.0,1.9324513416477704,0.0476190476190476,2,5,0,1,1,2,3,0,3,0,0,4,2,5,1,4,0,0,0,0,0,3.89372869415796,4,4.081700000000002,0,0,0,0,0,0,0,0,2,0,0,0,1,2,0,0,0,0,0,0,0,4,0,0,1,0,0,0,0,0,0,0,1,0,0,0,0,0,0,0,0,0,2,0,0,0,0,0,0,0,0,0,0,0,0
CC(=O)Oc1ccc2c(c1)c(C(=O)Nc1ccccc1)c(SSc1c(C(=O)Nc3ccccc3)c3cc(OC(C)=O)ccc3n1C)n2C,5.28,13.95325798585518,0.3154645009194625,-0.4725322221373098,0.0902394656201901,11.0,678.792,0.3075243038845651,-0.426707793635862,0.426707793635862,0.3075243038845651,0.5625,0.9375,3.4880509128226955,1.4535354345749802,2053.1046381167525,-5.459999999999998,57366605265.91364,6.66179971779846,29.24150241119547,11.49902366656781,0.0,0.0,11.814359458703011,11.9386105759037,19.178148736287287,0.0,0.0,0.0,36.39820241076966,82.25146663738957,61.12344077826485,21.178822940732477,28.651874643887385,78.52138840090939,0.0,9.13419929558271,14.09534396535438,23.89939435671973,10.633577208012662,108.1887760787798,11.49902366656781,20.10730311561276,11.374772549367124,11.49902366656781,21.587795952773448,32.88716933018942,23.684418333498023,0.0,34.56345175091888,107.11379305272428,0.0,21.805849864162116,120.66000000000004,11.9386105759037,19.178148736287287,0.0,11.814359458703011,54.825067585597,11.033401435232523,35.435270352154696,60.6636706846161,59.62774567170674,10.633577208012662,9.473725907600098,14.510318388735543,0.0,51.403981531408974,8.380959006262522,3.505108151870002,-1.00860821047212,28.55887333962638,0.0,2.640265307816105,6.342435818085932,0.1111111111111111,2,10,0,0,0,2,4,2,6,0,0,8,2,12,2,9,0,0,0,0,0,9.283974695227156,6,7.824600000000006,0,0,0,0,2,0,0,0,4,0,0,0,2,2,0,0,0,0,0,0,0,2,2,0,2,2,2,0,0,0,0,0,0,0,0,0,0,0,0,0,0,0,2,0,0,0,0,0,0,0,0,0,0,0,0
O=S(=O)(CCO)c1cc2c(Nc3cccc(Br)c3)ncnc2cn1,7.03,12.100213445264853,0.1146831170739897,-3.6500834330645833,0.666313111899485,11.583333333333334,409.2650000000001,0.1973702151903914,-0.395307262200026,0.395307262200026,0.1973702151903914,1.1666666666666667,2.0,2.5460071884744195,2.079134998390332,994.9306526380684,-2.1,272674.82387842186,3.5260137598523813,10.423315998847038,12.14518285259957,14.863213115086744,0.0,0.0,0.0,0.0,23.36973254717056,0.0,0.0,21.99631096641096,24.26546827384644,15.54633000498077,24.073279860489045,13.524324379169643,48.175371018966494,0.0,14.951935562841626,0.0,5.025959978669241,17.67652417526604,47.32871850451808,0.0,5.316788604006331,11.50524905251859,0.0,15.929943897949348,40.83599551327098,9.837253136417502,0.0,0.0,52.35467848318733,0.0,10.902924932081056,105.07,16.44413510093042,8.417796984328938,0.0,10.77881358541603,16.720787709916088,10.160105790515976,18.59053071483923,0.0,24.26546827384644,36.1986680647973,5.106527394840706,25.102038879397284,3.3944604013694475,12.229414420089023,12.465570183409708,1.3114794999790045,0.0917426259607001,8.920379367054862,2.7634806862559835,-0.4618159637847585,-3.6500834330645833,0.1333333333333333,2,7,0,0,0,0,1,2,3,0,0,7,2,9,2,5,0,0,0,0,0,4.741668938929453,3,2.2969,0,1,0,0,3,0,0,0,0,0,0,0,3,1,0,0,0,0,0,0,0,2,0,0,1,0,0,0,1,0,0,0,0,0,0,0,0,0,0,0,0,0,0,0,0,0,0,1,0,1,0,0,0,0,0
Cn1c(=O)c(-c2c(Cl)cccc2Cl)cc2cnc(Nc3ccc(CC(=O)O)cc3)nc21,6.66,12.999688923313215,0.0489615245695191,-0.891726040817659,0.4540340574260972,10.935483870967742,455.3010000000002,0.3073147798475335,-0.4809861732683899,0.4809861732683899,0.3073147798475335,1.1290322580645162,1.8064516129032255,2.7270304007149564,1.7114182072973805,1347.7949161542117,-3.42,9185696.47740345,4.234862993461874,10.423315998847038,5.647177220767728,0.0,5.948339280986494,5.559266895052008,5.969305287951849,14.156174015934996,4.9839785209472085,4.9839785209472085,0.0,41.40098098584986,35.89528683400505,29.88157753513562,22.02953974210566,9.901064578912528,51.84031205931946,0.0,14.53505668968577,7.04767198267719,6.4208216229260096,5.316788604006331,80.69030231760944,11.126902983393991,10.87605549905834,11.635725555670057,0.0,23.20187978046503,25.61088937247833,18.26303078967502,0.0,5.563451491696996,59.522317303377775,10.045266627482652,22.160304418626517,97.11,5.969305287951849,9.589074368143644,0.0,11.980088517978018,49.40474809347622,0.0,4.567099647791355,61.77545210198314,0.0,15.284745645900747,28.30840717530574,1.42375276332347,12.57504755848737,32.58954637625001,13.341542103213255,2.367230113441924,-0.588938534868777,13.666629667899914,1.5593253862309198,0.0,1.6214201215774642,0.0909090909090909,2,7,0,0,0,0,2,2,4,0,0,5,2,9,2,5,0,0,0,0,0,5.626974852704244,4,4.673000000000004,1,0,0,0,3,0,0,1,1,0,0,0,3,1,0,0,0,0,0,0,0,2,1,0,1,0,0,0,2,0,0,0,0,0,0,0,0,0,0,0,0,0,0,0,0,0,0,1,0,0,0,0,0,0,0
COc1ccccc1Nc1ncc2cc(-c3c(Cl)cccc3Cl)c(=O)n(C)c2n1,7.18,13.0025169720985,0.2551466049382711,-0.2551466049382711,0.4935322643431872,10.89655172413793,427.2910000000001,0.2594296514205021,-0.4945793140285265,0.4945793140285265,0.2594296514205021,1.0689655172413792,1.793103448275862,2.719863121887262,1.834202638831476,1267.4010948954597,-3.0899999999999994,4261631.131844667,3.5240876938371435,10.05365155780638,11.396689054051633,0.0,5.948339280986494,5.559266895052007,0.0,9.361636831863176,4.9839785209472085,4.9839785209472085,0.0,41.40098098584986,30.33183534230805,24.194191260452055,28.405901935140744,4.736862953800049,45.87100677136762,0.0,14.53505668968577,7.04767198267719,0.0,12.426586145283864,75.12685082591244,16.876414816677897,15.612918452858386,11.635725555670057,5.749511833283905,23.20187978046503,21.644854230963304,7.04767198267719,0.0,0.0,59.522317303377775,10.045266627482652,22.160304418626517,69.03999999999999,0.0,4.794537184071822,0.0,5.559266895052007,43.90342216037956,5.687386274683562,4.567099647791355,44.61978136941424,24.26546827384644,15.284745645900747,27.938742734265084,6.794464345870404,12.595806969150477,21.87651483050112,4.619490654249715,1.834981084248312,1.0086305850535606,14.270696499960986,1.6465995842781556,0.0,3.2417043355761583,0.0952380952380952,1,6,0,0,0,0,2,2,4,0,0,5,1,8,2,4,0,0,0,0,0,5.130226474513617,4,5.054500000000003,0,0,0,0,3,0,0,0,0,0,0,0,3,1,0,0,0,0,0,0,0,2,1,0,1,0,1,0,2,0,0,0,0,0,0,1,0,0,0,0,0,0,2,0,0,0,0,1,0,0,0,0,0,0,0
Brc1cccc(Nc2ncnc3cnc(NCCCn4ccnc4)nc23)c1,8.64,4.587728213970774,0.5557623666750651,0.5557623666750651,0.4370362513629361,10.851851851851851,425.2940000000002,0.2229542988535113,-0.3541361268853382,0.3541361268853382,0.2229542988535113,1.148148148148148,2.111111111111111,3.191722548531089,1.48198042907905,1034.663277791244,-3.07,2797235.216700292,4.37247820546768,15.200676855804016,17.360721509997063,5.817862777835028,5.948339280986494,0.0,0.0,0.0,24.91989260473604,0.0,0.0,21.99631096641096,24.61992282831084,35.643305745567275,12.524163646377618,0.0,44.41693366668696,0.0,29.4869922525274,0.0,12.965578028838586,17.178333613925236,59.98335865404716,0.0,10.633577208012662,17.453588333505085,0.0,15.929943897949348,36.03174865843997,6.544756405912575,0.0,6.4208216229260096,59.98335865404716,0.0,11.033401435232523,93.44,0.0,0.0,0.0,0.0,22.799603494054047,29.670440225267136,6.3273200747645415,12.393687143226153,41.35673156801541,51.48341371069806,0.0,3.025268852720152,3.4723235431342343,21.54751933734298,6.543949354050364,2.272107333156267,1.1964711554578982,7.869885446313619,9.678472844511454,1.6440021333130308,0.0,0.1666666666666666,2,8,0,0,0,0,1,3,4,0,0,7,2,9,3,7,0,0,0,0,0,5.195615932113794,4,3.6246,0,0,0,0,6,0,0,0,0,0,0,0,6,2,0,0,0,0,0,0,0,3,1,0,1,0,0,0,1,0,0,1,0,0,0,0,0,0,0,0,0,0,0,0,0,0,0,0,0,0,0,0,0,0,0
COC(=O)c1cc(NCc2cc(O)ccc2O)ccc1OC,5.02,11.71532961720552,0.0690562122461477,-0.4993492798353911,0.5808404311335038,10.090909090909092,303.3140000000001,0.3412195721924868,-0.5079503987732238,0.5079503987732238,0.3412195721924868,1.1363636363636365,1.9090909090909087,2.542295904845516,2.1941086081637766,684.2315376640607,-2.89,87363.45647411131,3.4055410024801134,25.00356930128784,22.81198699154871,0.0,0.0,0.0,5.969305287951849,0.0,4.794537184071822,0.0,0.0,0.0,36.39820241076966,17.795594172293132,14.219595082555069,24.48131788135333,11.656691562635412,0.0,0.0,0.0,6.544756405912575,19.5363836865614,47.52510539416365,17.248535499851716,10.05365155780638,5.687386274683562,17.248535499851716,0.0,30.40195516018833,11.281619359712623,0.0,15.921440167465814,36.39820241076966,0.0,0.0,88.02000000000001,5.969305287951849,15.007591973753234,0.0,18.043780072480384,22.56380109136146,0.0,32.418696287939895,18.19910120538483,0.0,5.316788604006331,9.473725907600098,9.830857328264434,0.0,11.71532961720552,22.231228384910743,1.4949164882002188,0.0600827092647087,9.279200498074957,0.0,0.28489559712774,2.770156043618345,0.1875,3,6,0,0,0,0,2,0,2,0,0,6,3,6,0,5,0,0,0,0,0,4.726585777767005,2,2.5051000000000005,0,0,0,0,0,0,2,0,1,0,0,0,0,1,0,0,0,0,0,0,0,1,0,0,0,1,2,0,0,0,0,0,0,0,0,2,0,0,0,0,0,0,0,0,0,0,0,0,0,0,0,0,0,0,0
Cn1c(=O)c(-c2c(Cl)cccc2Cl)cc2cnc(NCCCCCC(=O)O)nc21,6.0,12.903114944892646,0.1729829198749255,-0.7831612260028444,0.5106835153148482,11.0,435.3110000000003,0.3028395659843146,-0.4812303897601587,0.4812303897601587,0.3028395659843146,1.206896551724138,1.9310344827586208,2.678992295458239,1.829112016700737,1094.5620004845412,-2.640000000000001,2787143.214425888,4.860302322601817,10.423315998847038,5.647177220767728,0.0,5.948339280986494,5.559266895052008,5.969305287951849,14.156174015934996,4.9839785209472085,4.9839785209472085,0.0,35.68906847185265,31.04074445123685,37.15976928929064,15.608718119179647,9.901064578912528,46.1529257846359,0.0,14.53505668968577,7.04767198267719,25.68328649170404,11.861545009918906,50.86138255206599,11.126902983393991,10.87605549905834,5.948339280986494,0.0,23.20187978046503,32.155645778390905,11.842209166749011,0.0,25.68328649170404,35.25684902953134,10.045266627482652,22.160304418626517,97.11,5.969305287951849,9.589074368143644,0.0,11.980088517978018,51.11948835593425,12.84164324585202,4.567099647791355,37.509983828136704,0.0,15.284745645900747,28.30840717530574,1.4484565877544773,12.538060112804455,32.161648701684314,13.233840019066404,1.10774008088416,-0.3718089052391478,6.793291583988898,4.053073202321602,0.6174473506625382,1.640473488294521,0.3,2,7,0,0,0,0,1,2,3,0,0,5,2,9,2,8,0,0,0,0,0,6.714828969546248,3,4.359200000000002,1,0,0,0,3,0,0,1,1,0,0,0,3,1,0,0,0,0,0,0,0,1,1,0,1,0,0,0,2,0,0,0,0,0,0,0,0,0,0,0,0,0,0,0,0,0,0,1,0,0,0,0,0,2,0
C#Cc1cccc(Nc2ncnc3cc(OCCOC)c(OCCOC)cc23)c1,5.84,5.857396779890918,0.392174356427603,0.392174356427603,0.4178840975839869,10.517241379310343,393.4430000000002,0.1629950936414515,-0.4872695203914322,0.4872695203914322,0.1629950936414515,0.9310344827586208,1.6551724137931034,2.7455759043014254,1.9569167353908143,1001.0042022970772,-3.34,4235838.812669483,5.347720173143325,24.264240419206526,25.35894678162541,11.49902366656781,0.0,0.0,0.0,0.0,9.967957041894415,0.0,6.423349895620259,11.986801387317254,24.26546827384644,36.92302413186203,18.730464646642098,18.9474518152002,22.40817398459965,0.0,9.967957041894415,0.0,0.0,45.96391154461307,48.2889739772312,23.84280788104371,14.790514511606428,11.50524905251859,11.49902366656781,0.0,50.61507998250116,9.473725907600098,12.343784214475903,5.563451491696996,42.7255224855342,0.0,10.902924932081056,74.73000000000002,0.0,0.0,0.0,0.0,43.74441430245451,22.153762698461616,6.3273200747645415,14.219595082555069,36.39820241076966,21.20517996475639,25.37080171082045,21.801771191071715,0.0,8.754103465077492,4.096557301741735,2.3431613389549906,4.443107152704465,11.25804627251954,6.994191360636236,1.7256948446942135,3.2500337392662777,0.2727272727272727,1,7,0,0,0,0,2,1,3,0,0,7,1,7,1,10,0,0,0,0,0,7.224005678781887,3,3.405100000000002,0,0,0,0,2,0,0,0,0,0,0,0,2,1,0,0,0,0,0,0,0,2,0,0,1,0,4,0,0,0,0,0,0,0,0,2,0,0,0,0,0,0,0,0,0,0,0,0,0,0,1,0,0,0,0
C=C(C)C(=O)Nc1ccc2ncnc(Nc3cccc(Br)c3)c2c1,8.92,11.799003447734057,0.2150938649360363,-0.2150938649360363,0.6439453539047593,10.416666666666666,383.249,0.250197287571343,-0.3395819763734153,0.3395819763734153,0.250197287571343,1.125,1.9583333333333333,2.5510185938083763,1.9799722291200208,939.2050079540984,-2.7299999999999995,287471.7343176721,3.599932135551591,10.633577208012662,12.14518285259957,0.0,0.0,5.907179729351506,0.0,4.794537184071822,9.967957041894415,0.0,0.0,28.57524665000945,43.32193961046029,26.8068208097336,5.516700717616262,4.794537184071822,49.93268388658407,0.0,9.967957041894415,0.0,6.923737199690624,10.633577208012662,65.41664928349599,0.0,10.633577208012662,17.19263532720215,0.0,15.929943897949348,15.875136771245923,4.794537184071822,0.0,6.923737199690624,65.41664928349599,0.0,10.902924932081056,66.91,0.0,4.794537184071822,0.0,5.907179729351506,17.07835358258786,21.063030722597038,6.3273200747645415,12.990104268152232,36.39820241076966,43.11041383145492,0.0,0.9724743158410188,3.4490156442682216,20.38420390754761,6.90071638531956,2.811162478236117,0.455761671723072,13.29321336755602,1.5087250540648358,5.308060508776876,0.0,0.0555555555555555,2,5,0,0,0,1,2,1,3,0,0,4,2,6,1,4,0,0,0,0,0,4.572803665859266,3,4.650500000000003,0,0,0,0,2,0,0,0,1,0,0,0,2,2,0,0,0,0,0,0,0,3,0,0,1,0,0,0,1,0,0,0,0,0,0,0,0,0,0,0,0,0,0,0,0,0,0,0,0,0,0,0,0,0,0
Cn1c(=O)c(-c2c(Cl)cccc2Cl)cc2cnc(Nc3cccc(C(=O)O)c3)nc21,6.72,12.97643434447547,0.1337495176498537,-1.035889356788527,0.4748443065392208,10.9,441.27400000000017,0.3352567371014098,-0.4776383259945987,0.4776383259945987,0.3352567371014098,1.1,1.8,2.717850792297732,1.7975698050989108,1348.2093837641528,-3.42,5900978.61528129,3.604044219972888,10.423315998847038,5.647177220767728,0.0,5.948339280986494,5.559266895052008,5.969305287951849,9.361636831863176,9.77851570501903,4.9839785209472085,0.0,35.33461391738825,36.39820241076966,29.88157753513562,21.172169610876644,9.901064578912528,51.84031205931946,0.0,14.53505668968577,7.04767198267719,0.0,5.316788604006331,80.69030231760944,11.126902983393991,10.87605549905834,11.635725555670057,0.0,23.20187978046503,25.61088937247833,7.04767198267719,0.0,10.357988675768818,59.522317303377775,10.045266627482652,22.160304418626517,97.11,5.969305287951849,9.589074368143644,0.0,17.0710576677355,37.89295732079273,0.0,16.699833784714574,49.64271796505992,0.0,15.284745645900747,28.30840717530574,1.3937062757201644,12.548822253282978,32.80831888217743,13.447961985840257,1.5389792755265146,-0.8103664850884063,12.961318280593398,1.568852513227513,0.0,1.5979625742757055,0.0476190476190476,2,7,0,0,0,0,2,2,4,0,0,5,2,9,2,4,0,0,0,0,0,5.15255494700424,4,4.744100000000002,0,0,0,1,3,0,0,1,1,0,0,0,3,1,0,0,0,0,0,0,0,2,1,0,1,0,0,0,2,0,0,0,0,0,0,0,0,0,0,0,0,0,0,0,0,0,0,1,0,0,0,0,0,0,0
CN(C)c1ccc2ncnc(Nc3cccc(Br)c3)c2c1,7.08,4.376233938019652,0.8072222222222224,0.8072222222222224,0.7738001285832422,10.61904761904762,343.228,0.1412613780418621,-0.3776401937553234,0.3776401937553234,0.1412613780418621,1.0476190476190477,1.9047619047619049,2.469142345801325,2.06682407824735,786.0839169685989,-2.14,73731.05958797337,2.9749675160499343,10.216698334856808,12.14518285259957,0.0,0.0,0.0,0.0,0.0,9.967957041894415,0.0,0.0,21.99631096641096,36.39820241076966,35.32906024501871,5.516700717616262,0.0,44.02550415723256,0.0,9.967957041894415,0.0,0.0,24.31204230021119,53.26460906982823,0.0,10.216698334856808,17.19263532720215,0.0,15.929943897949348,24.0633010072488,0.0,0.0,0.0,53.26460906982823,0.0,10.902924932081056,41.05,0.0,0.0,0.0,0.0,0.0,32.56827977511562,0.0,6.3273200747645415,44.42717930766243,48.24733341162379,0.0,1.0276316977408249,3.4764913312981043,10.76363793356849,4.357654006046864,3.029926080771815,0.8072222222222224,14.165679156693544,1.581333971088435,0.0,4.040423600569705,0.125,1,4,0,0,0,0,2,1,3,0,0,4,1,5,1,3,0,0,0,0,0,3.748639550428751,3,4.201900000000003,0,0,0,0,2,0,0,0,0,0,0,0,3,1,0,0,0,0,0,0,0,3,0,0,1,0,0,0,1,0,0,0,0,0,0,0,0,0,0,0,0,0,0,0,0,0,0,0,0,0,0,0,0,0,0
CN(C)c1ccc2ncnc(Nc3cccc(Br)c3)c2n1,8.02,4.619974371693122,0.6961111111111112,0.6961111111111112,0.7868681517234083,10.61904761904762,344.216,0.1600172567743298,-0.3627212586592487,0.3627212586592487,0.1600172567743298,1.0952380952380951,1.9523809523809523,2.469142345801325,2.06682407824735,787.8709175600343,-2.21,73731.05958797337,2.947817881080568,10.216698334856808,17.66188357021583,5.817862777835028,0.0,0.0,0.0,0.0,14.951935562841626,0.0,0.0,21.99631096641096,30.33183534230805,24.255449755870355,5.516700717616262,0.0,44.28645716353549,0.0,14.951935562841626,0.0,0.0,24.31204230021119,47.198242001366616,0.0,10.216698334856808,17.323111830353618,0.0,15.929943897949348,29.047279528196004,0.0,0.0,0.0,47.198242001366616,0.0,11.033401435232523,53.940000000000005,0.0,0.0,0.0,0.0,5.817862777835028,27.01137000358353,0.0,6.3273200747645415,55.39345610697452,36.19866806479731,0.0,1.0072235344755187,3.4608663312981043,15.1475011941505,3.291750755857899,2.5122254109977327,1.566103919963047,11.807571281599058,1.5413339710884353,0.0,3.915423600569704,0.1333333333333333,1,5,0,0,0,0,1,2,3,0,0,5,1,6,2,3,0,0,0,0,0,3.7024289814144775,3,3.596900000000001,0,0,0,0,3,0,0,0,0,0,0,0,4,1,0,0,0,0,0,0,0,3,0,0,1,0,0,0,1,0,0,0,0,0,0,0,0,0,0,0,0,0,0,0,0,0,0,1,0,0,0,0,0,0,0
Nc1cc2c(Nc3cccc(Br)c3)ncnc2cn1,9.89,5.70832220542538,0.4440668829260101,0.4440668829260101,0.759476002540334,10.578947368421051,316.16200000000003,0.1413800801961647,-0.383680598946003,0.383680598946003,0.1413800801961647,1.105263157894737,2.0,2.394578743878499,2.073888448670164,743.9351400210894,-2.21,29561.07459318007,2.4808574181507552,11.050456081168516,17.9630456304346,0.0,0.0,0.0,0.0,0.0,14.951935562841626,0.0,0.0,21.99631096641096,24.26546827384644,15.54633000498077,11.713544289229338,0.0,44.15598066038402,0.0,14.951935562841626,0.0,0.0,11.050456081168516,47.32871850451808,0.0,11.050456081168516,17.323111830353618,0.0,15.929943897949348,14.951935562841626,0.0,0.0,0.0,47.32871850451808,0.0,10.902924932081056,76.72,0.0,0.0,0.0,0.0,11.635725555670057,21.063030722597038,6.3273200747645415,12.263210640074686,24.26546827384644,36.1986680647973,5.733667477162185,0.9972613273704544,3.434094637083229,12.437614061056522,4.093079176114891,7.3948550616234145,1.1498076236667512,9.605432505563954,3.1378556075207857,0.0,0.0,0.0,3,5,0,0,0,0,1,2,3,0,0,5,2,6,2,2,0,0,0,0,0,3.0031764230420537,3,3.113100000000001,0,0,1,0,3,0,0,0,0,0,0,0,3,1,1,0,0,0,0,0,0,3,0,0,1,0,0,0,1,0,0,0,0,0,0,0,0,0,0,0,0,0,0,0,0,0,0,1,0,0,0,0,0,0,0
Cn1c(SSc2c(C(=O)Nc3ccccc3)c3ccc(O)cc3n2C)c(C(=O)Nc2ccccc2)c2ccc(O)cc21,4.36,13.675506647263642,0.0932238478458926,-0.2874088246820376,0.1436496840720822,11.19047619047619,594.7180000000003,0.2585561484389778,-0.507885254148146,0.507885254148146,0.2585561484389778,0.5952380952380952,0.9761904761904762,3.420037075406727,1.426131846531297,1824.2086070590244,-4.799999999999999,4107155739.256015,5.060364501649452,29.98083129327678,11.49902366656781,0.0,0.0,11.814359458703011,0.0,9.589074368143644,0.0,0.0,0.0,36.39820241076966,70.11873250046634,48.37529908057432,32.21222437596499,19.802129157825057,66.58277782500569,0.0,9.13419929558271,14.09534396535438,10.051919957338482,10.633577208012662,108.1887760787798,11.49902366656781,10.633577208012662,11.374772549367124,11.49902366656781,21.587795952773448,31.16161354396713,14.09534396535438,0.0,20.715977351537635,107.11379305272428,0.0,21.805849864162116,108.52,0.0,19.802129157825057,0.0,23.31338312527082,54.35944535426171,0.0,21.587795952773448,36.39820241076966,83.8932139455532,10.633577208012662,0.0,3.7317911207692953,0.0,27.351013294527284,29.03813859259032,3.631693964125216,-0.3883699536722895,28.271022436973983,0.0,0.0,6.364710544686193,0.0625,4,8,0,0,0,2,4,2,6,0,0,6,4,10,2,7,0,0,0,0,0,7.3188969030259186,6,7.385200000000005,0,0,0,0,2,0,2,0,2,0,0,0,2,2,0,0,0,0,0,0,0,2,2,0,2,0,0,0,0,0,0,0,0,0,0,0,0,0,0,0,0,0,2,0,0,0,0,0,0,0,0,0,0,0,0
COC(=O)c1ccc(NCc2cc(O)ccc2O)cc1O,5.0,11.343578064235082,0.0495244467800386,-0.6206702477950674,0.5085211538935756,10.142857142857142,289.28700000000003,0.3411348463368455,-0.5079503987732237,0.5079503987732237,0.3411348463368455,1.0952380952380951,1.8571428571428568,2.472548157564811,2.119319528308054,669.1087073558793,-2.89,49831.735567561205,3.357495964948966,25.37323374232849,22.81198699154871,0.0,0.0,0.0,5.969305287951849,0.0,4.794537184071822,0.0,0.0,0.0,30.33183534230805,23.86196124075474,7.109797541277533,24.85098232239399,11.656691562635412,0.0,0.0,0.0,6.544756405912575,12.426586145283864,47.52510539416365,17.248535499851716,5.316788604006331,5.687386274683562,17.248535499851716,0.0,28.398685013751496,11.281619359712623,0.0,15.921440167465814,36.39820241076966,0.0,0.0,99.02,5.969305287951849,20.11411936859394,0.0,29.356743397461283,11.250837766380558,0.0,37.441632883585584,6.06636706846161,0.0,10.05365155780638,0.0,4.534975256759167,0.0,11.343578064235082,31.757164995240355,1.1367434597295716,-0.7214386772972625,8.63366528483141,0.0,0.2472660777273871,1.2347122054409558,0.1333333333333333,4,6,0,0,0,0,2,0,2,0,0,6,4,6,0,4,0,0,0,0,0,4.17695557041217,2,2.2021,0,0,0,0,0,0,3,0,1,0,0,0,0,1,0,0,0,0,0,0,0,1,0,0,0,1,1,0,0,0,0,0,0,0,0,1,0,0,0,0,0,0,0,0,0,0,0,0,0,0,0,0,0,0,0
Cc1ccc(Nc2cc3c(cc2Nc2ccc(C)cc2)C(=O)NC3=O)cc1,5.6,12.052206264354531,0.3714425676402586,-0.3714425676402586,0.5933575010046753,12.51851851851852,357.4130000000001,0.2585045282920075,-0.3538090401721098,0.3538090401721098,0.2585045282920075,0.6296296296296297,1.0,2.923595565813356,1.7555667412650595,953.9030851529444,-3.599999999999999,1774505.5646260744,3.395046908688306,10.633577208012662,0.0,0.0,0.0,11.814359458703011,0.0,14.905862972149976,0.0,0.0,0.0,35.392371257240434,50.2456768101509,11.374772549367124,22.50167553276112,9.589074368143644,34.56390455743726,0.0,5.316788604006331,0.0,13.847474399381248,10.633577208012662,82.9174766514041,0.0,15.950365812018994,22.74954509873425,0.0,0.0,11.814359458703011,0.0,13.847474399381248,31.842880334931625,60.6636706846161,0.0,0.0,70.22999999999999,0.0,9.589074368143644,0.0,11.814359458703011,11.126902983393991,33.87644808212824,0.0,12.13273413692322,62.37841094707412,15.950365812018994,0.0,0.0,0.0,24.104412528709062,9.031249629098657,6.336694965706442,-0.7428851352805173,19.382631360676093,0.0,4.05456331775693,0.0,0.0909090909090909,3,5,0,1,1,2,3,0,3,0,0,4,3,5,1,4,0,0,0,0,0,4.123095532504504,4,4.674240000000003,0,0,0,0,0,0,0,0,2,0,0,0,0,3,0,0,0,0,0,0,0,4,2,0,1,0,0,0,0,0,0,0,1,0,0,0,0,0,0,0,0,0,0,0,0,0,0,0,0,0,0,0,0,0,0
CN(C)CCCNC(=O)/C=C/C(=O)Nc1cc2c(Nc3cccc(Br)c3)ncnc2cn1,8.96,12.209028004656613,0.320106553707328,-0.4595924529514896,0.3071491882214961,11.125,498.3850000000001,0.2492128005800635,-0.3525023684184462,0.3525023684184462,0.2492128005800635,1.09375,1.90625,2.7551238346375904,1.6448831270554911,1134.217357330174,-3.37,12531959.02935638,7.101986270840243,20.85027554286947,17.9630456304346,0.0,11.814359458703011,0.0,0.0,9.589074368143644,14.951935562841626,0.0,0.0,21.99631096641096,51.32639026803941,34.24312662456111,11.713544289229338,9.589074368143644,55.97034011908704,0.0,25.16863389769843,0.0,6.4208216229260096,37.81843398519219,59.480758718185854,0.0,15.950365812018994,17.323111830353618,0.0,15.929943897949348,58.85106152957465,9.589074368143644,0.0,6.4208216229260096,59.480758718185854,0.0,10.902924932081056,112.14,5.907179729351506,9.589074368143644,0.0,5.907179729351506,29.08340689366369,23.12568381935456,18.479360288432304,12.263210640074686,43.2607219700513,46.83224527280998,0.0,0.9342634451407388,3.44482321153461,38.82233635893456,9.34018592144534,1.476333341145477,0.1270383822388077,9.363063281885912,6.213522510622627,1.4198256554010338,3.941941224984226,0.2272727272727272,3,9,0,0,0,2,1,2,3,0,0,7,3,10,2,9,0,0,0,0,0,8.230942010128533,3,3.0935000000000006,0,0,0,0,3,0,0,0,2,0,0,0,4,3,0,0,0,0,0,0,0,3,0,0,1,0,0,0,1,0,0,0,0,0,0,0,0,0,0,0,0,0,0,0,0,0,0,1,0,0,0,0,0,0,0
Cn1c(=O)c(-c2c(Cl)cccc2Cl)cc2cnc(Nc3cccnc3)nc21,6.29,12.912079431711463,0.2467335390946501,-0.2467335390946501,0.5524882972720051,10.925925925925926,398.2530000000001,0.2594296514204607,-0.3227314515267605,0.3227314515267605,0.2594296514204607,1.0740740740740742,1.851851851851852,2.665831457909394,1.8582918958010703,1187.8517468916436,-2.96,1705129.780433838,3.2477133647272445,5.316788604006331,5.647177220767728,0.0,5.948339280986494,5.559266895052008,0.0,14.345615352810384,4.9839785209472085,4.9839785209472085,0.0,29.268246848926644,30.33183534230805,30.39103483206513,27.492947965476286,0.0,45.87100677136761,0.0,19.51903521063298,7.04767198267719,0.0,5.316788604006331,75.38780383221535,11.126902983393991,10.87605549905834,11.635725555670057,0.0,23.20187978046503,19.51903521063298,7.04767198267719,0.0,0.0,59.7832703096807,10.045266627482652,22.160304418626517,72.7,0.0,4.794537184071822,0.0,5.559266895052008,38.15391032709567,5.687386274683562,4.567099647791355,55.97003803982446,6.06636706846161,20.26872416684796,23.20187978046503,1.4587577160493823,12.550568985725684,25.729047008081373,4.582796161171364,1.8992840812352905,0.3694684499314131,10.492333365044058,4.987417954101826,0.0,1.652548500881834,0.0526315789473684,1,6,0,0,0,0,1,3,4,0,0,5,1,8,3,3,0,0,0,0,0,4.51273458756435,4,4.440900000000003,0,0,0,0,4,0,0,0,0,0,0,0,4,1,0,0,0,0,0,0,0,2,1,0,1,0,0,0,2,0,0,0,0,0,0,0,0,0,0,0,0,0,0,0,0,0,0,2,0,0,0,0,0,0,0
COc1cc2ncc(C#N)c(Nc3ccc(F)c(Cl)c3)c2cc1OCCCN1CCOCC1,5.98,13.57697859037291,0.0112695278342038,-0.514063401296603,0.4755838814081964,14.12121212121212,470.9320000000004,0.1624297593106635,-0.492785990013269,0.492785990013269,0.1624297593106635,1.2424242424242424,2.060606060606061,2.8420177042032297,1.59497369958114,1178.5635647713864,-3.119999999999999,34384128.45816114,5.449480559366107,19.52737746540648,11.886442153838168,11.49902366656781,0.0,0.0,0.0,9.883888251797686,4.39041504767482,5.261891554738487,0.0,11.600939890232516,30.68628989677245,42.97109034696077,48.72061523255443,18.60100390907497,33.878637371680696,5.261891554738487,9.883888251797686,0.0,6.4208216229260096,51.881501256560334,52.93198456040534,17.568244979360085,14.790514511606428,15.765187597041944,11.49902366656781,11.600939890232516,56.44860090435169,4.736862953800049,17.148333708576654,11.984273114623004,36.52867891392113,5.022633313741326,10.902924932081056,79.64,5.817220841045895,9.652306602413306,0.0,5.022633313741326,45.9470546042259,39.26885476968957,18.32957770853629,19.242531678200752,6.06636706846161,21.26989816859629,25.811528751632665,30.514656619224745,5.924528395315761,6.741314719299837,13.48515545558536,2.0498140956019544,0.6025223475660821,10.030807323682506,2.3422253056651643,4.845601272722271,1.574485576447434,0.3333333333333333,1,7,0,1,1,0,2,1,3,0,0,7,1,9,2,8,0,1,1,0,0,7.449606317885436,4,4.752280000000004,0,0,0,0,1,0,0,0,0,0,0,0,3,1,0,0,0,0,0,0,0,2,0,0,1,0,3,0,2,0,0,0,0,0,0,1,1,0,0,0,0,0,0,0,0,0,0,1,0,0,0,0,0,0,0
CC(=O)Oc1cccc2c1c(C(=O)Nc1ccccc1)c(SSc1c(C(=O)Nc3ccccc3)c3c(OC(C)=O)cccc3n1C)n2C,4.7,14.039785542786294,0.2539056263873811,-0.5162005818249396,0.0902394656201901,11.0,678.792,0.3075465458348054,-0.4259763752603058,0.4259763752603058,0.3075465458348054,0.5416666666666666,0.9166666666666666,3.514825667105067,1.492965645301586,2053.1046381167525,-5.459999999999998,60290226503.17047,6.396785698843976,29.24150241119547,11.49902366656781,0.0,0.0,11.814359458703011,11.9386105759037,19.178148736287287,0.0,0.0,0.0,48.53093654769288,70.11873250046634,39.317590914102745,42.984672804894586,28.651874643887385,78.52138840090939,0.0,9.13419929558271,14.09534396535438,23.89939435671973,10.633577208012662,108.1887760787798,11.49902366656781,20.10730311561276,11.374772549367124,11.49902366656781,21.587795952773448,32.88716933018942,23.684418333498023,0.0,34.56345175091888,107.11379305272428,0.0,21.805849864162116,120.66000000000004,23.75297003460671,19.178148736287287,0.0,11.49902366656781,54.35944535426171,0.0,35.435270352154696,48.53093654769288,71.76047980862997,10.633577208012662,9.473725907600098,14.843150326161345,0.0,52.21963143391898,7.996675575719795,3.150512135558826,-1.3195290874747152,28.6244190577088,0.0,2.6173994035581405,6.201074488182171,0.1111111111111111,2,10,0,0,0,2,4,2,6,0,0,8,2,12,2,9,0,0,0,0,0,9.283974695227156,6,7.824600000000006,0,0,0,0,2,0,0,0,4,0,0,0,2,2,0,0,0,0,0,0,0,2,2,0,2,2,2,0,0,0,0,0,0,0,0,0,0,0,0,0,0,0,2,0,0,0,0,0,0,0,0,0,0,0,0
O=C(/C=C/c1ccccc1)Nc1cc2c(Nc3cccc(Br)c3)ncnc2cn1,8.04,12.245284154461192,0.2647669563948422,-0.2647669563948422,0.4131264518978896,10.93103448275862,446.3080000000001,0.2490346692618774,-0.3395803355076829,0.3395803355076829,0.2490346692618774,0.9655172413793104,1.827586206896552,2.7346901000061274,1.5631826496857464,1194.1799015368788,-3.58,5335828.874288356,4.828488411740429,10.633577208012662,17.9630456304346,0.0,5.907179729351506,0.0,0.0,4.794537184071822,14.951935562841626,0.0,0.0,52.32814630871901,35.90493987237732,21.62235011181465,11.713544289229338,4.794537184071822,56.139180496569416,0.0,14.951935562841626,0.0,0.0,10.633577208012662,89.30002544535701,0.0,10.633577208012662,17.323111830353618,0.0,15.929943897949348,20.85911529219313,4.794537184071822,0.0,5.563451491696996,83.73657395366001,0.0,16.978945038914937,79.8,0.0,4.794537184071822,0.0,5.907179729351506,17.152426273286316,21.109781496677765,12.403340181598423,18.33923074690857,54.59730361615449,41.51545666880364,0.0,0.9589666683107791,3.4588285276545983,25.101861310950174,6.810637245228523,2.5054810102268035,0.7890576168994285,19.14509766221296,6.31340329185007,0.0,0.0,0.0,2,6,0,0,0,1,2,2,4,0,0,5,2,7,2,5,0,0,0,0,0,5.578364925640962,4,5.182800000000003,0,0,0,0,3,0,0,0,1,0,0,0,3,2,0,0,0,0,0,0,0,3,0,0,1,0,0,0,1,0,0,0,0,0,0,0,0,0,0,0,0,0,0,0,0,0,0,1,0,0,0,0,0,0,0
Cn1c(=O)c(-c2c(Cl)cccc2Cl)cc2cnc(N)nc21,5.25,12.543354749307133,0.1120610425240058,-0.2540740740740741,0.7477629290151809,11.0,321.1670000000001,0.2594296495798345,-0.367730375538702,0.367730375538702,0.2594296495798345,1.238095238095238,1.9047619047619049,2.444456696106788,2.423710810958692,900.476449985049,-2.11,60925.638693765584,2.241604161376432,5.733667477162185,5.647177220767728,0.0,5.948339280986494,5.559266895052008,0.0,9.361636831863176,4.9839785209472085,4.9839785209472085,0.0,29.268246848926644,18.19910120538483,24.194191260452055,15.608718119179647,0.0,40.18362049668405,0.0,14.53505668968577,7.04767198267719,0.0,5.733667477162185,50.86138255206599,11.126902983393991,11.292934372214193,5.948339280986494,0.0,23.20187978046503,14.53505668968577,7.04767198267719,0.0,0.0,35.25684902953134,10.045266627482652,22.160304418626517,73.8,0.0,4.794537184071822,0.0,11.507606176038502,32.20557104610917,0.0,4.567099647791355,37.509983828136704,0.0,9.967957041894415,28.935547257627217,1.4051234567901232,12.361848212536042,20.56571995464853,1.5026973628957767,6.661491080234768,0.1120610425240058,6.769320417203715,1.5608692365835224,0.0,1.6164247921390775,0.0714285714285714,2,5,0,0,0,0,1,2,3,0,0,4,1,7,2,1,0,0,0,0,0,3.3106789354658743,3,2.8845,0,0,1,0,3,0,0,0,0,0,0,0,3,0,1,0,0,0,0,0,0,1,1,0,1,0,0,0,2,0,0,0,0,0,0,0,0,0,0,0,0,0,0,0,0,0,0,1,0,0,0,0,0,0,0
COc1ccc2ncnc(Nc3cccc(Br)c3)c2n1,8.37,5.14466558536995,0.532029845888973,0.532029845888973,0.795411943732026,10.5,331.17300000000006,0.2132479590172404,-0.4809664812859325,0.4809664812859325,0.2132479590172404,1.15,2.05,2.470835110601559,2.061561517702104,763.0000100375729,-2.21,52142.0333390247,2.551872091854025,10.05365155780638,11.844020792380803,5.817862777835028,5.879988336435371,0.0,0.0,0.0,14.951935562841626,0.0,0.0,21.99631096641096,24.26546827384644,16.226472858977587,12.626498258893797,4.736862953800049,38.46859438570046,0.0,14.951935562841626,0.0,0.0,12.426586145283864,47.198242001366616,5.879988336435371,10.05365155780638,11.50524905251859,5.879988336435371,15.929943897949348,22.06173310411916,0.0,0.0,0.0,47.198242001366616,0.0,11.033401435232523,59.93000000000001,0.0,0.0,0.0,0.0,17.21455183188666,15.676806508132238,6.3273200747645415,13.176164609739144,30.33183534230805,36.19866806479731,4.736862953800049,6.136703934660283,3.4396679841906663,12.840489142416224,3.239880007558579,2.3556640920256995,1.177400216259343,11.466761096413874,1.5107217261904762,0.0,1.582711800284852,0.0714285714285714,1,5,0,0,0,0,1,2,3,0,0,5,1,6,2,3,0,0,0,0,0,3.4705125472403666,3,3.539500000000002,0,0,0,0,3,0,0,0,0,0,0,0,3,1,0,0,0,0,0,0,0,2,0,0,1,0,1,0,1,0,0,0,0,0,0,1,0,0,0,0,0,0,0,0,0,0,0,1,0,0,0,0,0,0,0
Cn1c(SSc2c(C(=O)Nc3ccccc3)c3cc(O)ccc3n2C)c(C(=O)Nc2ccccc2)c2cc(O)ccc21,4.39,13.68274634869977,0.0550234533630307,-0.315269746828674,0.1436496840720822,11.19047619047619,594.7180000000003,0.2585584834081603,-0.5079411523261353,0.5079411523261353,0.2585584834081603,0.5952380952380952,0.9761904761904762,3.4138175842709577,1.4284581678554813,1824.2086070590244,-4.799999999999999,4074485835.919202,5.060364501649452,29.98083129327678,11.49902366656781,0.0,0.0,11.814359458703011,0.0,9.589074368143644,0.0,0.0,0.0,36.39820241076966,82.25146663738957,47.27596637888362,21.178822940732477,19.802129157825057,66.58277782500569,0.0,9.13419929558271,14.09534396535438,10.051919957338482,10.633577208012662,108.1887760787798,11.49902366656781,10.633577208012662,11.374772549367124,11.49902366656781,21.587795952773448,31.16161354396713,14.09534396535438,0.0,20.715977351537635,107.11379305272428,0.0,21.805849864162116,108.52,0.0,19.802129157825057,0.0,23.31338312527082,43.32604391902919,11.033401435232523,21.587795952773448,36.39820241076966,83.8932139455532,10.633577208012662,0.0,3.814568898547073,0.0,27.36549269739954,28.9882343623542,3.6781286244090814,-0.5204925869312866,28.258548691583577,0.0,0.0,6.4155193126378185,0.0625,4,8,0,0,0,2,4,2,6,0,0,6,4,10,2,7,0,0,0,0,0,7.3188969030259186,6,7.385200000000005,0,0,0,0,2,0,2,0,2,0,0,0,2,2,0,0,0,0,0,0,0,2,2,0,2,0,0,0,0,0,0,0,0,0,0,0,0,0,0,0,0,0,2,0,0,0,0,0,0,0,0,0,0,0,0
Cn1c(SSc2c(C(=O)Nc3ccccc3)c3cccnc3n2C)c(C(=O)Nc2ccccc2)c2cccnc21,4.65,13.605601883016345,0.2280990499610071,-0.2280990499610071,0.2080859209575648,11.15,564.6960000000003,0.2586178708442591,-0.3222410945758878,0.3222410945758878,0.2586178708442591,0.6,1.0,3.4311691368893,1.3982854628918575,1728.477540586939,-4.539999999999999,2076707214.688557,4.716203162947313,19.76777650359537,21.346274398873938,0.0,0.0,11.814359458703011,0.0,9.589074368143644,9.967957041894415,0.0,0.0,36.39820241076966,70.11873250046634,48.63625208687725,11.126902983393991,9.589074368143644,66.84373083130863,0.0,19.10215633747713,14.09534396535438,10.051919957338482,10.633577208012662,108.44972908508272,0.0,10.633577208012662,11.374772549367124,0.0,21.587795952773448,30.916515796180136,14.09534396535438,0.0,20.715977351537635,107.37474605902722,0.0,22.066802870465047,93.84,0.0,9.589074368143644,0.0,11.814359458703011,33.79602997429657,20.824368386268077,21.587795952773448,12.393687143226153,108.15868221939968,20.60153424990708,0.0,3.828421779205509,0.0,36.27616150459474,8.96841692641851,3.86170055205388,-0.4561980999220143,26.16012320586219,3.4254201761308547,0.0,6.602620622323003,0.0666666666666666,2,8,0,0,0,2,2,4,6,0,0,6,2,10,4,7,0,0,0,0,0,7.017377918146562,6,6.764000000000005,0,0,0,0,4,0,0,0,2,0,0,0,4,2,0,0,0,0,0,0,0,2,2,0,2,0,0,0,0,0,0,0,0,0,0,0,0,0,0,0,0,0,2,0,0,0,0,2,0,0,0,0,0,0,0
C=CC(=O)Nc1cc2c(Nc3cccc(Br)c3)ncnc2cn1,9.04,11.40946641069702,0.3238901612323326,-0.3238901612323326,0.6856015491097458,10.304347826086955,370.21,0.248417002130106,-0.3395803355076829,0.3395803355076829,0.248417002130106,1.2173913043478262,2.0869565217391304,2.551391569011981,2.0007827061913765,896.5279199057711,-2.8,202174.8193200784,3.5148436919878208,10.633577208012662,17.9630456304346,0.0,5.907179729351506,0.0,0.0,4.794537184071822,14.951935562841626,0.0,0.0,28.57524665000945,30.34148838068032,15.54633000498077,11.713544289229338,4.794537184071822,50.06316038973553,0.0,14.951935562841626,0.0,0.0,10.633577208012662,59.98367429495046,0.0,10.633577208012662,17.323111830353618,0.0,15.929943897949348,20.85911529219313,4.794537184071822,0.0,0.0,59.98367429495046,0.0,10.902924932081056,79.8,0.0,4.794537184071822,0.0,5.907179729351506,17.152426273286316,15.54633000498077,12.403340181598423,12.263210640074686,24.26546827384644,48.09439235240214,0.0,0.9596886307068488,3.432262959630922,24.02108557379436,6.6172027483833045,1.5573733281893007,0.7169378705976839,9.454431787150162,4.238253542801928,3.41943022541216,0.0,0.0,2,6,0,0,0,1,1,2,3,0,0,5,2,7,2,4,0,0,0,0,0,4.291952022527816,3,3.655400000000002,0,0,0,0,3,0,0,0,1,0,0,0,3,2,0,0,0,0,0,0,0,3,0,0,1,0,0,0,1,0,0,0,0,0,0,0,0,0,0,0,0,0,0,0,0,0,0,1,0,0,0,0,0,0,0
O=C(/C=C/C(F)(F)F)Nc1ccc2ncnc(Nc3cccc(Br)c3)c2c1,8.76,12.156415706317748,0.1183141610797289,-4.546020036321161,0.5516139618154988,11.703703703703704,437.21900000000016,0.4094542465263593,-0.3395819763734232,0.4094542465263593,0.3395819763734232,1.0740740740740742,1.8888888888888888,2.5995839619058505,1.8737152662662413,1020.9045234228832,-2.9399999999999995,943017.2792690806,5.268500808434173,10.633577208012662,12.14518285259957,0.0,5.907179729351506,0.0,6.176298517443475,4.794537184071822,9.967957041894415,13.17124514302446,0.0,21.99631096641096,36.39820241076966,33.385756493332096,5.516700717616262,17.96578232709628,49.93268388658407,0.0,9.967957041894415,0.0,6.176298517443475,10.633577208012662,65.41664928349599,0.0,10.633577208012662,30.36388047022661,0.0,15.929943897949348,22.0514352886894,4.794537184071822,0.0,0.0,65.41664928349599,0.0,10.902924932081056,66.91,12.08347824679498,17.96578232709628,0.0,6.076020106833881,28.48419409143353,10.160105790515976,6.3273200747645415,18.19910120538483,24.26546827384644,36.531478147856426,0.0,37.3537525808414,3.385833180618725,20.02048298621305,6.153591025284974,1.726546572173151,-0.3842072016287385,12.242340741464396,-2.831673218300291,0.0,0.0,0.0555555555555555,2,5,0,0,0,1,2,1,3,0,0,4,2,9,1,4,0,0,0,0,0,5.405481598820448,3,5.192900000000002,0,0,0,0,2,0,0,0,1,0,0,0,2,2,0,0,0,0,3,1,0,3,0,0,1,0,0,0,4,0,0,0,0,0,0,0,0,0,0,0,0,0,0,0,0,0,0,0,0,0,0,0,0,0,0
C=C=CC(=O)Nc1ccc2ncnc(Nc3cccc(Br)c3)c2c1,8.8,11.64071641069702,0.2891679390101105,-0.2891679390101105,0.51889679475706,10.041666666666666,381.23300000000006,0.2556075033750639,-0.3395819763734064,0.3395819763734064,0.2556075033750639,1.1666666666666667,2.0416666666666665,2.5552956529449857,1.978283099567532,964.144918064141,-2.9499999999999997,319498.83667032333,3.683181067620517,10.633577208012662,12.14518285259957,0.0,0.0,5.907179729351506,0.0,4.794537184071822,9.967957041894415,0.0,5.731218590741754,28.57524665000945,36.39820241076966,27.309736386498216,5.516700717616262,4.794537184071822,49.93268388658407,0.0,9.967957041894415,0.0,0.0,10.633577208012662,71.65078345100237,0.0,10.633577208012662,17.19263532720215,0.0,15.929943897949348,15.875136771245923,4.794537184071822,0.0,0.0,71.65078345100237,0.0,10.902924932081056,66.91,0.0,4.794537184071822,0.0,5.907179729351506,11.50524905251859,21.063030722597038,12.403340181598423,6.06636706846161,36.39820241076966,48.84163242219668,0.0,0.9676169855903318,3.4439460293084965,20.203154524831564,6.820385225077686,4.764451680413445,0.3714448045441014,13.21687884753706,2.743753724738798,3.385034844625185,0.0,0.0,2,5,0,0,0,1,2,1,3,0,0,4,2,6,1,4,0,0,0,0,0,4.700845981417414,3,4.415500000000002,0,0,0,0,2,0,0,0,1,0,0,0,2,2,0,0,0,0,0,0,0,3,0,0,1,0,0,0,1,0,0,0,0,0,0,0,0,0,0,0,0,0,0,0,0,0,0,0,0,0,0,0,0,0,0
CCn1c(=O)c(-c2c(Cl)cccc2Cl)cc2cnc(Nc3ccncc3)nc21,6.31,13.145064968901549,0.2096656378600823,-0.2096656378600823,0.5150379162635322,10.964285714285714,412.2800000000001,0.2596826793784245,-0.3240116560099353,0.3240116560099353,0.2596826793784245,1.1071428571428572,1.8214285714285716,2.691571517546789,1.8929099318920213,1204.4218094210598,-2.96,2853797.9160523694,3.322391810396214,5.316788604006331,5.647177220767728,0.0,5.948339280986494,5.559266895052008,0.0,14.345615352810384,4.9839785209472085,4.9839785209472085,0.0,29.268246848926644,37.255572541998674,41.77234910159716,15.608718119179647,0.0,45.87100677136761,0.0,19.51903521063298,0.0,13.4684936056032,5.316788604006331,75.38780383221537,11.126902983393991,10.87605549905834,11.635725555670057,0.0,23.20187978046503,19.51903521063298,6.544756405912575,0.0,6.923737199690624,59.78327030968071,10.045266627482652,22.160304418626517,72.7,0.0,4.794537184071822,0.0,5.559266895052008,44.69866673300824,5.687386274683562,0.0,47.42309863647702,19.056471336613843,20.26872416684796,23.20187978046503,1.587037037037037,12.638579609107182,26.02485408600425,4.666812024310395,2.061177190330781,0.3924314128943762,10.508566358068071,5.015523880986265,2.327240623483859,0.0,0.1,1,6,0,0,0,0,1,3,4,0,0,5,1,8,3,4,0,0,0,0,0,4.9805110719238135,4,4.923800000000003,0,0,0,0,4,0,0,0,0,0,0,0,4,1,0,0,0,0,0,0,0,2,1,0,1,0,0,0,2,0,0,0,0,0,0,0,0,0,0,0,0,0,0,0,0,0,0,2,0,0,0,0,0,0,0
CCN(CC)CCCNc1ncc2cc(-c3c(Cl)cccc3Cl)c(=O)n(C)c2n1,5.85,12.959688529344602,0.2095524090541221,-0.2095524090541221,0.5312395644549287,11.379310344827584,434.37100000000015,0.2594296502501286,-0.3541144980545024,0.3541144980545024,0.2594296502501286,1.1724137931034482,1.862068965517241,2.7153718202521424,1.874391546933944,1042.606188417133,-2.1499999999999995,3123839.772429032,4.714014990915204,10.216698334856808,5.647177220767728,0.0,5.948339280986494,5.559266895052007,0.0,9.361636831863176,4.9839785209472085,4.9839785209472085,0.0,43.11572124830789,44.254192046048566,30.738947666364638,15.608718119179647,0.0,40.18362049668405,0.0,19.43496642053625,7.04767198267719,20.268296022307258,31.49581422765663,50.86138255206599,11.126902983393991,10.87605549905834,5.948339280986494,0.0,23.20187978046503,45.61399204418655,7.04767198267719,0.0,20.268296022307258,35.25684902953134,10.045266627482652,22.160304418626517,63.05,0.0,4.794537184071822,0.0,5.559266895052007,32.76768611263087,37.98607146104111,4.567099647791355,37.509983828136704,0.0,34.03212977613247,23.20187978046503,1.5070289273116653,12.603121043494813,24.25922496998501,4.8510783394007815,1.3036310306412788,0.5097896895383671,6.928740690452607,2.7030726336572224,8.199322888319326,1.6905453427544876,0.3809523809523809,1,6,0,0,0,0,1,2,3,0,0,5,1,8,2,8,0,0,0,0,0,7.110578966566485,3,4.446100000000003,0,0,0,0,3,0,0,0,0,0,0,0,4,1,0,0,0,0,0,0,0,1,1,0,1,0,0,0,2,0,0,0,0,0,0,0,0,0,0,0,0,0,0,0,0,0,0,1,0,0,0,0,0,0,0
CN1CCN(CCCCNc2ncc3cc(-c4c(Cl)cccc4Cl)c(=O)n(C)c3n2)CC1,6.68,13.02594717504802,0.2043273816487751,-0.2043273816487751,0.5256219195249301,15.375,475.42400000000026,0.2594296502501286,-0.3541631334219302,0.3541631334219302,0.2594296502501286,1.0625,1.78125,2.779731503999449,1.4301643644944015,1136.9171571423606,-2.189999999999999,17490259.644906808,5.066838128734051,15.116608065707286,5.647177220767728,0.0,5.948339280986494,5.559266895052007,0.0,9.361636831863176,4.9839785209472085,4.9839785209472085,0.0,29.268246848926644,44.63317283982661,56.91797329001493,15.608718119179647,0.0,40.18362049668405,0.0,24.334876151386727,7.04767198267719,12.84164324585202,51.63299902215897,50.86138255206599,11.126902983393991,10.87605549905834,5.948339280986494,0.0,23.20187978046503,70.65108656953937,7.04767198267719,0.0,12.84164324585202,35.25684902953134,10.045266627482652,22.160304418626517,66.28999999999999,0.0,4.794537184071822,0.0,5.559266895052007,32.76768611263087,57.49640589579226,4.567099647791355,37.509983828136704,0.0,32.13223709027889,23.20187978046503,1.5184106740722,12.64924866599937,26.9179028416479,4.9048981350966905,1.3248980873753875,0.5237252083178614,6.954146498590564,3.892791168946298,6.4953959472222245,3.874138328287061,0.4347826086956521,1,7,0,1,1,0,1,2,3,0,0,6,1,9,3,7,0,1,1,0,0,7.303886356550597,4,3.741800000000001,0,0,0,0,3,0,0,0,0,0,0,0,5,1,0,1,0,0,0,0,0,1,1,0,1,0,0,0,2,0,0,0,0,0,0,0,0,0,0,0,0,0,0,0,1,0,0,1,0,0,0,0,0,1,0
CN(C)c1ncc2ncnc(Nc3cccc(Br)c3)c2n1,9.02,4.50886326058201,0.619992808851936,0.619992808851936,0.7872334360852137,10.61904761904762,345.20400000000006,0.2250875933829662,-0.3469284013390785,0.3469284013390785,0.2250875933829662,1.1428571428571428,2.0,2.469142345801325,2.06682407824735,789.2711730554655,-2.28,73731.05958797337,2.920775006830134,10.216698334856808,17.360721509997063,5.817862777835028,5.948339280986494,0.0,0.0,0.0,19.935914083788838,0.0,0.0,21.99631096641096,18.19910120538483,24.255449755870355,6.196843571613076,0.0,44.41693366668695,0.0,19.935914083788838,0.0,0.0,24.31204230021119,41.26235143605647,0.0,10.216698334856808,17.453588333505085,0.0,15.929943897949348,34.03125804914321,0.0,0.0,0.0,41.26235143605647,0.0,11.033401435232523,66.83000000000001,0.0,0.0,0.0,0.0,22.799603494054047,10.160105790515976,6.3273200747645415,6.196843571613076,43.2607219700513,41.182646585744514,0.0,0.994877855463173,3.4508663312981045,19.09291681101453,3.2639729780801208,2.318206136621316,1.2761039199630473,7.861460432938607,3.2011719340513984,0.0,3.790423600569704,0.1428571428571428,1,6,0,0,0,0,1,2,3,0,0,6,1,7,2,3,0,0,0,0,0,3.65656363813128,3,2.9919,0,0,0,0,4,0,0,0,0,0,0,0,5,1,0,0,0,0,0,0,0,3,0,0,1,0,0,0,1,0,0,0,0,0,0,0,0,0,0,0,0,0,0,0,0,0,0,0,0,0,0,0,0,0,0
Cn1c(SSc2c(C(=O)Nc3ccccc3)c3cc(Cl)ccc3n2C)c(C(=O)Nc2ccccc2)c2cc(Cl)ccc21,5.37,13.734412385484855,0.2471899590519164,-0.2471899590519164,0.1724617341729909,11.238095238095235,631.6100000000001,0.258557012794513,-0.3374826343358671,0.3374826343358671,0.258557012794513,0.5952380952380952,0.9761904761904762,3.4138175842709577,1.4284581678554813,1828.2086070590244,-3.8199999999999994,4074485835.919202,5.385934369975367,19.76777650359537,0.0,0.0,0.0,11.814359458703011,0.0,9.589074368143644,0.0,0.0,0.0,59.60008219123469,82.25146663738957,57.32123300636626,21.178822940732477,9.589074368143644,89.78465760547071,0.0,9.13419929558271,14.09534396535438,10.051919957338482,10.633577208012662,118.23404270626246,0.0,10.633577208012662,11.374772549367124,0.0,44.78967573323848,20.94855875428572,14.09534396535438,0.0,20.715977351537635,107.11379305272428,10.045266627482652,21.805849864162116,68.06,0.0,9.589074368143644,0.0,11.814359458703011,32.546942160243766,31.8577698215006,21.587795952773448,0.0,120.2914163563229,10.633577208012662,23.20187978046503,3.957284947929789,12.758722710977503,27.46882477096971,10.045144790606644,4.130731420796844,-0.4943799181038328,29.695930093343527,0.0,0.0,6.65996340570204,0.0625,2,6,0,0,0,2,4,2,6,0,0,4,2,10,2,7,0,0,0,0,0,7.963192484092732,6,9.280799999999996,0,0,0,0,2,0,0,0,2,0,0,0,2,2,0,0,0,0,0,0,0,2,2,0,2,0,0,0,2,0,0,0,0,0,0,0,0,0,0,0,0,0,2,0,0,0,0,0,0,0,0,0,0,0,0
CN(C)CCCOC(=O)/C=C/C(=O)Nc1ccc2ncnc(Nc3cccc(Br)c3)c2c1,8.62,12.221250226878832,0.3069539651124342,-0.5496983904420205,0.2603146427940301,11.125,498.38100000000014,0.3304414402802285,-0.4624766507940678,0.4624766507940678,0.3304414402802285,1.09375,1.9375,2.7551238346375904,1.6448831270554916,1133.5698844286862,-3.2999999999999994,12531959.02935638,7.139449574711851,20.270349892663187,12.14518285259957,0.0,5.907179729351506,0.0,5.969305287951849,4.794537184071822,14.76249422596624,0.0,0.0,21.99631096641096,56.91436799905004,39.93051289924467,12.12358268212918,14.325937321943693,55.90198917453592,0.0,14.867866772744891,0.0,6.4208216229260096,37.880559543792536,65.41664928349599,0.0,10.633577208012662,17.19263532720215,0.0,15.929943897949348,53.991334125828125,14.325937321943693,0.0,6.4208216229260096,65.41664928349599,0.0,10.902924932081056,96.45,11.876485017303356,9.589074368143644,0.0,0.0,18.11213101703151,46.18064896510338,6.3273200747645415,18.19910120538483,43.2607219700513,36.531478147856426,4.736862953800049,6.012356890698872,3.4503787670901653,34.56296612205916,6.7533656164733245,2.1451605465378885,-0.3747139932216297,13.023473935583246,4.484189661933719,1.1279357972232968,3.898219988955297,0.217391304347826,2,8,0,0,0,1,2,1,3,0,0,7,2,9,1,9,0,0,0,0,0,8.29172495053688,3,4.125500000000002,0,0,0,0,2,0,0,0,2,0,0,0,3,2,0,0,0,0,0,0,0,3,0,0,1,1,1,0,1,0,0,0,0,0,0,0,0,0,0,0,0,0,0,0,0,0,0,0,0,0,0,0,0,0,0
C=C[S+]([O-])c1cc2c(Nc3cccc(Br)c3)ncnc2cn1,8.34,11.834519000820409,0.4255483644074915,-1.3428565479689822,0.7028464941814128,12.090909090909092,375.251,0.2500463671851102,-0.6057287897583481,0.6057287897583481,0.2500463671851102,1.2272727272727273,2.090909090909091,2.53915788300704,2.062064717677408,842.6403246855298,-1.96,129405.64234957076,3.110004445812386,9.869538477696697,17.553234943254232,0.0,0.0,5.025959978669241,0.0,0.0,14.951935562841626,0.0,0.0,28.57524665000945,18.19910120538483,27.402327332362876,17.099768503694133,4.552749873690364,49.51397235593428,0.0,14.951935562841626,0.0,5.025959978669241,5.316788604006331,59.315706278771245,0.0,5.316788604006331,11.50524905251859,0.0,15.929943897949348,19.50468543653199,11.175854473385288,0.0,0.0,64.34166625744048,0.0,10.902924932081056,73.75999999999999,11.175854473385288,4.552749873690364,0.0,0.0,16.360523474120534,15.54633000498077,11.735372165419204,12.263210640074686,24.26546827384644,42.77760374839581,0.0,12.79838793058971,2.0883541359462026,12.590628044427648,5.7628509778694665,1.5647124459351645,0.6322335600907032,9.460463355590594,3.049907604245402,3.5246841675273317,0.0,0.0,1,5,0,0,0,0,1,2,3,1,0,5,1,7,2,4,0,0,0,0,1,4.372021906849298,3,3.782000000000002,0,0,0,0,3,0,0,0,0,0,0,0,3,1,0,0,0,0,0,0,0,2,0,0,1,0,0,0,1,0,0,0,0,0,0,0,0,0,0,0,0,0,0,0,0,0,0,1,0,0,0,0,0,0,0
CNc1ncc2cc(-c3c(Cl)cccc3Cl)c(=O)n(C)c2n1,5.12,12.652091994205088,0.2192101284958423,-0.2192101284958423,0.7802615156973671,10.909090909090908,335.1940000000001,0.2594296502463317,-0.3572361901296145,0.3572361901296145,0.2594296502463317,1.2272727272727273,1.9090909090909087,2.5122793636408827,2.375525420524325,916.4591446299912,-2.1099999999999994,106940.19567210146,2.32118189383492,5.316788604006331,5.647177220767728,0.0,5.948339280986494,5.559266895052007,0.0,9.361636831863176,4.9839785209472085,4.9839785209472085,0.0,29.268246848926644,18.19910120538483,31.24186324312925,15.608718119179647,0.0,40.18362049668405,0.0,14.53505668968577,7.04767198267719,0.0,12.36446058668352,50.86138255206599,11.126902983393991,10.87605549905834,5.948339280986494,0.0,23.20187978046503,21.58272867236296,7.04767198267719,0.0,0.0,35.25684902953134,10.045266627482652,22.160304418626517,59.81,0.0,4.794537184071822,0.0,5.559266895052007,32.76768611263087,5.386224214464796,4.567099647791355,44.55765581081389,0.0,15.284745645900747,23.20187978046503,1.4651234567901232,12.426742611066803,21.132790532879817,4.434300331052226,1.2610769662803412,0.4500240054869686,6.853383778085258,1.6546192365835222,0.0,3.377494637330496,0.1333333333333333,1,5,0,0,0,0,1,2,3,0,0,4,1,7,2,2,0,0,0,0,0,3.7627848528863934,3,3.344000000000001,0,0,0,0,3,0,0,0,0,0,0,0,3,1,0,0,0,0,0,0,0,1,1,0,1,0,0,0,2,0,0,0,0,0,0,0,0,0,0,0,0,0,0,0,0,0,0,1,0,0,0,0,0,0,0
C=C/C=C/C(=O)Nc1cc2c(Nc3cccc(Br)c3)ncnc2cn1,8.96,11.783077521808131,0.2869457167878881,-0.2869457167878881,0.4989854770187546,10.76,396.2480000000001,0.2490127042189147,-0.3395803355076829,0.3395803355076829,0.2490127042189147,1.2,2.08,2.6038251966964223,1.9298175449740176,970.5925823167648,-3.06,531896.3920551616,4.270510307319607,10.633577208012662,17.9630456304346,0.0,5.907179729351506,0.0,0.0,4.794537184071822,14.951935562841626,0.0,0.0,40.727286863677215,24.26546827384644,21.62235011181465,11.713544289229338,4.794537184071822,50.06316038973553,0.0,14.951935562841626,0.0,0.0,10.633577208012662,72.13571450861822,0.0,10.633577208012662,17.323111830353618,0.0,15.929943897949348,20.85911529219313,4.794537184071822,0.0,0.0,72.13571450861822,0.0,10.902924932081056,79.8,0.0,4.794537184071822,0.0,5.907179729351506,17.152426273286316,15.54633000498077,18.479360288432304,18.33923074690857,24.26546827384644,48.09439235240214,0.0,0.9578579674750866,3.440895538895369,24.48757398397325,6.69776623168398,1.5535356883226206,0.7555886117583457,9.474594289968136,7.521192424889509,3.5276619297003773,0.0,0.0,2,6,0,0,0,1,1,2,3,0,0,5,2,7,2,5,0,0,0,0,0,5.152066650890389,3,4.2116000000000025,0,0,0,0,3,0,0,0,1,0,0,0,3,2,0,0,0,0,0,2,0,3,0,0,1,0,0,0,1,0,0,0,0,0,0,0,0,0,0,0,0,0,0,0,0,0,0,1,0,0,0,0,0,0,0
C=CS(=O)(=O)Nc1cc2c(Nc3cccc(Br)c3)ncnc2cn1,9.12,11.59696641069702,0.1615668829260104,-3.634577907979331,0.6742049284000394,11.208333333333334,406.2650000000001,0.2550900348817073,-0.3395803333509731,0.3395803333509731,0.2550900348817073,1.1666666666666667,2.0,2.5508000829982262,2.0271830004556373,1023.3030767031177,-2.52,265107.2034260887,3.686581761307415,5.316788604006331,17.9630456304346,0.0,0.0,10.023291153407584,0.0,4.722094864452088,23.36973254717056,0.0,0.0,28.57524665000945,24.26546827384644,20.95438209563543,11.713544289229338,8.417796984328938,54.17927181379161,0.0,14.951935562841626,0.0,0.0,10.03888346845842,59.315706278771245,0.0,10.03888346845842,17.323111830353618,0.0,15.929943897949348,23.36973254717056,10.023291153407584,0.0,0.0,59.315706278771245,0.0,10.902924932081056,96.87,10.023291153407584,8.417796984328938,0.0,5.817862777835028,16.720787709916088,15.568157881170638,12.524163646377618,6.06636706846161,24.26546827384644,47.4996986128479,0.0,26.42953555126265,3.408947417849471,12.4041064079953,4.63952090391304,1.4152382527084912,0.7028178277483841,9.157479116504309,2.8908355379188717,3.2527635587454937,-3.634577907979331,0.0,2,7,0,0,0,0,1,2,3,0,0,6,2,9,2,5,0,0,0,0,0,4.45102565871326,3,3.416100000000001,0,0,0,0,3,0,0,0,0,0,0,0,3,2,0,0,0,0,0,0,0,3,0,0,1,0,0,0,1,0,0,0,0,0,0,0,0,0,0,0,0,0,0,0,0,0,0,1,1,0,0,0,0,0,0
Cn1c(=O)c(-c2c(Cl)cccc2Cl)cc2cnc(Nc3ccc(CCCC(=O)O)cc3)nc21,7.1,13.051244253984272,0.1468734002285303,-0.7933111452709787,0.3628144931305057,11.0,483.3550000000003,0.3028514950889796,-0.4812302517004031,0.4812302517004031,0.3028514950889796,1.121212121212121,1.818181818181818,2.780755680870455,1.607104948046467,1381.4915339904614,-3.42,24819946.274245504,4.99494983050237,10.423315998847038,5.647177220767728,0.0,5.948339280986494,5.559266895052008,5.969305287951849,14.156174015934996,4.9839785209472085,4.9839785209472085,0.0,41.40098098584986,48.73693007985707,36.30239915806163,15.608718119179647,9.901064578912528,51.84031205931946,0.0,14.53505668968577,7.04767198267719,19.26246486877803,5.316788604006331,80.69030231760944,11.126902983393991,10.87605549905834,11.635725555670057,0.0,23.20187978046503,25.61088937247833,18.26303078967502,0.0,18.40509473754901,59.522317303377775,10.045266627482652,22.160304418626517,97.11,5.969305287951849,9.589074368143644,0.0,11.980088517978018,50.995553572947685,11.250837766380558,4.567099647791355,37.509983828136704,24.26546827384644,15.284745645900747,28.30840717530574,1.4471564152548444,12.616103301240496,32.58656093080415,13.342113736616309,2.884397521670678,-0.4464101028632321,14.41873543494632,3.066407090877532,0.0,1.6404912270084595,0.1666666666666666,2,7,0,0,0,0,2,2,4,0,0,5,2,9,2,7,0,0,0,0,0,6.623818007247435,4,5.453200000000004,1,0,0,0,3,0,0,1,1,0,0,0,3,1,0,0,0,0,0,0,0,2,2,0,1,0,0,0,2,0,0,0,0,0,0,0,0,0,0,0,0,0,0,0,0,0,0,1,0,0,0,0,0,0,0
Cn1c(=O)c(-c2c(Cl)cccc2Cl)cc2cnc(Nc3ccncc3)nc21,6.04,12.913814968901548,0.2443878600823046,-0.2443878600823046,0.5524882972720051,10.925925925925926,398.2530000000001,0.2594296514204328,-0.324011657120607,0.324011657120607,0.2594296514204328,1.0740740740740742,1.7777777777777777,2.665831457909394,1.8582918958010703,1187.8517468916436,-2.96,1705129.780433838,3.2477133647272445,5.316788604006331,5.647177220767728,0.0,5.948339280986494,5.559266895052008,0.0,14.345615352810384,4.9839785209472085,4.9839785209472085,0.0,29.268246848926644,30.33183534230805,42.275264678361765,15.608718119179647,0.0,45.87100677136761,0.0,19.51903521063298,7.04767198267719,0.0,5.316788604006331,75.38780383221537,11.126902983393991,10.87605549905834,11.635725555670057,0.0,23.20187978046503,19.51903521063298,7.04767198267719,0.0,0.0,59.78327030968071,10.045266627482652,22.160304418626517,72.7,0.0,4.794537184071822,0.0,5.559266895052008,38.15391032709567,5.687386274683562,4.567099647791355,62.03640510828607,0.0,20.26872416684796,23.20187978046503,1.4620370370370368,12.552199223619656,25.674792571040143,4.610630051521279,1.9580795901796089,0.3816906721536355,10.444720694802765,4.98317820197392,0.0,1.65489417989418,0.0526315789473684,1,6,0,0,0,0,1,3,4,0,0,5,1,8,3,3,0,0,0,0,0,4.51273458756435,4,4.440900000000003,0,0,0,0,4,0,0,0,0,0,0,0,4,1,0,0,0,0,0,0,0,2,1,0,1,0,0,0,2,0,0,0,0,0,0,0,0,0,0,0,0,0,0,0,0,0,0,2,0,0,0,0,0,0,0
O=C(O)c1cc(NCc2cc(O)ccc2O)ccc1O,4.04,10.886162950538854,0.0208670319979844,-1.2302289094650207,0.5465776520357241,10.2,275.26000000000005,0.3390483186851681,-0.5079503987732238,0.5079503987732238,0.3390483186851681,1.0,1.7,2.4068838464703703,2.167259964404369,654.0076770679385,-2.89,28603.40763145388,2.9176814934958184,25.74289818336916,22.81198699154871,0.0,0.0,0.0,5.969305287951849,0.0,4.794537184071822,0.0,0.0,0.0,36.39820241076966,17.795594172293132,0.0,25.220646763434644,11.656691562635412,0.0,0.0,0.0,6.544756405912575,5.316788604006331,47.52510539416365,17.248535499851716,5.316788604006331,5.687386274683562,17.248535499851716,0.0,26.39541486731467,6.544756405912575,0.0,15.921440167465814,36.39820241076966,0.0,0.0,110.02,5.969305287951849,20.11411936859394,0.0,29.356743397461283,11.250837766380558,0.0,36.39820241076966,0.0,0.0,5.316788604006331,5.106527394840706,0.0,0.0,10.886162950538854,40.14342343459678,0.7296515705047459,-1.501228636516334,8.21017756674142,0.0,0.1984797808012095,0.0,0.0714285714285714,5,6,0,0,0,0,2,0,2,0,0,5,5,6,0,4,0,0,0,0,0,3.652455383635843,2,2.1137,0,0,0,1,0,0,3,1,1,0,0,0,0,1,0,0,0,0,0,0,0,1,0,0,0,0,0,0,0,0,0,0,0,0,0,0,0,0,0,0,0,0,0,0,0,0,0,0,0,0,0,0,0,0,0
O=C(O)/C=C/C(=O)Nc1ccc2ncnc(Nc3cccc(Br)c3)c2c1,9.43,11.75307752180813,0.5042879713613844,-1.187435540857743,0.5512260217801934,10.807692307692308,413.2310000000001,0.328000896548268,-0.4780715111288801,0.4780715111288801,0.328000896548268,1.0384615384615383,1.8846153846153848,2.604388588981161,1.8998440983971316,1020.2437685404648,-3.26,738385.8351935828,4.424192478314538,15.740104602853368,12.14518285259957,0.0,5.907179729351506,0.0,5.969305287951849,4.794537184071822,14.76249422596624,0.0,0.0,21.99631096641096,36.39820241076966,33.385756493332096,5.516700717616262,14.69560176298435,55.90198917453592,0.0,9.967957041894415,0.0,0.0,10.633577208012662,65.41664928349599,0.0,10.633577208012662,17.19263532720215,0.0,15.929943897949348,26.950969454038475,9.589074368143644,0.0,0.0,65.41664928349599,0.0,10.902924932081056,104.21,11.876485017303356,9.589074368143644,0.0,0.0,22.40817398459965,22.312146004183735,6.3273200747645415,18.19910120538483,24.26546827384644,36.531478147856426,5.106527394840706,0.9296590262724824,3.420373996945256,30.71705989772156,15.118719075621966,2.055009277630806,-1.136161775408292,12.793233505662448,3.185440328887108,0.0,0.0,0.0,3,7,0,0,0,1,2,1,3,0,0,5,3,8,1,5,0,0,0,0,0,5.233041958562055,3,3.715200000000001,1,0,0,0,2,0,0,1,2,0,0,0,2,2,0,0,0,0,0,0,0,3,0,0,1,0,0,0,1,0,0,0,0,0,0,0,0,0,0,0,0,0,0,0,0,0,0,0,0,0,0,0,0,0,0
Cn1c(=O)c(-c2c(Cl)cccc2Cl)cc2cnc(Nc3ccccc3)nc21,6.58,12.922079431711468,0.2343878600823046,-0.2343878600823046,0.525948324021813,10.925925925925926,397.2650000000001,0.2594296514204327,-0.3241253034869339,0.3241253034869339,0.2594296514204327,1.0,1.7037037037037035,2.665831457909394,1.8582918958010703,1185.7334482237611,-2.89,1705129.780433838,3.271115468091818,5.316788604006331,5.647177220767728,0.0,5.948339280986494,5.559266895052008,0.0,9.361636831863176,4.9839785209472085,4.9839785209472085,0.0,47.46734805431147,30.33183534230805,29.88157753513562,15.608718119179647,0.0,45.87100677136761,0.0,14.53505668968577,7.04767198267719,0.0,5.316788604006331,81.19321789437406,11.126902983393991,10.87605549905834,11.635725555670057,0.0,23.20187978046503,14.53505668968577,7.04767198267719,0.0,0.0,65.58868437183939,10.045266627482652,22.160304418626517,59.81,0.0,4.794537184071822,0.0,5.559266895052008,38.15391032709567,5.687386274683562,4.567099647791355,37.509983828136704,30.33183534230805,15.284745645900747,23.20187978046503,1.4743827160493823,12.562403305252309,21.756372074694585,4.674810050060253,2.061413497433971,0.4094684499314132,16.450525378989276,1.6679525699168556,0.0,1.66489417989418,0.05,1,5,0,0,0,0,2,2,4,0,0,4,1,7,2,3,0,0,0,0,0,4.556657736217106,4,5.045900000000003,0,0,0,0,3,0,0,0,0,0,0,0,3,1,0,0,0,0,0,0,0,2,1,0,1,0,0,0,2,0,0,0,0,0,0,0,0,0,0,0,0,0,1,0,0,0,0,1,0,0,0,0,0,0,0
CNc1ccc2ncnc(Nc3cccc(Br)c3)c2c1,7.96,4.341936885865457,0.7964814814814817,0.7964814814814817,0.7568777143573948,10.5,329.2010000000001,0.1412612607492185,-0.3881007802543101,0.3881007802543101,0.1412612607492185,1.0,1.9,2.470835110601559,2.061561517702104,757.6996200122517,-2.14,52142.0333390247,2.5776867553874423,10.633577208012662,12.14518285259957,0.0,0.0,0.0,0.0,0.0,9.967957041894415,0.0,0.0,21.99631096641096,36.39820241076966,28.28138826234152,5.516700717616262,0.0,44.02550415723256,0.0,9.967957041894415,0.0,0.0,17.68124919068985,53.26460906982823,0.0,10.633577208012662,17.19263532720215,0.0,15.929943897949348,17.015629024571606,0.0,0.0,0.0,53.26460906982823,0.0,10.902924932081056,49.84,0.0,0.0,0.0,0.0,0.0,32.56827977511562,0.0,6.3273200747645415,49.51224146190846,36.531478147856426,0.0,1.0247921915679854,3.4652929841906666,8.630236992945326,7.4441078252288575,2.9262266287687915,0.7964814814814817,13.99652020607626,1.5711298894557824,0.0,1.895211800284852,0.0666666666666666,2,4,0,0,0,0,2,1,3,0,0,4,2,5,1,3,0,0,0,0,0,3.5164935343073664,3,4.177600000000002,0,0,0,0,2,0,0,0,0,0,0,0,2,2,0,0,0,0,0,0,0,3,0,0,1,0,0,0,1,0,0,0,0,0,0,0,0,0,0,0,0,0,0,0,0,0,0,0,0,0,0,0,0,0,0
Cn1c(SSc2c(C(=O)Nc3ccccc3)c3cc(Br)ccc3n2C)c(C(=O)Nc2ccccc2)c2cc(Br)ccc21,4.94,13.77164232375646,0.1981324649186646,-0.1981324649186646,0.1614222536867281,11.238095238095235,720.5120000000002,0.2585567919364065,-0.3374829792507458,0.3374829792507458,0.2585567919364065,0.5952380952380952,0.9761904761904762,3.4138175842709577,1.4284581678554813,1828.2086070590244,-3.4399999999999986,4074485835.919202,5.514652152362784,19.76777650359537,0.0,0.0,0.0,11.814359458703011,0.0,9.589074368143644,0.0,0.0,0.0,68.25809020666836,82.25146663738957,56.22140541054844,21.178822940732477,9.589074368143644,98.44266562090438,0.0,9.13419929558271,14.09534396535438,10.051919957338482,10.633577208012662,117.13421511044464,0.0,10.633577208012662,11.374772549367124,0.0,53.44768374867215,20.94855875428572,14.09534396535438,0.0,20.715977351537635,116.05923208438912,0.0,21.805849864162116,68.06,0.0,9.589074368143644,0.0,11.814359458703011,11.126902983393991,52.17798140253255,21.587795952773448,0.0,120.2914163563229,42.49346500391136,0.0,5.833632899290229,7.150057387236362,27.54328464751292,9.344621160229163,4.456871671135082,-0.3962649298373293,30.73169022108232,0.0,0.0,6.836106943351261,0.0625,2,6,0,0,0,2,4,2,6,0,0,4,2,10,2,7,0,0,0,0,0,8.221935664108647,6,9.498999999999995,0,0,0,0,2,0,0,0,2,0,0,0,2,2,0,0,0,0,0,0,0,2,2,0,2,0,0,0,2,0,0,0,0,0,0,0,0,0,0,0,0,0,2,0,0,0,0,0,0,0,0,0,0,0,0
COc1ccc2c(C(=O)Nc3ccccc3)c(SSc3c(C(=O)Nc4ccccc4)c4ccc(OC)cc4n3C)n(C)c2c1,5.44,13.82324445225305,0.2232504076421269,-0.2232504076421269,0.159050718969794,11.090909090909092,622.772,0.2585561484463284,-0.4966868505114111,0.4966868505114111,0.2585561484463284,0.5909090909090909,0.9772727272727272,3.4927550530164764,1.437691540305329,1857.442966750234,-4.799999999999999,12264031685.798271,5.493615697729455,29.24150241119547,11.49902366656781,0.0,0.0,11.814359458703011,0.0,9.589074368143644,0.0,0.0,0.0,36.39820241076966,70.11873250046634,48.37529908057431,46.43181945852006,19.06280027574374,66.58277782500569,0.0,9.13419929558271,14.09534396535438,10.051919957338482,24.853172290567727,108.1887760787798,11.49902366656781,20.10730311561276,11.374772549367124,11.49902366656781,21.587795952773448,35.16815383684079,14.09534396535438,0.0,20.715977351537635,107.11379305272428,0.0,21.805849864162116,86.52000000000001,0.0,9.589074368143644,0.0,11.814359458703011,34.00069919932893,31.8577698215006,21.587795952773448,14.219595082555069,120.29141635632288,10.633577208012662,9.473725907600098,14.956053959849,0.0,27.6464889045061,9.166848793830008,4.205239953384658,0.942057244605808,30.126026744275208,0.0,0.0,9.957284399549216,0.1176470588235294,2,8,0,0,0,2,4,2,6,0,0,6,2,10,2,9,0,0,0,0,0,8.275030989753462,6,7.991200000000006,0,0,0,0,2,0,0,0,2,0,0,0,2,2,0,0,0,0,0,0,0,2,2,0,2,0,2,0,0,0,0,0,0,0,0,2,0,0,0,0,0,0,2,0,0,0,0,0,0,0,0,0,0,0,0
O=C(/C=C/C(=O)Nc1cc2c(Nc3cccc(Br)c3)ncnc2cn1)NCCCn1ccnc1,9.25,12.271528004656613,0.3147986057868885,-0.4733665576346848,0.2276105101751221,10.970588235294118,521.3790000000002,0.2492128005800818,-0.3524831276340165,0.3524831276340165,0.2492128005800818,1.088235294117647,1.9705882352941175,3.345803624477159,1.3433701022484814,1323.81657253892,-4.12,67668239.25655827,6.451170249778516,20.51746545981035,17.9630456304346,0.0,11.814359458703011,0.0,0.0,9.589074368143644,19.935914083788838,0.0,0.0,21.99631096641096,30.68628989677245,53.18157017369983,18.04086436399388,9.589074368143644,55.97034011908704,0.0,29.81980233558652,0.0,12.965578028838586,17.178333613925236,78.20176593617654,0.0,15.950365812018994,17.323111830353618,0.0,15.929943897949348,42.86212959619577,16.133830774056218,0.0,6.4208216229260096,78.20176593617654,0.0,10.902924932081056,126.72,5.907179729351506,9.589074368143644,0.0,5.907179729351506,29.08340689366369,23.12568381935456,18.479360288432304,24.787374286452305,35.02941149325088,51.81622379375718,0.0,2.857451232292592,3.4459569983826825,40.93477569692584,9.332778514037932,1.464678891557,0.0708502612834236,9.347653501168454,11.389918137839938,1.2392700998454784,0.0,0.1304347826086956,3,10,0,0,0,2,1,3,4,0,0,7,3,11,3,9,0,0,0,0,0,7.556304792994263,4,3.428600000000001,0,0,0,0,5,0,0,0,2,0,0,0,5,3,0,0,0,0,0,0,0,3,1,0,1,0,0,0,1,0,0,1,0,0,0,0,0,0,0,0,0,0,0,0,0,0,0,1,0,0,0,0,0,0,0
CN1CCN(CCCNc2ncc3cc(-c4c(Cl)cccc4Cl)c(=O)n(C)c3n2)CC1,5.06,13.01333811541177,0.2062810314695577,-0.2062810314695577,0.568439967544195,15.483870967741936,461.3970000000002,0.2594296502501286,-0.3541144979807646,0.3541144979807646,0.2594296502501286,1.096774193548387,1.8064516129032255,2.757596278400522,1.4942427648534211,1120.5346735122514,-2.189999999999999,10731230.038936086,4.849081804490285,15.116608065707286,5.647177220767728,0.0,5.948339280986494,5.559266895052007,0.0,9.361636831863176,4.9839785209472085,4.9839785209472085,0.0,29.268246848926644,38.2123512169006,56.91797329001493,15.608718119179647,0.0,40.18362049668405,0.0,24.334876151386727,7.04767198267719,6.4208216229260096,51.63299902215897,50.86138255206599,11.126902983393991,10.87605549905834,5.948339280986494,0.0,23.20187978046503,70.65108656953937,7.04767198267719,0.0,6.4208216229260096,35.25684902953134,10.045266627482652,22.160304418626517,66.28999999999999,0.0,4.794537184071822,0.0,5.559266895052007,32.76768611263087,51.07558427286625,4.567099647791355,37.509983828136704,0.0,32.13223709027889,23.20187978046503,1.5152933901215828,12.638574859038217,26.83942113998095,4.893427020726843,1.3168862464856244,0.5179661298675851,6.946957842509508,2.7289796631356804,6.298586847376987,3.859462416312583,0.4090909090909091,1,7,0,1,1,0,1,2,3,0,0,6,1,9,3,6,0,1,1,0,0,6.765972639479371,4,3.351700000000001,0,0,0,0,3,0,0,0,0,0,0,0,5,1,0,1,0,0,0,0,0,1,1,0,1,0,0,0,2,0,0,0,0,0,0,0,0,0,0,0,0,0,0,0,1,0,0,1,0,0,0,0,0,0,0
CN(C)CCNc1ncc2ncnc(Nc3cccc(Br)c3)c2n1,7.46,4.550651809334845,0.5661502162593433,0.5661502162593433,0.6723388468844977,11.0,388.2730000000001,0.2229985999836391,-0.3529179927290335,0.3529179927290335,0.2229985999836391,1.1666666666666667,2.0416666666666665,2.5496049929545546,1.8665786237324455,837.5238035725415,-2.32,309641.87757935177,4.149702375254885,15.533486938863138,17.360721509997063,5.817862777835028,5.948339280986494,0.0,0.0,0.0,19.935914083788838,0.0,0.0,21.99631096641096,32.29444517073921,23.24961860234113,6.196843571613076,0.0,44.41693366668695,0.0,24.83582381463931,0.0,0.0,37.81843398519219,41.26235143605647,0.0,10.633577208012662,17.453588333505085,0.0,15.929943897949348,52.02068059181885,0.0,0.0,0.0,41.26235143605647,0.0,11.033401435232523,78.86,0.0,0.0,0.0,0.0,22.799603494054047,23.24961860234113,6.3273200747645415,6.196843571613076,38.36081223920082,51.39934492060132,0.0,0.9921561717682958,3.4645717021981555,19.49193851329249,6.495484273956496,2.2968418241761044,1.21537205005459,7.87374495747692,3.207592080813807,1.6631225238539449,4.049175902409197,0.25,2,7,0,0,0,0,1,2,3,0,0,7,2,8,2,6,0,0,0,0,0,5.16680814805758,3,2.8994,0,0,0,0,4,0,0,0,0,0,0,0,5,2,0,1,0,0,0,0,0,3,0,0,1,0,0,0,1,0,0,0,0,0,0,0,0,0,0,0,0,0,0,0,0,0,0,0,0,0,0,0,0,0,0
CC(=O)Oc1cccc2c(C(=O)Nc3ccccc3)c(SSc3c(C(=O)Nc4ccccc4)c4cccc(OC(C)=O)c4n3C)n(C)c12,5.0,13.968011008898664,0.3117291755601366,-0.4900742036770069,0.0902394656201901,11.0,678.7919999999999,0.3075989896219496,-0.4244633994856476,0.4244633994856476,0.3075989896219496,0.5416666666666666,0.9166666666666666,3.510190466283972,1.4857936628426835,2053.1046381167525,-5.459999999999998,59623397546.76094,6.396785698843976,29.24150241119547,0.0,11.49902366656781,0.0,11.814359458703011,11.9386105759037,19.178148736287287,0.0,0.0,0.0,60.6636706846161,57.98599836354311,50.09003934303234,32.21222437596499,28.651874643887385,78.52138840090939,0.0,9.13419929558271,14.09534396535438,23.89939435671973,10.633577208012662,108.1887760787798,11.49902366656781,20.10730311561276,11.374772549367124,11.49902366656781,21.587795952773448,32.88716933018942,23.684418333498023,0.0,34.56345175091888,107.11379305272428,0.0,21.805849864162116,120.66000000000004,11.9386105759037,19.178148736287287,0.0,11.814359458703011,65.85846902082952,0.0,35.435270352154696,74.75901464997048,45.53240170635237,10.633577208012662,9.473725907600098,14.699714784130023,0.0,51.94206209134887,8.245695952388983,3.099169910397156,-1.0676052343450546,28.634000267647014,0.0,2.6438062965622557,6.136489265204092,0.1111111111111111,2,10,0,0,0,2,4,2,6,0,0,8,2,12,2,9,0,0,0,0,0,9.283974695227156,6,7.824600000000006,0,0,0,0,2,0,0,0,4,0,0,0,2,2,0,0,0,0,0,0,0,2,2,0,2,2,2,0,0,0,0,0,0,0,0,0,0,0,0,0,0,0,4,0,0,0,0,0,0,0,0,0,0,0,0
CCNc1ncc2cc(-c3c(Cl)cccc3Cl)c(=O)n(C)c2n1,5.35,12.721632889266818,0.2142143801965226,-0.2142143801965226,0.7827134485223528,10.956521739130435,349.22100000000006,0.2594296502501219,-0.3544415568452568,0.3544415568452568,0.2594296502501219,1.2608695652173914,1.9565217391304348,2.524618586513132,2.305486855173624,932.4484799067216,-2.1099999999999994,170389.03302235776,2.775656953550502,5.316788604006331,5.647177220767728,0.0,5.948339280986494,5.559266895052007,0.0,9.361636831863176,4.9839785209472085,4.9839785209472085,0.0,29.268246848926644,25.12283840507545,30.738947666364638,15.608718119179647,0.0,40.18362049668405,0.0,14.53505668968577,7.04767198267719,6.923737199690624,11.861545009918906,50.86138255206599,11.126902983393991,10.87605549905834,5.948339280986494,0.0,23.20187978046503,21.079813095598347,7.04767198267719,0.0,6.923737199690624,35.25684902953134,10.045266627482652,22.160304418626517,59.81,0.0,4.794537184071822,0.0,5.559266895052007,39.31244251854344,5.386224214464796,4.567099647791355,37.509983828136704,6.923737199690624,15.284745645900747,23.20187978046503,1.4790123456790123,12.464328061531042,21.344831427941543,4.626432412534957,1.2833502351557924,0.4847462277091909,6.8753245447500495,1.6746192365835222,2.6546155232320454,1.6682955404383977,0.1875,1,5,0,0,0,0,1,2,3,0,0,4,1,7,2,3,0,0,0,0,0,4.237836002112196,3,3.7341000000000015,0,0,0,0,3,0,0,0,0,0,0,0,3,1,0,0,0,0,0,0,0,1,1,0,1,0,0,0,2,0,0,0,0,0,0,0,0,0,0,0,0,0,0,0,0,0,0,1,0,0,0,0,0,0,0
Cc1ccc(Nc2ncc3cc(-c4c(Cl)cccc4Cl)c(=O)n(C)c3n2)cc1,6.32,12.959556474870327,0.23380934768561,-0.23380934768561,0.4935682048955531,11.0,411.2920000000002,0.2594296514204327,-0.324124967466748,0.324124967466748,0.2594296514204327,1.0357142857142858,1.7142857142857142,2.6753223236616024,1.824648254220059,1229.713334057843,-2.8899999999999992,2433441.081734709,3.345612820894842,5.316788604006331,5.647177220767728,0.0,5.948339280986494,5.559266895052007,0.0,9.361636831863176,4.9839785209472085,4.9839785209472085,0.0,46.96443247754686,37.255572541998674,29.88157753513562,15.608718119179647,0.0,45.87100677136762,0.0,14.53505668968577,7.04767198267719,6.923737199690624,5.316788604006331,80.69030231760944,11.126902983393991,10.87605549905834,11.635725555670057,0.0,23.20187978046503,14.53505668968577,7.04767198267719,6.923737199690624,5.563451491696996,59.522317303377775,10.045266627482652,22.160304418626517,59.81,0.0,4.794537184071822,0.0,5.559266895052007,38.15391032709567,11.250837766380558,4.567099647791355,37.509983828136704,31.18920547353706,15.284745645900747,23.20187978046503,1.4784979423868312,12.584570097895291,21.838704560030315,4.703357577917913,3.236311527720225,0.4119249881022371,14.771398991258922,1.6731609032501888,2.0227347870994503,1.6682275132275133,0.0952380952380952,1,5,0,0,0,0,2,2,4,0,0,4,1,7,2,3,0,0,0,0,0,4.790579253982242,4,5.354320000000003,0,0,0,0,3,0,0,0,0,0,0,0,3,1,0,0,0,0,0,0,0,2,2,0,1,0,0,0,2,0,0,0,0,0,0,0,0,0,0,0,0,0,0,0,0,0,0,1,0,0,0,0,0,0,0
COc1ccc2ncnc(Nc3cccc(Br)c3)c2c1,7.52,5.255776696481061,0.7564814814814816,0.7564814814814816,0.7838293770479815,10.5,330.18500000000006,0.1413222925999989,-0.4967407262365066,0.4967407262365066,0.1413222925999989,1.1,2.0,2.470835110601559,2.061561517702104,760.9447325100882,-2.14,52142.0333390247,2.5776867553874423,10.05365155780638,17.894694685883476,0.0,0.0,0.0,0.0,0.0,9.967957041894415,0.0,0.0,21.99631096641096,36.39820241076966,15.54633000498077,12.626498258893797,4.736862953800049,38.338117882549,0.0,9.967957041894415,0.0,0.0,12.426586145283864,53.26460906982823,5.749511833283905,10.05365155780638,11.50524905251859,5.749511833283905,15.929943897949348,17.07775458317195,0.0,0.0,0.0,53.26460906982823,0.0,10.902924932081056,47.040000000000006,0.0,0.0,0.0,0.0,0.0,32.63040533371596,0.0,13.437117616042077,42.46456947923127,31.2146895438501,4.736862953800049,6.268223209036701,3.4552929841906663,8.57468143738977,4.225366591080877,1.8337886196145128,1.5385113273704545,13.65820230484169,1.5507217261904762,0.0,1.645211800284852,0.0666666666666666,1,4,0,0,0,0,2,1,3,0,0,4,1,5,1,3,0,0,0,0,0,3.5164935343073664,3,4.1445000000000025,0,0,0,0,2,0,0,0,0,0,0,0,2,1,0,0,0,0,0,0,0,2,0,0,1,0,1,0,1,0,0,0,0,0,0,1,0,0,0,0,0,0,0,0,0,0,0,0,0,0,0,0,0,0,0
O=C1NC(=O)c2cc(Nc3ccc(F)cc3)c(Nc3ccc(F)cc3)cc21,6.16,13.137889703569927,0.2446924078273287,-0.4810293444997635,0.6019087024205132,12.51851851851852,365.33900000000006,0.2585045282920076,-0.3538065449458525,0.3538065449458525,0.2585045282920076,0.6296296296296297,1.0,2.923595565813356,1.7555667412650595,963.572018865218,-3.7399999999999984,1774505.5646260744,3.345532331278343,10.633577208012662,11.63444168209179,0.0,0.0,11.814359458703011,0.0,14.905862972149976,8.78083009534964,0.0,0.0,0.0,60.6636706846161,11.374772549367124,22.50167553276112,18.369904463493285,34.56390455743726,0.0,5.316788604006331,0.0,0.0,10.633577208012662,83.4250153501019,0.0,15.950365812018994,31.530375194083888,0.0,0.0,11.814359458703011,0.0,11.63444168209179,20.715977351537635,60.6636706846161,0.0,0.0,70.23,11.814359458703011,18.369904463493285,0.0,22.76134466548578,22.74954509873425,0.0,24.26546827384644,36.39820241076966,0.0,15.950365812018994,0.0,26.27577940713985,0.0,23.92190564165672,8.450594593898165,2.707479108927523,-1.704394856712192,14.515302771756591,0.0,0.0,0.0,0.0,3,5,0,1,1,2,3,0,3,0,0,4,3,7,1,4,0,0,0,0,0,4.040712141187587,4,4.335600000000002,0,0,0,0,0,0,0,0,2,0,0,0,0,3,0,0,0,0,0,0,0,4,0,0,1,0,0,0,2,0,0,0,1,0,0,0,0,0,0,0,0,0,0,0,0,0,0,0,0,0,0,0,0,0,0
COc1ccc(Nc2cc3c(cc2Nc2ccccc2)C(=O)NC3=O)cc1,5.7,12.037054749203016,0.3561327370454357,-0.3897759009735921,0.5986957105795973,12.333333333333334,359.3850000000001,0.2585045282920077,-0.4967658884728582,0.4967658884728582,0.2585045282920077,0.7407407407407407,1.2592592592592593,2.964054357627356,1.7394031655219455,1014.84675535145,-3.8,2155650.028345501,3.324410974589333,15.37044016181271,5.749511833283905,0.0,0.0,11.814359458703011,0.0,14.905862972149976,0.0,0.0,0.0,18.19910120538483,48.53093654769288,11.374772549367124,29.61147307403865,14.325937321943693,34.56390455743726,0.0,5.316788604006331,0.0,0.0,17.743374749290194,77.85694073647171,5.749511833283905,20.68722876581904,22.74954509873425,5.749511833283905,0.0,18.924156999980543,0.0,0.0,20.715977351537635,66.73003775307771,0.0,0.0,79.46000000000001,0.0,9.589074368143644,0.0,11.814359458703011,22.50167553276112,17.12428438265103,0.0,19.242531678200752,54.59730361615449,15.950365812018994,4.736862953800049,5.177961283463559,0.0,24.06377449832453,8.931275093753449,3.803823339776173,-0.0247564611881887,20.436374103839,0.0,0.0,1.611548142031478,0.0476190476190476,3,6,0,1,1,2,3,0,3,0,0,5,3,6,1,5,0,0,0,0,0,4.218184363710079,4,4.066000000000002,0,0,0,0,0,0,0,0,2,0,0,0,0,3,0,0,0,0,0,0,0,4,0,0,1,0,1,0,0,0,0,0,1,0,0,1,0,0,0,0,0,0,1,0,0,0,0,0,0,0,0,0,0,0,0
CN(C)CCCNC(=O)/C=C/C(=O)Nc1ccc2ncnc(Nc3cccc(Br)c3)c2c1,9.36,12.249028004656612,0.2996983904420218,-0.3970924529514896,0.3081820146975748,11.125,497.3970000000001,0.2480586328835486,-0.3525023684380325,0.3525023684380325,0.2480586328835486,1.03125,1.84375,2.7551238346375904,1.6448831270554916,1132.4246374009597,-3.2999999999999994,12531959.02935638,7.139449574711851,20.85027554286947,12.14518285259957,0.0,11.814359458703011,0.0,0.0,9.589074368143644,9.967957041894415,0.0,0.0,21.99631096641096,63.45912440496262,39.93051289924467,5.516700717616262,9.589074368143644,55.83986361593558,0.0,20.184655376751223,0.0,6.4208216229260096,37.81843398519219,65.41664928349599,0.0,15.950365812018994,17.19263532720215,0.0,15.929943897949348,53.86708300862744,9.589074368143644,0.0,6.4208216229260096,65.41664928349599,0.0,10.902924932081056,99.25,5.907179729351506,9.589074368143644,0.0,5.907179729351506,18.05000545843117,34.02860875143561,18.479360288432304,18.19910120538483,43.2607219700513,41.84826675186276,0.0,0.9466091241530848,3.4548232115346096,34.75838393656788,9.557199810334229,2.182513154247639,-0.0747139932216309,13.088450419382989,4.775856328600385,1.4404357972232968,3.953775544510853,0.217391304347826,3,8,0,0,0,2,2,1,3,0,0,6,3,9,1,9,0,0,0,0,0,8.29172495053688,3,3.698500000000001,0,0,0,0,2,0,0,0,2,0,0,0,3,3,0,0,0,0,0,0,0,3,0,0,1,0,0,0,1,0,0,0,0,0,0,0,0,0,0,0,0,0,0,0,0,0,0,0,0,0,0,0,0,0,0
CCOc1cc2ncc(C#N)c(Nc3ccc(F)c(Cl)c3)c2cc1NC(=O)/C=C/CN(C)C,7.08,13.575593405749409,0.04818045428546,-0.5453832938700158,0.4479232477463382,11.06060606060606,467.9320000000002,0.2476891905287519,-0.4916171569547509,0.4916171569547509,0.2476891905287519,1.3333333333333333,2.121212121212121,2.767470713354282,2.069589949315544,1253.8136530631218,-3.669999999999999,17860813.1886744,5.975639772723576,20.270349892663187,17.635953987122072,0.0,5.907179729351506,0.0,0.0,9.77851570501903,4.39041504767482,5.261891554738487,0.0,17.676959997066398,45.28454943889144,35.9575976419695,34.08444003693462,13.921815185546691,45.47320337571576,5.261891554738487,9.883888251797686,0.0,6.923737199690624,37.880559543792536,65.0840247740731,11.81873314607618,15.37044016181271,21.452573871725505,5.749511833283905,11.600939890232516,43.03805031692906,4.794537184071822,17.148333708576654,12.48718869138762,48.68071912758889,5.022633313741326,10.902924932081056,90.28,5.817220841045895,14.446843786485127,0.0,16.493264534789827,46.86623395984114,0.0,30.471964883831784,18.208754243757102,25.918990895895483,21.686777041752144,16.337802844032566,19.276332722098843,5.905325496888886,18.737265335380943,16.107405227700504,2.202650704581252,-0.4123097066527597,9.674225790984078,4.633578084894616,2.845007589722944,3.808296532178472,0.2083333333333333,2,7,0,0,0,1,2,1,3,0,0,6,2,9,1,8,0,0,0,0,0,7.825297504813717,3,5.097580000000004,0,0,0,0,1,0,0,0,1,0,0,0,3,2,0,1,0,0,0,0,0,3,0,0,1,0,1,0,2,0,0,0,0,0,0,0,0,0,0,0,0,0,0,0,0,0,0,1,0,0,0,0,0,0,0
Cn1c(SSc2c(C(=O)Nc3ccccc3)c3c(Cl)cccc3n2C)c(C(=O)Nc2ccccc2)c2c(Cl)cccc21,4.0,13.76416835582524,0.2730270335001021,-0.2730270335001021,0.1724617341729909,11.238095238095235,631.6100000000001,0.2586112597858412,-0.3374398670978488,0.3374398670978488,0.2586112597858412,0.5714285714285714,0.9523809523809524,3.447827286184469,1.4415183514965264,1828.2086070590244,-3.8199999999999994,4334364854.506382,5.157210052703178,19.76777650359537,0.0,0.0,0.0,11.814359458703011,0.0,9.589074368143644,0.0,0.0,0.0,71.73281632815791,70.11873250046634,36.2425649436511,42.25749100344765,9.589074368143644,89.78465760547071,0.0,9.13419929558271,14.09534396535438,10.051919957338482,10.633577208012662,118.23404270626246,0.0,10.633577208012662,11.374772549367124,0.0,44.78967573323848,20.94855875428572,14.09534396535438,0.0,20.715977351537635,107.11379305272428,10.045266627482652,21.805849864162116,68.06,0.0,9.589074368143644,0.0,11.814359458703011,53.37131054651184,11.033401435232523,21.587795952773448,12.13273413692322,108.15868221939968,10.633577208012662,23.20187978046503,3.912962245597828,13.341029177803144,27.52833671165048,9.707574796268885,3.936730077246946,-0.5460540670002043,29.752713344483148,0.0,0.0,6.588929936171999,0.0625,2,6,0,0,0,2,4,2,6,0,0,4,2,10,2,7,0,0,0,0,0,7.963192484092732,6,9.280799999999996,0,0,0,0,2,0,0,0,2,0,0,0,2,2,0,0,0,0,0,0,0,2,2,0,2,0,0,0,2,0,0,0,0,0,0,0,0,0,0,0,0,0,2,0,0,0,0,0,0,0,0,0,0,0,0
CCN(CC)c1ccc(Nc2cc3c(cc2Nc2ccc(N(CC)CC)cc2)C(=O)NC3=O)cc1,4.3,12.303875916436272,0.3747153646684673,-0.3749473346939769,0.3269829176886564,12.228571428571428,471.60500000000025,0.2585045282920076,-0.3720901787158596,0.3720901787158596,0.2585045282920076,0.6,0.9428571428571428,3.14704691363232,1.645063363323865,1102.767335195021,-4.0,88679653.1006081,5.086505190311419,20.433396669713616,0.0,0.0,0.0,11.814359458703011,0.0,14.905862972149976,0.0,0.0,0.0,0.0,88.35861948337862,48.92857072238454,22.50167553276112,9.589074368143644,45.938677106804384,0.0,5.316788604006331,0.0,27.694948798762496,46.61242229336391,71.7905736680101,0.0,25.750185273719943,34.124317648101375,0.0,0.0,37.99338508235331,0.0,0.0,48.41092615030013,60.6636706846161,0.0,0.0,76.71000000000001,0.0,9.589074368143644,0.0,11.814359458703011,11.126902983393991,60.30334327175167,0.0,12.13273413692322,24.26546827384644,77.7106023463289,0.0,0.0,0.0,29.17120403951836,9.24027330508412,6.293219804036836,-0.7498946693879533,19.888769135531813,0.0,12.323095051883485,0.0,0.2857142857142857,3,7,0,1,1,2,3,0,3,0,0,6,3,7,1,10,0,0,0,0,0,7.246084851364658,4,5.749800000000005,0,0,0,0,0,0,0,0,2,0,0,0,2,3,0,0,0,0,0,0,0,6,0,0,1,0,0,0,0,0,0,0,1,0,0,0,0,0,0,0,0,0,0,0,0,0,0,0,0,0,0,0,0,0,0
CCCCNc1ncc2cc(-c3c(Cl)cccc3Cl)c(=O)n(C)c2n1,5.36,12.824128042822576,0.2076776003611316,-0.2076776003611316,0.6647644962187497,11.04,377.27500000000015,0.2594296502501286,-0.3541641607633015,0.3541641607633015,0.2594296502501286,1.24,1.96,2.5937345274057715,2.1355873618190264,964.4573882620648,-2.1099999999999994,460514.9716063673,3.479271502537092,5.316788604006331,5.647177220767728,0.0,5.948339280986494,5.559266895052007,0.0,9.361636831863176,4.9839785209472085,4.9839785209472085,0.0,42.61280567154328,24.61992282831084,30.738947666364638,15.608718119179647,0.0,40.18362049668405,0.0,14.53505668968577,7.04767198267719,19.765380445542643,11.861545009918906,50.86138255206599,11.126902983393991,10.87605549905834,5.948339280986494,0.0,23.20187978046503,21.079813095598347,7.04767198267719,0.0,19.765380445542643,35.25684902953134,10.045266627482652,22.160304418626517,59.81,0.0,4.794537184071822,0.0,5.559266895052007,32.76768611263087,24.77262386622939,4.567099647791355,37.509983828136704,0.0,22.20848284559137,23.20187978046503,1.4970289273116657,12.52371517929728,21.61147624136125,4.779815494501573,1.3111162119806616,0.5134036351165985,6.907681088753801,3.815073758290576,2.913964138997578,1.6822808799445703,0.2777777777777778,1,5,0,0,0,0,1,2,3,0,0,4,1,7,2,5,0,0,0,0,0,5.251982118645595,3,4.514300000000003,0,0,0,0,3,0,0,0,0,0,0,0,3,1,0,0,0,0,0,0,0,1,1,0,1,0,0,0,2,0,0,0,0,0,0,0,0,0,0,0,0,0,0,0,0,0,0,1,0,0,0,0,0,1,0
Nc1ccc2ncnc(Nc3cccc(Br)c3)c2n1,8.12,5.70832220542538,0.4440668829260101,0.4440668829260101,0.759476002540334,10.578947368421051,316.16200000000003,0.1600169660443628,-0.383676409718754,0.383676409718754,0.1600169660443628,1.105263157894737,2.0,2.394578743878499,2.073888448670164,743.9351400210894,-2.21,29561.07459318007,2.4808574181507552,11.050456081168516,17.66188357021583,5.817862777835028,0.0,0.0,0.0,0.0,14.951935562841626,0.0,0.0,21.99631096641096,30.33183534230805,10.160105790515976,5.516700717616262,0.0,44.28645716353549,0.0,14.951935562841626,0.0,0.0,11.050456081168516,47.198242001366616,0.0,11.050456081168516,17.323111830353618,0.0,15.929943897949348,14.951935562841626,0.0,0.0,0.0,47.198242001366616,0.0,11.033401435232523,76.72,0.0,0.0,0.0,0.0,17.152426273286316,15.676806508132238,6.3273200747645415,6.06636706846161,30.33183534230805,36.19866806479731,5.733667477162185,0.989198843117494,3.4284696370832286,12.653839482552282,3.215787037037037,8.030333141744352,1.07869651255564,11.353157701352146,1.500517644557823,0.0,0.0,0.0,3,5,0,0,0,0,1,2,3,0,0,5,2,6,2,2,0,0,0,0,0,3.0031764230420537,3,3.113100000000001,0,0,1,0,3,0,0,0,0,0,0,0,3,1,1,0,0,0,0,0,0,3,0,0,1,0,0,0,1,0,0,0,0,0,0,0,0,0,0,0,0,0,0,0,0,0,0,1,0,0,0,0,0,0,0
CNc1cc2c(Nc3cccc(Br)c3)ncnc2cn1,7.82,4.314159108087679,0.7564814814814816,0.7564814814814816,0.7686164717854101,10.5,330.189,0.1413802015289232,-0.3731300898776188,0.3731300898776188,0.1413802015289232,1.1,2.0,2.470835110601559,2.061561517702104,759.3903695631361,-2.21,52142.0333390247,2.551872091854025,10.633577208012662,17.9630456304346,0.0,0.0,0.0,0.0,0.0,14.951935562841626,0.0,0.0,21.99631096641096,24.26546827384644,22.59400198765796,11.713544289229338,0.0,44.15598066038402,0.0,14.951935562841626,0.0,0.0,17.68124919068985,47.32871850451808,0.0,10.633577208012662,17.323111830353618,0.0,15.929943897949348,21.999607545518813,0.0,0.0,0.0,47.32871850451808,0.0,10.902924932081056,62.73,0.0,0.0,0.0,0.0,0.0,32.69875627826709,6.3273200747645415,6.196843571613076,37.37950732498524,41.51545666880364,0.0,1.0124465125556394,3.4552929841906668,12.790930387587135,7.242718936339968,1.7626775085034017,1.538511327370455,9.85249269074914,3.262217852418745,0.0,1.8327118002848524,0.0714285714285714,2,5,0,0,0,0,1,2,3,0,0,5,2,6,2,3,0,0,0,0,0,3.4705125472403666,3,3.572600000000002,0,0,0,0,3,0,0,0,0,0,0,0,3,2,0,0,0,0,0,0,0,3,0,0,1,0,0,0,1,0,0,0,0,0,0,0,0,0,0,0,0,0,0,0,0,0,0,1,0,0,0,0,0,0,0
CN1CC[C@H](c2c(O)cc(O)c3c(=O)cc(-c4ccccc4Cl)oc23)[C@H](O)C1,5.12,12.769432004283193,0.018767006802721,-0.7438293825760758,0.6095989367593201,20.535714285714285,401.8460000000001,0.1965913933844352,-0.5073732324029954,0.5073732324029954,0.1965913933844352,1.1785714285714286,1.9285714285714288,2.626300717252821,1.9967325788263288,1109.8816324905745,-2.539999999999999,2097158.9013421573,3.133014463437629,24.636642852425943,28.22851544154929,5.428790391900541,0.0,0.0,0.0,4.794537184071822,0.0,0.0,0.0,23.733674027155736,32.14598414843899,35.72229957239118,11.126599701489628,19.736733121575465,22.57018424633955,0.0,4.899909730850478,0.0,18.442694056835705,20.13718479450234,57.20761479218034,22.822722577139245,5.428790391900541,0.0,11.49902366656781,11.600939890232516,46.46064309762323,0.0,0.0,17.9021791607844,45.609890531894834,5.022633313741326,22.29294326667848,94.14,17.450662825810234,20.11411936859394,0.0,28.22851544154929,29.115114325973902,12.611123474374184,6.06636706846161,24.26546827384644,11.947581713527669,0.0,16.018090827285864,6.001549744897959,6.246199911255526,14.761653224854882,31.805403435176917,0.4917950575291852,-0.7667591017888629,9.348952683558714,-0.1692925205061449,1.1516720241305374,1.9066033186690652,0.2857142857142857,3,6,0,1,1,0,2,1,3,2,0,6,3,7,2,2,0,1,1,0,0,4.7871441616773245,4,3.304600000000001,0,1,0,0,0,0,2,0,0,0,1,0,1,0,0,1,1,0,0,0,0,0,0,0,1,0,0,0,1,0,0,0,0,0,0,0,0,0,0,0,0,0,0,1,0,0,0,0,0,0,0,0,0,0,0
Oc1ccc2ncnc(Nc3ccc(OCc4ccccc4)cc3)c2c1,7.01,9.71032696850608,0.180564723460578,0.180564723460578,0.5516162693289812,10.615384615384617,343.386,0.1413217109575821,-0.5079391485895695,0.5079391485895695,0.1413217109575821,0.8846153846153846,1.6923076923076923,2.6865047014792687,1.4850361810875312,1018.2672733362938,-3.599999999999999,1422214.096925513,3.5661340665873973,15.160178952647088,30.2510884836803,0.0,0.0,0.0,0.0,0.0,9.967957041894415,0.0,0.0,30.33183534230805,48.02802097092827,11.073610489148358,5.516700717616262,9.843390348640757,22.40817398459965,0.0,9.967957041894415,0.0,6.606881964512918,5.316788604006331,84.68717638800088,11.49902366656781,10.05365155780638,11.50524905251859,11.49902366656781,0.0,15.074484436735125,6.606881964512918,0.0,5.563451491696996,79.12372489630387,0.0,10.902924932081056,67.27000000000001,0.0,5.106527394840706,0.0,5.749511833283905,12.424744742347947,27.90327453174552,6.3273200747645415,18.19910120538483,54.59730361615449,15.284745645900747,4.736862953800049,5.796761099884296,0.0,8.486751241435897,13.728709923192662,2.768965887134073,1.6189415821751894,22.736284562676506,1.4990619826902296,0.5311903874778152,0.0,0.0476190476190476,2,5,0,0,0,0,3,1,4,0,0,5,2,5,1,5,0,0,0,0,0,4.346126550672215,4,4.658000000000003,0,0,0,0,2,0,1,0,0,0,0,0,2,1,0,0,0,0,0,0,0,2,0,0,1,0,1,0,0,0,0,0,0,0,0,0,0,0,0,0,0,0,0,0,0,0,0,0,0,0,0,0,0,0,0
Brc1cccc(Nc2ncnc3cc4c(cnn4CCN4CCOCC4)cc23)c1,8.43,5.428625703098515,0.7880247514397046,0.7880247514397046,0.4958303531605322,15.20689655172414,453.34400000000034,0.1412089517526902,-0.3787927178983254,0.3787927178983254,0.1412089517526902,1.0689655172413792,1.9655172413793105,3.1371002005495177,1.4436472089243575,1154.5468498120863,-2.5499999999999994,9012123.42372983,3.9597681932998094,10.05365155780638,12.14518285259957,0.0,0.0,0.0,0.0,9.581712665995664,9.967957041894415,5.098681808301038,0.0,21.99631096641096,30.33183534230805,40.566823437183295,36.98876534178401,4.736862953800049,49.241042814630056,0.0,24.64835151619112,0.0,6.544756405912575,38.164821750769896,53.395085572979696,0.0,5.316788604006331,11.50524905251859,0.0,15.929943897949348,57.49638466295467,11.281619359712623,0.0,0.0,53.395085572979696,0.0,21.80584986416212,68.10000000000001,0.0,0.0,0.0,0.0,0.0,77.17660798518925,0.0,6.3273200747645415,30.46231184545952,58.027818155070015,4.736862953800049,8.510204221277942,3.509745318095232,11.370043294577684,10.081308723103351,2.9691319673686096,0.7880247514397046,12.245647107071974,3.520732037030964,5.421829246701206,0.0,0.2857142857142857,1,7,0,1,1,0,2,2,4,0,0,6,1,8,3,5,0,1,1,0,0,5.134458050065694,5,3.817800000000002,0,0,0,0,4,0,0,0,0,0,0,0,5,1,0,0,0,0,0,0,0,2,0,0,2,0,1,0,1,0,0,0,0,0,0,0,1,0,0,0,0,0,0,0,0,0,0,0,0,0,0,0,0,0,0
COc1cc2ncnc(Nc3cccc(Br)c3)c2cc1OC,10.6,5.352813733518099,0.6408261421852695,0.6408261421852695,0.7574940736488871,10.5,360.2110000000001,0.1624156702098614,-0.4928420696142627,0.4928420696142627,0.1624156702098614,1.0,1.7727272727272727,2.536419075563668,2.093088316671023,823.5951342117369,-2.3399999999999994,130369.40406489698,2.8242436577658467,14.790514511606428,12.14518285259957,11.49902366656781,0.0,0.0,0.0,0.0,9.967957041894415,0.0,0.0,21.99631096641096,24.26546827384644,21.612697073442384,19.736295800171327,9.473725907600098,38.338117882549,0.0,9.967957041894415,0.0,0.0,19.5363836865614,47.198242001366616,11.49902366656781,14.790514511606428,11.50524905251859,11.49902366656781,15.929943897949348,24.18755212444948,0.0,0.0,0.0,47.198242001366616,0.0,10.902924932081056,56.27000000000001,0.0,0.0,0.0,0.0,17.316886444402837,21.063030722597038,6.3273200747645415,14.219595082555069,36.39820241076966,31.2146895438501,9.473725907600098,11.654473771028156,3.4576363037498954,8.617972726127487,4.160270927815571,1.716950651402536,1.9937507873519784,11.584465852501342,1.522388392857143,0.0,3.2087572538325606,0.125,1,5,0,0,0,0,2,1,3,0,0,5,1,6,1,4,0,0,0,0,0,4.105971624928737,3,4.153100000000003,0,0,0,0,2,0,0,0,0,0,0,0,2,1,0,0,0,0,0,0,0,2,0,0,1,0,2,0,1,0,0,0,0,0,0,2,0,0,0,0,0,0,0,0,0,0,0,0,0,0,0,0,0,0,0
CN(C)Cc1c[nH]c2cc3ncnc(Nc4cccc(Br)c4)c3cc12,8.59,4.455476977828168,0.8074102418745278,0.8074102418745278,0.52612214813807,11.52,396.2920000000001,0.1412081595542428,-0.360775618213311,0.360775618213311,0.1412081595542428,1.12,2.0,2.947812871784908,1.836356904196936,1054.2452484315008,-2.4399999999999995,746672.1569845019,3.226802069980773,15.200676855804016,12.14518285259957,0.0,0.0,0.0,0.0,0.0,9.967957041894415,0.0,0.0,21.99631096641096,49.99063079935942,39.19085491458748,5.516700717616262,0.0,49.241042814630056,0.0,19.8518452936921,0.0,6.544756405912575,19.41213256936071,58.95853706467668,0.0,5.316788604006331,11.50524905251859,0.0,15.929943897949348,33.94718925904648,6.544756405912575,0.0,5.563451491696996,53.39508557297969,0.0,21.80584986416212,56.84,0.0,0.0,0.0,0.0,0.0,38.9423506239609,10.949675706161791,6.3273200747645415,24.26546827384644,73.52349946953848,0.0,1.02514436651612,3.5034404180505128,14.396341838209624,5.614125855589149,4.255481111426052,0.8074102418745278,12.290306476757369,3.663235822393696,0.8825310802312966,4.145316122284987,0.1578947368421052,2,5,0,0,0,0,2,2,4,0,0,4,2,6,2,4,0,0,0,0,0,4.14780862810511,4,4.6788000000000025,0,0,0,0,3,1,0,0,0,0,0,0,3,2,0,0,0,0,0,0,0,2,0,0,2,0,0,0,1,0,0,0,0,0,0,0,0,0,0,0,0,0,0,0,0,0,0,0,0,0,0,0,0,0,0
Brc1cccc(Nc2ccnc3ccccc23)c1,5.26,4.351780832703452,0.9976822326152684,0.9976822326152684,0.7389268219532727,10.5,299.17100000000005,0.0722344248581648,-0.3548959345434081,0.3548959345434081,0.0722344248581648,0.9444444444444444,1.8333333333333333,2.3923092080754857,2.0482588136086703,689.3982161354704,-1.8699999999999992,20951.844044325106,2.2193650483160083,5.316788604006331,0.0,0.0,0.0,0.0,0.0,4.9839785209472085,0.0,0.0,0.0,40.19541217179579,30.33183534230805,27.43055985127741,5.516700717616262,0.0,38.20764137939753,0.0,4.9839785209472085,0.0,0.0,5.316788604006331,65.26686670359999,0.0,5.316788604006331,11.374772549367124,0.0,15.929943897949348,4.9839785209472085,0.0,0.0,0.0,65.26686670359999,0.0,10.902924932081056,24.92,0.0,0.0,0.0,0.0,0.0,26.750416997280595,0.0,0.0,48.661413050844345,38.36344515982611,0.0,1.0609830351893843,3.472887574011086,4.351780832703452,4.54270880574452,3.122152659674982,0.0,18.21074571418073,1.822074711829176,0.0,0.0,0.0,1,2,0,0,0,0,2,1,3,0,0,2,1,3,1,2,0,0,0,0,0,2.985261531919856,3,4.740900000000003,0,0,0,0,1,0,0,0,0,0,0,0,1,1,0,0,0,0,0,0,0,2,0,0,1,0,0,0,1,0,0,0,0,0,0,0,0,0,0,0,0,0,1,0,0,0,0,1,0,0,0,0,0,0,0
CS(=O)(=O)CCNCCCCOc1ccc2ncnc(Nc3ccc(OCc4ccccc4)cc3)c2c1,7.13,11.14686457362376,0.157946604121383,-2.921431325114094,0.2298500031615485,11.37837837837838,520.6550000000002,0.1482044192983649,-0.4935731078600213,0.4935731078600213,0.1482044192983649,0.8378378378378378,1.6216216216216215,2.898724250423374,1.2864398227700955,1380.7387897925792,-3.689999999999999,214175325.48513344,8.730170949532274,20.10730311561276,40.0883416200978,0.0,0.0,0.0,0.0,0.0,18.385754026223356,0.0,0.0,30.33183534230805,67.41442062269286,23.874136078572334,17.87643628887597,17.891522891929036,32.24542712101715,0.0,15.284745645900747,0.0,19.448525210364934,37.0218061706026,84.68717638800088,11.49902366656781,20.10730311561276,11.50524905251859,11.49902366656781,0.0,50.09077159281962,16.44413510093042,0.0,18.40509473754901,79.12372489630387,0.0,10.902924932081056,102.44,9.837253136417502,8.417796984328938,0.0,5.752853606746789,25.57638311277344,53.03918601679402,6.255769183511404,6.3273200747645415,72.79640482153933,20.60153424990708,9.473725907600098,34.10206311586626,0.0,8.806662213770071,7.381705407138545,2.834207368876646,2.4003145206025542,23.60629679980857,4.549140438226624,2.324374794158157,-2.921431325114094,0.2857142857142857,2,8,0,0,0,0,3,1,4,0,0,8,2,9,1,14,0,0,0,0,0,9.285972966867604,4,4.745600000000003,0,0,0,0,2,0,0,0,0,0,0,0,2,2,0,0,0,0,0,0,0,2,0,0,1,0,2,0,0,0,0,0,0,0,0,0,0,0,0,0,0,0,0,0,0,0,0,0,0,1,0,0,0,1,0
COc1ccc2ncnc(Nc3ccc(OCc4ccccc4)cc3)c2c1,7.17,5.827838923575756,0.5455929187072694,0.5455929187072694,0.5283996043024779,10.555555555555555,357.41300000000007,0.1413218372327671,-0.4967407262365067,0.4967407262365067,0.1413218372327671,0.8518518518518519,1.6296296296296295,2.737640795871232,1.4908909105185186,1034.294267530631,-3.599999999999999,2477499.216884364,3.9794003141861904,14.790514511606428,30.2510884836803,0.0,0.0,0.0,0.0,0.0,9.967957041894415,0.0,0.0,30.33183534230805,48.02802097092827,11.073610489148358,12.626498258893797,9.473725907600098,22.40817398459965,0.0,9.967957041894415,0.0,6.606881964512918,12.426586145283864,84.68717638800088,11.49902366656781,14.790514511606428,11.50524905251859,11.49902366656781,0.0,17.07775458317195,6.606881964512918,0.0,5.563451491696996,79.12372489630387,0.0,10.902924932081056,56.27000000000001,0.0,0.0,0.0,0.0,6.606881964512918,39.47064914286445,0.0,13.437117616042077,72.79640482153933,15.284745645900747,9.473725907600098,11.134569572956648,0.0,8.666456456855398,4.2409481474303465,2.918610921840922,2.319890464942254,23.645441564597643,1.5500823908534946,0.5455929187072694,1.645074228482695,0.0909090909090909,1,5,0,0,0,0,3,1,4,0,0,5,1,5,1,6,0,0,0,0,0,4.830733441642535,4,4.961000000000003,0,0,0,0,2,0,0,0,0,0,0,0,2,1,0,0,0,0,0,0,0,2,0,0,1,0,2,0,0,0,0,0,0,0,0,1,0,0,0,0,0,0,0,0,0,0,0,0,0,0,0,0,0,0,0
CS(=O)(=O)CCNCc1ccc(-c2ccc3ncnc(Nc4ccc(OCc5cccc(F)c5)c(Cl)c4)c3c2)o1,8.0,13.43080267349532,0.0663616872403092,-3.0189964704993364,0.1794794929805593,11.575,581.0690000000002,0.1482046266228122,-0.4873439231472526,0.4873439231472526,0.1482046266228122,1.025,1.9,3.3922507391730585,1.291877087026654,1760.5816038855614,-3.989999999999999,1089671666.2054772,7.14680707641382,19.78759109886606,51.67654546560868,0.0,0.0,0.0,0.0,0.0,22.77616907389817,0.0,0.0,23.733674027155736,66.2271221763131,29.437587570269333,22.836944044016956,21.962225922857154,43.84636701124967,0.0,15.284745645900747,0.0,13.151638370425491,23.8701678001771,101.28727796166254,17.07321074385534,15.370440161812713,15.89566410019341,5.749511833283905,11.600939890232516,36.939133222394126,22.988891506843,5.817220841045895,11.323698910571435,83.54087583335722,5.022633313741326,22.226623842652494,106.35,9.837253136417502,12.808212032003755,0.0,18.1769564123056,52.45085334081485,16.466376423778055,24.71582339519917,24.26546827384644,36.39820241076966,20.60153424990708,20.754953781085916,47.77016383386254,6.467436423952425,8.79698874038175,7.555419093540143,2.991532856334796,2.1726441865322363,20.97804452970269,2.6916802072288206,0.9561977100750518,-3.0189964704993364,0.1724137931034483,2,8,0,0,0,0,3,2,5,0,0,8,2,11,2,11,0,0,0,0,0,8.29487589236724,5,6.139100000000005,0,0,0,0,2,0,0,0,0,0,0,0,2,2,0,0,0,0,0,0,0,2,0,0,1,0,1,1,2,0,0,0,0,0,0,0,0,0,0,0,0,0,0,0,0,0,0,0,0,1,0,0,0,0,0
O=C(O)Cn1ncc2cc3c(Nc4cccc(Br)c4)ncnc3cc21,7.28,10.958463959553148,0.1912305675892436,-0.9400049181962402,0.5461438757446158,11.08,398.2200000000001,0.3248525375540005,-0.4798666663033533,0.4798666663033533,0.3248525375540005,1.24,2.12,2.948665241710364,1.8213717217384544,1108.7948345349257,-2.999999999999999,747383.4354901174,3.0324,10.423315998847038,18.689939258512148,0.0,0.0,0.0,5.969305287951849,9.476340119217006,9.967957041894415,5.098681808301038,0.0,21.99631096641096,30.33183534230805,20.932554219445567,17.2302450068456,9.901064578912528,55.2103481025819,0.0,19.74844178534064,0.0,6.544756405912575,5.316788604006331,53.39508557297969,0.0,5.316788604006331,11.50524905251859,0.0,15.929943897949348,30.824274468133197,11.339293589984395,0.0,0.0,53.39508557297969,0.0,21.805849864162116,92.93,5.969305287951849,4.794537184071822,0.0,6.544756405912575,11.33456349545129,26.44925493706183,11.009123009909723,6.196843571613076,36.39820241076966,36.31337135215113,5.106527394840706,2.4109895314958307,3.448385707664884,19.59556411597374,18.094101346977844,2.3381346611124307,-0.2631673436602528,11.525568229661618,3.1249876516964807,-0.1912305675892436,0.0,0.0588235294117647,2,7,0,0,0,0,2,2,4,0,0,5,2,8,2,4,0,0,0,0,0,3.809930752373996,4,3.5702000000000016,1,0,0,0,4,0,0,1,1,0,0,0,4,1,0,0,0,0,0,0,0,2,0,0,2,0,0,0,1,0,0,0,0,0,0,0,0,0,0,0,0,0,0,0,0,0,0,0,0,0,0,0,0,0,0
Brc1cccc(Nc2ncnc3cc4c(ccn4CCN4CCOCC4)cc23)c1,8.43,5.444250703098515,0.8158025292174824,0.8158025292174824,0.4859942000196747,15.20689655172414,452.35600000000034,0.1412079820349621,-0.3787927179818684,0.3787927179818684,0.1412079820349621,1.0344827586206895,1.9310344827586208,3.1371002005495177,1.4436472089243575,1152.57815461031,-2.4799999999999995,9012123.42372983,3.985010405827263,14.620751205597736,12.14518285259957,0.0,0.0,0.0,0.0,4.899909730850478,9.967957041894415,0.0,0.0,21.99631096641096,36.39820241076966,53.30842341470894,24.24716536425836,4.736862953800049,49.241042814630056,0.0,19.43496642053625,0.0,6.544756405912575,38.164821750769896,59.4614526414413,0.0,5.316788604006331,11.50524905251859,0.0,15.929943897949348,52.28299956729981,11.281619359712623,0.0,0.0,59.4614526414413,0.0,21.80584986416212,55.21000000000001,0.0,0.0,0.0,0.0,0.0,66.27368305310819,10.902924932081056,6.3273200747645415,24.26546827384644,65.07764369948984,4.736862953800049,8.78582922127794,3.5180097809051487,11.458229235620768,5.6408651595821375,3.135868078479721,0.8158025292174824,14.58421144600518,3.786038975679804,5.691812239898486,0.0,0.2727272727272727,1,6,0,1,1,0,2,2,4,0,0,5,1,7,3,5,0,1,1,0,0,5.179783784566661,5,4.422800000000003,0,0,0,0,3,0,0,0,0,0,0,0,4,1,0,0,0,0,0,0,0,2,0,0,2,0,1,0,1,0,0,0,0,0,0,0,1,0,0,0,0,0,0,0,0,0,0,0,0,0,0,0,0,0,0
O=C(NCCCCOc1ccc2ncnc(Nc3ccc(OCc4ccccc4)cc3)c2c1)C(F)(F)F,7.13,12.193698404647463,0.0720068836478713,-4.8674687429697965,0.2485950777695654,11.216216216216216,510.5160000000002,0.4706621987880643,-0.4935727700604134,0.4935727700604134,0.4706621987880643,0.8648648648648649,1.6216216216216215,2.901669807106587,1.3112264273026053,1316.2895365560094,-4.34,203442894.90362912,7.569172310432043,20.10730311561276,30.2510884836803,0.0,0.0,0.0,12.08347824679498,4.794537184071822,9.967957041894415,13.17124514302446,0.0,30.33183534230805,60.86966421678028,17.618366895060934,12.12358268212918,27.439508234696383,28.315353713951158,0.0,15.284745645900747,0.0,25.62482372780841,18.468426974431825,84.68717638800088,11.49902366656781,20.10730311561276,24.67649419554305,11.49902366656781,0.0,35.20307365911489,11.40141914858474,0.0,18.40509473754901,79.12372489630387,0.0,10.902924932081056,85.37,12.08347824679498,17.96578232709628,0.0,13.151638370425491,31.01589982148387,27.90327453174552,6.3273200747645415,12.13273413692322,65.98045928862243,15.284745645900747,9.473725907600098,48.15027716587032,0.0,19.46217765741103,5.881077015198964,2.6298296592932164,-0.0087608389922883,22.835945067511283,-2.56249259300641,0.6952802000472245,0.0,0.2222222222222222,2,7,0,0,0,1,3,1,4,0,0,6,2,10,1,11,0,0,0,0,0,8.396830389975863,4,5.789900000000005,0,0,0,0,2,0,0,0,1,0,0,0,2,2,0,0,0,0,3,0,0,2,0,0,1,0,2,0,3,0,0,0,0,0,0,0,0,0,0,0,0,0,0,0,0,0,0,0,0,0,0,0,0,1,0
Brc1cccc(Nc2ncnc3ccccc23)c1,7.57,4.294306500377929,0.8182407407407409,0.8182407407407409,0.7727745472420349,10.5,300.15900000000005,0.1411833490887853,-0.3395830631087509,0.3395830631087509,0.1411833490887853,0.9444444444444444,1.8333333333333333,2.3923092080754857,2.0482588136086703,691.9437186586283,-1.9399999999999995,20951.844044325106,2.1941482918552837,5.316788604006331,12.14518285259957,0.0,0.0,0.0,0.0,0.0,9.967957041894415,0.0,0.0,34.12904510333418,30.33183534230805,15.54633000498077,5.516700717616262,0.0,38.338117882549,0.0,9.967957041894415,0.0,0.0,5.316788604006331,59.33097613828984,0.0,5.316788604006331,11.50524905251859,0.0,15.929943897949348,9.967957041894415,0.0,0.0,0.0,59.33097613828984,0.0,10.902924932081056,37.81,0.0,0.0,0.0,0.0,0.0,26.880893500432062,0.0,6.3273200747645415,48.53093654769288,31.214689543850096,0.0,1.0332052574116066,3.45247941074578,8.534976221970268,4.320486583522298,1.9289119189342403,0.8182407407407409,15.92295848817922,1.572074711829176,0.0,0.0,0.0,1,3,0,0,0,0,2,1,3,0,0,3,1,4,1,2,0,0,0,0,0,2.9411756888744525,3,4.135900000000001,0,0,0,0,2,0,0,0,0,0,0,0,2,1,0,0,0,0,0,0,0,2,0,0,1,0,0,0,1,0,0,0,0,0,0,0,0,0,0,0,0,0,1,0,0,0,0,0,0,0,0,0,0,0,0
CS(=O)(=O)CCNCCCCOc1ccc2ncnc(Nc3ccc(F)c(Cl)c3)c2c1,7.7,13.394964502178574,0.0261039957296316,-2.9289905301089227,0.412958505367282,11.580645161290322,466.96600000000007,0.1482044192983649,-0.4935731078600213,0.4935731078600213,0.1482044192983649,1.096774193548387,1.935483870967742,2.7202689922135947,1.5508704287178805,1144.673053252572,-2.4899999999999998,6944003.453733721,7.303409548089558,15.37044016181271,33.54916866334688,0.0,0.0,0.0,0.0,0.0,22.77616907389817,0.0,0.0,11.600939890232516,55.784602062534255,23.874136078572334,22.899069602617296,17.545074985803808,43.84636701124967,0.0,15.284745645900747,0.0,12.84164324585202,37.0218061706026,53.56537664032142,5.749511833283905,15.37044016181271,15.89566410019341,5.749511833283905,11.600939890232516,50.09077159281962,9.837253136417502,5.817220841045895,12.84164324585202,42.7255224855342,5.022633313741326,10.902924932081056,93.21,15.654473977463397,12.808212032003755,0.0,10.775486920488117,30.40639925622799,30.28932458384565,24.71582339519917,6.06636706846161,18.19910120538483,20.60153424990708,16.337802844032566,41.38601307015372,5.855344008749031,8.553098523074635,7.0429315350281625,1.3557680516644992,0.9075485793208844,9.91719878909914,4.381888307300191,1.7236441101631004,-2.9289905301089227,0.3333333333333333,2,7,0,0,0,0,2,1,3,0,0,7,2,10,1,11,0,0,0,0,0,7.999449938690232,3,3.959100000000002,0,0,0,0,2,0,0,0,0,0,0,0,2,2,0,0,0,0,0,0,0,2,0,0,1,0,1,0,2,0,0,0,0,0,0,0,0,0,0,0,0,0,0,0,0,0,0,0,0,1,0,0,0,1,0
OCC(O)Cn1ncc2cc3c(Nc4cccc(Br)c4)ncnc3cc21,7.92,9.682792299917535,0.221963876855201,-0.8537489318005334,0.4649810900328111,12.576923076923077,414.26300000000015,0.1412089517528097,-0.3936130076895913,0.3936130076895913,0.1412089517528097,1.1923076923076923,2.076923076923077,3.0200477129212997,1.774594933621364,1081.7543433070884,-2.5499999999999994,1323650.6720008503,3.2607907935379914,15.529843393687742,12.14518285259957,0.0,0.0,0.0,0.0,4.681802935145185,9.967957041894415,5.098681808301038,0.0,21.99631096641096,30.33183534230805,20.932554219445567,36.4858497650194,10.213054789681411,49.24104281463005,0.0,19.74844178534064,0.0,12.648722793660877,11.923670568519247,53.39508557297969,0.0,5.316788604006331,11.50524905251859,0.0,15.929943897949348,42.67234492728328,6.544756405912575,0.0,0.0,53.39508557297969,0.0,21.805849864162116,96.09,6.103966387748303,5.106527394840706,0.0,13.151638370425491,5.817862777835028,31.96595565467809,6.3273200747645415,10.878646506758262,36.39820241076966,36.31337135215113,5.106527394840706,2.6445269185084923,3.4639748742980063,8.727125178379687,28.143291070161453,2.531088734155789,0.7066138091038887,11.730318961133127,2.3888267458470684,-0.0857662915875183,0.0,0.1666666666666666,3,7,0,0,0,0,2,2,4,1,0,6,3,8,2,5,0,0,0,0,1,4.53972020668982,4,2.8388,0,2,0,0,4,0,0,0,0,0,0,0,4,1,0,0,0,0,0,0,0,2,0,0,2,0,0,0,1,0,0,0,0,0,0,0,0,0,0,0,0,0,0,0,0,0,0,0,0,0,0,0,0,0,0
CN(C)CCCn1ccc2cc3c(Nc4cccc(Br)c4)ncnc3cc21,7.68,4.498454034391535,0.8197757207285528,0.8197757207285528,0.4710959147989232,11.555555555555555,424.3460000000001,0.1412079820348707,-0.3473672256707095,0.3473672256707095,0.1412079820348707,1.1111111111111112,2.0,3.0223798333157825,1.6894589986020252,1086.520261276531,-2.4399999999999995,2026959.0352132292,3.964259595180344,14.783797982648164,12.14518285259957,0.0,0.0,0.0,0.0,0.0,9.967957041894415,0.0,0.0,21.99631096641096,63.45912440496262,33.67415419697122,11.033401435232523,0.0,49.24104281463005,0.0,19.43496642053625,0.0,12.965578028838586,25.956888975273284,59.461452641441305,0.0,5.316788604006331,11.50524905251859,0.0,15.929943897949348,40.07506679180321,6.544756405912575,0.0,6.4208216229260096,59.461452641441305,0.0,21.805849864162116,45.98,0.0,0.0,0.0,0.0,0.0,46.39122793518322,10.902924932081056,6.3273200747645415,24.26546827384644,79.17298766484423,0.0,3.3379372185259357,3.511471929244877,11.179520819321503,5.644466934730733,3.1543014828248177,0.8197757207285528,14.571094820531478,4.898942356704959,2.0809003750791475,4.218255008974663,0.238095238095238,1,5,0,0,0,0,2,2,4,0,0,4,1,6,2,6,0,0,0,0,0,5.093281208499476,4,5.042300000000004,0,0,0,0,3,0,0,0,0,0,0,0,4,1,0,0,0,0,0,0,0,2,1,0,2,0,0,0,1,0,0,0,0,0,0,0,0,0,0,0,0,0,0,0,0,0,0,0,0,0,0,0,0,0,0
CS(=O)(=O)CCNCCCCOc1ccc2ncnc(Nc3ccc(OCc4cccc(F)c4)c(Cl)c3)c2c1,7.57,13.402134551089684,0.1386150715516663,-2.9418046529910358,0.1899471088993911,11.461538461538462,573.0900000000001,0.1482044192983649,-0.4935731078600213,0.4935731078600213,0.1482044192983649,0.9743589743589745,1.8461538461538465,2.8928244345234164,1.3252612893570372,1520.9726392086734,-3.469999999999999,427551843.2942982,9.053301717275872,20.10730311561276,45.905562461143695,0.0,0.0,0.0,0.0,0.0,22.77616907389817,0.0,0.0,23.733674027155736,73.48078769115448,23.874136078572334,22.899069602617296,22.281937939603857,43.84636701124967,0.0,15.284745645900747,0.0,19.448525210364934,37.0218061706026,83.39429640586486,11.49902366656781,20.10730311561276,15.89566410019341,11.49902366656781,11.600939890232516,50.09077159281962,16.44413510093042,5.817220841045895,18.40509473754901,66.99099075938064,5.022633313741326,10.902924932081056,102.44,9.837253136417502,12.808212032003755,0.0,18.1769564123056,46.741995894950215,30.28932458384565,24.71582339519917,24.26546827384644,24.26546827384644,20.60153424990708,21.074665797832616,47.389301009758,6.444340169970721,8.736944122324518,7.610119812069611,2.1841520616708507,1.6094656416803252,17.16508802808177,4.416078245623897,1.914093339589124,-2.9418046529910358,0.2857142857142857,2,8,0,0,0,0,3,1,4,0,0,8,2,11,1,14,0,0,0,0,0,9.912767899019444,4,5.5381000000000045,0,0,0,0,2,0,0,0,0,0,0,0,2,2,0,0,0,0,0,0,0,2,0,0,1,0,2,0,2,0,0,0,0,0,0,0,0,0,0,0,0,0,0,0,0,0,0,0,0,1,0,0,0,1,0
Cn1ncc2cc3c(Nc4cccc(Br)c4)ncnc3cc21,9.43,4.380710034013605,0.7859750566893426,0.7859750566893426,0.5907366330453317,11.181818181818182,354.21100000000007,0.1412089517386547,-0.3395827374928515,0.3395827374928515,0.1412089517386547,1.1363636363636365,2.0454545454545454,2.867440192000257,1.880655230057104,992.3396029835848,-2.4699999999999998,196826.8296592816,2.212389141008838,5.316788604006331,12.14518285259957,0.0,0.0,0.0,0.0,4.681802935145185,9.967957041894415,5.098681808301038,0.0,21.99631096641096,30.33183534230805,27.980226202122758,17.2302450068456,0.0,49.24104281463005,0.0,19.74844178534064,7.04767198267719,0.0,5.316788604006331,53.39508557297969,0.0,5.316788604006331,11.50524905251859,0.0,15.929943897949348,19.74844178534064,7.04767198267719,0.0,0.0,53.39508557297969,0.0,21.805849864162116,55.63,0.0,0.0,0.0,0.0,0.0,37.78381843251312,0.0,6.3273200747645415,48.2581538317435,42.379738420612746,0.0,2.8645194740992,3.4767685351548536,8.751101977828167,9.68318533306854,2.9202416514445293,0.7859750566893426,12.082170614770495,3.4261030145082723,0.0,1.926601009103264,0.0625,1,5,0,0,0,0,2,2,4,0,0,4,1,6,2,2,0,0,0,0,0,3.041446365643488,4,4.022600000000002,0,0,0,0,4,0,0,0,0,0,0,0,4,1,0,0,0,0,0,0,0,2,1,0,2,0,0,0,1,0,0,0,0,0,0,0,0,0,0,0,0,0,0,0,0,0,0,0,0,0,0,0,0,0,0
O=C(O)Cn1ccc2cc3c(Nc4cccc(Br)c4)ncnc3cc21,8.29,10.998463959553147,0.0801194564781324,-0.8775049181962402,0.5403359347456532,11.08,397.2320000000001,0.3230150342347656,-0.4799152857130718,0.4799152857130718,0.3230150342347656,1.2,2.08,2.948665241710364,1.8213717217384544,1106.832693284657,-2.9299999999999997,747383.4354901174,3.056403855852057,14.99041564663839,18.689939258512148,0.0,0.0,0.0,5.969305287951849,4.794537184071822,9.967957041894415,0.0,0.0,21.99631096641096,36.39820241076966,27.129397791058643,11.033401435232523,9.901064578912528,55.2103481025819,0.0,14.53505668968577,0.0,6.544756405912575,5.316788604006331,59.461452641441305,0.0,5.316788604006331,11.50524905251859,0.0,15.929943897949348,25.61088937247833,11.339293589984395,0.0,0.0,59.461452641441305,0.0,21.805849864162116,80.04,5.969305287951849,4.794537184071822,0.0,6.544756405912575,5.817862777835028,31.96595565467809,6.3273200747645415,10.763943219404432,42.46456947923127,31.214689543850096,5.106527394840706,2.670989531495831,3.4566501704748007,19.683750057016827,14.160819773252548,2.504870772223541,-0.1728895658824749,13.589951257181369,3.269310794049024,-0.0801194564781324,0.0,0.0555555555555555,2,6,0,0,0,0,2,2,4,0,0,4,2,7,2,4,0,0,0,0,0,3.85120676946382,4,4.175200000000002,1,0,0,0,3,0,0,1,1,0,0,0,3,1,0,0,0,0,0,0,0,2,0,0,2,0,0,0,1,0,0,0,0,0,0,0,0,0,0,0,0,0,0,0,0,0,0,0,0,0,0,0,0,0,0
CS(=O)(=O)CCNCCCOc1ccc2ncnc(Nc3ccc(OCc4ccccc4)cc3)c2c1,6.98,11.15988488288592,0.1366539794613754,-2.940707724276556,0.2580673485883349,11.36111111111111,506.6280000000002,0.1482044193788539,-0.4935227634440471,0.4935227634440471,0.1482044193788539,0.8611111111111112,1.6388888888888888,2.8782128741023763,1.317854312280505,1363.9451720182003,-3.689999999999999,131419568.2427624,7.927874313341035,20.10730311561276,40.0883416200978,0.0,0.0,0.0,0.0,0.0,18.385754026223356,0.0,0.0,30.33183534230805,60.993598999766846,23.874136078572334,17.87643628887597,17.891522891929036,32.24542712101715,0.0,15.284745645900747,0.0,13.027703587438928,37.0218061706026,84.68717638800088,11.49902366656781,20.10730311561276,11.50524905251859,11.49902366656781,0.0,50.09077159281962,16.44413510093042,0.0,11.984273114623004,79.12372489630387,0.0,10.902924932081056,102.44,9.837253136417502,8.417796984328938,0.0,5.752853606746789,32.121139518686014,40.07360798795544,12.583089258275946,0.0,72.79640482153933,20.60153424990708,9.473725907600098,34.07282256881826,0.0,8.779629639839396,7.325107934956319,2.812078964710909,2.3361304272013146,23.50787552621048,3.5303641737701312,2.160031822103077,-2.940707724276556,0.2592592592592592,2,8,0,0,0,0,3,1,4,0,0,8,2,9,1,13,0,0,0,0,0,8.697331483025463,4,4.355500000000003,0,0,0,0,2,0,0,0,0,0,0,0,2,2,0,0,0,0,0,0,0,2,0,0,1,0,2,0,0,0,0,0,0,0,0,0,0,0,0,0,0,0,0,0,0,0,0,0,0,1,0,0,0,0,0
CN(C)CCn1ccc2cc3c(Nc4cccc(Br)c4)ncnc3cc21,7.39,4.48298721340388,0.8157791897623248,0.8157791897623248,0.5203407636112961,11.538461538461538,410.3190000000001,0.1412079820349621,-0.3461286663403793,0.3461286663403793,0.1412079820349621,1.1153846153846154,2.0,3.0048156400436734,1.750522975882945,1070.374431435303,-2.4399999999999995,1253564.01279162,3.428223754018157,14.783797982648164,12.14518285259957,0.0,0.0,0.0,0.0,0.0,9.967957041894415,0.0,0.0,21.99631096641096,50.49354637612404,40.2189106028838,11.033401435232523,0.0,49.24104281463005,0.0,19.43496642053625,0.0,6.544756405912575,25.956888975273284,59.461452641441305,0.0,5.316788604006331,11.50524905251859,0.0,15.929943897949348,40.07506679180321,6.544756405912575,0.0,0.0,59.461452641441305,0.0,21.805849864162116,45.98,0.0,0.0,0.0,0.0,0.0,39.97040631225721,10.902924932081056,6.3273200747645415,24.26546827384644,79.17298766484423,0.0,3.3049909213351327,3.506394867170047,11.126515460640675,5.621118718709809,3.128963430407109,0.8157791897623248,14.520658916386784,3.7534427384934688,1.955873988893851,4.182928434867468,0.2,1,5,0,0,0,0,2,2,4,0,0,4,1,6,2,5,0,0,0,0,0,4.610908937371888,4,4.652200000000003,0,0,0,0,3,0,0,0,0,0,0,0,4,1,0,1,0,0,0,0,0,2,0,0,2,0,0,0,1,0,0,0,0,0,0,0,0,0,0,0,0,0,0,0,0,0,0,0,0,0,0,0,0,0,0
COC(=O)CN(C)Cc1c[nH]c2cc3ncnc(Nc4cccc(Br)c4)c3cc12,8.47,11.531444193246733,0.2317025345632153,-0.2576859187866929,0.4248079305167503,11.310344827586206,454.32800000000015,0.3193642624360776,-0.4680527609658091,0.4680527609658091,0.3193642624360776,1.2413793103448276,2.103448275862069,3.079553658114243,1.7060926318055714,1190.3509713253566,-2.9699999999999998,5037863.386184697,4.228705889469414,15.037630078753589,12.14518285259957,0.0,0.0,0.0,5.969305287951849,9.6944469149223,9.967957041894415,0.0,0.0,21.99631096641096,42.94295881668224,39.19085491458748,19.17125466480637,9.53140013787187,55.210348102581904,0.0,19.8518452936921,0.0,6.544756405912575,26.01901453387363,58.95853706467668,0.0,5.316788604006331,11.50524905251859,0.0,15.929943897949348,46.52337651151126,16.076156543784446,0.0,5.563451491696996,53.39508557297969,0.0,21.80584986416212,83.14,0.0,4.794537184071822,0.0,12.514061693864424,6.544756405912575,43.34726992421012,7.109797541277533,6.3273200747645415,48.4762606274488,42.26503513325891,4.736862953800049,5.739902904036965,3.492633674094301,25.613225168888185,5.373576250505813,3.865298919438721,0.4831153354845291,12.02862381840565,3.5224579524762154,0.8454836147945118,3.285682361875105,0.1904761904761904,2,7,0,0,0,0,2,2,4,0,0,6,2,8,2,6,0,0,0,0,0,5.459506771251125,4,4.222000000000002,0,0,0,0,3,1,0,0,1,0,0,0,3,2,0,1,0,0,0,0,0,2,0,0,2,1,1,0,1,0,0,0,0,0,0,1,0,0,0,0,0,0,0,0,0,0,0,0,0,0,0,0,0,0,0
CN(CC(=O)O)Cc1c[nH]c2cc3ncnc(Nc4cccc(Br)c4)c3cc12,9.14,10.941166415468953,0.0148252432145625,-0.8456488817496555,0.4175333901933685,11.392857142857142,440.3010000000001,0.3172034765296381,-0.4802858101469012,0.4802858101469012,0.3172034765296381,1.25,2.107142857142857,3.01344460894644,1.74336020419992,1173.9079948156314,-2.9699999999999998,2846505.8045000248,3.828714624750564,15.407294519794243,12.14518285259957,0.0,0.0,0.0,5.969305287951849,9.6944469149223,9.967957041894415,0.0,0.0,21.99631096641096,42.94295881668224,39.19085491458748,12.061457123528836,9.901064578912528,55.210348102581904,0.0,19.8518452936921,0.0,6.544756405912575,18.909216992596097,58.95853706467668,0.0,5.316788604006331,11.50524905251859,0.0,15.929943897949348,44.52010636507443,11.339293589984395,0.0,5.563451491696996,53.39508557297969,0.0,21.80584986416212,94.14,5.969305287951849,4.794537184071822,0.0,6.544756405912575,6.544756405912575,43.34726992421012,0.0,18.27490178829221,42.595045982382736,36.1986680647973,5.106527394840706,0.9792968608471856,3.47859287548319,24.76625084866576,14.261662984667064,3.73007601883346,-0.1270928065417943,11.90524510890629,3.454076433201839,0.5128447259056227,1.7890469500313824,0.15,3,7,0,0,0,0,2,2,4,0,0,5,3,8,2,6,0,0,0,0,0,4.973965597627051,4,4.133600000000002,1,0,0,0,3,1,0,1,1,0,0,0,3,2,0,1,0,0,0,0,0,2,0,0,2,0,0,0,1,0,0,0,0,0,0,0,0,0,0,0,0,0,0,0,0,0,0,0,0,0,0,0,0,0,0
CS(=O)(=O)CCN(CCCCOc1ccc2ncnc(Nc3ccc(OCc4ccccc4)cc3)c2c1)C(=O)C(F)(F)F,6.58,12.935061783332271,0.173142406990254,-5.078278928154981,0.1838561513250526,11.72093023255814,616.6620000000004,0.4708830351402208,-0.4935727687884725,0.4935727687884725,0.4708830351402208,0.9069767441860463,1.627906976744186,2.974152688071821,1.320119082998904,1618.931465107373,-4.39,2381785367.5069394,9.842468040122816,19.690424242456903,40.0883416200978,0.0,0.0,0.0,12.08347824679498,4.794537184071822,18.385754026223356,13.17124514302446,0.0,30.33183534230805,60.86966421678028,30.418892484484918,17.87643628887597,35.85730521902532,38.152606850368656,0.0,14.867866772744891,0.0,25.62482372780841,37.0218061706026,84.68717638800088,11.49902366656781,14.790514511606428,24.67649419554305,11.49902366656781,0.0,67.07415957046507,21.23867228500224,0.0,18.40509473754901,79.12372489630387,0.0,10.902924932081056,110.72,34.218341395871846,26.383579311425223,0.0,19.572459993351504,40.3979128614894,23.256118783175864,6.3273200747645415,18.19910120538483,54.59730361615449,15.284745645900747,9.473725907600098,73.21663727030017,0.0,20.880524245030458,3.975895321854745,2.5327482016024607,-0.8163615078964575,22.56994142043392,-2.189839950657289,-0.1374494654254083,-3.5320955352425902,0.3,1,9,0,0,0,1,3,1,4,0,0,8,1,13,1,14,0,0,0,0,0,10.406558473497594,4,5.546900000000005,0,0,0,0,2,0,0,0,1,0,0,0,3,1,0,0,0,0,3,0,0,2,0,0,1,0,2,0,3,0,0,0,0,0,0,0,0,0,0,0,0,0,0,0,0,0,0,0,0,1,0,0,0,1,0
C#Cc1cccc(Nc2ncnc3ccc(OCCCCNCCS(C)(=O)=O)cc23)c1,7.96,11.09042975126629,0.1587874030776428,-2.9139664391255606,0.3508503178682678,11.225806451612904,438.5530000000002,0.1482044192983649,-0.4935731078600213,0.4935731078600213,0.1482044192983649,1.096774193548387,1.967741935483871,2.750737089270136,1.5528739380791303,1172.9002949339258,-3.15,8137750.346788787,7.241577650900968,15.37044016181271,27.731947822300977,0.0,0.0,0.0,0.0,0.0,18.385754026223356,0.0,6.423349895620259,11.986801387317254,55.784602062534255,29.437587570269333,17.87643628887597,13.154659938128988,32.24542712101715,0.0,15.284745645900747,0.0,12.84164324585202,37.0218061706026,54.3553410456928,18.093296047759807,15.37044016181271,11.50524905251859,5.749511833283905,0.0,50.09077159281961,9.837253136417502,12.343784214475903,18.40509473754901,48.79188955399581,0.0,10.902924932081056,93.21,9.837253136417502,8.417796984328938,0.0,5.752853606746789,18.969501148260523,47.28967418351012,12.583089258275946,0.0,42.46456947923127,26.52196856876272,11.160212849420308,28.06396329825452,0.0,8.697450654873858,7.288930871372102,2.4549700412212907,4.208958789613066,13.302473044236097,10.008775169308166,1.805111236913128,-2.9139664391255606,0.3043478260869565,2,7,0,0,0,0,2,1,3,0,0,7,2,8,1,11,0,0,0,0,0,7.815282443103147,3,3.1479000000000017,0,0,0,0,2,0,0,0,0,0,0,0,2,2,0,0,0,0,0,0,0,2,0,0,1,0,1,0,0,0,0,0,0,0,0,0,0,0,0,0,0,0,0,0,0,0,0,0,0,1,1,0,0,1,0
CS(=O)(=O)CCNCCCCOc1ccc2ncnc(Nc3ccc(S(=O)(=O)c4ccccc4)cc3)c2c1,7.03,12.845132696826187,0.1348821646077109,-3.590884660154188,0.2357691391578901,11.921052631578949,554.6940000000002,0.2060892209814798,-0.4935731078600213,0.4935731078600213,0.2060892209814798,0.8157894736842105,1.5526315789473684,2.904847352615308,1.365917558177108,1577.3747700383967,-3.539999999999999,274298553.9922972,7.497456421354845,15.37044016181271,27.731947822300977,0.0,9.837253136417502,0.0,0.0,0.0,26.80355101055229,0.0,0.0,18.19910120538483,73.9837032679191,23.874136078572334,27.66740323991152,21.572456922457924,42.08268025743465,0.0,15.284745645900747,0.0,22.63261019688757,37.0218061706026,79.12372489630387,5.749511833283905,15.37044016181271,11.50524905251859,5.749511833283905,0.0,58.50856857714855,19.674506272835004,0.0,12.84164324585202,88.91469184733944,0.0,10.902924932081056,127.35,19.674506272835004,16.835593968657875,0.0,15.54382055778234,30.40639925622799,30.28932458384565,12.583089258275946,54.59730361615449,18.19910120538483,20.60153424990708,4.736862953800049,53.883726620270906,0.0,9.15298781671695,7.140605226326303,1.4304704525307363,1.397734890929399,20.452173388496806,4.380434419419229,1.6971441758300894,-6.535276990520414,0.2592592592592592,2,9,0,0,0,0,3,1,4,0,0,9,2,11,1,13,0,0,0,0,0,8.925099417049662,4,3.9994000000000014,0,0,0,0,2,0,0,0,0,0,0,0,2,2,0,0,0,0,0,0,0,2,0,0,1,0,1,0,0,0,0,0,0,0,0,0,0,0,0,0,0,0,0,0,0,0,0,0,0,2,0,0,0,1,0
C=CCOc1ccc2ncnc(Nc3ccc(OCc4ccccc4)cc3)c2c1,7.1,5.842737905851113,0.4507964524047165,0.4507964524047165,0.4062367523658516,10.482758620689657,383.4510000000001,0.141321842156963,-0.4895299956848845,0.4895299956848845,0.141321842156963,0.8620689655172413,1.6551724137931034,2.7799314705547653,1.4799830107832586,1096.094554400974,-3.859999999999999,6503216.006053467,4.706779352078241,14.790514511606428,36.857970448193214,0.0,0.0,0.0,0.0,0.0,9.967957041894415,0.0,0.0,42.98679113274043,48.02802097092827,11.073610489148358,5.516700717616262,9.473725907600098,22.40817398459965,0.0,9.967957041894415,0.0,6.606881964512918,11.923670568519247,97.34213217843326,11.49902366656781,14.790514511606428,11.50524905251859,11.49902366656781,0.0,16.574839006407334,6.606881964512918,0.0,5.563451491696996,91.77868068673628,0.0,10.902924932081056,56.27000000000001,0.0,0.0,0.0,0.0,13.213763929025836,39.47064914286445,0.0,12.403340181598423,72.79640482153933,21.863681329499244,9.473725907600098,11.47238522189867,0.0,8.718114620120705,4.236321745943825,2.8910889022306083,2.2814600585373217,23.638123170697494,3.262450562353229,4.666722384884814,0.0,0.0833333333333333,1,5,0,0,0,0,3,1,4,0,0,5,1,5,1,8,0,0,0,0,0,5.668866352948252,4,5.517200000000004,0,0,0,0,2,0,0,0,0,0,0,0,2,1,0,0,0,0,0,0,0,2,0,0,1,0,2,0,0,0,0,0,0,0,0,0,0,0,0,0,0,0,0,0,0,0,0,0,0,0,0,0,0,0,0
CN(C)CCn1ncc2cc3c(Nc4cccc(Br)c4)ncnc3cc21,7.4,4.530773070323936,0.7880014119845471,0.7880014119845471,0.537184429202951,11.538461538461538,411.3070000000001,0.1412089517526902,-0.3395827374928303,0.3395827374928303,0.1412089517526902,1.1538461538461535,2.0384615384615383,3.0048156400436734,1.750522975882945,1072.202236047732,-2.51,1253564.01279162,3.4030987276386453,10.216698334856808,12.14518285259957,0.0,0.0,0.0,0.0,4.681802935145185,9.967957041894415,5.098681808301038,0.0,21.99631096641096,44.42717930766243,27.47731062535814,23.77500141275817,0.0,49.24104281463005,0.0,24.64835151619112,0.0,6.544756405912575,25.956888975273284,53.39508557297969,0.0,5.316788604006331,11.50524905251859,0.0,15.929943897949348,45.28845188745808,6.544756405912575,0.0,0.0,53.39508557297969,0.0,21.805849864162116,58.870000000000005,0.0,0.0,0.0,0.0,0.0,50.87333124433827,0.0,6.3273200747645415,35.1441147806047,67.44135918527923,0.0,3.044990921335133,3.4981304043601296,11.038329519597593,9.980372514657327,2.962227319295998,0.7880014119845471,12.199609222200364,3.495369596140925,1.78226287778274,4.127372879311912,0.2105263157894736,1,6,0,0,0,0,2,2,4,0,0,5,1,7,2,5,0,0,0,0,0,4.56552922677333,4,4.047200000000002,0,0,0,0,4,0,0,0,0,0,0,0,5,1,0,1,0,0,0,0,0,2,0,0,2,0,0,0,1,0,0,0,0,0,0,0,0,0,0,0,0,0,0,0,0,0,0,0,0,0,0,0,0,0,0
Brc1cccc(Nc2ncnc3cc4[nH]ncc4cc23)c1,9.36,4.354880952380952,0.7788888888888892,0.7788888888888892,0.5785608229687813,11.095238095238097,340.184,0.1412089493043457,-0.3395827375004697,0.3395827375004697,0.1412089493043457,1.0952380952380951,2.0476190476190474,2.9266027455486903,1.8712395592286568,947.0215539642676,-2.4699999999999998,139127.7679206392,2.231246197016361,5.316788604006331,12.14518285259957,0.0,0.0,0.0,0.0,5.098681808301038,9.967957041894415,5.098681808301038,0.0,21.99631096641096,30.33183534230805,20.932554219445567,17.2302450068456,0.0,49.241042814630056,0.0,20.16532065849649,0.0,0.0,5.316788604006331,53.395085572979696,0.0,5.316788604006331,11.50524905251859,0.0,15.929943897949348,20.16532065849649,0.0,0.0,0.0,53.395085572979696,0.0,21.80584986416212,66.49000000000001,0.0,0.0,0.0,0.0,0.0,37.78381843251312,0.0,12.524163646377618,36.39820241076966,41.412053160452174,0.0,1.0167469240782734,3.4674279704165616,8.677495118417738,12.334897297851391,2.810664748152348,0.7788888888888892,11.973887148797637,3.356658570063828,0.0,0.0,0.0,2,5,0,0,0,0,2,2,4,0,0,4,2,6,2,2,0,0,0,0,0,2.81845807409041,4,4.012200000000001,0,0,0,0,4,1,0,0,0,0,0,0,3,2,0,0,0,0,0,0,0,2,0,0,2,0,0,0,1,0,0,0,0,0,0,0,0,0,0,0,0,0,0,0,0,0,0,0,0,0,0,0,0,0,0
Brc1cccc(Nc2ncnc3cc4[nH]ccc4cc23)c1,9.36,4.375289115646258,0.8066666666666669,0.8066666666666669,0.5603847225017092,11.095238095238097,339.196,0.1412079801416457,-0.3611125349781822,0.3611125349781822,0.1412079801416457,1.0476190476190477,2.0,2.9266027455486903,1.8712395592286568,945.2345533728322,-2.3999999999999995,139127.7679206392,2.2531436747748512,10.30076712495354,12.14518285259957,0.0,0.0,0.0,0.0,0.0,9.967957041894415,0.0,0.0,21.99631096641096,36.39820241076966,32.6460985086749,5.516700717616262,0.0,49.241042814630056,0.0,14.951935562841626,0.0,0.0,5.316788604006331,59.461452641441305,0.0,5.316788604006331,11.50524905251859,0.0,15.929943897949348,14.951935562841626,0.0,0.0,0.0,59.461452641441305,0.0,21.80584986416212,53.6,0.0,0.0,0.0,0.0,0.0,37.78381843251312,0.0,6.3273200747645415,42.595045982382736,42.26503513325891,0.0,1.0267469240782734,3.475692433226479,11.926983679950402,5.505313103636517,2.977400859263459,0.8066666666666669,14.1881312874285,3.509731712416372,0.0,0.0,0.0,2,4,0,0,0,0,2,2,4,0,0,3,2,5,2,2,0,0,0,0,0,2.8560523361361314,4,4.617200000000001,0,0,0,0,3,1,0,0,0,0,0,0,2,2,0,0,0,0,0,0,0,2,0,0,2,0,0,0,1,0,0,0,0,0,0,0,0,0,0,0,0,0,0,0,0,0,0,0,0,0,0,0,0,0,0
CN(C)CCN(C)Cc1c[nH]c2cc3ncnc(Nc4cccc(Br)c4)c3cc12,8.12,4.498803169033147,0.8084373798366405,0.8084373798366405,0.4281320124476682,11.79310344827586,453.38800000000015,0.1412081595542548,-0.3607756164884977,0.3607756164884977,0.1412081595542548,1.0344827586206895,1.896551724137931,3.06734723231643,1.6793580332182143,1136.7730944684397,-2.4799999999999995,4807517.731501419,4.579904159988041,20.100586586654494,12.14518285259957,0.0,0.0,0.0,0.0,0.0,9.967957041894415,0.0,0.0,21.99631096641096,57.03830278203661,52.28036772641264,5.516700717616262,0.0,49.241042814630056,0.0,24.75175502454258,0.0,6.544756405912575,39.549317363863054,58.95853706467668,0.0,5.316788604006331,11.50524905251859,0.0,15.929943897949348,58.9842837843993,6.544756405912575,0.0,5.563451491696996,53.39508557297969,0.0,21.80584986416212,60.08,0.0,0.0,0.0,0.0,0.0,52.03186343578605,10.949675706161791,6.3273200747645415,24.26546827384644,85.47108118306615,0.0,1.024939138797156,3.521969257285911,16.922821274311175,5.650811968114457,4.27552950052154,0.8084373798366405,12.359565338559626,3.706256942687544,2.9482310557967537,6.364771477422533,0.2727272727272727,2,6,0,0,0,0,2,2,4,0,0,5,2,7,2,7,0,0,0,0,0,5.800150273755584,4,4.6106000000000025,0,0,0,0,3,1,0,0,0,0,0,0,4,2,0,2,0,0,0,0,0,2,0,0,2,0,0,0,1,0,0,0,0,0,0,0,0,0,0,0,0,0,0,0,0,0,0,0,0,0,0,0,0,0,0
Cn1ccc2cc3c(Nc4cccc(Br)c4)ncnc3cc21,9.1,4.401118197278912,0.8137528344671203,0.8137528344671203,0.5714963201010308,11.181818181818182,353.22300000000007,0.141207982024134,-0.3504858730340022,0.3504858730340022,0.141207982024134,1.0909090909090908,2.0,2.867440192000257,1.880655230057104,990.462375156766,-2.3999999999999995,196826.8296592816,2.2333511392731498,9.883888251797686,12.14518285259957,0.0,0.0,0.0,0.0,0.0,9.967957041894415,0.0,0.0,21.99631096641096,36.39820241076966,39.6937704913521,5.516700717616262,0.0,49.24104281463005,0.0,14.53505668968577,7.04767198267719,0.0,5.316788604006331,59.461452641441305,0.0,5.316788604006331,11.50524905251859,0.0,15.929943897949348,14.53505668968577,7.04767198267719,0.0,0.0,59.461452641441305,0.0,21.805849864162116,42.74,0.0,0.0,0.0,0.0,0.0,26.88089350043206,10.902924932081056,6.3273200747645415,31.313140256523628,60.17773396863936,0.0,3.1245194740992,3.485032997964771,8.799287918871253,5.568792648232133,3.08697776255564,0.8137528344671203,14.351970308956917,3.64862060130526,0.0,2.037712120214375,0.0588235294117647,1,4,0,0,0,0,2,2,4,0,0,3,1,5,2,2,0,0,0,0,0,3.079655415459317,4,4.627600000000002,0,0,0,0,3,0,0,0,0,0,0,0,3,1,0,0,0,0,0,0,0,2,1,0,2,0,0,0,1,0,0,0,0,0,0,0,0,0,0,0,0,0,0,0,0,0,0,0,0,0,0,0,0,0,0
Brc1cccc(Nc2ncnc3cc4c(cnn4CCCN4CCOCC4)cc23)c1,8.06,5.42461795236583,0.7917290943427656,0.7917290943427656,0.4585052929213557,15.1,467.3710000000004,0.1412089517525709,-0.3787927403544291,0.3787927403544291,0.1412089517525709,1.0666666666666669,1.9666666666666663,3.1532746925619173,1.3811180785566777,1170.9397066241104,-2.5499999999999994,14586758.626519714,4.163445683428873,10.05365155780638,12.14518285259957,0.0,0.0,0.0,0.0,9.581712665995664,9.967957041894415,5.098681808301038,0.0,21.99631096641096,36.75265696523406,47.11157984309587,30.44400893587144,4.736862953800049,49.241042814630056,0.0,24.64835151619112,0.0,12.965578028838586,38.164821750769896,53.395085572979696,0.0,5.316788604006331,11.50524905251859,0.0,15.929943897949348,57.49638466295467,11.281619359712623,0.0,6.4208216229260096,53.395085572979696,0.0,21.80584986416212,68.10000000000001,0.0,0.0,0.0,0.0,0.0,83.59742960811526,0.0,6.3273200747645415,30.46231184545952,58.027818155070015,4.736862953800049,8.526706425756457,3.5134494206512867,11.424384281145509,10.112976558804238,2.990545312537817,0.7917290943427656,12.272347332796116,4.598506394307485,5.686021846324997,0.0,0.3181818181818182,1,7,0,1,1,0,2,2,4,0,0,6,1,8,3,6,0,1,1,0,0,5.611627907252965,5,4.207900000000002,0,0,0,0,4,0,0,0,0,0,0,0,5,1,0,0,0,0,0,0,0,2,1,0,2,0,1,0,1,0,0,0,0,0,0,0,1,0,0,0,0,0,0,0,0,0,0,0,0,0,0,0,0,0,0
CS(=O)(=O)CCNCCCCOc1ccc2ncnc(Nc3ccc4c(cnn4Cc4cccc(F)c4)c3)c2c1,7.62,13.591581060145982,0.1459199542890752,-2.936904759766529,0.1987353497831823,11.75,562.6710000000002,0.1482044192983649,-0.4935731078600213,0.4935731078600213,0.1482044192983649,1.0,1.9,3.3131164687004246,1.2113128166563745,1724.1130518786713,-4.089999999999999,1146170286.7211027,7.3041315033023295,15.37044016181271,33.54916866334688,0.0,0.0,0.0,0.0,4.681802935145185,22.77616907389817,5.098681808301038,0.0,12.13273413692322,73.48078769115448,29.26036029303713,36.13473698401789,17.545074985803808,43.14835205309821,0.0,25.06523038934697,0.0,19.386399651764595,37.0218061706026,84.56850666373661,5.749511833283905,15.37044016181271,15.89566410019341,5.749511833283905,0.0,59.87125633626584,16.382009542330078,5.817220841045895,18.40509473754901,73.18783433099372,0.0,21.80584986416212,111.03,9.837253136417502,12.808212032003755,0.0,11.570074447792685,25.514257554173096,58.19259911559117,24.71582339519917,12.263210640074686,47.14637241437646,25.70021605820812,4.736862953800049,43.74624514263432,0.0,8.84452862268845,12.819634296317536,3.443522651711437,1.2745035463980874,18.206874615467804,6.286176731748817,2.23208581946675,-2.936904759766529,0.2758620689655172,2,9,0,0,0,0,3,2,5,0,0,8,2,11,2,13,0,0,0,0,0,8.513730783000101,5,4.703700000000003,0,0,0,0,4,0,0,0,0,0,0,0,4,2,0,0,0,0,0,0,0,2,0,0,2,0,1,0,1,0,0,0,0,0,0,0,0,0,0,0,0,0,0,0,0,0,0,0,0,1,0,0,0,1,0
c1ccc(Nc2ncnc3ccccc23)cc1,6.46,4.279945200302343,0.8350000000000002,0.8350000000000002,0.7205120971213768,10.352941176470589,221.26300000000003,0.1411828652087119,-0.3396173268933544,0.3396173268933544,0.1411828652087119,0.7647058823529411,1.5294117647058822,2.404190203537409,2.063095014249582,629.7982687400608,-2.4199999999999995,15098.314478214928,1.947340636082608,5.316788604006331,12.14518285259957,0.0,0.0,0.0,0.0,0.0,9.967957041894415,0.0,0.0,30.33183534230805,24.26546827384644,11.073610489148358,5.516700717616262,0.0,22.40817398459965,0.0,9.967957041894415,0.0,0.0,5.316788604006331,60.92462369091903,0.0,5.316788604006331,11.50524905251859,0.0,0.0,9.967957041894415,0.0,0.0,0.0,60.92462369091903,0.0,10.902924932081056,37.81,0.0,0.0,0.0,0.0,0.0,22.40817398459965,0.0,6.3273200747645415,54.59730361615449,15.284745645900747,0.0,0.0,0.0,8.512320168808264,4.32250283446712,1.9697075774754351,0.8350000000000002,17.950145345175105,1.5769907407407406,0.0,0.0,0.0,1,3,0,0,0,0,2,1,3,0,0,3,1,3,1,2,0,0,0,0,0,2.4252262878256827,3,3.373400000000001,0,0,0,0,2,0,0,0,0,0,0,0,2,1,0,0,0,0,0,0,0,2,0,0,1,0,0,0,0,0,0,0,0,0,0,0,0,0,0,0,0,0,2,0,0,0,0,0,0,0,0,0,0,0,0
Oc1ccc(/N=N/c2ccc(O)cc2O)cc1,4.24,9.459726211472244,0.0360338655919461,-0.1458070882674056,0.6921225521826397,10.823529411764708,230.22300000000004,0.1462735144152653,-0.5079642754871317,0.5079642754871317,0.1462735144152653,0.7058823529411765,1.3529411764705883,2.30086657624005,2.225769596254149,550.1772412873049,-2.56,7850.556758131051,2.7177975554764453,15.319582184522115,22.93592177453528,0.0,0.0,0.0,0.0,0.0,0.0,5.114250125629398,5.114250125629398,0.0,36.39820241076966,6.06636706846161,5.687386274683562,15.319582184522115,11.374772549367124,0.0,0.0,10.228500251258795,0.0,0.0,42.46456947923127,17.248535499851716,0.0,11.374772549367124,17.248535499851716,0.0,15.319582184522115,0.0,0.0,0.0,52.69306973049007,0.0,0.0,85.41000000000001,0.0,5.106527394840706,0.0,22.93592177453528,5.687386274683562,0.0,30.33183534230805,12.13273413692322,0.0,10.228500251258795,10.213054789681411,0.0,0.0,0.0,35.338877275989475,0.8112500000000002,-0.0323681322084994,10.215574189552363,0.0,0.0,0.0,0.0,3,5,0,0,0,0,2,0,2,0,0,5,3,5,0,2,0,0,0,0,0,2.912142916845209,2,3.2188000000000008,0,0,0,0,0,0,3,0,0,0,0,0,2,0,0,0,0,0,0,0,0,0,0,1,0,0,0,0,0,0,0,0,0,0,0,0,0,0,0,0,0,0,0,0,0,0,0,0,0,0,0,0,0,0,0
CN(CCCOc1ccc2ncnc(Nc3ccc(OCc4ccccc4)cc3)c2c1)CCS(C)(=O)=O,6.08,11.31877377177481,0.1609595350169312,-2.9527910576098884,0.2537298792997639,11.54054054054054,520.6550000000003,0.1482138012425694,-0.4935225986604935,0.4935225986604935,0.1482138012425694,0.8918918918918919,1.648648648648649,2.898589914073391,1.3283647239137693,1397.1505944188707,-3.689999999999999,193377176.81163296,8.438261553131627,19.690424242456903,40.0883416200978,0.0,0.0,0.0,0.0,0.0,18.385754026223356,0.0,0.0,30.33183534230805,61.49651457653146,30.418892484484918,17.87643628887597,17.891522891929036,32.24542712101715,0.0,14.867866772744891,0.0,13.027703587438928,44.06947815327978,84.68717638800088,11.49902366656781,14.790514511606428,11.50524905251859,11.49902366656781,0.0,62.03835330634728,16.44413510093042,0.0,11.984273114623004,79.12372489630387,0.0,10.902924932081056,93.65,9.837253136417502,8.417796984328938,0.0,5.752853606746789,25.57638311277344,46.618364393868006,12.583089258275946,0.0,84.74398653506701,15.284745645900747,9.473725907600098,34.46034861048493,0.0,10.804821417250732,4.2217067046448085,2.8174371846957587,2.371431195656845,23.556064296539123,3.5788019607306456,2.310393732185738,-1.0376717688552444,0.2857142857142857,1,8,0,0,0,0,3,1,4,0,0,8,1,9,1,13,0,0,0,0,0,8.920491534945935,4,4.697700000000004,0,0,0,0,2,0,0,0,0,0,0,0,3,1,0,0,0,0,0,0,0,2,0,0,1,0,2,0,0,0,0,0,0,0,0,0,0,0,0,0,0,0,0,0,0,0,0,0,0,1,0,0,0,0,0
OCC(O)Cn1ccc2cc3c(Nc4cccc(Br)c4)ncnc3cc21,8.8,9.722792299917536,0.2677301684427193,-0.7912489318005334,0.4670475567173057,12.576923076923077,413.2750000000001,0.1412079820350538,-0.3936142601383642,0.3936142601383642,0.1412079820350538,1.1538461538461535,2.0384615384615383,3.0200477129212997,1.774594933621364,1079.7120110520589,-2.4799999999999995,1323650.6720008503,3.2850920637204037,20.096943041479097,12.14518285259957,0.0,0.0,0.0,0.0,0.0,9.967957041894415,0.0,0.0,21.99631096641096,36.39820241076966,27.129397791058643,30.28900619340632,10.213054789681411,49.24104281463005,0.0,14.53505668968577,0.0,12.648722793660877,11.923670568519247,59.461452641441305,0.0,5.316788604006331,11.50524905251859,0.0,15.929943897949348,37.458959831628405,6.544756405912575,0.0,0.0,59.461452641441305,0.0,21.805849864162116,83.2,6.103966387748303,5.106527394840706,0.0,6.606881964512918,6.544756405912575,37.78381843251312,6.3273200747645415,0.0,53.2285126986357,31.214689543850096,5.106527394840706,2.904526918508493,3.4722393371079234,8.775311119422772,24.08028727421394,2.6978248452669003,0.7343915868816664,13.879180446702769,2.640893652371948,0.0653448195235926,0.0,0.1578947368421052,3,6,0,0,0,0,2,2,4,1,0,5,3,7,2,5,0,0,0,0,1,4.584944316462131,4,3.4438000000000013,0,2,0,0,3,0,0,0,0,0,0,0,3,1,0,0,0,0,0,0,0,2,0,0,2,0,0,0,1,0,0,0,0,0,0,0,0,0,0,0,0,0,0,0,0,0,0,0,0,0,0,0,0,0,0
Brc1cccc(Nc2ncnc3cc4[nH]cc(CN5CCOCC5)c4cc23)c1,8.32,5.4671102004082215,0.8053863298911307,0.8053863298911307,0.4930813589117338,15.321428571428571,438.3290000000003,0.1412081595542669,-0.3787922903509537,0.3787922903509537,0.1412081595542669,1.1071428571428572,2.0,3.0927466404056765,1.5399581888351386,1136.26654768891,-2.4799999999999995,5418591.081883239,3.4830960829651327,15.037630078753589,12.14518285259957,0.0,0.0,0.0,0.0,4.899909730850478,9.967957041894415,0.0,0.0,21.99631096641096,35.89528683400505,52.28036772641263,18.730464646642098,4.736862953800049,49.241042814630056,0.0,19.851845293692104,0.0,6.544756405912575,31.62006534485732,58.95853706467669,0.0,5.316788604006331,11.50524905251859,0.0,15.929943897949348,46.15512203454308,11.281619359712623,0.0,5.563451491696996,53.395085572979696,0.0,21.80584986416212,66.07000000000001,0.0,0.0,0.0,0.0,0.0,65.24562736481187,10.949675706161791,6.3273200747645415,24.26546827384644,59.42815550418408,4.736862953800049,6.491817656459959,3.5187793465213097,14.7930989488439,5.653034116807115,4.287753416825613,0.808817134878643,12.354796974662266,3.708249151416765,4.466986586917767,0.0,0.238095238095238,2,6,0,1,1,0,2,2,4,0,0,5,2,7,3,4,0,1,1,0,0,4.717799206989042,5,4.4494000000000025,0,0,0,0,3,1,0,0,0,0,0,0,3,2,0,0,0,0,0,0,0,2,0,0,2,0,1,0,1,0,0,0,0,0,0,0,1,0,0,0,0,0,0,0,0,0,0,0,0,0,0,0,0,0,0
OCCN(CCO)Cc1c[nH]c2cc3ncnc(Nc4cccc(Br)c4)c3cc12,8.46,9.283340830213508,0.055386329891131,0.055386329891131,0.3246620144839752,11.586206896551724,456.3440000000001,0.1412081595542669,-0.3950443314085683,0.3950443314085683,0.1412081595542669,1.0344827586206895,1.862068965517241,3.0886228984556987,1.7309351996079485,1124.668972551272,-2.52,5770032.488110303,4.403583469091317,20.51382191463495,12.14518285259957,0.0,0.0,0.0,0.0,4.899909730850478,9.967957041894415,0.0,0.0,21.99631096641096,35.89528683400505,52.28036772641264,18.730464646642098,10.213054789681411,49.241042814630056,0.0,19.8518452936921,0.0,6.544756405912575,31.62006534485732,58.95853706467668,0.0,5.316788604006331,11.50524905251859,0.0,15.929943897949348,56.368176824224506,6.544756405912575,0.0,5.563451491696996,53.39508557297969,0.0,21.80584986416212,97.3,0.0,10.213054789681411,0.0,13.213763929025836,19.634269217737724,43.34726992421012,0.0,6.3273200747645415,41.4285886447716,42.26503513325891,0.0,0.9898435104735056,3.4932237909657538,14.202189857934808,23.94631107814401,3.875380731640427,0.7404838015453096,12.03401232996393,3.530457201303386,1.771431031362212,0.0,0.238095238095238,4,7,0,0,0,0,2,2,4,0,0,6,4,8,2,8,0,0,0,0,0,6.053528996043204,4,3.4038000000000004,0,2,0,0,3,1,0,0,0,0,0,0,3,2,0,0,0,0,0,0,0,2,0,0,2,0,0,0,1,0,0,0,0,0,0,0,0,0,0,0,0,0,0,0,0,0,0,0,0,0,0,0,0,0,0
CO[C@H]1[C@@H](N(C)C(=O)c2ccccc2)C[C@@H]2O[C@@]1(C)n1c3ccccc3c3c4c(c5c6ccccc6n2c5c31)C(=O)NC4,5.72,13.882904976550355,0.0446121491964532,-0.9799140211640212,0.2872183916561939,24.162790697674417,570.6490000000002,0.2534374516660996,-0.3742615734631819,0.3742615734631819,0.2534374516660996,0.9534883720930232,1.627906976744186,3.678106782913184,1.4252011381376102,2180.8233225458644,-4.659999999999999,16727238355.508312,2.968438278328138,28.824623538039617,12.331867558483172,5.724985593970254,0.0,11.814359458703011,0.0,9.589074368143644,0.0,0.0,0.0,54.59730361615449,36.75265696523406,54.23139590234948,33.67209519131,19.06280027574374,55.42605918702724,0.0,19.35089763043952,0.0,43.98800921013059,14.157469523954724,95.55312636509194,0.0,5.316788604006331,0.0,0.0,0.0,52.15174522598718,21.743467907482927,0.0,45.85188883658613,78.86277189000094,0.0,43.61169972832423,77.72999999999999,18.056853152453424,9.589074368143644,0.0,17.85620028785097,18.52902952053558,54.738602711718215,0.0,7.109797541277533,66.54488532968216,45.6401933731261,9.473725907600098,18.14656837889477,0.0,29.24936954800627,7.239329486623963,5.456171774655203,-0.1065742789111081,25.68552174661324,-0.3857811318972048,2.559425156800594,3.572635985880936,0.2571428571428571,1,8,0,3,3,2,4,2,6,4,2,4,1,8,5,3,0,1,1,0,0,4.898465680031685,9,5.906800000000007,0,0,0,0,2,0,0,0,2,0,0,0,3,1,0,1,0,0,0,0,0,0,0,0,13,0,2,0,0,0,0,0,0,0,0,1,0,0,0,0,0,0,2,0,0,0,0,0,0,0,0,0,0,0,0
CO[C@H]1[C@@H](N(C)C(=O)c2ccc(Cl)cc2)C[C@@H]2O[C@@]1(C)n1c3ccccc3c3c4c(c5c6ccccc6n2c5c31)C(=O)NC4,5.16,13.951121151909389,0.0537756664552087,-1.004409905937684,0.2481706538878277,23.90909090909091,605.0940000000002,0.2534391975048181,-0.3742615734631818,0.3742615734631818,0.2534391975048181,1.0,1.681818181818182,3.6779371508169416,1.3991312493887695,2235.391578021476,-4.369999999999998,23654972795.43478,3.0995776249670435,28.824623538039617,12.331867558483172,5.724985593970254,0.0,11.814359458703011,0.0,9.589074368143644,0.0,0.0,0.0,47.99914230100217,48.88539110215728,59.254029216090814,33.67209519131,19.06280027574374,67.02699907725976,0.0,19.35089763043952,0.0,43.98800921013059,14.157469523954724,94.50939261037166,0.0,5.316788604006331,0.0,0.0,11.600939890232516,52.15174522598718,21.743467907482927,0.0,45.85188883658613,72.79640482153933,5.022633313741326,43.61169972832423,77.72999999999999,18.056853152453424,9.589074368143644,0.0,17.85620028785097,23.551662834276907,54.738602711718215,0.0,36.27517554597445,31.313140256523628,45.6401933731261,21.074665797832616,18.11462759053984,6.140322524104681,29.296527286101508,7.763621302693386,5.276850957133697,-0.1703056974044314,23.170611227606784,-0.4655565091262856,2.53540703286905,3.532338729926212,0.2571428571428571,1,8,0,3,3,2,4,2,6,4,2,4,1,9,5,3,0,1,1,0,0,5.241749260146675,9,6.560200000000006,0,0,0,0,2,0,0,0,2,0,0,0,3,1,0,1,0,0,0,0,0,0,0,0,13,0,2,0,1,0,0,0,0,0,0,1,0,0,0,0,0,0,2,0,0,0,0,0,0,0,0,0,0,0,0
CO[C@H]1[C@@H](N(C)C(=O)c2ccc(C(=O)O)cc2)C[C@@H]2O[C@@]1(C)n1c3ccccc3c3c4c(c5c6ccccc6n2c5c31)C(=O)NC4,6.96,14.01663277322458,0.0806718855910113,-1.0667423209973714,0.2670890509653985,23.282608695652176,614.658,0.3351790107809023,-0.4776392464651401,0.4776392464651401,0.3351790107809023,0.9565217391304348,1.608695652173913,3.711471177640647,1.3484388606128686,2336.521077965132,-5.189999999999999,57628591370.89465,3.2424635758329865,33.93115093288033,12.331867558483172,5.724985593970254,0.0,11.814359458703011,5.969305287951849,9.589074368143644,4.794537184071822,0.0,0.0,36.39820241076966,48.88539110215728,54.23139590234948,39.235546683006994,28.963864854656265,61.39536447497909,0.0,19.35089763043952,0.0,43.98800921013059,14.157469523954724,95.05021078832732,0.0,5.316788604006331,0.0,0.0,0.0,63.22757790877973,21.743467907482927,0.0,56.20987751235494,72.79640482153933,0.0,43.61169972832423,115.03,30.06799926955324,19.49013894705617,0.0,17.377810950400008,24.09248101223257,49.17515122002122,12.13273413692322,31.19011339172842,31.18920547353706,38.71645617343548,9.473725907600098,17.983424652064173,0.0,40.73063378696095,16.399220093843372,4.936637764836165,-1.375856143659199,21.86339320599278,-0.6694881941017417,2.464910750601934,3.417124083461566,0.25,2,10,0,3,3,2,4,2,6,4,2,5,2,10,5,4,0,1,1,0,0,5.419069893922242,9,5.605000000000006,0,0,0,1,2,0,0,1,3,0,0,0,3,1,0,1,0,0,0,0,0,0,0,0,13,0,2,0,0,0,0,0,0,0,0,1,0,0,0,0,0,0,2,0,0,0,0,0,0,0,0,0,0,0,0
Cc1cccc(C)c1-c1cc2cnc(N)nc2nc1NC(=O)NC(C)(C)C,6.21,12.46482993197279,0.1388104423868315,-0.3687764025363231,0.6409914766451356,11.444444444444445,364.4530000000001,0.3203233899711245,-0.3677295096335449,0.3677295096335449,0.3203233899711245,1.1111111111111112,1.7777777777777777,2.528772098887521,2.1790266134874354,1002.64105174206,-3.22,723772.5062830917,4.1339118745021,11.050456081168516,5.817862777835028,5.647177220767728,5.948339280986494,0.0,6.031114512338072,5.316788604006331,14.76249422596624,4.9839785209472085,0.0,18.19910120538483,57.3754075420057,22.68544453015821,0.0,4.794537184071822,28.83071800639212,0.0,20.26872416684796,0.0,40.15761125083647,11.050456081168516,41.58921482885352,11.126902983393991,16.367244685174846,16.560739242893344,0.0,0.0,26.52197532756304,0.0,13.847474399381248,31.898114582465865,30.46231184545952,0.0,22.160304418626517,105.82,0.0,4.794537184071822,0.0,17.51837904570791,11.465039998602755,27.64003018125278,0.0,6.196843571613076,58.884154272299554,25.585512770854287,5.733667477162185,0.0,0.0,25.26103358589763,6.510072239543966,9.776513446453473,0.5691345164609056,7.675909293494972,1.6396615173847315,9.817675400764326,0.0,0.3,4,7,0,0,0,2,1,2,3,0,0,5,3,7,2,2,0,0,0,0,0,4.696016482639139,3,3.8108400000000016,0,0,1,0,3,0,0,0,1,0,0,0,3,2,1,0,0,0,0,0,0,2,2,0,1,0,0,0,0,0,0,0,0,0,0,0,0,0,0,0,0,0,0,0,0,0,0,1,0,0,0,0,0,0,1
CN1CCN(CCCNc2ncc3cc(-c4c(Cl)cccc4Cl)c(NC(=O)NC(C)(C)C)nc3n2)CC1,6.82,12.727454642915408,0.3092282277897014,-0.4240959679237148,0.3609494300968518,15.08108108108108,545.519,0.3203233984713757,-0.3541136318292932,0.3541136318292932,0.3203233984713757,1.0810810810810811,1.7837837837837838,2.816023428773651,1.5541390174626366,1235.0406169748037,-2.7199999999999998,125962958.259601,7.412279836206304,20.433396669713616,5.817862777835028,5.647177220767728,5.948339280986494,0.0,6.031114512338072,5.316788604006331,14.76249422596624,4.9839785209472085,0.0,29.268246848926644,58.98356281597246,60.97267805141808,10.045266627482652,4.794537184071822,52.032597786857146,0.0,30.06854362854891,0.0,32.730958474381225,56.9497876261653,40.50757847294216,11.126902983393991,15.950365812018994,16.560739242893344,0.0,23.20187978046503,82.63800520741664,0.0,0.0,27.19203322199788,30.462311845459517,10.045266627482652,22.160304418626517,98.31,5.538925252383345,4.794537184071822,0.0,6.031114512338072,43.97177310493069,45.689360058401455,0.0,24.395944776997904,26.83757866753348,47.74979281923877,23.20187978046503,0.0,13.00400557556351,31.310913176001748,10.653047121586274,1.1968273568946564,0.8018175572457638,6.72369032674541,2.702038732308636,11.919241150246252,2.1606412256299725,0.4615384615384615,3,9,0,1,1,2,1,2,3,0,0,7,3,11,3,7,0,1,1,0,0,8.69009669332029,4,4.968000000000003,0,0,0,0,3,0,0,0,1,0,0,0,5,3,0,1,0,0,0,0,0,2,0,0,1,0,0,0,2,0,0,0,0,0,0,0,0,0,0,0,0,0,0,0,1,0,0,1,0,0,0,0,0,0,1
Cc1cc(C)c(C)c(-c2cc3cnc(NCCCN4CCN(C)CC4)nc3nc2NC(=O)NC(C)(C)C)c1C,5.16,12.927300321927754,0.2994516931387521,-0.3787393149744695,0.3726111954324814,14.974358974358974,532.7370000000003,0.3203233899788159,-0.3541136318292934,0.3541136318292934,0.3203233899788159,0.9743589743589745,1.641025641025641,2.854367891769245,1.6114083697522326,1313.0173052273972,-3.3000000000000003,277357329.5971981,7.217497942963186,20.433396669713616,5.817862777835028,5.647177220767728,5.948339280986494,0.0,6.031114512338072,5.316788604006331,14.76249422596624,4.9839785209472085,0.0,6.06636706846161,102.36303493629671,55.40922655972109,0.0,4.794537184071822,28.83071800639212,0.0,30.06854362854891,0.0,60.42590727314371,56.9497876261653,40.58338367532428,11.126902983393991,15.950365812018994,16.560739242893344,0.0,0.0,82.63800520741664,0.0,27.694948798762496,49.44583918878587,18.3295777085363,0.0,22.160304418626517,98.31,0.0,4.794537184071822,0.0,11.570039764721418,17.41337927958925,73.32939023965423,11.126902983393991,0.0,33.03442223914656,71.54315164456845,9.967957041894415,0.0,0.0,31.93139802571505,10.174592397307611,6.841133243918746,1.0325445805653788,3.943844467798617,2.829845432459658,20.65424479670098,2.1757303888672843,0.5333333333333333,3,9,0,1,1,2,1,2,3,0,0,7,3,9,3,7,0,1,1,0,0,8.711205898196324,4,4.894880000000003,0,0,0,0,3,0,0,0,1,0,0,0,5,3,0,1,0,0,0,0,0,2,2,0,1,0,0,0,0,0,0,0,0,0,0,0,0,0,0,0,0,0,0,0,1,0,0,1,0,0,0,0,0,0,1
CO[C@H]1[C@@H](N(C)S(C)(=O)=O)C[C@@H]2O[C@@]1(C)n1c3ccccc3c3c4c(c5c6ccccc6n2c5c31)C(=O)NC4,5.96,13.412078444051073,0.0736690220420375,-3.5336272952069296,0.3702740525565833,26.28205128205128,544.6330000000002,0.2521334433466491,-0.3747413980654017,0.3747413980654017,0.2521334433466491,1.051282051282051,1.7179487179487178,3.545981163280205,1.64433973757871,2026.0202307634847,-3.439999999999999,1265083444.8458264,2.6967671464150307,23.92471380718914,12.331867558483172,5.724985593970254,10.023291153407584,5.907179729351506,0.0,4.794537184071822,8.417796984328938,4.305215991296234,0.0,36.39820241076966,24.61992282831084,48.66794441065249,39.92786437482141,22.686060076000857,59.542170611083314,0.0,18.756203890885278,0.0,43.98800921013059,20.413238707466128,59.65783953108687,0.0,5.316788604006331,0.0,0.0,0.0,60.32343792492177,31.76675906089051,0.0,35.49390016081732,48.53093654769288,0.0,43.61169972832423,94.8,34.12198513500897,13.212334168400758,0.0,5.907179729351506,18.52902952053558,49.17515122002122,10.560985174807636,14.157469523954724,31.18920547353706,38.71645617343548,9.473725907600098,44.770859425049984,0.0,13.412078444051073,7.023725698587261,4.455348954396575,-0.0736690220420375,15.75185122576604,0.512688576655026,2.446118210943698,-0.2990015134076267,0.3448275862068966,1,9,0,3,3,1,3,2,5,4,2,5,1,10,5,3,0,1,1,0,0,4.4449252751784805,8,4.0260000000000025,0,0,0,0,2,0,0,0,1,0,0,0,3,1,0,1,0,0,0,0,0,0,0,0,13,0,2,0,0,0,0,0,0,0,0,1,0,0,0,0,0,0,2,0,0,0,0,0,1,0,0,0,0,0,0
CO[C@H]1[C@@H](N(C)C(=O)c2ccccc2Cl)C[C@@H]2O[C@@]1(C)n1c3ccccc3c3c4c(c5c6ccccc6n2c5c31)C(=O)NC4,5.33,14.019293865439243,0.0567615026919607,-1.0178161611866972,0.2481706538878277,23.90909090909091,605.0940000000002,0.254952780760117,-0.3742615734333206,0.3742615734333206,0.254952780760117,1.0,1.681818181818182,3.676756928185663,1.4112847146124772,2252.641578021476,-4.369999999999998,23944684332.551384,3.0515712625211493,28.824623538039617,12.331867558483172,5.724985593970254,0.0,11.814359458703011,0.0,9.589074368143644,0.0,0.0,0.0,60.13187643792539,36.75265696523406,48.66794441065249,44.25817999674832,19.06280027574374,67.02699907725976,0.0,19.35089763043952,0.0,43.98800921013059,14.157469523954724,94.50939261037166,0.0,5.316788604006331,0.0,0.0,11.600939890232516,52.15174522598718,21.743467907482927,0.0,45.85188883658613,72.79640482153933,5.022633313741326,43.61169972832423,77.72999999999999,18.056853152453424,9.589074368143644,0.0,17.85620028785097,23.551662834276907,54.738602711718215,0.0,24.14244140905123,43.44587439344685,45.6401933731261,21.074665797832616,18.09977670697909,6.5080797559870165,29.338858941396765,7.5734088734122045,5.1202401818556,-0.2344643731473563,23.270476931983044,-0.5138399943310674,2.52543484320736,3.506472577101786,0.2571428571428571,1,8,0,3,3,2,4,2,6,4,2,4,1,9,5,3,0,1,1,0,0,5.241749260146675,9,6.560200000000006,0,0,0,0,2,0,0,0,2,0,0,0,3,1,0,1,0,0,0,0,0,0,0,0,13,0,2,0,1,0,0,0,0,0,0,1,0,0,0,0,0,0,2,0,0,0,0,0,0,0,0,0,0,0,0
CS(=O)(=O)CCNc1nc(-c2ccc3ncnc(Nc4ccc(OCc5ccccc5)c(Cl)c4)c3c2)cs1,8.1,11.365353614462038,0.0500033259415544,-3.036159979226782,0.2064925175775093,11.421052631578949,566.1080000000003,0.1827436922522792,-0.4873457586354246,0.4873457586354246,0.1827436922522792,1.0263157894736843,1.868421052631579,3.368958136667085,1.323995689524848,1677.2923115457606,-3.729999999999999,477191331.7751528,6.576038582691921,15.370440161812713,34.338829786813896,5.131558479839333,0.0,0.0,0.0,0.0,23.36973254717056,0.0,11.336785877934735,47.99914230100218,35.89528683400505,34.81765034073525,21.98611563295284,13.154659938128988,60.31471136902373,0.0,14.951935562841626,0.0,6.606881964512918,29.18695640418343,89.0235054037465,17.00689131982936,15.370440161812713,16.636807532357924,5.749511833283905,22.93772576816725,41.92311174334134,16.44413510093042,0.0,5.563451491696996,78.43742059830817,5.022633313741326,22.16030441862652,106.1,9.837253136417502,8.417796984328938,0.0,5.752853606746789,34.87320477512508,33.41114218500707,23.919875136210685,6.06636706846161,66.04373345508202,25.585512770854287,16.337802844032566,28.610489532366515,7.926687123450441,13.438914993813835,10.306972715705813,4.271573958457598,1.279618599109826,21.266319489383907,2.7249914820027428,0.7383698627138879,-3.036159979226782,0.1481481481481481,2,8,0,0,0,0,3,2,5,0,0,9,2,11,2,10,0,0,0,0,0,7.730204578812351,5,6.185800000000005,0,0,0,0,3,0,0,0,0,0,0,0,3,2,0,0,0,0,0,0,0,3,0,0,1,0,1,0,1,0,0,0,0,0,0,0,0,0,0,0,0,0,0,0,0,0,0,0,0,1,0,1,0,0,0
COC(=O)CN(C)[C@H]1C[C@@H]2O[C@](C)([C@H]1OC)n1c3ccccc3c3c4c(c5c6ccccc6n2c5c31)C(=O)NC4,5.89,13.455792585479998,0.0403341695725696,-0.9252001842403632,0.3447216469328372,25.325,538.6040000000003,0.3193647961612575,-0.4680527607863445,0.4680527607863445,0.3193647961612575,1.075,1.775,3.5979137784245294,1.5697532716915032,1921.7048782842292,-3.919999999999999,2636000304.271743,2.7676794491880643,28.66157676098919,12.331867558483172,5.724985593970254,0.0,5.907179729351506,5.969305287951849,14.48898409899412,0.0,0.0,0.0,36.39820241076966,31.667594810988028,47.66211325712326,41.284808309352144,23.79966322954379,55.48818474562758,0.0,19.35089763043952,0.0,43.98800921013059,27.812023471144837,59.65783953108687,0.0,5.316788604006331,0.0,0.0,0.0,65.86842473177764,31.2748680453548,0.0,35.49390016081732,48.53093654769288,0.0,43.61169972832423,86.96000000000001,11.828951981718555,9.589074368143644,0.0,30.69098342309876,12.965578028838586,54.738602711718215,7.109797541277533,7.109797541277533,36.213049987374106,45.6401933731261,14.210588861400147,23.040170315203653,0.0,27.84086918323541,7.262791811269549,4.940883200585358,-0.3409801113999686,16.429771261561708,-0.1872854203409769,2.705870843327276,5.0579089165579925,0.3548387096774194,1,9,0,3,3,1,3,2,5,4,2,6,1,9,5,4,0,1,1,0,0,4.82323293375321,8,4.239400000000003,0,0,0,0,2,0,0,0,2,0,0,0,3,1,0,1,0,0,0,0,0,0,0,0,13,1,3,0,0,0,0,0,0,0,0,2,0,0,0,0,0,0,2,0,0,0,0,0,0,0,0,0,0,0,0
CS(=O)(=O)CCNc1nc(-c2ccc3ncnc(Nc4ccc(OCc5ccccc5)cc4)c3c2)cs1,7.09,11.354055375803828,0.0599075839410505,-3.025163162097152,0.2422410457154769,11.37837837837838,531.6630000000002,0.1827436922522792,-0.4889147365992362,0.4889147365992362,0.1827436922522792,0.972972972972973,1.7837837837837838,3.3696604949059017,1.2954429829078262,1604.7620615057608,-4.02,332897764.0245964,6.602632024676847,15.370440161812713,34.338829786813896,5.131558479839333,0.0,0.0,0.0,0.0,23.36973254717056,0.0,11.336785877934735,36.39820241076966,41.96165390246666,34.81765034073525,16.96348231921151,13.154659938128988,48.713771478791216,0.0,14.951935562841626,0.0,6.606881964512918,29.18695640418343,90.06723915846679,17.00689131982936,15.370440161812713,16.636807532357924,5.749511833283905,11.336785877934735,41.92311174334134,16.44413510093042,0.0,5.563451491696996,84.50378766676978,0.0,22.16030441862652,106.1,9.837253136417502,8.417796984328938,0.0,5.752853606746789,24.10105962809985,39.16065401829098,23.919875136210685,0.0,78.17646759200524,25.585512770854287,4.736862953800049,28.5890504624575,1.4351819699622606,13.466689962429651,9.937544111710334,4.518573535037201,1.5323623632821612,23.70525250308647,2.7571776714294938,0.8333305827020803,-3.025163162097152,0.1481481481481481,2,8,0,0,0,0,3,2,5,0,0,9,2,10,2,10,0,0,0,0,0,7.289360192474274,5,5.532400000000004,0,0,0,0,3,0,0,0,0,0,0,0,3,2,0,0,0,0,0,0,0,3,0,0,1,0,1,0,0,0,0,0,0,0,0,0,0,0,0,0,0,0,0,0,0,0,0,0,0,1,0,1,0,0,0
COc1cccc(-c2cn(C3CCN(C(=O)OC(C)(C)C)C3)c3ncnc(N)c23)c1,5.68,12.487688017231738,0.0774779278995543,-0.5173338207333034,0.7054624314990124,16.8,409.4900000000002,0.4098524784248389,-0.4967454657434978,0.4967454657434978,0.4098524784248389,1.2666666666666666,2.066666666666667,3.3219468314638534,1.707637017240082,1086.056799372833,-3.29,6951741.797746293,3.768906709304201,24.67440276340412,29.14292271763489,0.0,0.0,0.0,6.093240070938415,0.0,14.76249422596624,0.0,0.0,12.13273413692322,44.888218850618095,24.849807875135223,18.53786258489029,14.26826309167192,22.94450428400597,0.0,19.43496642053625,0.0,38.834924862129526,25.93297783026487,36.78963192022406,16.876414816677897,10.470530430962237,10.61239996190685,5.749511833283905,0.0,51.32856765556104,4.736862953800049,0.0,33.23387405114585,36.78963192022406,0.0,22.16030441862652,95.5,5.601050810983688,4.794537184071822,0.0,12.135080900086376,18.907375589660177,34.33063787483643,6.3273200747645415,12.009707272128011,51.23352344453139,14.53505668968577,15.207393384762284,13.01247885800087,0.0,22.942806796326888,0.8069177007222642,8.400846327199504,1.193845753156165,7.89521868547749,4.047330250058651,6.808046836677443,1.642508792380726,0.4090909090909091,2,8,0,1,1,1,1,2,3,1,0,6,1,8,3,3,0,1,1,0,1,5.009294995119414,4,3.871000000000002,0,0,1,0,3,0,0,0,1,0,0,0,4,0,1,0,1,0,0,0,0,1,0,0,1,0,2,0,0,0,0,0,0,0,0,1,0,0,0,0,0,0,0,0,0,0,0,0,0,0,0,0,0,0,0
COc1cc(Nc2nccc(-c3ccc(NCCN)nc3)n2)cc(OC)c1OC,5.29,5.4929860157045685,0.4325057732638004,0.4325057732638004,0.5016948719689899,10.344827586206897,396.4510000000002,0.2272247249167071,-0.4926335364441748,0.4926335364441748,0.2272247249167071,0.9655172413793104,1.7241379310344829,2.7706784753549707,1.8301274166467896,924.1966145438276,-3.59,4116064.5294178375,4.824119947436771,30.577833546574997,5.817862777835028,11.49902366656781,11.6978511142704,0.0,0.0,0.0,14.951935562841626,0.0,0.0,0.0,18.19910120538483,48.86677185835509,27.023320618681065,14.210588861400147,17.453588333505085,0.0,14.951935562841626,5.733667477162185,0.0,45.052482643670416,42.7255224855342,28.50591498639717,30.577833546574997,17.453588333505085,17.248535499851716,0.0,49.370840998499375,0.0,0.0,0.0,42.7255224855342,0.0,11.257379486545457,116.44,0.0,0.0,0.0,0.0,41.97377386734692,17.075242264380485,0.0,45.85581390398197,18.19910120538483,25.585512770854287,19.944256338562333,16.109329414640953,0.0,13.234506647326016,6.302510981355782,7.814805001288644,2.792877012062984,9.231025368603936,3.438133804243562,1.216280173369562,4.693864930441895,0.25,4,9,0,0,0,0,1,2,3,0,0,9,3,9,2,9,0,0,0,0,0,6.642313132925808,3,2.6786000000000003,0,0,0,0,3,0,0,0,0,0,0,0,3,2,1,0,0,0,0,0,0,3,0,0,0,0,3,0,0,0,0,0,0,0,0,3,0,0,0,0,0,0,0,0,0,0,0,1,0,0,0,0,0,0,0
COc1cc(Nc2ncnc3cc(OC)c(OC)cc23)cc(OC)c1.Cl,5.52,5.374222348285299,0.0,0.0,0.6991887785347367,10.0,377.828,0.1624156702098617,-0.4965439164789337,0.4965439164789337,0.1624156702098617,0.7307692307692307,1.3461538461538465,2.662351734277061,2.4299977887020853e-06,882.7337555301131,-2.93,561556.5395523891,3.830635983753095,24.264240419206526,23.644206519167376,11.49902366656781,0.0,0.0,0.0,0.0,9.967957041894415,0.0,12.407033161179976,0.0,6.06636706846161,35.3390787629948,33.95589088272639,18.9474518152002,34.815207145779624,0.0,9.967957041894415,0.0,0.0,33.75597876911647,36.65915541707259,22.99804733313562,24.264240419206526,11.50524905251859,22.99804733313562,12.407033161179976,38.40714720700455,0.0,0.0,0.0,36.65915541707259,0.0,10.902924932081056,74.73,0.0,0.0,0.0,12.407033161179976,28.815910110970645,16.59031120676462,6.3273200747645415,34.50555723357174,24.26546827384644,15.284745645900747,18.9474518152002,21.298452328679147,0.0,8.642748015873018,4.0850035430839,1.5240703735197785,3.221254168844357,9.173296228015744,1.494034863945578,0.0,6.3944738113718085,0.2222222222222222,1,7,0,0,0,0,2,1,3,0,0,7,1,8,1,6,0,0,0,0,0,6.296712574705412,3,3.8296000000000032,0,0,0,0,2,0,0,0,0,0,0,0,2,1,0,0,0,0,0,0,0,2,0,0,1,0,4,0,1,0,0,0,0,0,0,4,0,0,0,0,0,0,0,0,0,0,0,0,0,0,0,0,0,0,0
COc1cc2ncnc(NCc3ccccc3)c2cc1OC.Cl,8.4,5.353767395273077,0.0,0.0,0.7725273693283304,10.0,331.80300000000005,0.1624156667322986,-0.4928420713725375,0.4928420713725375,0.1624156667322986,0.9565217391304348,1.6521739130434785,2.590401326891241,1.919998524267851e-06,781.395420276137,-2.53,156387.70890707802,3.628150991967436,14.790514511606428,12.14518285259957,11.49902366656781,0.0,0.0,0.0,0.0,9.967957041894415,0.0,12.407033161179976,30.33183534230805,11.629818560158606,17.997347688838982,19.736295800171327,9.473725907600098,29.127820871096063,0.0,9.967957041894415,0.0,6.544756405912575,19.5363836865614,54.3553410456928,11.49902366656781,14.790514511606428,5.817862777835028,11.49902366656781,12.407033161179976,24.18755212444948,6.544756405912575,0.0,5.563451491696996,48.79188955399581,0.0,10.902924932081056,56.27000000000001,0.0,0.0,0.0,12.407033161179976,18.043780072480384,16.720787709916085,5.563451491696996,20.54691515731961,30.33183534230805,27.417479782823968,9.473725907600098,10.661436403086384,0.0,8.628469702695893,4.244396494708995,1.9981024029982368,2.088033895784618,13.914412474917524,1.5432303476946334,0.6957321586041822,3.2261861195095323,0.1764705882352941,1,5,0,0,0,0,2,1,3,0,0,5,1,6,1,5,0,0,0,0,0,5.597541105657008,3,3.6809000000000025,0,0,0,0,2,0,0,0,0,0,0,0,2,1,0,0,0,0,0,0,0,1,0,0,1,0,2,0,1,0,0,0,0,0,0,2,0,0,0,0,0,0,0,0,0,0,0,0,0,0,0,0,0,0,0
COc1cc2ncnc(Nc3cccc(F)c3)c2cc1OC.Cl,7.6,13.29194540531752,0.0,-0.317026415376884,0.7819713293263945,10.043478260869565,335.766,0.1624156702098615,-0.4928420696142627,0.4928420696142627,0.1624156702098615,1.0,1.7391304347826086,2.536419075563668,1.9199986301343485e-06,829.5295635910276,-2.599999999999999,130369.40406489698,3.426885108170554,14.790514511606428,17.962403693645463,11.49902366656781,0.0,0.0,0.0,0.0,14.358372089569237,0.0,12.407033161179976,6.06636706846161,24.26546827384644,17.139977557609967,19.736295800171327,13.864140955274918,34.815207145779624,0.0,9.967957041894415,0.0,0.0,19.5363836865614,48.542743326580094,11.49902366656781,14.790514511606428,15.89566410019341,11.49902366656781,12.407033161179976,24.18755212444948,0.0,5.817220841045895,0.0,42.7255224855342,0.0,10.902924932081056,56.27000000000001,0.0,4.39041504767482,0.0,18.22425400222587,28.52097343670266,5.386224214464796,18.46005421168776,38.485063356401504,0.0,15.284745645900747,9.473725907600098,23.855057161970493,0.0,8.446015054169816,3.8431280706727136,1.3067944014025366,1.4135762238269465,9.73282812101986,1.440357142857143,0.0,3.1289104907471605,0.125,1,5,0,0,0,0,2,1,3,0,0,5,1,7,1,4,0,0,0,0,0,5.180461533734214,3,3.9515000000000025,0,0,0,0,2,0,0,0,0,0,0,0,2,1,0,0,0,0,0,0,0,2,0,0,1,0,2,0,2,0,0,0,0,0,0,2,0,0,0,0,0,0,0,0,0,0,0,0,0,0,0,0,0,0,0
COc1cc2ncnc(Nc3cccc(Cl)c3)c2cc1OC.Cl,7.52,6.007271996748908,0.0,0.0,0.7510346592251971,10.043478260869565,352.22100000000006,0.1624156702098615,-0.4928420696142627,0.4928420696142627,0.1624156702098615,1.0,1.7391304347826086,2.536419075563668,1.9199986301343485e-06,827.5295635910276,-2.2399999999999998,130369.40406489698,3.573978068437047,14.790514511606428,12.14518285259957,11.49902366656781,0.0,0.0,0.0,0.0,9.967957041894415,0.0,12.407033161179976,17.667306958694127,24.26546827384644,22.16261087135129,19.736295800171327,9.473725907600098,46.41614703601214,0.0,9.967957041894415,0.0,0.0,19.5363836865614,47.74815579927552,11.49902366656781,14.790514511606428,11.50524905251859,11.49902366656781,24.00797305141249,24.18755212444948,0.0,0.0,0.0,42.7255224855342,5.022633313741326,10.902924932081056,56.27000000000001,0.0,0.0,0.0,12.407033161179976,22.339519758144164,16.59031120676462,6.3273200747645415,14.219595082555069,36.39820241076966,15.284745645900747,21.074665797832616,10.634140223135985,6.007271996748908,8.573391107471796,4.733244512438686,1.610613845846981,1.925527193387644,11.104411625820957,1.5011210317460315,0.0,3.1880562411807905,0.125,1,5,0,0,0,0,2,1,3,0,0,5,1,7,1,4,0,0,0,0,0,5.470607514427496,3,4.465800000000002,0,0,0,0,2,0,0,0,0,0,0,0,2,1,0,0,0,0,0,0,0,2,0,0,1,0,2,0,2,0,0,0,0,0,0,2,0,0,0,0,0,0,0,0,0,0,0,0,0,0,0,0,0,0,0
CCNC(=O)Nc1nc2nc(NCCCCN(CC)CC)ncc2cc1-c1c(Cl)cccc1Cl,5.89,12.286406189836825,0.3169653981192792,-0.3755713293150504,0.2912905706576943,11.117647058823527,504.4660000000002,0.3199118594896849,-0.3541622672705448,0.3541622672705448,0.3199118594896849,1.0588235294117647,1.7941176470588236,2.8137178785012447,1.850945140257544,1101.6669281608797,-2.679999999999999,34727817.701055,6.682641744672938,15.53348693886314,5.817862777835028,5.647177220767728,5.948339280986494,0.0,6.031114512338072,5.316788604006331,14.76249422596624,4.9839785209472085,0.0,43.11572124830789,57.59875086866519,35.79948358129701,10.045266627482652,4.794537184071822,52.03259778685715,0.0,25.168633897698435,0.0,33.61285484492389,43.35735923757554,40.50757847294216,11.126902983393991,15.950365812018994,16.560739242893344,0.0,23.20187978046503,58.60674183559305,0.0,0.0,33.61285484492389,30.462311845459517,10.045266627482652,22.160304418626517,95.07,0.0,4.794537184071822,0.0,6.031114512338072,50.51652951084326,39.02066886950232,0.0,24.395944776997904,12.990104268152232,49.64968550509234,23.20187978046503,0.0,12.892414226847794,28.29688364232733,10.393545873987916,1.63598706933799,0.8126365281968246,6.714417047550073,3.819492698325671,10.656845135648624,0.0,0.4166666666666667,3,8,0,0,0,2,1,2,3,0,0,6,3,10,2,11,0,0,0,0,0,9.679848747895075,3,5.673900000000004,0,0,0,0,3,0,0,0,1,0,0,0,4,3,0,0,0,0,0,0,0,2,0,0,1,0,0,0,2,0,0,0,0,0,0,0,0,0,0,0,0,0,0,0,0,0,0,1,0,0,0,0,0,1,1
COc1cc2ncnc(Oc3cccc(Cl)c3)c2cc1OC,7.7,5.967271996748908,0.424277525825145,0.424277525825145,0.7252302571033531,10.5,316.7440000000001,0.2298164080205212,-0.492840949354689,0.492840949354689,0.2298164080205212,0.9545454545454546,1.7272727272727273,2.536419075563668,2.093088316671023,823.5951342117369,-2.53,130369.40406489698,2.7555737096941786,14.210588861400147,12.076831908048447,11.49902366656781,5.879988336435371,0.0,0.0,0.0,9.967957041894415,0.0,0.0,17.667306958694127,24.26546827384644,11.089000382202936,25.122520014636123,14.210588861400147,22.503864822313574,0.0,9.967957041894415,0.0,0.0,14.219595082555069,47.74815579927552,23.128523836287084,14.210588861400147,0.0,23.128523836287084,11.600939890232516,24.18755212444948,0.0,0.0,0.0,42.7255224855342,5.022633313741326,10.902924932081056,53.47000000000001,0.0,0.0,0.0,0.0,33.66785786764468,5.386224214464796,6.3273200747645415,44.55143042486311,6.06636706846161,9.967957041894415,25.811528751632665,16.399494767731603,5.967271996748908,8.422279996360684,1.3150342422194878,0.6987759826152683,2.2070872788415787,10.677189403598735,1.4386210317460315,0.0,3.152023077915484,0.125,0,5,0,0,0,0,2,1,3,0,0,5,0,6,1,4,0,0,0,0,0,3.9766811406972633,3,4.092700000000002,0,0,0,0,2,0,0,0,0,0,0,0,2,0,0,0,0,0,0,0,0,0,0,0,1,0,3,0,1,0,0,0,0,0,0,2,0,0,0,0,0,0,0,0,0,0,0,0,0,0,0,0,0,0,0
COc1ccc(Nc2ncnc3cc(OC)c(OC)cc23)cc1OC.Cl,6.46,5.371460427732974,0.0,0.0,0.6991887785347365,10.0,377.82800000000015,0.1624156702098615,-0.4928675351474383,0.4928675351474383,0.1624156702098615,0.7307692307692307,1.3461538461538465,2.66495122868546,2.429997755102152e-06,904.9837555301132,-2.93,577772.0861839224,3.672916340235915,24.264240419206526,12.14518285259957,22.99804733313562,0.0,0.0,0.0,0.0,9.967957041894415,0.0,12.407033161179976,0.0,18.19910120538483,23.206344626071576,33.95589088272639,18.9474518152002,34.815207145779624,0.0,9.967957041894415,0.0,0.0,33.75597876911647,36.65915541707259,22.99804733313562,24.264240419206526,11.50524905251859,22.99804733313562,12.407033161179976,38.40714720700455,0.0,0.0,0.0,36.65915541707259,0.0,10.902924932081056,74.73,0.0,0.0,0.0,12.407033161179976,28.815910110970645,16.59031120676462,6.3273200747645415,28.439190165110134,30.33183534230805,15.284745645900747,18.9474518152002,21.28670655259566,0.0,8.637747933667395,4.093446659528008,1.5583903376165282,3.167790550231929,9.212923621609136,1.4973594576719575,0.0,6.378968220412713,0.2222222222222222,1,7,0,0,0,0,2,1,3,0,0,7,1,8,1,6,0,0,0,0,0,6.296712574705412,3,3.8296000000000032,0,0,0,0,2,0,0,0,0,0,0,0,2,1,0,0,0,0,0,0,0,2,0,0,1,0,4,0,1,0,0,0,0,0,0,4,0,0,0,0,0,0,0,0,0,0,0,0,0,0,0,0,0,0,0
COc1cc2ncnc(Nc3ccc(O)cc3)c2cc1OC.Cl,7.0,9.336674550222943,0.0,0.0,0.7113729632098628,10.0,333.77500000000003,0.1624156702098614,-0.5079643158299423,0.5079643158299423,0.1624156702098614,0.9565217391304348,1.608695652173913,2.5561198770141496,1.91999861306771e-06,809.5246760888642,-2.7299999999999995,133930.45707603337,3.374406912371318,19.897041906447136,17.894694685883476,11.49902366656781,0.0,0.0,0.0,0.0,9.967957041894415,0.0,12.407033161179976,0.0,30.33183534230805,17.139977557609967,19.736295800171327,14.580253302440804,34.815207145779624,0.0,9.967957041894415,0.0,0.0,19.5363836865614,42.7255224855342,17.248535499851716,14.790514511606428,11.50524905251859,17.248535499851716,12.407033161179976,29.29407951929019,0.0,0.0,0.0,42.7255224855342,0.0,10.902924932081056,76.50000000000001,0.0,5.106527394840706,0.0,18.15654499446388,17.316886444402837,16.59031120676462,6.3273200747645415,44.55143042486311,6.06636706846161,15.284745645900747,9.473725907600098,10.605919165760886,0.0,8.529359620391366,13.354167227849551,1.5569567008902327,2.0870218374565424,10.382413076341647,1.483130039052658,0.0,3.1676989989237807,0.125,2,6,0,0,0,0,2,1,3,0,0,6,2,7,1,4,0,0,0,0,0,5.077948940049529,3,3.518000000000002,0,0,0,0,2,0,1,0,0,0,0,0,2,1,0,0,0,0,0,0,0,2,0,0,1,0,2,0,1,0,0,0,0,0,0,2,0,0,0,0,0,0,0,0,0,0,0,0,0,0,0,0,0,0,0
COc1cc2ncnc(Nc3ccccc3)c2cc1OC.Cl,7.3,5.34119850718065,0.0,0.0,0.7925999248118372,9.909090909090908,317.776,0.1624156702098614,-0.4928420696142627,0.4928420696142627,0.1624156702098614,0.9090909090909092,1.5909090909090908,2.5455923142089527,1.7633321795007875e-06,765.9357058364532,-2.53,93820.35033248516,3.0419064275067496,14.790514511606428,12.14518285259957,11.49902366656781,0.0,0.0,0.0,0.0,9.967957041894415,0.0,12.407033161179976,18.19910120538483,18.19910120538483,17.139977557609967,19.736295800171327,9.473725907600098,34.815207145779624,0.0,9.967957041894415,0.0,0.0,19.5363836865614,48.79188955399581,11.49902366656781,14.790514511606428,11.50524905251859,11.49902366656781,12.407033161179976,24.18755212444948,0.0,0.0,0.0,48.79188955399581,0.0,10.902924932081056,56.27000000000001,0.0,0.0,0.0,12.407033161179976,11.49902366656781,22.40817398459965,6.3273200747645415,14.219595082555069,42.46456947923127,15.284745645900747,9.473725907600098,10.637853279626816,0.0,8.595316672965483,4.162287178760393,1.7577463099437307,2.025394305870497,13.580022051061013,1.5273044217687075,0.0,3.214075780003359,0.125,1,5,0,0,0,0,2,1,3,0,0,5,1,6,1,4,0,0,0,0,0,5.010939362492869,3,3.8124000000000025,0,0,0,0,2,0,0,0,0,0,0,0,2,1,0,0,0,0,0,0,0,2,0,0,1,0,2,0,1,0,0,0,0,0,0,2,0,0,0,0,0,0,1,0,0,0,0,0,0,0,0,0,0,0,0
CN1CCN(c2cc3c(Nc4cccc(Br)c4)ncnc3cn2)CC1,6.99,4.599712669018225,0.7924791614176537,0.7924791614176537,0.7297616764399676,15.52,399.29600000000016,0.1413803259964317,-0.3540335341198938,0.3540335341198938,0.1413803259964317,1.04,1.88,2.623776701784296,1.6813329262103456,891.6236151049761,-2.25,756350.8622699555,3.569802761341223,15.116608065707286,17.9630456304346,0.0,0.0,0.0,0.0,0.0,14.951935562841626,0.0,0.0,21.99631096641096,31.313140256523628,41.72535562863106,11.713544289229338,0.0,44.15598066038402,0.0,19.8518452936921,0.0,0.0,43.44339594118429,47.32871850451808,0.0,10.216698334856808,17.323111830353618,0.0,15.929943897949348,53.07854290001959,0.0,0.0,0.0,47.32871850451808,0.0,10.902924932081056,57.18,0.0,0.0,0.0,0.0,0.0,58.87778190191739,0.0,6.3273200747645415,30.46231184545952,59.11252657763707,0.0,1.0237536382625323,3.500381305653863,18.036562644580805,4.367455435878055,1.8173230088063697,1.7718238221214415,10.11551081389984,3.399420390841522,4.065967269930113,2.1518016700254603,0.2777777777777778,1,6,0,1,1,0,1,2,3,0,0,6,1,7,3,3,0,1,1,0,0,4.501800288797097,4,3.282700000000002,0,0,0,0,3,0,0,0,0,0,0,0,5,1,0,1,0,0,0,0,0,3,0,0,1,0,0,0,1,0,0,0,0,0,0,0,0,0,0,0,0,0,0,0,1,0,0,1,0,0,0,0,0,0,0
CNc1cc2c(Nc3cccc(C)c3)ncnc2cn1,9.35,4.329465230536659,0.777314814814815,0.777314814814815,0.761492325423499,10.5,265.32,0.1413798419863602,-0.3731300898776188,0.3731300898776188,0.1413798419863602,1.05,1.95,2.470835110601559,2.061561517702104,754.0899795378148,-2.69,52142.0333390247,2.377945848052067,10.633577208012662,17.9630456304346,0.0,0.0,0.0,0.0,0.0,14.951935562841626,0.0,0.0,12.13273413692322,30.68628989677245,18.12128247182555,11.713544289229338,0.0,28.226036762434678,0.0,14.951935562841626,0.0,6.923737199690624,17.68124919068985,48.419450480382665,0.0,10.633577208012662,17.323111830353618,0.0,0.0,21.999607545518813,0.0,6.923737199690624,5.563451491696996,42.85599898868567,0.0,10.902924932081056,62.73,0.0,0.0,0.0,0.0,0.0,28.226036762434678,5.563451491696996,12.524163646377618,25.24677318806202,44.64198410746814,0.0,0.0,0.0,12.822995769295376,7.295525058788948,3.021217771059041,1.5686039199630477,10.107753107415803,3.2831958616780046,2.0617983644074918,1.8389101473922904,0.1333333333333333,2,5,0,0,0,0,1,2,3,0,0,5,2,5,2,3,0,0,0,0,0,3.164983052811909,3,3.118520000000001,0,0,0,0,3,0,0,0,0,0,0,0,3,2,0,0,0,0,0,0,0,3,1,0,1,0,0,0,0,0,0,0,0,0,0,0,0,0,0,0,0,0,0,0,0,0,0,1,0,0,0,0,0,0,0
COc1cccc(-c2cn(-c3ccc(CCN(C)CCO)cc3)c3ncnc(N)c23)c1,6.52,9.045288631708353,0.1773330527057728,0.1773330527057728,0.4578252695554586,11.35483870967742,417.5130000000001,0.150172014129924,-0.4967454657366337,0.4967454657366337,0.150172014129924,1.096774193548387,1.903225806451613,3.1928482343475157,1.7062886237866208,1170.5321746520124,-3.4199999999999995,15640167.075951304,4.375827524422496,25.04406720444477,17.894694685883476,5.647177220767728,0.0,0.0,0.0,0.0,9.967957041894415,0.0,0.0,24.26546827384644,48.86086486284363,30.537194149818784,19.10290372025525,9.843390348640757,16.85126421306755,0.0,19.43496642053625,0.0,6.4208216229260096,39.58753177745498,66.6185516857675,22.56380109136146,10.470530430962237,5.817862777835028,5.749511833283905,0.0,58.39535811566975,6.4208216229260096,0.0,5.563451491696996,61.0551001940705,0.0,27.84769069331008,89.42999999999999,0.0,0.0,0.0,6.606881964512918,12.362619183747604,46.56278055543257,11.890771566461538,7.109797541277533,35.88023990431499,45.330178618204414,15.57705782580294,7.437111915780472,0.0,10.851053390815954,9.86978666175337,11.220045867523355,1.2309726034058477,16.32654089939285,4.469031172718042,1.758403875252524,3.670386946690918,0.25,3,7,0,0,0,0,2,2,4,0,0,6,2,7,2,8,0,0,0,0,0,6.155299142518837,4,3.1449000000000007,0,1,1,0,3,0,0,0,0,0,0,0,4,0,1,1,0,0,0,0,0,1,0,0,1,0,1,0,0,0,0,0,0,0,0,1,0,0,0,0,0,0,0,0,0,0,0,0,0,0,0,0,0,0,0
CN(C)CCN(C)c1cc2c(Nc3cccc(Br)c3)ncnc2cn1,8.09,4.5288708322835305,0.7710736856470984,0.7710736856470984,0.6822421314074111,11.08,401.31200000000007,0.1413803245421682,-0.3583795474140738,0.3583795474140738,0.1413803245421682,1.04,1.88,2.5940649987797904,1.916779148861704,867.0641468223661,-2.25,474073.160722003,4.432383673469388,15.116608065707286,17.9630456304346,0.0,0.0,0.0,0.0,0.0,14.951935562841626,0.0,0.0,21.99631096641096,38.36081223920082,35.68351479948311,11.713544289229338,0.0,44.15598066038402,0.0,19.8518452936921,0.0,0.0,44.44922709471353,47.32871850451808,0.0,10.216698334856808,17.323111830353618,0.0,15.929943897949348,54.08437405354883,0.0,0.0,0.0,47.32871850451808,0.0,10.902924932081056,57.18,0.0,0.0,0.0,0.0,0.0,45.78826909009224,0.0,12.524163646377618,37.37950732498524,60.09383149185265,0.0,1.0154038412064414,3.4913950493055936,17.557326533469695,4.316788391282439,1.783292598930451,1.6751868648694046,10.025178449855352,3.35154616244646,1.8593725238539447,6.174509584780217,0.2777777777777778,1,6,0,0,0,0,1,2,3,0,0,6,1,7,2,6,0,0,0,0,0,5.449985588911593,3,3.528700000000001,0,0,0,0,3,0,0,0,0,0,0,0,5,1,0,2,0,0,0,0,0,3,0,0,1,0,0,0,1,0,0,0,0,0,0,0,0,0,0,0,0,0,0,0,0,0,0,1,0,0,0,0,0,0,0
Brc1cccc(Nc2ncnc3cnc(NCCCN4CCOCC4)cc23)c1,9.0,5.388816999758344,0.7656173440322973,0.7656173440322973,0.5401091391628489,14.892857142857142,443.3490000000004,0.1413802029531684,-0.3787927403546378,0.3787927403546378,0.1413802029531684,1.1071428571428572,2.0,2.7234056248468583,1.4177377254970769,931.4679039396945,-2.29,3700029.775539441,4.94855379911999,15.370440161812713,17.9630456304346,0.0,0.0,0.0,0.0,4.899909730850478,14.951935562841626,0.0,0.0,21.99631096641096,37.23104630268503,35.1805992227185,24.92730821825517,4.736862953800049,44.15598066038402,0.0,19.851845293692104,0.0,6.4208216229260096,50.0263667606888,47.32871850451808,0.0,10.633577208012662,17.323111830353618,0.0,15.929943897949348,59.24463484636823,4.736862953800049,0.0,6.4208216229260096,47.32871850451808,0.0,10.902924932081056,75.2,0.0,0.0,0.0,0.0,0.0,78.51236745386922,0.0,12.524163646377618,30.33183534230805,46.41536639965412,4.736862953800049,6.402846647022196,3.4976103318693363,15.67018096420236,7.7248720462874365,1.7755287898589565,1.6004041291167015,9.999932448721133,4.404100689405402,5.67452395351648,0.0,0.35,2,7,0,1,1,0,1,2,3,0,0,7,2,8,3,7,0,1,1,0,0,6.305400281827747,4,3.6651000000000016,0,0,0,0,3,0,0,0,0,0,0,0,4,2,0,0,0,0,0,0,0,3,0,0,1,0,1,0,1,0,0,0,0,0,0,0,1,0,0,0,0,0,0,0,0,0,0,1,0,0,0,0,0,0,0
CNc1cc2c(Nc3ccccc3)ncnc2cn1,8.05,4.2997978080120935,0.773240740740741,0.773240740740741,0.7490899634447524,10.36842105263158,251.29300000000003,0.1413797176385957,-0.3731300898776188,0.3731300898776188,0.1413797176385957,1.0,1.8421052631578947,2.481070765417635,2.072640126141037,696.5288665245162,-2.69,37543.56282229965,2.304039209596592,10.633577208012662,17.9630456304346,0.0,0.0,0.0,0.0,0.0,14.951935562841626,0.0,0.0,18.19910120538483,18.19910120538483,18.12128247182555,11.713544289229338,0.0,28.226036762434678,0.0,14.951935562841626,0.0,0.0,17.68124919068985,48.922366057147286,0.0,10.633577208012662,17.323111830353618,0.0,0.0,21.999607545518813,0.0,0.0,0.0,48.922366057147286,0.0,10.902924932081056,62.73,0.0,0.0,0.0,0.0,0.0,28.226036762434678,6.3273200747645415,6.196843571613076,43.44587439344685,25.585512770854287,0.0,0.0,0.0,12.76165910808768,7.243119960947342,1.803473167044596,1.5634367388930888,11.854882737045436,3.271184807256236,0.0,1.835576814058957,0.0714285714285714,2,5,0,0,0,0,1,2,3,0,0,5,2,5,2,3,0,0,0,0,0,2.937272375055674,3,2.8101000000000003,0,0,0,0,3,0,0,0,0,0,0,0,3,2,0,0,0,0,0,0,0,3,0,0,1,0,0,0,0,0,0,0,0,0,0,0,0,0,0,0,0,0,1,0,0,0,0,1,0,0,0,0,0,0,0
CNc1cc2c(Nc3cccc(C(F)(F)F)c3)ncnc2cn1,8.96,12.788430823558889,0.2941156462585037,-4.394196255375684,0.768047115911069,11.478260869565217,319.29,0.4159855115664654,-0.3731300898776188,0.4159855115664654,0.3731300898776188,1.0434782608695652,1.8695652173913044,2.5411314914600505,2.015047942736835,847.8802270816467,-2.9000000000000004,168982.7030506019,3.151094272769845,10.633577208012662,17.9630456304346,0.0,0.0,0.0,6.176298517443475,0.0,14.951935562841626,13.17124514302446,0.0,6.06636706846161,24.26546827384644,18.12128247182555,17.276995780926335,13.17124514302446,28.226036762434678,0.0,14.951935562841626,0.0,6.176298517443475,17.68124919068985,48.419450480382665,0.0,10.633577208012662,30.49435697337808,0.0,0.0,21.999607545518813,6.176298517443475,0.0,5.563451491696996,42.85599898868567,0.0,10.902924932081056,62.73,11.73975000914047,13.17124514302446,0.0,0.0,28.226036762434678,12.13273413692322,12.393687143226153,25.37724969121349,0.0,25.585512770854287,0.0,38.36529247067666,0.0,12.34671920885485,6.456759211540957,0.1616325087133621,1.0209414105148238,6.67079130186025,-1.4922446066606427,0.0,1.7201084944997282,0.1333333333333333,2,5,0,0,0,0,1,2,3,0,0,5,2,8,2,3,0,0,0,0,0,3.728077551409708,3,3.8289000000000017,0,0,0,0,3,0,0,0,0,0,0,0,3,2,0,0,0,0,3,0,0,3,0,0,1,0,0,0,3,0,0,0,0,0,0,0,0,0,0,0,0,0,0,0,0,0,0,1,0,0,0,0,0,0,0
OCC(O)CNc1cc2c(Nc3cccc(Br)c3)ncnc2cn1,9.74,9.426181903406349,0.2054477468979636,-0.8390882691843193,0.5122032504279255,12.125,390.2410000000001,0.1413802030034271,-0.393614712984267,0.393614712984267,0.1413802030034271,1.1666666666666667,2.0416666666666665,2.597372983565636,1.8936658559873525,845.5656475525078,-2.29,338190.9493251636,3.966010134020676,20.84663199769407,17.9630456304346,0.0,0.0,0.0,0.0,0.0,14.951935562841626,0.0,0.0,21.99631096641096,24.26546827384644,22.091086410893347,24.42439264149056,10.213054789681411,44.15598066038402,0.0,14.951935562841626,0.0,6.103966387748303,23.785215578438155,47.32871850451808,0.0,10.633577208012662,17.323111830353618,0.0,15.929943897949348,44.42059511069684,0.0,0.0,0.0,47.32871850451808,0.0,10.902924932081056,103.19,6.103966387748303,5.106527394840706,0.0,13.151638370425491,17.152426273286316,15.54633000498077,6.3273200747645415,12.263210640074686,24.26546827384644,41.51545666880364,5.106527394840706,0.965625122666068,3.4408472263789,12.76141035735282,25.33729222190209,1.5992153969217011,1.229952680146133,9.574005785115215,2.275704631759601,-0.1007200889091914,0.0,0.1875,4,7,0,0,0,0,1,2,3,1,0,7,4,8,2,6,0,0,0,0,1,5.189648346134364,3,2.296,0,2,0,0,3,0,0,0,0,0,0,0,3,2,0,0,0,0,0,0,0,3,0,0,1,0,0,0,1,0,0,0,0,0,0,0,0,0,0,0,0,0,0,0,0,0,0,1,0,0,0,0,0,0,0
CN(C)CCCCNc1cc2c(Nc3cccc(Br)c3)ncnc2cn1,8.74,4.454816442008903,0.7695905355433675,0.7695905355433675,0.5356053510188591,11.076923076923077,415.33900000000006,0.1413802029531223,-0.3700557205701266,0.3700557205701266,0.1413802029531223,1.0769230769230769,1.9615384615384612,2.615010798048393,1.7278649625718123,867.5272020201998,-2.25,833006.4596967195,5.124166410177491,15.533486938863138,17.9630456304346,0.0,0.0,0.0,0.0,0.0,14.951935562841626,0.0,0.0,21.99631096641096,57.74721189096541,22.091086410893347,11.713544289229338,0.0,44.15598066038402,0.0,19.8518452936921,0.0,12.84164324585202,37.81843398519219,47.32871850451808,0.0,10.633577208012662,17.323111830353618,0.0,15.929943897949348,47.03670207087164,0.0,0.0,12.84164324585202,47.32871850451808,0.0,10.902924932081056,65.97,0.0,0.0,0.0,0.0,0.0,58.62991233594426,0.0,12.524163646377618,30.33183534230805,60.5107103650085,0.0,1.0163038804901805,3.4910724802090645,15.37329984636442,7.694731799936076,1.782441164878641,1.611669512195757,9.994067334963226,5.599858946111357,1.9958369112562144,4.190718123595064,0.3157894736842105,2,6,0,0,0,0,1,2,3,0,0,6,2,7,2,8,0,0,0,0,0,6.354610074481517,3,4.284600000000003,0,0,0,0,3,0,0,0,0,0,0,0,4,2,0,0,0,0,0,0,0,3,0,0,1,0,0,0,1,0,0,0,0,0,0,0,0,0,0,0,0,0,0,0,0,0,0,1,0,0,0,0,0,1,0
COc1cccc(-c2cn(-c3ccc(CC(=O)NCCO)cc3)c3ncnc(N)c23)c1,6.1,11.882556246835373,0.0773891695164494,-0.1305187880034555,0.425109652873353,10.903225806451612,417.4690000000001,0.2240000434518072,-0.4967454657366337,0.4967454657366337,0.2240000434518072,1.1935483870967742,2.0,3.191729540647122,1.7307333892700705,1217.8494063715973,-3.91,15521610.560693882,4.193177734646159,25.460946077600624,17.894694685883476,5.647177220767728,5.907179729351506,0.0,0.0,4.794537184071822,9.967957041894415,0.0,0.0,24.26546827384644,35.392371257240434,23.99243774390621,25.52372534318126,14.637927532712576,22.758443942419056,0.0,19.8518452936921,0.0,6.4208216229260096,25.99510338886521,66.6185516857675,22.56380109136146,15.787319034968563,5.817862777835028,5.749511833283905,0.0,45.810199725581015,11.21535880699783,0.0,5.563451491696996,61.0551001940705,0.0,27.84769069331008,115.29,0.0,4.794537184071822,0.0,25.47963972270301,11.465039998602755,33.513476797523246,6.3273200747645415,7.109797541277533,59.294879767097314,15.284745645900747,15.57705782580294,7.319712032010396,0.0,20.52121829900083,12.239592272956576,10.51780651006328,1.0189191047380606,15.404925763455788,3.674321226028928,0.1730560837553263,1.630448707990816,0.1739130434782608,4,8,0,0,0,1,2,2,4,0,0,6,3,8,2,7,0,0,0,0,0,5.811302831780499,4,2.3293,0,1,1,0,3,0,0,0,1,0,0,0,3,1,1,0,0,0,0,0,0,1,0,0,1,0,1,0,0,0,0,0,0,0,0,1,0,0,0,0,0,0,0,0,0,0,0,0,0,0,0,0,0,0,0
CN1CCC(O)(c2nc(-c3ccc(F)cc3)c(-c3ccncc3)o2)CC1,6.1,13.322859046905936,0.3084484649065726,-1.0907036564625852,0.7812982780426704,17.346153846153847,353.3970000000001,0.2271420575729368,-0.4368523531392075,0.4368523531392075,0.2271420575729368,1.0384615384615383,1.6923076923076923,3.1184311544669305,1.8143789961751144,885.179580001007,-2.57,1376500.4590309388,3.133203160442388,14.423588062744532,17.112199646878043,5.760247418874442,5.890723922025908,0.0,0.0,4.9839785209472085,9.374393568622027,0.0,0.0,0.0,56.28751763929887,36.610102938445294,0.0,13.914093379568872,0.0,0.0,14.867866772744891,0.0,18.442694056835705,20.13718479450234,60.49983431706762,22.58107839711689,0.0,4.39041504767482,0.0,0.0,40.11157896208794,5.601050810983688,5.817220841045895,18.73236716787793,53.20904049104916,0.0,22.58107839711689,62.39,5.601050810983688,9.496942442515524,0.0,5.817220841045895,30.186542581600836,24.21641579521914,12.13273413692322,24.52642128014937,19.18040611960041,14.867866772744891,4.417150937053347,19.384925609642146,0.0,10.834607543105244,11.080815591668769,1.0601253201898049,0.5647908586006081,9.779093915343916,4.470054694717392,1.5463330845040797,2.0292533822280463,0.3,1,5,0,1,1,0,1,2,3,0,0,5,1,6,3,3,0,1,1,0,0,4.3001462169105285,4,3.4559000000000024,0,1,0,0,2,0,0,0,0,0,0,0,3,0,0,0,1,0,0,0,0,0,0,0,0,0,0,0,1,0,0,0,0,0,0,0,0,0,0,0,1,0,0,1,0,0,0,1,0,0,0,0,0,0,0
Brc1cccc(Nc2ncnc3cnc(NCCc4c[nH]cn4)cc23)c1,9.11,4.423103872721928,0.741512561712778,0.741512561712778,0.4466213767135582,10.807692307692308,410.27900000000017,0.1413802029588373,-0.3696624986235184,0.3696624986235184,0.1413802029588373,1.0769230769230769,2.0384615384615383,3.156813245940342,1.5526446486841183,1017.1712555615732,-3.0,1705749.3124981583,3.802625622453599,15.617555728959871,17.9630456304346,0.0,0.0,0.0,0.0,0.0,19.935914083788838,0.0,0.0,21.99631096641096,24.26546827384644,34.70875160543243,23.73479235884234,0.0,44.15598066038402,0.0,24.91989260473604,0.0,6.4208216229260096,17.178333613925236,65.54681014574416,0.0,10.633577208012662,17.323111830353618,0.0,15.929943897949348,31.464649010648618,6.4208216229260096,0.0,5.693927994848461,59.852882150895695,0.0,10.902924932081056,91.41,0.0,0.0,0.0,0.0,0.0,51.35826230195413,6.3273200747645415,12.524163646377618,36.52867891392113,51.48341371069806,0.0,1.003009609132722,3.481511492414045,20.278157554053013,7.569236319336428,2.7483420114911024,1.519425180566054,9.898062002201211,7.677409935759312,0.741512561712778,0.0,0.1111111111111111,3,7,0,0,0,0,1,3,4,0,0,6,3,8,3,6,0,0,0,0,0,4.741430865321397,4,3.9086,0,0,0,0,5,1,0,0,0,0,0,0,4,3,0,0,0,0,0,0,0,3,0,0,1,0,0,0,1,0,0,1,0,0,0,0,0,0,0,0,0,0,0,0,0,0,0,1,0,0,0,0,0,0,0
COc1cc2ncnc(NCc3cccc(C)c3)c2cc1OC,6.77,5.369497422821286,0.6558649696997463,0.6558649696997463,0.7806092569588597,10.565217391304348,309.3690000000001,0.1624156667322986,-0.4928420713725375,0.4928420713725375,0.1624156667322986,1.0,1.7826086956521738,2.5824169569869184,1.9380884512777623,833.6096879686596,-2.8199999999999994,217522.14512092213,3.18186515781335,14.790514511606428,12.14518285259957,11.49902366656781,0.0,0.0,0.0,0.0,9.967957041894415,0.0,0.0,29.82891976554344,18.55355575984923,17.997347688838982,19.736295800171327,9.473725907600098,16.720787709916085,0.0,9.967957041894415,0.0,13.4684936056032,19.5363836865614,53.85242546892819,11.49902366656781,14.790514511606428,5.817862777835028,11.49902366656781,0.0,24.18755212444948,6.544756405912575,6.923737199690624,11.126902983393991,42.7255224855342,0.0,10.902924932081056,56.27000000000001,0.0,0.0,0.0,0.0,18.043780072480384,16.720787709916085,11.126902983393991,20.54691515731961,12.13273413692322,46.47395111943781,9.473725907600098,10.6903379182379,0.0,8.665012650121778,4.273213104686318,3.254520676383501,2.091850839356251,12.131417697729026,1.548438681027967,2.7806193438629405,3.231255755260986,0.2222222222222222,1,5,0,0,0,0,2,1,3,0,0,5,1,5,1,5,0,0,0,0,0,4.278106451213115,3,3.5675200000000027,0,0,0,0,2,0,0,0,0,0,0,0,2,1,0,0,0,0,0,0,0,1,1,0,1,0,2,0,0,0,0,0,0,0,0,2,0,0,0,0,0,0,0,0,0,0,0,0,0,0,0,0,0,0,0
COc1cc2ncnc(Nc3nnc4ccccc4n3)c2cc1OC,6.09,5.355261442935505,0.3550786039724534,0.3550786039724534,0.6085421562625346,10.8,334.3390000000001,0.2484528522311004,-0.4928420695661907,0.4928420695661907,0.2484528522311004,0.84,1.6,2.667495271193146,1.7934210294730293,1069.3020608706204,-3.5499999999999994,838321.7413636835,2.735040188354364,14.790514511606428,17.66188357021583,11.49902366656781,5.948339280986494,0.0,0.0,0.0,14.951935562841626,0.0,10.197363616602075,12.13273413692322,18.19910120538483,11.452591282926406,25.25299651778759,9.473725907600098,33.7025284261351,0.0,25.149299179443695,0.0,0.0,19.5363836865614,42.7255224855342,11.49902366656781,14.790514511606428,11.766202058821523,11.49902366656781,0.0,39.36889426199876,0.0,0.0,0.0,42.7255224855342,0.0,21.936326367313583,94.94,0.0,0.0,0.0,0.0,28.781926443005595,16.41962564969732,6.3273200747645415,20.28596215101668,30.33183534230805,30.466087783450032,9.473725907600098,10.665418778820133,0.0,13.013650553974776,12.108782382940932,2.1884361176875613,2.1020330775025045,11.129382915847632,1.4633517573696144,0.0,3.162277749190177,0.1176470588235294,1,8,0,0,0,0,2,2,4,0,0,8,1,8,2,4,0,0,0,0,0,3.695015208292764,4,2.728800000000001,0,0,0,0,5,0,0,0,0,0,0,0,5,1,0,0,0,0,0,0,0,2,0,0,2,0,2,0,0,0,0,0,0,0,0,2,0,0,0,0,0,0,1,0,0,0,0,0,0,0,0,0,0,0,0
COc1cc2ncnc(Nc3nccc4ccccc34)c2cc1OC,6.7,5.395812279584827,0.6238230662635427,0.6238230662635427,0.6103323221697953,10.8,332.36300000000017,0.1624156702565998,-0.4928420695906397,0.4928420695906397,0.1624156702565998,0.8,1.56,2.671446515530066,1.8605548364962703,1060.3380814207749,-3.4099999999999997,858207.5360070649,2.6735238974181783,14.790514511606428,17.9630456304346,11.49902366656781,0.0,0.0,0.0,0.0,14.951935562841626,0.0,0.0,24.26546827384644,17.518958351388015,23.03565906900428,19.736295800171327,9.473725907600098,33.311098916680706,0.0,14.951935562841626,0.0,0.0,19.5363836865614,54.98873312560889,11.49902366656781,14.790514511606428,11.635725555670057,11.49902366656781,0.0,29.17153064539669,0.0,0.0,0.0,54.98873312560889,0.0,21.67537336101065,69.16000000000001,0.0,0.0,0.0,0.0,17.316886444402837,27.49323613884568,6.3273200747645415,20.416438654168143,42.46456947923127,20.26872416684796,9.473725907600098,10.73777998778585,0.0,13.161878858024693,6.282825614941416,0.7596172944486436,2.656810954447589,13.73811019995183,3.2910436088015453,0.0,3.205266814931768,0.1052631578947368,1,6,0,0,0,0,2,2,4,0,0,6,1,6,2,4,0,0,0,0,0,3.7772655001746887,4,3.938800000000003,0,0,0,0,3,0,0,0,0,0,0,0,3,1,0,0,0,0,0,0,0,2,0,0,2,0,2,0,0,0,0,0,0,0,0,2,0,0,0,0,0,0,0,0,0,0,0,1,0,0,0,0,0,0,0
COc1cc2ncnc(NNc3ccc(F)c(Cl)c3)c2cc1OC,6.37,13.19854922306894,0.0284733145375286,-0.4800611445376399,0.6819649430577271,10.5,348.76500000000016,0.1624156850562982,-0.4928420621077978,0.4928420621077978,0.1624156850562982,1.0,1.75,2.609173449301925,1.92204387154415,891.3255637112255,-2.799999999999999,325178.67781304964,3.112914088808835,9.473725907600098,12.144540915810436,17.316886444402837,0.0,0.0,0.0,10.85158279422077,14.358372089569237,0.0,0.0,11.600939890232516,24.26546827384644,11.452591282926406,30.44631538859622,13.864140955274918,34.00911387483217,0.0,9.967957041894415,0.0,0.0,25.071177876775835,47.49900957185981,11.49902366656781,20.325308701820862,15.89566410019341,11.49902366656781,11.600939890232516,24.18755212444948,0.0,5.817220841045895,0.0,36.65915541707259,5.022633313741326,10.902924932081056,68.30000000000001,5.817220841045895,4.39041504767482,0.0,5.022633313741326,28.52097343670266,5.386224214464796,18.46005421168776,32.418696287939895,0.0,20.819539836115187,21.074665797832616,23.767938701765534,5.764765701952819,8.426128607677128,0.7607498115560891,7.160270752848465,1.1884598948086165,7.835335367983878,1.4264908072282412,0.0,3.1143047986236745,0.125,2,6,0,0,0,0,2,1,3,0,0,6,2,8,1,5,0,0,0,0,0,4.524067205313959,3,3.8785000000000025,0,0,0,0,2,0,0,0,0,0,0,0,2,2,0,0,0,0,0,0,0,2,0,0,1,0,2,0,2,1,0,0,0,0,0,2,0,0,0,0,0,0,0,0,0,0,0,0,0,0,0,0,0,0,0
C[C@@H](Nc1[nH]cnc2c3ccccc3nc1-2)c1ccccc1,6.38,4.705615709246661,0.1832057823129249,0.1832057823129249,0.5927118793687418,12.590909090909092,288.35400000000004,0.1330689100818808,-0.3632200990435115,0.3632200990435115,0.1330689100818808,0.9545454545454546,1.7272727272727273,2.954685299717532,1.7474325876435244,882.0082193476919,-2.879999999999999,248051.74028188625,2.091487330084271,10.30076712495354,17.205718767531952,0.0,0.0,0.0,0.0,0.0,9.967957041894415,0.0,0.0,48.53093654769288,18.55355575984923,11.428065043612756,11.844020792380803,0.0,16.720787709916088,0.0,14.951935562841626,0.0,12.965578028838586,5.316788604006331,66.48807518261603,11.387855989696922,5.316788604006331,5.817862777835028,0.0,0.0,14.951935562841626,0.0,0.0,18.52902952053558,60.92462369091903,0.0,22.29078092177798,53.6,0.0,0.0,0.0,6.041840829147961,0.0,28.10864369961301,5.563451491696996,6.3273200747645415,24.26546827384644,52.540318187899416,4.9839785209472085,0.0,0.0,12.345906793272864,4.58917128579827,4.014426230368691,0.9005120937263795,18.627573354959267,1.71875,2.136993575207861,0.0,0.1111111111111111,2,4,0,2,2,0,2,0,2,1,0,3,2,4,2,3,0,0,0,0,0,3.002105770908928,4,4.235800000000003,0,0,0,0,3,1,0,0,0,0,0,0,2,2,0,0,0,0,0,0,0,1,0,0,3,0,0,0,0,0,0,0,0,0,0,0,0,0,0,0,0,0,1,0,0,0,0,0,0,0,0,0,0,0,0
COc1cc2ncnc(Nc3ccc(F)c(Cl)c3)c2cc1OC,8.05,13.256827491964298,0.0348254364749678,-0.4757705126229659,0.7757387424369416,10.608695652173912,333.7500000000001,0.1624156702098615,-0.4928420696142627,0.4928420696142627,0.1624156702098615,1.0434782608695652,1.7826086956521738,2.5689143025865064,2.076879271744736,873.3134295911075,-2.599999999999999,195630.5308848702,2.979437545653763,14.790514511606428,17.962403693645463,11.49902366656781,0.0,0.0,0.0,0.0,14.358372089569237,0.0,0.0,11.600939890232516,24.26546827384644,17.139977557609967,24.758929113912654,13.864140955274918,34.00911387483217,0.0,9.967957041894415,0.0,0.0,19.5363836865614,47.49900957185981,11.49902366656781,14.790514511606428,15.89566410019341,11.49902366656781,11.600939890232516,24.18755212444948,0.0,5.817220841045895,0.0,36.65915541707259,5.022633313741326,10.902924932081056,56.27000000000001,5.817220841045895,4.39041504767482,0.0,5.022633313741326,28.52097343670266,5.386224214464796,18.46005421168776,32.418696287939895,0.0,15.284745645900747,21.074665797832616,23.828615786725624,5.8012534782303895,8.45618405489768,3.8812740853789736,1.305132878768792,1.2215378678849702,7.902234749867024,1.432255291005291,0.0,3.115956251685696,0.125,1,5,0,0,0,0,2,1,3,0,0,5,1,7,1,4,0,0,0,0,0,4.162527446506726,3,4.183100000000002,0,0,0,0,2,0,0,0,0,0,0,0,2,1,0,0,0,0,0,0,0,2,0,0,1,0,2,0,2,0,0,0,0,0,0,2,0,0,0,0,0,0,0,0,0,0,0,0,0,0,0,0,0,0,0
O=C(NCc1ccccc1)c1cc2ccc(O)c(O)c2cn1,5.85,12.128052406147644,0.2124267301071394,-0.2932242063492063,0.6483629616969674,10.545454545454543,294.31,0.2696621693275348,-0.5042433315260074,0.5042433315260074,0.2696621693275348,1.0909090909090908,1.8636363636363635,2.5648705280041675,1.809090554177041,831.9317038139915,-3.08,133547.678652121,2.690948711049354,15.529843393687743,5.693927994848461,11.49902366656781,0.0,5.907179729351506,0.0,9.77851570501903,0.0,0.0,0.0,36.39820241076966,23.08240984308501,18.12782419199045,0.0,15.007591973753234,16.679628158281098,0.0,10.30076712495354,0.0,6.544756405912575,0.0,65.98515960585141,11.49902366656781,5.316788604006331,0.0,11.49902366656781,0.0,21.104213039980127,6.544756405912575,0.0,16.051916670617278,54.72778011930596,0.0,10.772448428929591,82.45,0.0,15.007591973753234,0.0,23.10013139076777,17.317204834842165,5.563451491696996,12.263210640074686,12.13273413692322,30.33183534230805,10.30076712495354,0.0,0.0,0.0,16.165936633912825,23.02765524668292,1.2571544899972031,-0.7406104555027151,14.1628447895373,1.3768027210884353,0.416883240950701,0.0,0.0588235294117647,3,5,0,0,0,1,2,1,3,0,0,4,3,5,1,3,0,0,0,0,0,3.616318273085663,3,2.5760000000000014,0,0,0,0,1,0,2,0,1,0,0,0,1,1,0,0,0,0,0,0,0,0,0,0,1,0,0,0,0,0,0,0,0,0,0,0,0,0,0,0,0,0,0,0,0,0,0,1,0,0,0,0,0,0,0
O=C(Nc1ccccc1)c1cc2cc(O)c(O)cc2cn1,5.25,12.124136589821113,0.2168638085399445,-0.3373474111866967,0.6302559049582299,10.476190476190476,280.283,0.2737716156635531,-0.5042449912071939,0.5042449912071939,0.2737716156635531,0.9523809523809524,1.619047619047619,2.4876163904398387,1.9337281282855665,816.3699663858273,-3.08,75941.9531673474,2.619397131869893,15.529843393687743,5.693927994848461,11.49902366656781,0.0,5.907179729351506,0.0,9.77851570501903,0.0,0.0,0.0,18.19910120538483,35.71805955677285,17.270454060761434,0.0,15.007591973753234,22.36701443296466,0.0,4.9839785209472085,0.0,0.0,5.316788604006331,60.42170811415441,11.49902366656781,5.316788604006331,5.687386274683562,11.49902366656781,0.0,21.104213039980127,0.0,0.0,10.488465178920285,54.72778011930596,0.0,10.772448428929591,82.45,0.0,15.007591973753234,0.0,23.10013139076777,16.459834703613154,0.0,18.3295777085363,18.19910120538483,18.19910120538483,10.30076712495354,0.0,0.0,0.0,16.19310342655581,22.94410406790544,0.9114751301755272,-0.7874357223631205,13.424864208837455,1.4805555555555554,0.0,0.0,0.0,3,5,0,0,0,1,2,1,3,0,0,4,3,5,1,2,0,0,0,0,0,3.156680795200125,3,2.8983000000000017,0,0,0,0,1,0,2,0,1,0,0,0,1,1,0,0,0,0,0,0,0,1,0,0,1,0,0,0,0,0,0,0,0,0,0,0,0,0,0,0,0,0,1,0,0,0,0,1,0,0,0,0,0,0,0
COc1cc2ncnc(NC3CCc4ccccc43)c2cc1OC,6.04,5.417225340179435,0.2707375650877635,0.2707375650877635,0.7929769606016569,16.0,321.3800000000001,0.1624156667411748,-0.4928420713680513,0.4928420713680513,0.1624156667411748,1.0416666666666667,1.8333333333333333,3.0370356507363088,1.7480004588775462,894.9143376484493,-2.8199999999999994,623357.6413849288,2.420113852357516,14.790514511606428,12.14518285259957,11.49902366656781,0.0,0.0,0.0,0.0,9.967957041894415,0.0,0.0,24.26546827384644,30.034913297707615,11.452591282926406,25.778136629319288,9.473725907600098,16.720787709916085,0.0,9.967957041894415,0.0,18.88348407499998,19.5363836865614,53.85242546892819,11.49902366656781,14.790514511606428,5.817862777835028,11.49902366656781,0.0,24.18755212444948,6.4208216229260096,0.0,23.58956543546796,42.7255224855342,0.0,10.902924932081056,56.27000000000001,0.0,0.0,0.0,6.041840829147961,11.49902366656781,29.562430955768104,11.126902983393991,20.54691515731961,12.13273413692322,39.55021391974719,9.473725907600098,10.775523206017434,0.0,8.813700003149407,4.511479828042328,3.5914652544391905,2.164990937860708,12.645945291747962,3.739654354216945,0.0,3.2572411245260278,0.2631578947368421,1,5,1,0,1,0,2,1,3,1,0,5,1,5,1,4,0,0,0,0,1,3.686983059262635,4,3.746400000000002,0,0,0,0,2,0,0,0,0,0,0,0,2,1,0,0,0,0,0,0,0,1,1,0,2,0,2,0,0,0,0,0,0,0,0,2,0,0,0,0,0,0,0,0,0,0,0,0,0,0,0,0,0,0,0
COc1cc2ncnc(NC3CC3c3ccccc3)c2cc1O,6.41,10.004389485758082,0.0909780672803763,0.0909780672803763,0.773773154589807,19.52173913043478,307.35300000000007,0.1621780879118666,-0.5042368794466799,0.5042368794466799,0.1621780879118666,1.173913043478261,2.0,3.348615639322484,1.61711086415935,851.5145545694729,-2.8199999999999994,482977.5308907605,2.5431914141560257,15.160178952647083,12.14518285259957,11.49902366656781,0.0,0.0,0.0,0.0,9.967957041894415,0.0,0.0,30.33183534230805,18.050640183084614,23.41233815823576,12.626498258893797,9.843390348640757,16.720787709916085,0.0,9.967957041894415,0.0,18.380568498235363,12.426586145283864,54.3553410456928,11.49902366656781,10.05365155780638,5.817862777835028,11.49902366656781,0.0,28.22612280716061,0.0,0.0,17.9021791607844,48.79188955399581,0.0,10.902924932081056,67.27000000000001,0.0,5.106527394840706,0.0,5.749511833283905,17.70925870859326,23.14160933284209,19.00056910773907,12.13273413692322,6.06636706846161,39.55021391974719,4.736862953800049,5.130455498487085,0.0,8.591859039529494,14.269323531907409,2.0851289344173547,1.7578102988848847,14.198561179146116,2.6098258377425045,0.0,1.5237023465518234,0.2222222222222222,2,5,1,0,1,0,2,1,3,2,0,5,2,5,1,4,1,0,1,0,2,3.259536976891366,4,3.3120000000000016,0,0,0,0,2,0,1,0,0,0,0,0,2,1,0,0,0,0,0,0,0,1,0,0,1,0,1,0,0,0,0,0,0,0,0,1,0,0,0,0,0,0,0,0,0,0,0,0,0,0,0,0,0,0,0
N#C/C(=C\c1ccc(O)c(O)c1)C(=O)c1ccc([N+](=O)[O-])cc1,5.64,12.240756960191485,0.1309261883765855,-0.6018863378684809,0.2232929136216546,10.826086956521738,310.26500000000004,0.2689695279230992,-0.5042596318724707,0.5042596318724707,0.2689695279230992,1.1304347826086956,1.7826086956521738,2.5494410913124432,2.3411348501169478,847.7645837597081,-3.66,127145.72610593415,3.5120024362471804,10.213054789681411,11.642325842861542,11.49902366656781,5.783244946364939,5.687386274683562,0.0,14.908855452837392,0.0,5.261891554738487,0.0,6.06636706846161,35.90493987237732,17.696185628620217,4.923311048817671,19.930903022570902,17.546651327882383,5.261891554738487,0.0,0.0,0.0,0.0,69.27889526146011,17.568244979360085,0.0,5.687386274683562,11.49902366656781,0.0,20.91961078486402,0.0,21.44543113629633,15.921440167465814,48.03767400930054,0.0,6.076020106833881,124.46,10.70655599518261,25.121910242518805,0.0,28.322965963017637,5.563451491696996,0.0,48.54058958606515,6.069221312792274,0.0,0.0,5.261891554738487,0.0,0.0,22.23750418886987,38.36036664221184,0.1203231092967758,-1.2952402603604174,10.490830018646577,1.2528829680020157,0.0,0.0,0.0,2,7,0,0,0,0,2,0,2,0,0,6,2,7,0,4,0,0,0,0,0,4.379279839284784,2,2.7958800000000013,0,0,0,0,0,0,2,0,1,0,0,0,2,0,0,0,0,0,0,1,0,0,0,0,0,0,0,0,0,0,0,0,0,1,1,0,0,1,1,1,0,0,0,0,0,0,0,0,0,0,0,0,0,0,0
CC(NC(=O)/C(C#N)=C/c1ccc(O)c(O)c1)c1ccccc1,6.4,12.200459813555051,0.0853047052154192,-0.5033167989417977,0.459749518897389,12.26086956521739,308.337,0.2619240972262604,-0.5042596318723944,0.5042596318723944,0.2619240972262604,1.173913043478261,1.8695652173913044,2.560232250466003,2.16623952170982,776.59886175788,-3.259999999999999,140792.29191762643,4.111226438285085,15.529843393687743,11.642325842861542,11.49902366656781,0.0,5.907179729351506,0.0,4.794537184071822,0.0,5.261891554738487,0.0,36.39820241076966,36.25939442684172,0.0,6.041840829147961,15.007591973753234,11.983199836185388,5.261891554738487,5.316788604006331,0.0,12.965578028838586,0.0,65.23094406115614,17.568244979360085,5.316788604006331,0.0,11.49902366656781,0.0,16.12023451903292,4.794537184071822,11.33111286753076,24.09248101223257,54.10404107776215,0.0,6.076020106833881,93.35,5.907179729351506,20.26948352849172,0.0,23.113969025785035,5.563451491696996,5.563451491696996,24.27512131221871,0.0,43.32479385479095,5.316788604006331,0.0,0.0,0.0,12.200459813555051,30.655848005153004,1.2894932928022764,-1.0756218196162608,15.081787709425384,1.3533796296296297,1.827986702384249,0.0,0.1111111111111111,3,5,0,0,0,1,2,0,2,1,0,4,3,5,0,4,0,0,0,0,1,5.003158611919257,2,2.8821800000000017,0,0,0,0,0,0,2,0,1,0,0,0,1,1,0,0,0,0,0,0,0,0,0,0,0,0,0,0,0,0,0,0,0,0,0,0,0,0,0,0,0,0,0,0,0,0,0,0,0,0,0,0,0,0,0
COc1ccc(CCNC(=O)/C(C#N)=C/c2ccc(O)c(O)c2)cc1OC,5.77,12.185789329250728,0.1042580858228401,-0.5226467886537327,0.3929804818838246,10.77777777777778,368.3890000000001,0.261464523203769,-0.5042596318723944,0.5042596318723944,0.261464523203769,1.1111111111111112,1.851851851851852,2.6794233312371465,2.0001729154450376,899.730463425596,-3.66,945589.9289802389,5.155649189401585,25.00356930128784,11.642325842861542,22.99804733313562,0.0,5.907179729351506,0.0,4.794537184071822,0.0,5.261891554738487,0.0,12.13273413692322,47.88921298700032,6.544756405912575,14.219595082555069,24.48131788135333,11.983199836185388,5.261891554738487,5.316788604006331,0.0,6.4208216229260096,20.764351488467643,53.09820992423292,29.067268645927893,14.790514511606428,0.0,22.99804733313562,0.0,36.88458600750056,11.21535880699783,11.33111286753076,11.126902983393991,41.97130694083893,0.0,6.076020106833881,111.81,5.907179729351506,20.26948352849172,0.0,17.072128196637077,30.02805318710339,5.563451491696996,24.27512131221871,20.28596215101668,18.20195544971549,5.316788604006331,9.473725907600098,10.422167761942164,0.0,12.185789329250728,30.680522345815703,1.266839049424243,0.1052607971373424,11.353578612996833,1.884626133613327,0.3275439079952968,3.1070053951576964,0.2,3,7,0,0,0,1,2,0,2,0,0,6,3,7,0,7,0,0,0,0,0,6.665044989766488,2,2.3808800000000003,0,0,0,0,0,0,2,0,1,0,0,0,1,1,0,0,0,0,0,0,0,0,0,0,0,0,2,0,0,0,0,0,0,0,0,2,0,0,0,0,0,0,0,0,0,0,0,0,0,0,0,0,0,0,0
c1ccc(Nc2nc[nH]c3nnc(Nc4ccccc4)c2-3)cc1,7.24,4.390005353993449,0.6610936318972034,0.6610936318972034,0.5343024474340269,10.608695652173912,302.34100000000007,0.1682060014433238,-0.3394522132056118,0.3394522132056118,0.1682060014433238,0.6956521739130435,1.3043478260869563,3.0083929741047712,1.7198004506350673,872.1214030612749,-3.4099999999999997,443364.9229516648,2.692764813905207,15.617555728959871,11.381314269532025,11.642267275834955,0.0,0.0,0.0,0.0,4.9839785209472085,0.0,10.197363616602075,36.39820241076966,24.26546827384644,11.374772549367124,6.3273200747645415,0.0,23.01049810503718,0.0,20.16532065849649,0.0,0.0,10.633577208012662,66.99099075938064,11.387855989696924,10.633577208012662,23.01049810503718,0.0,0.0,20.16532065849649,0.0,0.0,0.0,66.99099075938064,0.0,11.387855989696924,78.52000000000001,0.0,0.0,0.0,0.0,17.460130053669985,16.93822404106412,0.0,6.3273200747645415,60.6636706846161,30.798897866509154,0.0,0.0,0.0,7.408445137314185,14.977122543461828,2.7253531536071223,2.0409486016628877,19.74239265768036,1.6057379062736206,0.0,0.0,0.0,3,6,0,2,2,0,2,0,2,0,0,5,3,6,2,4,0,0,0,0,0,3.3246408330519808,4,3.7917000000000014,0,0,0,0,4,1,0,0,0,0,0,0,3,3,0,0,0,0,0,0,0,4,0,0,1,0,0,0,0,0,0,0,0,0,0,0,0,0,0,0,0,0,2,0,0,0,0,0,0,0,0,0,0,0,0
Nc1cccc(-c2[nH]nc3ncnc(Nc4cccc(Cl)c4)c23)c1,8.3,6.04761469845735,0.5758819916855631,0.5758819916855631,0.491651327611135,10.875,336.7860000000001,0.1862840957702731,-0.3987104059484884,0.3987104059484884,0.1862840957702731,1.0416666666666667,1.9166666666666667,3.0001549862035715,1.8564791660881923,1026.457526579831,-3.12,551692.5001030023,2.6328658739580777,11.050456081168516,12.14518285259957,5.647177220767728,0.0,0.0,0.0,5.098681808301038,9.967957041894415,5.098681808301038,0.0,29.800041095617345,30.33183534230805,21.960857354805448,11.080152209313257,0.0,39.82697665266719,0.0,20.16532065849649,0.0,0.0,11.050456081168516,59.88088993619874,11.257379486545457,11.050456081168516,17.19263532720215,0.0,11.600939890232516,20.16532065849649,0.0,0.0,0.0,54.85825662245742,5.022633313741326,22.29078092177798,92.51,0.0,0.0,0.0,0.0,22.175059587027643,22.33098997569381,6.3273200747645415,0.0,48.53093654769288,25.48210926250282,17.3346073673947,0.0,6.04761469845735,8.574938254108227,11.995360590215238,9.705539555247498,0.6467047745023935,15.002869653294436,1.4714169186192994,0.0,0.0,0.0,4,6,0,0,0,0,2,2,4,0,0,5,3,7,2,3,0,0,0,0,0,3.5119698211036554,4,3.999100000000001,0,0,1,0,4,1,0,0,0,0,0,0,3,2,1,0,0,0,0,0,0,3,0,0,1,0,0,0,1,0,0,0,0,0,0,0,0,0,0,0,0,0,0,0,0,0,0,0,0,0,0,0,0,0,0
N#C/C(=C\c1ccc(O)c(O)c1)C(=O)c1ccccc1,5.89,12.129456884605696,0.0404724111866967,-0.3882733371126228,0.3867385955747321,10.85,265.268,0.2030502361542622,-0.5042596318724707,0.5042596318724707,0.2030502361542622,1.05,1.75,2.4831226627156178,2.37293959227965,712.2469983104803,-3.06,36273.45585694975,2.845812753954366,10.213054789681411,11.642325842861542,11.49902366656781,5.783244946364939,0.0,0.0,4.794537184071822,0.0,5.261891554738487,0.0,36.39820241076966,23.772205735454097,5.563451491696996,0.0,15.007591973753232,11.85926505319882,5.261891554738487,0.0,0.0,0.0,0.0,65.23094406115614,17.568244979360085,0.0,0.0,11.49902366656781,0.0,15.99629973604635,0.0,11.33111286753076,15.921440167465814,54.10404107776215,0.0,6.076020106833881,81.32,0.0,15.007591973753232,0.0,22.855373143002016,11.126902983393991,0.0,24.27512131221871,30.33183534230805,6.069221312792274,0.0,5.261891554738487,0.0,0.0,12.129456884605696,27.70578177262385,0.8386307424204258,-0.9454553332403256,14.402048896553318,1.3695370370370372,0.0,0.0,0.0,2,4,0,0,0,0,2,0,2,0,0,4,2,4,0,3,0,0,0,0,0,3.824826861934871,2,2.8876800000000014,0,0,0,0,0,0,2,0,1,0,0,0,1,0,0,0,0,0,0,1,0,0,0,0,0,0,0,0,0,0,0,0,0,1,1,0,0,0,0,0,0,0,0,0,0,0,0,0,0,0,0,0,0,0,0
N#C/C(=C\c1ccc(O)c(O)c1)C(=O)Nc1ccccc1Cl,5.96,12.079707577475435,0.1620282186948853,-0.6220696334089191,0.4601324601439979,10.818181818181818,314.72800000000007,0.265872836133466,-0.5042596318723944,0.5042596318723944,0.265872836133466,1.181818181818182,1.9090909090909087,2.501769025172452,2.256470806904093,794.2181949023874,-2.97,82348.22923257641,3.5661648744614234,15.529843393687742,11.642325842861542,11.49902366656781,0.0,5.907179729351506,0.0,4.794537184071822,0.0,5.261891554738487,0.0,29.800041095617345,35.90493987237732,0.0,10.710019588424888,15.007591973753232,29.271526001101464,5.261891554738487,0.0,0.0,0.0,5.316788604006331,58.623758814738856,17.568244979360085,5.316788604006331,5.687386274683562,11.49902366656781,11.600939890232516,16.120234519032916,4.794537184071822,11.33111286753076,5.563451491696996,48.03767400930054,5.022633313741326,6.076020106833881,93.35,5.907179729351506,15.007591973753232,0.0,17.072128196637077,16.273471080121883,0.0,24.27512131221871,30.334689586638717,0.0,5.316788604006331,16.862831444971,0.0,5.93665505275504,12.079707577475435,30.65142761798918,0.6342945851179982,-1.2389878412465882,12.417718389617171,1.2969623960695391,0.0,0.0,0.0,3,5,0,0,0,1,2,0,2,0,0,4,3,6,0,3,0,0,0,0,0,4.664708283049946,2,3.2968800000000007,0,0,0,0,0,0,2,0,1,0,0,0,1,1,0,0,0,0,0,0,0,1,0,0,0,0,0,0,1,0,0,0,0,0,0,0,0,0,0,0,0,0,1,0,0,0,0,0,0,0,0,0,0,0,0
Nc1ncnc2c1ncn2-c1ccccc1,4.82,5.720675862937767,0.4024825207860927,0.4024825207860927,0.6600764721604849,10.75,211.228,0.1695168088260316,-0.3817309808309468,0.3817309808309468,0.1695168088260316,1.0,1.8125,2.7538570855595808,2.3021069458314765,629.1748946816314,-2.43,10222.317501597165,1.2185625207802115,5.733667477162185,12.654640149529085,16.981740716219015,0.0,0.0,0.0,4.567099647791355,14.951935562841626,0.0,0.0,18.19910120538483,12.13273413692322,5.687386274683562,0.0,0.0,16.981740716219015,0.0,19.519035210632985,0.0,0.0,5.733667477162185,42.98647549183713,5.687386274683562,5.733667477162185,5.817862777835028,0.0,0.0,19.519035210632985,0.0,0.0,0.0,42.98647549183713,0.0,16.85126421306755,69.62,0.0,0.0,0.0,0.0,11.33456349545129,11.33456349545129,6.3273200747645415,6.3273200747645415,34.898934990099406,14.951935562841626,5.733667477162185,1.8823148148148148,0.0,12.300413517258756,0.0,8.075447215923408,0.4024825207860927,9.863323412698414,3.142685185185185,0.0,0.0,0.0,2,5,0,0,0,0,1,2,3,0,0,4,1,5,2,1,0,0,0,0,0,1.82596341883234,3,1.3977,0,0,1,0,4,0,0,0,0,0,0,0,4,0,1,0,0,0,0,0,0,1,0,0,1,0,0,0,0,0,0,1,0,0,0,0,0,0,0,0,0,0,1,0,0,0,0,0,0,0,0,0,0,0,0
COc1ccc(NC(=O)/C(C#N)=C/c2ccc(O)c(O)c2)c(OC)c1,5.77,12.321942318594104,0.1778139697236915,-0.6402484882842014,0.438178951869509,10.68,340.3350000000001,0.2659346191699818,-0.5042596318723944,0.5042596318723944,0.2659346191699818,1.12,1.88,2.622409982040645,2.27119046789096,868.25552598664,-3.66,352231.6191477713,4.204146327854288,25.00356930128784,23.14134950942935,11.49902366656781,0.0,5.907179729351506,0.0,4.794537184071822,0.0,5.261891554738487,0.0,6.06636706846161,35.90493987237732,6.06636706846161,19.906981357238628,24.48131788135333,17.67058611086895,5.261891554738487,0.0,0.0,0.0,19.5363836865614,47.53475843253592,29.067268645927893,14.790514511606428,5.687386274683562,22.99804733313562,0.0,30.339829601587983,4.794537184071822,11.33111286753076,5.563451491696996,41.97130694083893,0.0,6.076020106833881,111.81,5.907179729351506,20.26948352849172,0.0,17.072128196637077,22.749861432948368,0.0,38.494716394773775,24.268322518177104,0.0,5.316788604006331,9.473725907600098,10.275934368946563,0.0,12.321942318594104,30.600379788478183,0.5922779329056398,-0.3309115943179777,10.61794708079385,1.296123866213152,0.0,2.959639571719818,0.1111111111111111,3,7,0,0,0,1,2,0,2,0,0,6,3,7,0,5,0,0,0,0,0,5.480950373689166,2,2.660680000000001,0,0,0,0,0,0,2,0,1,0,0,0,1,1,0,0,0,0,0,0,0,1,0,0,0,0,2,0,0,0,0,0,0,0,0,2,0,0,0,0,0,0,0,0,0,0,0,0,0,0,0,0,0,0,0
COc1cc2c(Nc3ncc(CC(=O)Nc4cccc(F)c4)s3)ncnc2cc1OCCCN1CCC(CO)CC1,6.1,13.388995627599906,0.1069858415894671,-0.4115812647300292,0.20595269295444,14.21951219512195,580.6860000000003,0.2291907939773556,-0.4928417565023675,0.4928417565023675,0.2291907939773556,1.170731707317073,2.024390243902439,3.4122758468940173,1.1894925083603105,1476.9764394745976,-3.869999999999999,2354826275.675013,7.658655557486314,30.113740241303944,17.962403693645463,16.630582146407143,5.907179729351506,0.0,0.0,4.794537184071822,19.342350610516444,0.0,11.336785877934735,6.06636706846161,62.535352000611006,41.36560669334983,25.65420184633272,23.765205534187444,44.78369807172522,0.0,19.851845293692104,5.917906046161393,25.68328649170404,50.59140789605375,59.61673409189447,11.49902366656781,20.10730311561276,21.027222580032745,11.49902366656781,11.336785877934735,70.8233831059254,11.21535880699783,11.735126887207288,24.139612062479326,48.92236605714728,0.0,10.902924932081056,121.73,5.817220841045895,14.291479626587348,0.0,18.934883316790437,46.177319927216296,49.16010549468185,29.7968400896225,25.43937524981383,12.13273413692322,30.485422501704765,9.473725907600098,25.07513331885177,1.3281362358470734,28.75327739329525,16.547994823228223,1.0946060278172012,1.5036876764540297,9.456320489598916,6.17173880189838,3.806988986430807,1.595449579911692,0.3793103448275862,3,10,0,1,1,1,2,2,4,0,0,10,3,12,3,12,0,1,1,0,0,9.546746917592394,5,4.632000000000005,0,1,0,0,3,0,0,0,1,0,0,0,4,2,0,0,1,0,0,0,0,3,0,0,1,0,2,0,1,0,0,0,0,0,0,1,0,0,0,0,0,0,0,1,0,0,0,0,0,0,0,1,0,0,0
CN1CCN(CCC#CC(=O)Nc2cc3c(Nc4ccc(F)c(Br)c4)ncnc3cn2)CC1,8.96,13.521007473521404,0.3395166213544933,-0.4221746973965585,0.5080691835899174,14.515151515151516,512.3870000000002,0.3009305965610708,-0.3395772482289786,0.3395772482289786,0.3009305965610708,1.181818181818182,2.0,2.806001550705475,1.4038087460477229,1218.3908468044915,-3.1299999999999994,30016292.44416939,6.224079797681468,10.216698334856808,23.78026647148049,0.0,0.0,0.0,5.907179729351506,15.011235518928627,19.342350610516444,0.0,0.0,5.920434318855644,53.16351847332862,50.21821414163724,16.186263805061753,9.184952231746642,50.06316038973553,0.0,24.75175502454258,0.0,6.4208216229260096,50.40503122025272,47.07957227710237,11.840868637711289,10.633577208012662,21.71352687802844,0.0,15.929943897949348,70.43038876613416,4.794537184071822,17.658089478757184,6.4208216229260096,41.26235143605648,0.0,10.902924932081056,86.28,5.907179729351506,9.184952231746642,0.0,5.817220841045895,39.1195779011931,32.72378202956288,12.393687143226153,24.395944776997908,0.0,70.20381675089307,0.0,13.860524094875895,3.1758432791440847,29.643147781877985,6.507582353914486,1.2516915456907602,5.644949560141718,6.255939755082465,3.6028013037944246,5.020530800791558,2.1203228580199536,0.3043478260869565,2,8,0,1,1,1,1,2,3,0,0,7,2,10,3,5,0,1,1,0,0,7.4418118111592815,4,3.2494000000000014,0,0,0,0,3,0,0,0,1,0,0,0,5,2,0,1,0,0,0,0,0,3,0,0,1,0,0,0,2,0,0,0,0,0,0,0,0,0,0,0,0,0,0,0,1,0,0,1,0,0,0,0,0,0,0
CN1CCN(CCC#CC(=O)Nc2cc3c(Nc4ccc(F)c(Cl)c4)ncnc3cn2)CC1,9.3,13.43593802907696,0.0007611564232843,-0.5059232232990201,0.5573199953981703,14.515151515151516,467.93600000000015,0.3009305965610708,-0.3395665252425601,0.3395665252425601,0.3009305965610708,1.181818181818182,2.0,2.806001550705475,1.4038087460477229,1218.3908468044915,-3.3199999999999994,30016292.44416939,6.136211129941655,10.216698334856808,23.78026647148049,0.0,0.0,0.0,5.907179729351506,15.011235518928627,19.342350610516444,0.0,0.0,17.521374209088158,37.23357457537927,50.21821414163724,16.736177602970663,9.184952231746642,45.734156382018696,0.0,24.75175502454258,0.0,6.4208216229260096,50.40503122025272,47.629486075011286,11.840868637711289,10.633577208012662,21.71352687802844,0.0,11.600939890232516,70.43038876613416,4.794537184071822,17.658089478757184,6.4208216229260096,36.78963192022405,5.022633313741326,10.902924932081056,86.28,11.7244005703974,9.184952231746642,0.0,5.022633313741326,34.64685838536069,32.72378202956288,24.65689778330084,12.13273413692322,0.0,54.27387285294373,11.600939890232516,13.43593802907696,5.860110847424135,29.566415660450076,6.410987864157868,1.1453547401352049,5.410347584835423,5.94392393718123,3.557785657360955,4.99666004358042,2.116920080242176,0.3043478260869565,2,8,0,1,1,1,1,2,3,0,0,7,2,10,3,5,0,1,1,0,0,7.294630246772425,4,3.1403000000000016,0,0,0,0,3,0,0,0,1,0,0,0,5,2,0,1,0,0,0,0,0,3,0,0,1,0,0,0,2,0,0,0,0,0,0,0,0,0,0,0,0,0,0,0,1,0,0,1,0,0,0,0,0,0,0
O=C(C#CCCN1CCCCC1)Nc1cc2c(Nc3ccc(F)c(Cl)c3)ncnc2cn1,9.05,13.423582586900087,0.0017054144874231,-0.5037048484144402,0.558891118779779,13.9375,452.9210000000001,0.3009305965609668,-0.3395665252425601,0.3395665252425601,0.3009305965609668,1.15625,2.0,2.801737993804158,1.4301106271877748,1186.055546805442,-3.28,21111050.95550643,5.693196409696931,10.216698334856808,23.78026647148049,0.0,0.0,0.0,5.907179729351506,10.111325788078153,19.342350610516444,0.0,0.0,23.94219583201417,56.117058650379256,24.039188517986943,16.736177602970663,9.184952231746642,45.734156382018696,0.0,19.8518452936921,0.0,25.68328649170404,30.267846425750385,47.629486075011286,11.840868637711289,10.633577208012662,21.71352687802844,0.0,11.600939890232516,45.393294240781344,4.794537184071822,17.658089478757184,25.68328649170404,36.78963192022405,5.022633313741326,10.902924932081056,83.04,11.7244005703974,9.184952231746642,0.0,5.022633313741326,34.64685838536069,19.634269217737724,37.72251908046579,18.3295777085363,0.0,42.32629113941606,11.600939890232516,13.423582586900087,5.856218111197604,27.256952398350485,6.419250561039605,1.1524937695623352,5.436582922795407,5.952399576892454,7.346586772971097,3.1003777447353675,0.0,0.3043478260869565,2,7,0,1,1,1,1,2,3,0,0,6,2,9,3,5,0,1,1,0,0,7.096764255694825,4,4.378800000000003,0,0,0,0,3,0,0,0,1,0,0,0,4,2,0,0,1,0,0,0,0,3,0,0,1,0,0,0,2,0,0,0,0,0,0,0,0,0,0,0,0,0,0,1,0,0,0,1,0,0,0,0,0,0,0
O=C(C#CCCN1CCOCC1)Nc1cc2c(Nc3ccc(F)c(Br)c3)ncnc2cn1,8.82,13.503652031344537,0.3358103527590279,-0.4373598825817437,0.520742581073658,13.9375,499.3440000000001,0.3009305965611511,-0.378792729430485,0.378792729430485,0.3009305965611511,1.21875,2.0625,2.801737993804158,1.4301106271877748,1189.9899761847328,-3.1299999999999994,21111050.95550643,5.761070384473355,10.05365155780638,23.78026647148049,0.0,0.0,0.0,5.907179729351506,15.011235518928627,19.342350610516444,0.0,0.0,5.920434318855644,46.11584649065143,37.128701329812095,29.40002773408759,13.92181518554669,50.06316038973553,0.0,19.8518452936921,0.0,6.4208216229260096,43.48161035477623,47.07957227710237,11.840868637711289,10.633577208012662,21.71352687802844,0.0,15.929943897949348,58.607058169807175,9.53140013787187,17.658089478757184,6.4208216229260096,41.26235143605648,0.0,10.902924932081056,92.27,5.907179729351506,9.184952231746642,0.0,5.817220841045895,39.1195779011931,32.84803314676356,12.393687143226153,24.395944776997908,0.0,58.25623503736541,4.736862953800049,19.15283550405414,3.169813154490345,27.153247462222225,6.472655271469998,1.2408139934852376,5.542154040088925,6.230512835948799,3.556603604115441,4.064697467458226,0.0,0.2727272727272727,2,8,0,1,1,1,1,2,3,0,0,7,2,10,3,5,0,1,1,0,0,7.213460347449442,4,3.334200000000001,0,0,0,0,3,0,0,0,1,0,0,0,4,2,0,0,0,0,0,0,0,3,0,0,1,0,1,0,2,0,0,0,0,0,0,0,1,0,0,0,0,0,0,0,0,0,0,1,0,0,0,0,0,0,0
O=C(C#CCCN1CCOCC1)Nc1cc2c(Nc3ccc(F)c(Cl)c3)ncnc2cn1,8.89,13.41858258690009,0.0044674250187497,-0.5092450146194263,0.571641552903816,13.9375,454.89300000000014,0.3009305965611511,-0.378792729430485,0.378792729430485,0.3009305965611511,1.21875,2.0625,2.801737993804158,1.4301106271877748,1189.9899761847328,-3.3199999999999994,21111050.95550643,5.675150862068965,10.05365155780638,23.78026647148049,0.0,0.0,0.0,5.907179729351506,15.011235518928627,19.342350610516444,0.0,0.0,17.521374209088158,30.18590259270208,37.128701329812095,29.949941531996497,13.92181518554669,45.734156382018696,0.0,19.8518452936921,0.0,6.4208216229260096,43.48161035477623,47.629486075011286,11.840868637711289,10.633577208012662,21.71352687802844,0.0,11.600939890232516,58.607058169807175,9.53140013787187,17.658089478757184,6.4208216229260096,36.78963192022405,5.022633313741326,10.902924932081056,92.27,11.7244005703974,9.184952231746642,0.0,5.022633313741326,34.64685838536069,32.84803314676356,24.65689778330084,12.13273413692322,0.0,42.32629113941606,16.337802844032566,18.72818531596116,5.850677944992618,27.080285731683816,6.372354513117915,1.134477187929682,5.307552064782629,5.918497018047564,3.51158795768197,4.040826710247086,0.0,0.2727272727272727,2,8,0,1,1,1,1,2,3,0,0,7,2,10,3,5,0,1,1,0,0,7.065834668643721,4,3.225100000000001,0,0,0,0,3,0,0,0,1,0,0,0,4,2,0,0,0,0,0,0,0,3,0,0,1,0,1,0,2,0,0,0,0,0,0,0,1,0,0,0,0,0,0,0,0,0,0,1,0,0,0,0,0,0,0
O=C(C#CCN1CCOCC1)Nc1cc2c(Nc3ccc(F)c(Cl)c3)ncnc2cn1,8.51,13.406055208816095,0.0058941627436146,-0.5104718272854318,0.6024862522840296,14.0,440.8660000000001,0.3009787165892175,-0.3787915272229626,0.3787915272229626,0.3009787165892175,1.2258064516129032,2.064516129032258,2.7732100818635854,1.4819755201530929,1173.4790785935045,-3.3199999999999994,12879275.705148898,5.435244987261123,10.05365155780638,23.78026647148049,0.0,0.0,0.0,5.907179729351506,15.011235518928627,19.342350610516444,0.0,0.0,17.521374209088158,30.18590259270208,24.163123300973503,36.49469793790908,13.92181518554669,45.734156382018696,0.0,19.8518452936921,0.0,0.0,43.48161035477623,47.629486075011286,11.840868637711289,10.633577208012662,21.71352687802844,0.0,11.600939890232516,58.607058169807175,9.53140013787187,17.658089478757184,0.0,36.78963192022405,5.022633313741326,10.902924932081056,92.27,11.7244005703974,9.184952231746642,0.0,5.022633313741326,47.98455709737309,13.08951281182515,24.65689778330084,12.13273413692322,0.0,42.32629113941606,16.337802844032566,18.689502478343325,5.844683847568529,26.907234768268985,6.352332508719196,1.12952443813607,5.242783437473168,5.9057945360432615,2.9061997701759443,3.4663886597159608,0.0,0.238095238095238,2,8,0,1,1,1,1,2,3,0,0,7,2,10,3,4,0,1,1,0,0,6.522173903737946,4,2.835,0,0,0,0,3,0,0,0,1,0,0,0,4,2,0,0,0,0,0,0,0,3,0,0,1,0,1,0,2,0,0,0,0,0,0,0,1,0,0,0,0,0,0,0,0,0,0,1,0,0,0,0,0,0,0
CCCCN(CC#CC(=O)Nc1cc2c(Nc3ccc(F)c(Cl)c3)ncnc2cn1)CCCC,7.77,13.459600915187286,0.0004546594186825,-0.5056313065554072,0.3760764834861148,10.735294117647058,482.9910000000002,0.3009787165086825,-0.3395665252425601,0.3395665252425601,0.3009787165086825,1.1176470588235294,1.8823529411764703,2.8285572566301997,1.7018711492104248,1184.974803652897,-3.28,37121108.58326518,7.370190443213296,5.316788604006331,23.78026647148049,0.0,0.0,0.0,5.907179729351506,15.011235518928627,19.342350610516444,0.0,0.0,44.21049185432142,56.11705865037925,11.073610489148358,23.28093400888324,9.184952231746642,45.734156382018696,0.0,19.8518452936921,0.0,39.53076089108528,30.26784642575039,47.629486075011286,11.840868637711289,10.633577208012662,21.71352687802844,0.0,11.600939890232516,45.39329424078134,4.794537184071822,17.658089478757184,39.53076089108528,36.78963192022405,5.022633313741326,10.902924932081056,83.04,11.7244005703974,9.184952231746642,0.0,5.022633313741326,34.770793168347254,38.7727993035292,18.46005421168776,18.3295777085363,0.0,56.17376553879731,11.600939890232516,13.459600915187286,5.870611578418287,27.352383933077245,6.435661139095343,1.145969053375328,5.479414835659205,5.954637462099197,7.407089657788237,6.839075869744317,0.0,0.36,2,7,0,0,0,1,1,2,3,0,0,6,2,9,2,10,0,0,0,0,0,9.560281588430431,3,5.405000000000004,0,0,0,0,3,0,0,0,1,0,0,0,4,2,0,0,0,0,0,0,0,3,0,0,1,0,0,0,2,0,0,0,0,0,0,0,0,0,0,0,0,0,0,0,0,0,0,1,0,0,0,0,0,2,0
CC(C)N(CC#CC(=O)Nc1cc2c(Nc3ccc(F)c(Cl)c3)ncnc2cn1)C(C)C,7.36,13.428693854676313,0.0045793839726289,-0.5092783204255344,0.5285896870968405,11.03125,454.9370000000001,0.30097871895461,-0.3395665252425601,0.3395665252425601,0.30097871895461,1.15625,1.90625,2.7343187626199343,1.7734746317793335,1180.0555468054422,-3.28,10487036.654389214,5.903182432201361,5.316788604006331,23.78026647148049,0.0,0.0,0.0,5.907179729351506,15.011235518928627,19.342350610516444,0.0,0.0,17.521374209088158,57.880851391464574,23.15729214744428,23.28093400888324,9.184952231746642,45.734156382018696,0.0,19.8518452936921,0.0,39.77863045705841,17.178333613925236,47.629486075011286,11.840868637711289,10.633577208012662,21.71352687802844,0.0,11.600939890232516,44.38746308725211,4.794537184071822,17.658089478757184,27.694948798762496,36.78963192022405,5.022633313741326,10.902924932081056,83.04,11.7244005703974,9.184952231746642,0.0,5.022633313741326,46.85447482664317,0.0,24.65689778330084,12.13273413692322,0.0,70.02123993817855,11.600939890232516,13.428693854676313,5.855249343359559,27.11723828275143,6.382503253353724,1.1331704446067516,5.335215447267962,6.58135000751814,2.9152223198041383,8.862468157773097,0.0,0.3043478260869565,2,7,0,0,0,1,1,2,3,0,0,6,2,9,2,6,0,0,0,0,0,7.566313180591896,3,4.621600000000003,0,0,0,0,3,0,0,0,1,0,0,0,4,2,0,0,0,0,0,0,0,3,0,0,1,0,0,0,2,0,0,0,0,0,0,0,0,0,0,0,0,0,0,0,0,0,0,1,0,0,0,0,0,0,0
CCN(CC)CC#CC(=O)Nc1cc2c(Nc3ccc(F)c(Cl)c3)ncnc2cn1,7.82,13.39050341510179,0.0034566987874438,-0.5082735986838969,0.5824998240926376,10.566666666666666,426.88300000000015,0.300978716499089,-0.3395665252425601,0.3395665252425601,0.300978716499089,1.2,2.0,2.7410400686348675,1.7935602276770874,1123.4150643715188,-3.28,5349391.869627259,5.4065390739284895,5.316788604006331,23.78026647148049,0.0,0.0,0.0,5.907179729351506,15.011235518928627,19.342350610516444,0.0,0.0,31.368848608469406,43.27541540452723,11.073610489148358,23.28093400888324,9.184952231746642,45.734156382018696,0.0,19.8518452936921,0.0,13.847474399381248,30.267846425750385,47.629486075011286,11.840868637711289,10.633577208012662,21.71352687802844,0.0,11.600939890232516,45.393294240781344,4.794537184071822,17.658089478757184,13.847474399381248,36.78963192022405,5.022633313741326,10.902924932081056,83.04,11.7244005703974,9.184952231746642,0.0,5.022633313741326,34.770793168347254,13.08951281182515,24.65689778330084,12.13273413692322,13.847474399381248,42.32629113941606,11.600939890232516,13.39050341510179,5.839337494551408,26.818438733309325,6.355142551412289,1.136474227256189,5.243518835517323,5.912305152787933,2.909916599883034,6.338807434625153,0.0,0.238095238095238,2,7,0,0,0,1,1,2,3,0,0,6,2,9,2,6,0,0,0,0,0,7.116028419766383,3,3.8446000000000016,0,0,0,0,3,0,0,0,1,0,0,0,4,2,0,0,0,0,0,0,0,3,0,0,1,0,0,0,2,0,0,0,0,0,0,0,0,0,0,0,0,0,0,0,0,0,0,1,0,0,0,0,0,0,0
CCCCC#CC(=O)Nc1cc2c(Nc3ccc(F)c(Cl)c3)ncnc2cn1,7.82,13.351446672102304,0.0003443357866879,-0.5055490155908557,0.4818130898106394,10.25,397.8410000000001,0.3009297877663918,-0.3395665252425601,0.3395665252425601,0.3009297877663918,1.25,2.107142857142857,2.684684805604917,1.835072600597356,1077.1144877131908,-3.2399999999999998,2122372.203701356,4.928798172931909,5.316788604006331,23.78026647148049,0.0,0.0,0.0,5.907179729351506,10.111325788078153,19.342350610516444,0.0,0.0,30.86593303170479,36.60672421562809,17.494432112074367,16.736177602970663,9.184952231746642,45.734156382018696,0.0,14.951935562841626,0.0,26.186202068468653,10.633577208012662,47.629486075011286,11.840868637711289,10.633577208012662,21.71352687802844,0.0,11.600939890232516,20.85911529219313,4.794537184071822,17.658089478757184,26.186202068468653,36.78963192022405,5.022633313741326,10.902924932081056,79.8,11.7244005703974,9.184952231746642,0.0,5.022633313741326,34.64685838536069,12.84164324585202,24.65689778330084,12.13273413692322,0.0,44.3501186082562,11.600939890232516,13.351446672102304,5.824055181258444,24.49412329808369,6.345413340891632,1.1465983408031295,5.236485722385765,5.915088730414689,5.567411728367257,2.063821430137536,0.0,0.2,2,6,0,0,0,1,1,2,3,0,0,5,2,8,2,5,0,0,0,0,0,6.349700040966246,3,4.693000000000003,0,0,0,0,3,0,0,0,1,0,0,0,3,2,0,0,0,0,0,0,0,3,0,0,1,0,0,0,2,0,0,0,0,0,0,0,0,0,0,0,0,0,0,0,0,0,0,1,0,0,0,0,0,2,0
CCCC#CC(=O)Nc1cc2c(Nc3ccc(F)c(Cl)c3)ncnc2cn1,8.77,13.331198049777557,0.0012644746755767,-0.5063487380533702,0.6563320239657081,10.185185185185183,383.8140000000001,0.3009297864238228,-0.3395665252425601,0.3395665252425601,0.3009297864238228,1.2592592592592593,2.111111111111111,2.6528795315635096,1.885517014745963,1060.8847452397729,-3.2399999999999998,1294334.6176907732,4.684410270673385,5.316788604006331,23.78026647148049,0.0,0.0,0.0,5.907179729351506,10.111325788078153,19.342350610516444,0.0,0.0,24.445111408778786,36.60672421562809,17.494432112074367,16.736177602970663,9.184952231746642,45.734156382018696,0.0,14.951935562841626,0.0,19.765380445542643,10.633577208012662,47.629486075011286,11.840868637711289,10.633577208012662,21.71352687802844,0.0,11.600939890232516,20.85911529219313,4.794537184071822,17.658089478757184,19.765380445542643,36.78963192022405,5.022633313741326,10.902924932081056,79.8,11.7244005703974,9.184952231746642,0.0,5.022633313741326,34.64685838536069,6.4208216229260096,24.65689778330084,12.13273413692322,6.923737199690624,37.426381408565575,11.600939890232516,13.331198049777557,5.814797173521035,24.370842612973792,6.317800639202848,1.1435230246034378,5.137946252981213,5.901591627869967,4.440332450292406,1.986412613222187,0.0,0.1578947368421052,2,6,0,0,0,1,1,2,3,0,0,5,2,8,2,4,0,0,0,0,0,5.789359114734636,3,4.302900000000003,0,0,0,0,3,0,0,0,1,0,0,0,3,2,0,0,0,0,0,0,0,3,0,0,1,0,0,0,2,0,0,0,0,0,0,0,0,0,0,0,0,0,0,0,0,0,0,1,0,0,0,0,0,1,0
CC#CC(=O)Nc1cc2c(Nc3ccc(F)c(Cl)c3)ncnc2cn1,9.52,13.282823956880591,0.0035919132118065,-0.5083384158689406,0.7025594995962487,10.04,355.76000000000005,0.3009193897354347,-0.3395665252425601,0.3395665252425601,0.3009193897354347,1.24,2.08,2.5874405575299404,1.9715190904361832,1028.4573220543962,-3.2399999999999998,479318.1884013064,3.815385198974632,5.316788604006331,23.78026647148049,0.0,0.0,0.0,5.907179729351506,10.111325788078153,19.342350610516444,0.0,0.0,17.521374209088158,37.10963979239271,11.073610489148358,16.736177602970663,9.184952231746642,45.734156382018696,0.0,14.951935562841626,0.0,6.923737199690624,10.633577208012662,47.629486075011286,11.840868637711289,10.633577208012662,21.71352687802844,0.0,11.600939890232516,20.85911529219313,4.794537184071822,17.658089478757184,6.923737199690624,36.78963192022405,5.022633313741326,10.902924932081056,79.8,11.7244005703974,9.184952231746642,0.0,5.022633313741326,28.226036762434678,0.0,30.723264851762448,12.990104268152232,0.0,37.426381408565575,11.600939890232516,13.282823956880591,5.7923946870634895,24.00135448090585,6.234217876388658,1.1351210871426425,4.684715899755596,5.865203841739737,2.8820547087147617,1.5665579058531245,0.0,0.0588235294117647,2,6,0,0,0,1,1,2,3,0,0,5,2,8,2,3,0,0,0,0,0,4.725818758742668,3,3.5227000000000013,0,0,0,0,3,0,0,0,1,0,0,0,3,2,0,0,0,0,0,0,0,3,0,0,1,0,0,0,2,0,0,0,0,0,0,0,0,0,0,0,0,0,0,0,0,0,0,1,0,0,0,0,0,0,0
C#CC(=O)Nc1cc2c(Nc3cccc(Br)c3)ncnc2cn1,9.22,11.291410855141464,0.3403168829260101,-0.5600012723434442,0.694863572755517,10.08695652173913,368.1940000000001,0.300674131418656,-0.3395803354999922,0.3395803354999922,0.300674131418656,1.2173913043478262,2.0869565217391304,2.551391569011981,2.005966104694413,935.1470674732998,-2.9799999999999995,202174.8193200784,3.4401347602061034,5.316788604006331,17.9630456304346,0.0,0.0,0.0,5.907179729351506,10.111325788078153,14.951935562841626,0.0,6.423349895620259,21.99631096641096,30.18590259270208,15.54633000498077,11.713544289229338,4.794537184071822,50.06316038973553,0.0,14.951935562841626,0.0,0.0,10.633577208012662,47.32871850451808,12.343784214475903,10.633577208012662,17.323111830353618,0.0,15.929943897949348,20.85911529219313,4.794537184071822,12.343784214475903,0.0,47.32871850451808,0.0,10.902924932081056,79.8,5.907179729351506,4.794537184071822,0.0,0.0,17.152426273286316,15.54633000498077,6.3273200747645415,12.263210640074686,30.18590259270208,41.51545666880364,6.423349895620259,0.9486119548574456,3.422873577645386,23.81493588243633,6.444691961661208,1.515371407050475,2.363806287207262,9.35965902591761,8.046716569890947,0.0,0.0,0.0,2,6,0,0,0,1,1,2,3,0,0,5,2,7,2,3,0,0,0,0,0,4.168301570432202,3,3.1026000000000016,0,0,0,0,3,0,0,0,1,0,0,0,3,2,0,0,0,0,0,0,0,3,0,0,1,0,0,0,1,0,0,0,0,0,0,0,0,0,0,0,0,0,0,0,0,0,0,1,0,0,1,0,0,0,0
O=C(C#CCCN1CCOCC1)Nc1ccc2ncnc(Nc3ccc(F)c(Cl)c3)c2c1,8.77,13.426847049710007,0.0078782539935957,-0.4992450146194265,0.5714981166642001,13.9375,453.90500000000014,0.2997738858550872,-0.378792729430485,0.378792729430485,0.2997738858550872,1.15625,1.96875,2.801737993804158,1.4301106271877748,1187.9556813353329,-3.249999999999999,21111050.95550643,5.706745560940297,15.37044016181271,17.962403693645463,0.0,0.0,5.907179729351506,0.0,9.6944469149223,14.358372089569237,0.0,0.0,17.521374209088158,42.3186367296253,42.81608760449566,23.753097960383425,13.92181518554669,45.60367987886723,0.0,14.867866772744891,0.0,6.4208216229260096,43.48161035477623,53.56537664032142,11.840868637711289,10.633577208012662,21.58305037487697,0.0,11.600939890232516,53.62307964885997,9.53140013787187,17.658089478757184,6.4208216229260096,42.7255224855342,5.022633313741326,10.902924932081056,79.38,5.817220841045895,9.184952231746642,0.0,10.929813043092832,34.51638188220922,32.84803314676356,18.46005421168776,24.26546827384644,0.0,37.342312618468846,16.337802844032566,18.743394223215525,5.860677944992618,23.011099295541666,6.58608908101915,1.83541109871809,5.168415206148415,9.60345016745575,2.0429267914863134,4.09298063586692,0.0,0.2608695652173913,2,7,0,1,1,1,2,1,3,0,0,6,2,9,2,5,0,1,1,0,0,7.120013741588069,4,3.8301000000000016,0,0,0,0,2,0,0,0,1,0,0,0,3,2,0,0,0,0,0,0,0,3,0,0,1,0,1,0,2,0,0,0,0,0,0,0,1,0,0,0,0,0,0,0,0,0,0,0,0,0,0,0,0,0,0
CCN(CC)CCC#CC(=O)Nc1ccc2ncnc(Nc3ccc(F)c(Cl)c3)c2c1,8.74,13.412826966607517,0.0100764825951307,-0.4972529486846089,0.5153427109084195,10.612903225806452,439.9220000000001,0.2997738858548809,-0.3395681670118318,0.3395681670118318,0.2997738858548809,1.1290322580645162,1.903225806451613,2.7663682990191014,1.735253400541345,1137.7503786628508,-3.209999999999999,8747787.70421181,6.13809979598495,15.533486938863138,17.962403693645463,0.0,0.0,5.907179729351506,0.0,4.794537184071822,14.358372089569237,0.0,0.0,31.368848608469406,55.40814954145045,29.726574792670505,10.539334031357589,9.184952231746642,45.60367987886723,0.0,14.867866772744891,0.0,20.268296022307258,30.267846425750385,53.56537664032142,11.840868637711289,10.633577208012662,21.58305037487697,0.0,11.600939890232516,40.40931571983413,4.794537184071822,17.658089478757184,20.268296022307258,42.7255224855342,5.022633313741326,10.902924932081056,70.15,5.817220841045895,9.184952231746642,0.0,10.929813043092832,34.51638188220922,19.634269217737724,18.46005421168776,24.26546827384644,0.0,51.1897870178501,11.600939890232516,13.412826966607517,5.855898696676896,22.94063286823,6.589187716024753,1.8467162094917795,5.168699820894708,9.613423415224318,2.0598972775974245,6.95716147369705,0.0,0.2608695652173913,2,6,0,0,0,1,2,1,3,0,0,5,2,8,1,7,0,0,0,0,0,7.764245535019397,3,4.839700000000004,0,0,0,0,2,0,0,0,1,0,0,0,3,2,0,0,0,0,0,0,0,3,0,0,1,0,0,0,2,0,0,0,0,0,0,0,0,0,0,0,0,0,0,0,0,0,0,0,0,0,0,0,0,0,0
O=C(C#CCN1CCOCC1)Nc1ccc2ncnc(Nc3ccc(F)c(Cl)c3)c2c1,7.07,13.414319671626014,0.0064515162687308,-0.500471827285432,0.6061699667876943,14.0,439.8780000000001,0.2998220064486375,-0.3787915272229626,0.3787915272229626,0.2998220064486375,1.1612903225806452,1.967741935483871,2.7732100818635854,1.4819755201530929,1171.510383391728,-3.249999999999999,12879275.705148898,5.466457121411146,15.37044016181271,17.962403693645463,0.0,0.0,5.907179729351506,0.0,9.6944469149223,14.358372089569237,0.0,0.0,17.521374209088158,42.3186367296253,29.85050957565707,30.297854366296,13.92181518554669,45.60367987886723,0.0,14.867866772744891,0.0,0.0,43.48161035477623,53.56537664032142,11.840868637711289,10.633577208012662,21.58305037487697,0.0,11.600939890232516,53.62307964885997,9.53140013787187,17.658089478757184,0.0,42.7255224855342,5.022633313741326,10.902924932081056,79.38,11.7244005703974,9.184952231746642,0.0,5.022633313741326,47.85408059422162,13.08951281182515,18.46005421168776,24.26546827384644,0.0,37.342312618468846,16.337802844032566,18.70603140396316,5.854683847568529,22.849902192702285,6.56606707662043,1.8241557824433403,5.109949145320092,9.580378163133352,1.4217886516872946,3.531488181005958,0.0,0.2272727272727272,2,7,0,1,1,1,2,1,3,0,0,6,2,9,2,4,0,1,1,0,0,6.574528935341548,4,3.4400000000000004,0,0,0,0,2,0,0,0,1,0,0,0,3,2,0,0,0,0,0,0,0,3,0,0,1,0,1,0,2,0,0,0,0,0,0,0,1,0,0,0,0,0,0,0,0,0,0,0,0,0,0,0,0,0,0
CCOc1cc2ncnc(NC3=CC(=O)C(OC)=CC3=O)c2cc1NC(=O)/C=C/CN(C)C,6.1,12.3982169082662,0.0353963901579126,-0.4360579108236304,0.4355456705201264,13.848484848484848,451.4830000000002,0.2476891962341077,-0.4925130871464254,0.4925130871464254,0.2476891962341077,1.1515151515151516,1.9393939393939397,2.763667481529543,1.950878749934376,1183.222862542902,-4.05,17728459.83420764,5.8032205984486485,25.00721284646324,17.894694685883476,5.759164871656176,17.473669622081385,0.0,0.0,14.383611552215466,9.967957041894415,0.0,0.0,6.076020106833881,27.08544823350661,36.22540800934063,30.617805811146106,23.85733745981556,39.88184360668103,0.0,14.867866772744897,0.0,6.923737199690624,44.99035708507007,54.22033882373529,5.749511833283905,15.37044016181271,11.50524905251859,5.749511833283905,0.0,66.69831627188367,19.120474506015512,0.0,6.923737199690624,54.22033882373529,0.0,10.902924932081056,122.75,11.566489892729878,14.383611552215466,0.0,17.363383914063515,41.30932418830905,12.152040213667762,19.51313772287596,18.208754243757102,25.918990895895483,20.60153424990708,9.473725907600098,10.576991512037138,0.0,47.265183843158326,6.22517594865719,0.9959169619608146,-0.482203261715691,3.3357643350550097,6.785524625806323,2.838167116164405,5.126145585543156,0.2608695652173913,2,10,1,0,1,1,1,1,2,0,0,9,2,10,1,9,0,0,0,0,0,7.518973225989364,3,2.0626999999999995,0,0,0,0,2,0,0,0,3,0,0,0,3,2,0,1,0,0,0,2,0,2,0,0,1,0,2,0,0,0,0,0,0,2,0,1,0,0,0,0,0,0,0,0,0,0,0,0,0,0,0,0,0,0,0
CCOc1cc2ncc(C#N)c(Nc3ccc(OCc4ccccn4)c(Cl)c3)c2cc1NC(=O)/C=C/CN(C)C,10.1,12.612779341218683,0.2796656326088989,-0.2970995141520951,0.2184754595815898,11.0,557.054,0.2476891905287519,-0.4916171569547509,0.4916171569547509,0.2476891905287519,1.125,1.975,2.9354774906570857,1.6436705717042663,1567.7562393853873,-4.649999999999999,786267411.0343012,7.256905662790078,25.00721284646324,24.175126943873003,0.0,5.907179729351506,0.0,0.0,14.76249422596624,0.0,5.261891554738487,0.0,23.743327065528007,57.41728357581466,42.15444121358257,39.77836803178308,14.26826309167192,45.47320337571576,5.261891554738487,14.867866772744897,0.0,13.530619164203545,37.880559543792536,89.35667670487358,17.568244979360085,20.10730311561276,17.062158824050687,11.49902366656781,11.600939890232516,48.02202883787626,11.40141914858474,11.33111286753076,18.18111668623608,73.0766639045868,5.022633313741326,10.902924932081056,112.4,0.0,10.056428738810308,0.0,12.514061693864424,63.20183059856336,5.693927994848461,12.272863678446956,42.60469902075501,44.118092101280304,26.67075556269935,21.074665797832616,11.605104963930874,6.516716135448838,23.25696932795965,17.045027003724144,3.325840110473999,0.68587116466966,16.55624304460391,6.4433037103452016,3.1699974407761733,3.8393715425119983,0.2,2,9,0,0,0,1,2,2,4,0,0,8,2,10,2,11,0,0,0,0,0,9.51703668567625,4,5.932480000000005,0,0,0,0,2,0,0,0,1,0,0,0,4,2,0,1,0,0,0,0,0,3,0,0,1,0,2,0,1,0,0,0,0,0,0,0,0,0,0,0,0,0,0,0,0,0,0,2,0,0,0,0,0,0,0
CN(C)C/C=C/C(=O)Nc1ccc2ncnc(Nc3ccc(Br)cc3F)c2c1,6.15,14.158651843386693,0.2300808348030567,-0.4059037475848785,0.5542998161666616,11.321428571428571,444.3080000000001,0.2475863337908662,-0.3372236942856773,0.3372236942856773,0.2475863337908662,1.2142857142857142,2.0357142857142856,2.6377667857733123,1.8511083806535893,1038.2798240376396,-2.8399999999999994,1754668.843564265,5.113643813383921,15.533486938863138,17.962403693645463,0.0,5.907179729351506,0.0,0.0,4.794537184071822,14.358372089569237,0.0,0.0,22.00596400478323,50.49354637612404,28.167106517727227,11.204086992299825,9.184952231746642,49.93268388658407,0.0,14.867866772744891,0.0,0.0,31.27367757927961,65.16750305608028,0.0,10.633577208012662,21.58305037487697,0.0,15.929943897949348,41.41514687336336,4.794537184071822,5.817220841045895,0.0,59.350282215034376,0.0,10.902924932081056,70.15,5.817220841045895,9.184952231746642,0.0,5.907179729351506,39.1130361810282,0.0,18.469707250060036,36.407855449141934,18.99525369620486,36.531478147856426,0.0,14.80718491052362,3.2377967623033728,22.466786406196437,6.466975793308089,1.5708863153153585,-0.1864741205407125,10.02269488036589,4.675112386309696,0.6724231153482456,3.849946884203338,0.15,2,6,0,0,0,1,2,1,3,0,0,5,2,8,1,6,0,0,0,0,0,6.327676123909481,3,4.331300000000003,0,0,0,0,2,0,0,0,1,0,0,0,3,2,0,1,0,0,0,0,0,3,0,0,1,0,0,0,2,0,0,0,0,0,0,0,0,0,0,0,0,0,0,0,0,0,0,0,0,0,0,0,0,0,0
CCOc1cc2ncnc(NC3=CC(=O)C(OCc4cccc(C)c4)=CC3=O)c2cc1NC(=O)/C=C/CN(C)C,6.76,12.885270417256692,0.0293722027051539,-0.4405458170972511,0.2744555084316721,13.425,541.6080000000002,0.2476891962341077,-0.4916171303967251,0.4916171303967251,0.2476891962341077,1.05,1.875,2.901723540907246,1.548082221036947,1540.7315392473097,-4.829999999999999,642777411.323977,7.174837047484843,25.00721284646324,24.501576650396395,5.759164871656176,17.473669622081385,0.0,0.0,14.383611552215466,9.967957041894415,0.0,0.0,35.90493987237732,39.57263692489423,36.22540800934063,23.50800826986857,23.85733745981556,39.88184360668103,0.0,14.867866772744897,0.0,20.454356363894167,37.880559543792536,89.61271008097573,5.749511833283905,15.37044016181271,11.50524905251859,5.749511833283905,0.0,59.58851873060614,25.72735647052843,6.923737199690624,18.050640183084614,78.48580709758173,0.0,10.902924932081056,122.75,11.566489892729878,14.383611552215466,0.0,29.78812865641146,35.49146141047402,11.126902983393991,24.555380395266184,18.208754243757102,57.10819636943253,20.60153424990708,9.473725907600098,11.3589089932898,0.0,48.67450491688396,6.300085353855212,2.942546249098813,-0.5015778839143443,11.06180869959502,6.890844496912143,4.9623934765392335,3.8104856977401647,0.2333333333333333,2,10,1,0,1,1,2,1,3,0,0,9,2,10,1,11,0,0,0,0,0,9.027682263888238,4,3.9415200000000015,0,0,0,0,2,0,0,0,3,0,0,0,3,2,0,1,0,0,0,2,0,2,1,0,1,0,2,0,0,0,0,0,0,2,0,0,0,0,0,0,0,0,0,0,0,0,0,0,0,0,0,0,0,0,0
CCOc1cc2ncnc(NC3=CC(=O)C(OCc4cccc(OC)c4)=CC3=O)c2cc1NC(=O)/C=C/CN(C)C,6.46,12.911592731306282,0.0229809416185886,-0.4680985434346996,0.2512620165546758,13.292682926829269,557.6070000000001,0.2476891962341077,-0.4967556876139641,0.4967556876139641,0.2476891962341077,1.048780487804878,1.8780487804878048,2.944129381526302,1.537149110851473,1560.2121452963124,-5.029999999999999,1119609463.667423,7.547166238588924,29.744075800263285,30.2510884836803,5.759164871656176,17.473669622081385,0.0,0.0,14.383611552215466,9.967957041894415,0.0,0.0,18.208754243757102,44.78163386212682,36.22540800934063,30.617805811146106,28.59420041361561,39.88184360668103,0.0,14.867866772744897,0.0,13.530619164203545,44.99035708507007,84.04925858927874,11.49902366656781,20.10730311561276,11.50524905251859,11.49902366656781,0.0,66.69831627188367,25.72735647052843,0.0,12.48718869138762,78.48580709758173,0.0,10.902924932081056,131.98000000000002,11.566489892729878,14.383611552215466,0.0,29.78812865641146,41.24097324375792,11.639471598530877,18.479360288432304,37.451285921957854,38.0517250328187,20.60153424990708,14.210588861400147,16.549888839853427,0.0,48.731594022258335,6.276455190751708,1.7297912344641515,0.0463525414917722,10.560405638370533,6.8324506628857655,2.90757109783013,5.365490772094184,0.2333333333333333,2,11,1,0,1,1,2,1,3,0,0,10,2,11,1,12,0,0,0,0,0,9.43457380526946,4,3.641700000000002,0,0,0,0,2,0,0,0,3,0,0,0,3,2,0,1,0,0,0,2,0,2,0,0,1,0,3,0,0,0,0,0,0,2,0,1,0,0,0,0,0,0,0,0,0,0,0,0,0,0,0,0,0,0,0
CCOc1cc2ncnc(NC3=CC(=O)C(OCc4cccs4)=CC3=O)c2cc1NC(=O)/C=C/CN(C)C,6.53,12.783759357585913,0.0183593531208756,-0.43230224188939,0.2805600919123385,13.578947368421051,533.6100000000001,0.2476891962341077,-0.4916171303967251,0.4916171303967251,0.2476891962341077,1.131578947368421,1.973684210526316,3.394114438261856,1.5640919173914936,1443.5643131119402,-4.349999999999999,347687883.2722251,6.6932086641315225,25.00721284646324,24.501576650396395,5.759164871656176,17.473669622081385,0.0,0.0,14.383611552215466,9.967957041894415,0.0,11.336785877934735,12.142387175295491,38.53187807243414,41.10255520304192,23.50800826986857,23.85733745981556,51.21862948461577,0.0,14.867866772744897,0.0,13.530619164203545,37.880559543792536,76.61028292482573,5.749511833283905,15.37044016181271,11.50524905251859,5.749511833283905,11.336785877934735,59.58851873060614,25.72735647052843,0.0,11.800884393391923,71.73313573112442,0.0,10.902924932081056,122.75,11.566489892729878,14.383611552215466,0.0,23.97026587857643,41.30932418830905,4.877147193701299,35.89216627320092,18.208754243757102,43.43178780328461,20.60153424990708,9.473725907600098,11.261717027859838,1.4992086003014615,49.33251803166718,8.196713289263105,0.9891181937561262,-0.468638016073148,7.122705486907062,6.885094987297419,3.0384217504115574,3.809807315276068,0.2222222222222222,2,10,1,0,1,1,1,2,3,0,0,10,2,11,2,11,0,0,0,0,0,8.61608248189129,4,3.694600000000002,0,0,0,0,2,0,0,0,3,0,0,0,3,2,0,1,0,0,0,2,0,2,0,0,1,0,2,0,0,0,0,0,0,2,0,0,0,0,0,0,0,0,0,0,0,0,0,0,0,0,0,0,1,0,0
CCOc1cc2ncnc(NC3=CC(=O)C(OCc4cccc(Cl)c4)=CC3=O)c2cc1NC(=O)/C=C/CN(C)C,7.45,12.864159306145584,0.0196246514441165,-0.4735319282083623,0.2605840337650292,13.425,562.026,0.2476891962341077,-0.4916171303967251,0.4916171303967251,0.2476891962341077,1.075,1.9,2.901723540907246,1.548082221036947,1547.0568082568657,-4.539999999999999,642777411.323977,7.307240640210038,25.00721284646324,24.501576650396395,5.759164871656176,17.473669622081385,0.0,0.0,14.383611552215466,9.967957041894415,0.0,0.0,29.809694133989616,44.78163386212682,41.24804132308195,23.50800826986857,23.85733745981556,51.48278349691355,0.0,14.867866772744897,0.0,13.530619164203545,37.880559543792536,89.07189190302006,5.749511833283905,15.37044016181271,11.50524905251859,5.749511833283905,11.600939890232516,59.58851873060614,25.72735647052843,0.0,12.48718869138762,78.48580709758173,5.022633313741326,10.902924932081056,122.75,11.566489892729878,14.383611552215466,0.0,29.78812865641146,40.51409472421535,17.71549170536476,12.403340181598423,42.47422251760354,25.918990895895483,20.60153424990708,21.074665797832616,11.29296213524375,5.99347885652222,48.59415333280424,6.804935634970442,1.6985234347784677,-0.6339228997317337,10.356130317130924,6.8086605823565,2.894427618928817,3.801762098107474,0.2068965517241379,2,10,1,0,1,1,2,1,3,0,0,9,2,11,1,11,0,0,0,0,0,9.257689246810838,4,4.286500000000003,0,0,0,0,2,0,0,0,3,0,0,0,3,2,0,1,0,0,0,2,0,2,0,0,1,0,2,0,1,0,0,0,0,2,0,0,0,0,0,0,0,0,0,0,0,0,0,0,0,0,0,0,0,0,0
CCOc1cc2ncnc(NC3=CC(=O)C(OCc4ccccn4)=CC3=O)c2cc1NC(=O)/C=C/CN(C)C,6.1,12.815530190919244,0.0243288695511125,-0.4699179826301309,0.282319111707132,13.435897435897436,528.5690000000002,0.2476891962341077,-0.4916171303967251,0.4916171303967251,0.2476891962341077,1.051282051282051,1.8974358974358971,2.906886754853332,1.5547134460549172,1480.5468716379671,-4.9,461525491.491849,7.110558789626003,25.00721284646324,24.501576650396395,5.759164871656176,17.473669622081385,0.0,0.0,19.367590073162678,9.967957041894415,0.0,0.0,12.142387175295491,39.21818237042983,42.4222515809537,29.201936264717038,23.85733745981556,39.88184360668103,0.0,19.851845293692104,0.0,13.530619164203545,37.880559543792536,84.31021159558166,5.749511833283905,15.37044016181271,11.50524905251859,5.749511833283905,0.0,64.57249725155334,25.72735647052843,0.0,12.617665194539086,78.6162836007332,0.0,10.902924932081056,135.64,11.566489892729878,14.383611552215466,0.0,29.78812865641146,41.18538940532248,12.152040213667762,12.403340181598423,42.60469902075501,25.918990895895483,25.585512770854287,9.473725907600098,11.230472154093338,0.0,52.60470451654696,6.263130571769806,1.5757695754182288,-0.6152224282058303,8.668487596542946,8.428213477912902,2.873803887312251,3.8039739819427343,0.2142857142857142,2,11,1,0,1,1,1,2,3,0,0,10,2,11,2,11,0,0,0,0,0,8.745014869703079,4,3.028100000000001,0,0,0,0,3,0,0,0,3,0,0,0,4,2,0,1,0,0,0,2,0,2,0,0,1,0,2,0,0,0,0,0,0,2,0,0,0,0,0,0,0,0,0,0,0,0,0,1,0,0,0,0,0,0,0
CCOc1cc2ncnc(NC3=CC(=O)C(OCc4ccccc4)=CC3=O)c2cc1NC(=O)/C=C/CN(C)C,6.67,12.831155190919244,0.0318287408759778,-0.4421402048523533,0.2842187399564834,13.435897435897436,527.5810000000001,0.2476891962341077,-0.4916171303967251,0.4916171303967251,0.2476891962341077,1.0256410256410255,1.8205128205128205,2.906886754853332,1.5547134460549172,1478.1714951267709,-4.829999999999999,461525491.491849,7.142798183008152,25.00721284646324,24.501576650396395,5.759164871656176,17.473669622081385,0.0,0.0,14.383611552215466,9.967957041894415,0.0,0.0,36.407855449141934,32.648899725203606,36.22540800934063,23.50800826986857,23.85733745981556,39.88184360668103,0.0,14.867866772744897,0.0,13.530619164203545,37.880559543792536,90.11562565774034,5.749511833283905,15.37044016181271,11.50524905251859,5.749511833283905,0.0,59.58851873060614,25.72735647052843,0.0,12.48718869138762,84.55217416604334,0.0,10.902924932081056,122.75,11.566489892729878,14.383611552215466,0.0,29.78812865641146,35.49146141047402,11.639471598530877,18.479360288432304,18.208754243757102,56.25082623820353,20.60153424990708,9.473725907600098,11.297416598537785,0.0,48.52165702822051,6.288842754408395,1.8542561796259869,-0.5074900019019755,12.699630069930231,6.874678846780755,2.995367875788905,3.808973981942735,0.2068965517241379,2,10,1,0,1,1,2,1,3,0,0,9,2,10,1,11,0,0,0,0,0,8.800191289484998,4,3.6331000000000016,0,0,0,0,2,0,0,0,3,0,0,0,3,2,0,1,0,0,0,2,0,2,0,0,1,0,2,0,0,0,0,0,0,2,0,0,0,0,0,0,0,0,0,0,0,0,0,0,0,0,0,0,0,0,0
CCOc1cc2ncnc(NC3=CC(=O)C(OCc4ccc(F)c(F)c4)=CC3=O)c2cc1NC(=O)/C=C/CN(C)C,6.05,13.44977711611001,0.0682725019075822,-1.0495568027116533,0.2640915520921416,13.414634146341465,563.561,0.2476891962341077,-0.4916171303967251,0.4916171303967251,0.2476891962341077,1.024390243902439,1.829268292682927,2.9191031743960605,1.5403741511166664,1599.9532970739258,-4.969999999999999,956774982.8918298,7.365978640025909,25.00721284646324,24.501576650396395,17.393606553747965,17.473669622081385,0.0,0.0,14.383611552215466,18.748787137244054,0.0,0.0,12.142387175295491,44.78163386212682,36.22540800934063,23.50800826986857,32.638167555165204,39.88184360668103,0.0,14.867866772744897,0.0,13.530619164203545,37.880559543792536,89.61733320290891,5.749511833283905,15.37044016181271,20.28607914786823,5.749511833283905,0.0,59.58851873060614,25.72735647052843,11.63444168209179,12.48718869138762,72.41944002912012,0.0,10.902924932081056,122.75,23.200931574821663,23.164441647565106,0.0,35.351580148108454,35.49146141047402,24.284774350590983,18.469707250060036,25.132491443447723,18.99525369620486,20.60153424990708,9.473725907600098,37.67481675721068,0.0,48.38035165488214,6.108048897790546,1.0482399356847687,-3.2320553295342265,6.450801950053865,6.477884329012351,2.49419306180672,3.7643854097598286,0.2068965517241379,2,10,1,0,1,1,2,1,3,0,0,9,2,12,1,11,0,0,0,0,0,9.14716194445709,4,3.9113000000000016,0,0,0,0,2,0,0,0,3,0,0,0,3,2,0,1,0,0,0,2,0,2,0,0,1,0,2,0,2,0,0,0,0,2,0,0,0,0,0,0,0,0,0,0,0,0,0,0,0,0,0,0,0,0,0
CCOc1cc2ncnc(NC3=CC(=O)C(OCc4cccc(F)c4)=CC3=O)c2cc1NC(=O)/C=C/CN(C)C,7.37,13.412740079072972,0.0192642374447722,-0.5342958170972512,0.2738034829308501,13.425,545.5710000000001,0.2476891962341077,-0.4916171303967251,0.4916171303967251,0.2476891962341077,1.075,1.9,2.901723540907246,1.548082221036947,1547.0568082568657,-4.9,642777411.323977,7.143021607142485,25.00721284646324,30.31879749144229,5.759164871656176,17.473669622081385,0.0,0.0,14.383611552215466,14.358372089569237,0.0,0.0,18.208754243757102,44.78163386212682,36.22540800934063,23.50800826986857,28.247752507490382,39.88184360668103,0.0,14.867866772744897,0.0,13.530619164203545,37.880559543792536,89.86647943032463,5.749511833283905,15.37044016181271,15.895664100193413,5.749511833283905,0.0,59.58851873060614,25.72735647052843,5.817220841045895,12.48718869138762,78.48580709758173,0.0,10.902924932081056,122.75,17.38371073377577,18.774026599890284,0.0,29.78812865641146,41.05491290217101,12.152040213667762,30.60244138698325,24.27512131221871,25.918990895895483,20.60153424990708,9.473725907600098,24.584221160021364,0.0,48.44613725686794,6.191558118415827,1.3794537698754696,-1.3069027822629449,9.05619645469706,6.657269160806632,2.70637455226823,3.785692309310413,0.2068965517241379,2,10,1,0,1,1,2,1,3,0,0,9,2,11,1,11,0,0,0,0,0,8.972671501847234,4,3.7722000000000016,0,0,0,0,2,0,0,0,3,0,0,0,3,2,0,1,0,0,0,2,0,2,0,0,1,0,2,0,1,0,0,0,0,2,0,0,0,0,0,0,0,0,0,0,0,0,0,0,0,0,0,0,0,0,0
CCOc1cc2ncnc(NC3=CC(=O)C(OC(CF)CF)=CC3=O)c2cc1NC(=O)/C=C/CN(C)C,5.68,12.76009763183081,0.124549993722592,-1.4698047982319318,0.324479654374935,13.81081081081081,515.5170000000003,0.2476891962341077,-0.4916171303967251,0.4916171303967251,0.2476891962341077,1.135135135135135,1.891891891891892,2.8544268520851923,1.8948583501687053,1271.5959670898528,-4.19,116734229.50540932,7.165228330179335,25.00721284646324,31.24387663043329,11.86313125940448,17.473669622081385,0.0,0.0,14.383611552215466,18.748787137244054,0.0,0.0,6.076020106833881,27.08544823350661,36.22540800934063,23.50800826986857,32.638167555165204,39.88184360668103,0.0,14.867866772744897,0.0,13.027703587438928,51.22974148834234,54.22033882373529,5.749511833283905,15.37044016181271,20.28607914786823,5.749511833283905,0.0,79.04166706290425,19.120474506015512,0.0,6.923737199690624,54.22033882373529,0.0,10.902924932081056,122.75,36.77880309668417,23.164441647565106,0.0,17.422081820242365,35.49146141047402,12.152040213667762,12.403340181598423,25.132491443447723,18.99525369620486,20.60153424990708,9.473725907600098,36.13015082325072,0.0,47.70773523246727,6.001451012290866,0.6776538258942317,-1.6342012988953536,3.20881030035622,4.73151496891389,0.4231889030584103,3.753696232663754,0.32,2,10,1,0,1,1,1,1,2,0,0,9,2,12,1,12,0,0,0,0,0,9.38540997715502,3,2.740500000000001,0,0,0,0,2,0,0,0,3,0,0,0,3,2,0,1,0,0,2,2,0,2,0,0,1,0,2,0,2,0,0,0,0,2,0,0,0,0,0,0,0,0,0,0,0,0,0,0,0,0,0,0,0,0,0
N#C/C(=C\c1ccc(O)c(O)c1)C(=O)c1ccc(O)c(O)c1,6.4,12.20023541824137,0.0334261883765856,-0.6478103741496597,0.2982953829524706,10.954545454545457,297.266,0.2031923277118829,-0.5042596318724707,0.5042596318724707,0.2031923277118829,0.9090909090909092,1.5,2.5009878894876407,2.399243780376621,817.7712579346556,-3.46,75279.73547357798,2.9915788082970005,20.426109579362823,11.642325842861542,22.99804733313562,5.783244946364939,0.0,0.0,4.794537184071822,0.0,5.261891554738487,0.0,6.06636706846161,41.97130694083893,5.563451491696996,0.0,25.220646763434644,11.85926505319882,5.261891554738487,0.0,0.0,0.0,0.0,53.09820992423292,29.067268645927893,0.0,0.0,22.99804733313562,0.0,26.20935452572776,0.0,11.33111286753076,15.921440167465814,41.97130694083893,0.0,6.076020106833881,121.78,11.532756779648844,25.220646763434644,0.0,28.385091521617976,5.563451491696996,12.13273413692322,30.34148838068032,6.069221312792274,0.0,0.0,5.261891554738487,0.0,0.0,12.20023541824137,46.34428886325982,0.1569260728982957,-2.176403403494853,9.06682001810519,1.241466364323507,0.0,0.0,0.0,4,6,0,0,0,0,2,0,2,0,0,6,4,6,0,3,0,0,0,0,0,4.000274282827655,2,2.2988800000000005,0,0,0,0,0,0,4,0,1,0,0,0,1,0,0,0,0,0,0,1,0,0,0,0,0,0,0,0,0,0,0,0,0,1,1,0,0,0,0,0,0,0,0,0,0,0,0,0,0,0,0,0,0,0,0
Cl.NCCNC(=O)c1ccc(S(=O)(=O)Oc2ccc(/C=C/[N+](=O)[O-])cc2)cc1,5.3,12.312121666963389,0.0,-4.089263300999408,0.3713091468914256,10.892857142857142,427.86600000000016,0.3387113338362051,-0.37897005994286,0.37897005994286,0.3387113338362051,1.1428571428571428,1.75,2.65027468090908,3.919994872157082e-06,943.8629405992376,-2.95,798941.2042081277,6.650614799396478,15.233541513818224,10.64499530880168,0.0,6.199954889820448,5.907179729351506,10.118126859033554,14.908855452837392,0.0,8.417796984328938,12.407033161179976,12.13273413692322,41.96165390246666,24.728984410356027,4.923311048817671,22.318730649868137,34.50835985639892,0.0,5.316788604006331,5.733667477162185,4.895483475517775,13.08951281182515,75.9721126896729,5.749511833283905,15.233541513818224,0.0,5.749511833283905,12.407033161179976,32.33780057432327,10.118126859033554,10.114318268765572,15.921440167465814,59.6263749130311,0.0,6.076020106833881,141.63,15.041437907851224,23.32665243716633,0.0,28.95920819933316,24.21641579521914,6.199954889820448,54.60695665452676,0.0,0.0,5.316788604006331,9.916752909811892,29.655136770196297,0.0,21.356054231891022,12.863040681026693,6.11813632742183,-0.3039792248806841,10.992082062927883,2.0461925452990126,0.6125999071173642,-4.089263300999408,0.1176470588235294,3,9,0,0,0,1,2,0,2,0,0,7,2,11,0,8,0,0,0,0,0,8.577195230738567,2,1.8120000000000005,0,0,0,0,0,0,0,0,1,0,0,0,1,1,1,0,0,0,0,0,0,0,0,0,0,0,0,0,1,0,0,0,0,0,0,0,0,1,0,0,0,0,0,0,0,0,0,0,0,0,0,0,0,0,0
CCCCNC(=O)c1ccc(S(=O)(=O)Oc2ccc(/C=C/[N+](=O)[O-])cc2)cc1,5.3,12.367505046210404,0.0691095044382037,-4.073216469043485,0.2968547532832297,11.321428571428571,404.4440000000001,0.338711333836205,-0.37897005994286,0.37897005994286,0.338711333836205,1.1428571428571428,1.7857142857142858,2.671278809016835,2.0566570372223425,950.9233011334696,-3.2,1299139.0508620115,6.20147890387125,9.499874036656038,10.64499530880168,0.0,6.199954889820448,5.907179729351506,10.118126859033554,14.908855452837392,0.0,8.417796984328938,0.0,25.47729295953985,48.38247552539266,18.18422800444345,4.923311048817671,22.318730649868137,22.10132669521894,0.0,5.316788604006331,0.0,24.660863921060415,6.544756405912575,75.9721126896729,5.749511833283905,9.499874036656038,0.0,5.749511833283905,0.0,25.793044168410688,10.118126859033554,10.114318268765572,35.68682061300846,59.6263749130311,0.0,6.076020106833881,115.61,15.041437907851224,23.32665243716633,0.0,16.552175038153184,17.671659389306566,19.041598135672466,54.60695665452676,0.0,6.923737199690624,5.316788604006331,4.183085432649707,29.796981352381785,0.0,21.582211613998474,13.058715888782928,0.885990328152108,-0.1978497596166035,11.227343882152615,3.892440569344725,2.577382593847459,-4.073216469043485,0.2105263157894736,1,8,0,0,0,1,2,0,2,0,0,6,1,9,0,9,0,0,0,0,0,7.275933975143296,2,3.231600000000002,0,0,0,0,0,0,0,0,1,0,0,0,1,1,0,0,0,0,0,0,0,0,0,0,0,0,0,0,0,0,0,0,0,0,0,0,0,1,0,0,0,0,0,0,0,0,0,0,0,0,0,0,0,1,0
COc1cc(/C=C/[N+](=O)[O-])ccc1OS(=O)(=O)c1ccc(C(=O)OC[C@H]2O[C@@H](n3cnc4c(N)ncnc43)[C@H](O)[C@@H]2O)cc1,6.3,12.85944138388316,0.0131251900466706,-4.37535885611583,0.0956309064014775,20.15909090909091,628.5760000000004,0.338842740347569,-0.4927815393568565,0.4927815393568565,0.338842740347569,1.1363636363636365,1.8863636363636365,3.559438232212344,1.2192728452426098,1844.994976789543,-5.17,6266147855.465312,6.1292815281619895,34.34039656089345,41.6582853956564,29.191964835905434,6.199954889820448,0.0,16.087432146985403,14.681417916556928,19.746472746913447,8.417796984328938,0.0,6.06636706846161,41.96165390246666,6.076020106833881,23.92388015655674,46.74237430094969,39.14519297003831,0.0,19.51903521063298,0.0,29.435283809497548,19.45034698295264,82.56038577074038,11.49902366656781,14.653615863611943,5.817862777835028,11.49902366656781,0.0,81.07108199044822,19.59185276663365,10.114318268765572,22.149341338200685,66.21464799409858,0.0,17.23989804521787,241.35,52.157425494295765,33.53970722684774,0.0,38.9396993500016,5.563451491696996,18.33268902674367,60.7393927877399,0.0,0.0,14.951935562841626,24.12734177121204,48.41730642389251,0.0,34.311701249612504,31.621837732037505,6.706529940183712,-0.8755842082766854,8.703463413098703,-0.5978628186568473,-0.4373840890289784,-3.1000076428624173,0.2307692307692307,4,17,0,1,1,0,2,2,4,4,0,15,3,18,3,10,0,1,1,0,0,8.405798665789298,5,0.9084,0,2,1,0,4,0,0,0,1,0,0,0,5,0,1,0,0,0,0,0,0,1,0,0,1,1,3,0,0,0,0,1,0,0,0,1,0,1,0,0,0,0,0,0,0,0,0,0,0,0,0,0,0,0,0
O=C(O)c1ccc(S(=O)(=O)Oc2ccc(/C=C/[N+](=O)[O-])cc2)cc1O,7.3,12.150850655076844,0.0555055849500287,-4.296042309670778,0.4497188730255791,11.36,365.3190000000001,0.3389705887481201,-0.5070047991027219,0.5070047991027219,0.3389705887481201,1.16,1.8,2.530311433194348,2.2231430253331967,947.9966918974476,-3.4,245956.3925522234,4.544674012855832,14.396140222331118,21.957958633782575,0.0,6.199954889820448,0.0,16.087432146985403,10.114318268765572,4.794537184071822,8.417796984328938,0.0,12.13273413692322,29.82891976554344,12.142387175295491,4.923311048817671,32.53178543954955,22.163452253819283,0.0,0.0,0.0,4.895483475517775,0.0,69.90574562121128,11.49902366656781,4.183085432649707,0.0,11.49902366656781,0.0,29.523468110779863,10.118126859033554,10.114318268765572,15.921440167465814,53.56000784456949,0.0,6.076020106833881,144.04,37.21918999630175,28.433179832007035,0.0,5.749511833283905,5.563451491696996,24.39905609520528,30.34148838068032,0.0,0.0,0.0,9.289612827490412,29.181237008692364,0.0,19.98736396512695,28.613405480784056,0.0192441958517559,-2.1683072236677647,8.121103355654984,1.958662193895103,0.0,-4.296042309670778,0.0,2,9,0,0,0,0,2,0,2,0,0,7,2,10,0,6,0,0,0,0,0,5.031901292192029,2,2.1055000000000006,0,0,0,1,0,0,1,1,1,0,0,0,1,0,0,0,0,0,0,0,0,0,0,0,0,0,0,0,0,0,0,0,0,0,0,0,0,1,0,0,0,0,0,0,0,0,0,0,0,0,0,0,0,0,0
Nc1ncnc2c1ncn2[C@@H]1O[C@H](COC(=O)c2ccc(S(=O)(=O)Oc3ccc(/C=C/[N+](=O)[O-])cc3)cc2)[C@@H](O)[C@H]1O,6.22,12.646845012001076,0.0076335548092962,-4.262766263523237,0.1051311606012567,20.61904761904762,598.5500000000004,0.3387113512624715,-0.4592182766766363,0.4592182766766363,0.3387113512624715,1.0952380952380951,1.809523809523809,3.5223539877822447,1.1921878695967207,1758.7717891888178,-4.97,2536429241.2225685,5.884288528707702,29.603533607093404,47.407797228940304,17.692941169337626,6.199954889820448,0.0,16.087432146985403,14.681417916556928,19.746472746913447,8.417796984328938,0.0,12.13273413692322,41.96165390246666,6.076020106833881,16.814082615279208,42.00551134714964,39.145192970038295,0.0,19.519035210632985,0.0,29.435283809497548,12.340549441675105,88.626752839202,5.749511833283905,9.916752909811892,5.817862777835028,5.749511833283905,0.0,73.96128444917068,19.59185276663365,10.114318268765572,22.14934133820068,72.28101506256019,0.0,17.23989804521787,232.11999999999995,52.157425494295765,33.53970722684774,0.0,33.19018751671769,5.563451491696996,18.33268902674367,59.695962314923975,0.0,0.0,14.951935562841626,19.390478817411992,42.73065055847857,0.0,34.180548271134626,31.44509438757281,6.822958638160725,-0.7278713386187285,10.294340505083586,-0.4763299837599293,-0.4232914411950728,-4.262766263523237,0.2,4,16,0,1,1,0,2,2,4,4,0,14,3,17,3,9,0,1,1,0,0,7.812155627904088,5,0.8997999999999995,0,2,1,0,4,0,0,0,1,0,0,0,5,0,1,0,0,0,0,0,0,1,0,0,1,1,2,0,0,0,0,1,0,0,0,0,0,1,0,0,0,0,0,0,0,0,0,0,0,0,0,0,0,0,0
N#C/C(=C\c1ccc(O)c(O)c1)C(=O)c1ccc(F)cc1,6.22,12.819787012860363,0.1604648526077094,-0.5508659297052156,0.3924394988365507,10.952380952380953,283.258,0.2030536873881303,-0.5042596318724707,0.5042596318724707,0.2030536873881303,1.0952380952380951,1.761904761904762,2.4820544334754,2.36369808128581,758.0818234905167,-3.1299999999999994,51269.31637786785,3.251671213916529,10.213054789681411,17.459546683907437,11.49902366656781,5.783244946364939,0.0,0.0,4.794537184071822,4.39041504767482,5.261891554738487,0.0,6.06636706846161,48.03767400930054,5.563451491696996,0.0,19.39800702142805,11.85926505319882,5.261891554738487,0.0,0.0,0.0,0.0,64.98179783374043,17.568244979360085,0.0,4.39041504767482,11.49902366656781,0.0,15.99629973604635,0.0,17.148333708576654,15.921440167465814,48.03767400930054,0.0,6.076020106833881,81.32,11.600465787410831,19.39800702142805,0.0,22.635579688334072,5.563451491696996,12.13273413692322,36.407855449141934,6.069221312792274,0.0,0.0,5.261891554738487,12.819787012860363,0.0,12.118307980599647,27.665645175268438,0.4131573339212235,-1.6728253143161151,10.540004720207644,1.2825897581254724,0.0,0.0,0.0,2,4,0,0,0,0,2,0,2,0,0,4,2,5,0,3,0,0,0,0,0,4.002443646372376,2,3.0267800000000014,0,0,0,0,0,0,2,0,1,0,0,0,1,0,0,0,0,0,0,1,0,0,0,0,0,0,0,0,1,0,0,0,0,1,1,0,0,0,0,0,0,0,0,0,0,0,0,0,0,0,0,0,0,0,0
COc1cc(C(C#N)=C(C#N)C#N)cc(O)c1O,5.22,9.455820105820106,0.0620559334845047,-0.507102229780801,0.5962374412203972,8.555555555555555,241.206,0.2000376238304651,-0.5041461141668077,0.5041461141668077,0.2000376238304651,1.1111111111111112,1.7222222222222223,2.3851904438662985,3.587790314188456,626.2473111288069,-3.17,9273.620445752167,2.160264161712499,14.94991774348146,23.780768468446087,11.49902366656781,5.749511833283905,0.0,0.0,0.0,0.0,15.78567466421546,0.0,0.0,12.13273413692322,5.563451491696996,12.6829020713468,14.94991774348146,5.573104530069267,15.78567466421546,0.0,0.0,0.0,7.109797541277533,23.269290158689483,35.45619943822854,4.736862953800049,0.0,17.248535499851716,0.0,17.322852330958945,0.0,33.993338602592274,5.563451491696996,17.705838666992488,0.0,5.573104530069267,121.06,11.49902366656781,10.213054789681411,0.0,22.45917238511944,0.0,6.06636706846161,13.176164609739144,18.20766393837682,0.0,0.0,20.52253761801551,4.800328325774754,0.0,0.0,45.25144305870496,-0.4713029100529091,-1.0469312169312164,7.199069349962207,0.0,0.0,1.267393392542202,0.0833333333333333,2,6,0,0,0,0,1,0,1,0,0,6,2,6,0,2,0,0,0,0,0,3.759478946322771,1,1.43074,0,0,0,0,0,0,2,0,0,0,0,0,3,0,0,0,0,0,0,2,0,0,0,0,0,0,1,0,0,0,0,0,0,0,0,1,0,0,0,0,0,0,0,0,0,0,0,0,0,0,0,0,0,0,0
C[C@H](NC(=O)[C@H](C)NC(=O)c1ccc(S(=O)(=O)Oc2ccc(/C=C/[N+](=O)[O-])cc2)cc1)C(=O)O,5.16,12.480507184569408,0.018056411841099,-4.230174524774123,0.2512415162281358,13.0,491.4780000000002,0.3387113338362389,-0.4797253477162496,0.4797253477162496,0.3387113338362389,1.0,1.588235294117647,2.7773656035122505,2.0295728800044706,1207.0552101009116,-4.259999999999999,15760994.32681132,7.409286936003201,19.92319003550308,22.7286769670976,0.0,12.107134619171957,5.907179729351506,16.087432146985403,24.49792982098104,0.0,8.417796984328938,0.0,12.13273413692322,55.8091283018479,11.639471598530877,4.923311048817671,37.01433241285248,33.977811712522296,0.0,10.633577208012662,0.0,30.826639533194943,0.0,75.9721126896729,5.749511833283905,14.816662640662368,0.0,5.749511833283905,0.0,48.314981832938095,19.7072012271772,10.114318268765572,29.76891456684706,59.6263749130311,0.0,6.076020106833881,182.01,44.908784312802005,32.91572680530997,0.0,16.208446800498674,5.563451491696996,18.33268902674367,56.321696916984784,0.0,0.0,10.633577208012662,9.289612827490412,29.99492774356661,0.0,44.562766687627445,23.77784126623212,0.5314390118706314,-2.617027238260145,8.107186288376123,1.9794950800645863,2.6435456852967625,-4.230174524774123,0.1904761904761904,3,12,0,0,0,2,2,0,2,2,0,8,3,13,0,10,0,0,0,0,0,8.447643272425736,2,1.4092999999999996,1,0,0,0,0,0,0,1,3,0,0,0,1,2,0,0,0,0,0,0,0,0,0,0,0,0,0,0,0,0,0,0,0,0,0,0,0,1,0,0,0,0,0,0,0,0,0,0,0,0,0,0,0,0,0
O=C(/C=C/c1ccc(O)c(O)c1)c1ccc(O)cc1O,5.1,11.861670603426557,0.0574539661543631,-0.4490140778533631,0.3905384760274634,10.8,272.256,0.18907489808967,-0.5078225160097343,0.5078225160097343,0.18907489808967,0.85,1.6,2.395609586134901,2.21896591292907,688.6583828942399,-2.95,28423.9077394906,2.892231692387821,20.426109579362823,11.49902366656781,17.28226861293275,0.0,0.0,0.0,4.794537184071822,0.0,0.0,0.0,12.142387175295491,35.90493987237732,6.06636706846161,5.563451491696996,25.220646763434644,11.85926505319882,0.0,0.0,0.0,0.0,0.0,53.60112550099753,22.99804733313562,0.0,0.0,22.99804733313562,0.0,26.20935452572776,0.0,0.0,15.921440167465814,42.47422251760354,0.0,6.076020106833881,97.99,5.783244946364939,15.007591973753234,0.0,28.56149882483261,5.563451491696996,6.06636706846161,42.48387555597581,0.0,0.0,0.0,10.213054789681411,0.0,0.0,11.861670603426557,37.17878553408406,0.5777485407743348,-1.42454647268049,7.814563638688819,2.6584448223733936,0.0,0.0,0.0,4,5,0,0,0,0,2,0,2,0,0,5,4,5,0,3,0,0,0,0,0,3.610959604118906,2,2.4051000000000005,0,0,0,0,0,0,4,0,1,0,0,0,0,0,0,0,0,0,0,1,0,0,0,0,0,0,0,0,0,0,0,0,0,1,0,0,0,0,0,0,0,0,0,0,0,0,0,0,0,0,0,0,0,0,0
COc1c(O)cc2occ(-c3ccc(O)cc3)c(=O)c2c1O,5.48,12.594417517006804,0.0447484672881499,-0.4797422734525909,0.6723108130019759,10.772727272727272,300.266,0.2039005994513281,-0.507966244667516,0.507966244667516,0.2039005994513281,1.0909090909090908,1.7727272727272727,2.4858285517712444,2.3382956144263165,908.5527285597918,-3.1499999999999995,104633.49540115522,2.0136303959262167,24.47359607537551,22.98191918503,11.49902366656781,11.178302225184446,0.0,0.0,4.794537184071822,0.0,0.0,0.0,12.13273413692322,17.696185628620217,6.06636706846161,12.673249032974528,24.47359607537551,10.969244356107035,0.0,0.0,0.0,0.0,7.109797541277533,46.818325913919466,34.12495031652961,10.16565334570059,0.0,22.99804733313562,0.0,22.42937972579965,0.0,0.0,0.0,45.806686459072274,0.0,22.09614733950103,100.13,11.178302225184446,20.11411936859394,0.0,33.78123134765575,5.563451491696996,0.0,31.57206174230142,12.13273413692322,0.0,0.0,9.154013890853395,10.217927986966137,0.0,12.594417517006804,29.082524360409916,0.3208359578399269,-0.925061487200736,7.200969230284706,1.238495842781557,0.0,1.2698905919116958,0.0625,3,6,0,0,0,0,2,1,3,0,0,6,3,6,1,2,0,0,0,0,0,3.137416335993079,3,2.5854000000000004,0,0,0,0,0,0,3,0,0,0,0,0,0,0,0,0,0,0,0,0,0,0,0,0,1,0,1,0,0,0,0,0,0,0,0,1,0,0,0,0,0,0,0,0,0,0,0,0,0,0,0,0,0,0,0
Oc1cc2c(cc1O)[C@@H]1c3ccc(O)c(O)c3OC[C@]1(O)C2,5.47,10.888759448223734,0.0576549508692365,-1.2232350718065002,0.4694613361929691,25.045454545454547,302.2820000000001,0.2003313072377279,-0.5042530511717221,0.5042530511717221,0.2003313072377279,0.9545454545454546,1.681818181818182,2.749510308440971,1.9681617222066572,799.7084198980605,-2.6,128968.53052773216,1.5248159105422978,30.269499928003576,12.207932775496603,22.99804733313562,5.749511833283905,0.0,0.0,0.0,0.0,0.0,0.0,6.06636706846161,29.32600418877882,17.9021791607844,0.0,30.269499928003576,0.0,0.0,0.0,0.0,17.93977848007109,6.606881964512918,40.95582274893743,28.747559166419524,4.736862953800049,0.0,28.747559166419524,0.0,37.740569749700136,6.4208216229260096,0.0,22.60826052125238,24.26546827384644,0.0,0.0,110.38,11.51895685714508,25.532636974203527,0.0,41.775262753858456,16.690354475090988,0.0,18.19910120538483,6.06636706846161,0.0,0.0,4.736862953800049,5.45869567271353,0.0,0.0,49.81973400625682,0.7000467687074834,-1.5407056773326608,5.770758849836231,0.2657919973544973,-0.0576549508692365,0.0,0.25,5,6,1,1,2,0,2,0,2,2,0,6,5,6,1,0,0,0,0,0,0,2.369691297476253,4,1.3204999999999991,0,1,0,0,0,0,4,0,0,0,0,0,0,0,0,0,0,0,0,0,0,0,0,0,5,0,1,0,0,0,0,0,0,0,0,0,0,0,0,0,0,0,0,0,0,0,0,0,0,0,0,0,0,0,0
CO/N=C/c1c(N)ncnc1Nc1ccc2c(cnn2Cc2cccc(F)c2)c1,8.1,13.43399517727148,0.2616773175821936,-0.2616773175821936,0.3860333537357772,11.241379310344827,391.41000000000014,0.1444357739674561,-0.3991241528513439,0.3991241528513439,0.1444357739674561,1.2413793103448276,2.1379310344827585,3.095429472920395,1.611708932249983,1188.642232028313,-4.009999999999999,5713859.454922703,3.9797340582337055,15.888044664905149,30.890064012758028,0.0,0.0,0.0,0.0,4.681802935145185,14.358372089569237,5.098681808301038,0.0,17.28844686367376,35.89528683400505,11.073610489148358,30.03635276637423,9.228003631411454,34.44063734196999,0.0,19.74844178534064,5.15571272675054,6.544756405912575,18.16025362244605,71.93285695004879,0.0,11.050456081168516,21.71352687802844,0.0,0.0,33.07283990615349,11.382344989649209,5.817220841045895,11.126902983393991,60.14444585235943,0.0,10.902924932081056,103.24,0.0,4.39041504767482,0.0,11.635083618880923,17.9260706754446,22.153762698461616,31.78445233250061,12.263210640074686,28.947271208991623,25.539140180952323,10.571256060898818,15.26061828233434,0.0,12.923795468037875,12.310480744133098,9.015774157963673,0.5272982075296608,12.282338734050867,4.589304660702638,0.4802669315631007,1.443456147018083,0.1,3,8,0,0,0,0,2,2,4,0,0,7,2,9,2,6,0,0,0,0,0,5.019128786785196,4,3.3198000000000025,0,0,1,0,4,0,0,0,0,0,0,0,5,1,1,0,0,0,0,0,0,3,0,0,1,0,0,0,1,0,0,0,0,0,0,0,0,0,0,0,0,1,0,0,0,0,0,0,0,0,0,0,0,0,0
COc1ccc(/N=C/c2c(N)ncnc2Nc2ccc3c(cnn3Cc3cccc(F)c3)c2)cc1,7.31,13.541354220142583,0.2630498768635871,-0.2630498768635871,0.3229673922587157,11.257142857142858,467.5080000000002,0.1443101941543605,-0.4967658664398264,0.4967658664398264,0.1443101941543605,1.0857142857142856,1.9428571428571428,3.256371883693709,1.385358775189913,1512.4812136083206,-4.789999999999999,138689451.64796662,4.93334473928467,15.787319034968563,29.529778304764395,0.0,0.0,0.0,0.0,9.674207667780854,14.358372089569237,5.098681808301038,0.0,12.13273413692322,60.160755107851486,17.288211068683676,36.618936002800005,9.127278001474869,40.12802361665356,0.0,19.74844178534064,4.992404732635669,6.544756405912575,18.16025362244605,96.19832522389524,5.749511833283905,15.787319034968563,27.400913152712,5.749511833283905,0.0,33.07283990615349,6.544756405912575,5.817220841045895,11.126902983393991,84.24660613209102,0.0,10.902924932081056,103.24,0.0,4.39041504767482,0.0,5.817220841045895,23.743933453279627,33.590660806429085,18.46005421168776,25.58760876088753,53.21273948283807,25.375832186837453,10.470530430962237,20.558227494539004,0.0,12.943511408057764,8.695875797978989,10.018474587002729,1.3281795881500649,19.719026229063445,4.812659642569108,0.4746544477996297,1.6160574715059357,0.0769230769230769,3,8,0,0,0,0,3,2,5,0,0,7,2,9,2,7,0,0,0,0,0,6.040468803457081,5,5.098700000000004,0,0,1,0,4,0,0,0,0,0,0,1,5,1,1,0,0,0,0,0,0,3,0,0,1,0,1,0,1,0,0,0,0,0,0,1,0,0,0,0,0,0,0,0,0,0,0,0,0,0,0,0,0,0,0
Nc1ncnc(Nc2ccc3c(cnn3Cc3cccc(F)c3)c2)c1/C=N/NCC(F)(F)F,7.28,13.460464864411044,0.0500459639623258,-4.397143976488776,0.220893856699071,11.87878787878788,458.42300000000006,0.4068390697119692,-0.3829848053255044,0.4068390697119692,0.3829848053255044,1.121212121212121,1.9696969696969695,3.1380987282060167,1.5351019182137284,1299.159520505889,-4.22,26738148.246988267,5.530227435537167,16.4762474782789,30.32502287739307,0.0,0.0,0.0,6.176298517443475,4.681802935145185,14.358372089569237,23.37133447706522,0.0,12.13273413692322,35.89528683400505,11.073610489148358,30.036352766374225,17.56166019069928,34.44063734196999,0.0,25.174233182451022,5.101407525739723,12.72105492335605,17.595212487081092,71.93285695004877,0.0,16.4762474782789,34.8847720210529,0.0,0.0,38.684097288232,6.544756405912575,5.817220841045895,11.126902983393991,60.09014065134861,0.0,10.902924932081056,106.04,12.72105492335605,17.56166019069928,0.0,23.016397888412943,12.232142680596136,22.68097700331337,18.46005421168776,23.01138064368148,23.624892602495212,25.48483497994151,5.733667477162185,52.03684906177139,0.0,7.9654370475576,11.813626568507122,10.25246353458317,0.0075301353361869,11.749425047429028,-0.3651665931518151,-0.8768314686993415,0.0,0.1428571428571428,4,8,0,0,0,0,2,2,4,0,0,7,3,12,2,7,0,0,0,0,0,6.066895278465465,4,3.825300000000002,0,0,1,0,4,0,0,0,0,0,0,0,5,2,1,0,0,0,3,0,0,3,0,0,1,0,0,0,4,0,1,0,0,0,0,0,0,0,0,0,0,0,0,0,0,0,0,0,0,0,0,0,0,0,0
CN/N=C/c1c(N)ncnc1Nc1ccc2c(cnn2Cc2cccc(F)c2)c1,7.92,13.43790142727148,0.2572328731377491,-0.2572328731377491,0.3452771762102458,11.241379310344827,390.4260000000001,0.1443776295919577,-0.3829848053310372,0.3829848053310372,0.1443776295919577,1.206896551724138,2.103448275862069,3.095429472920395,1.611708932249983,1184.2937164827165,-4.009999999999999,5713859.454922703,3.9797340582337055,16.4762474782789,23.78026647148049,0.0,0.0,0.0,0.0,4.681802935145185,14.358372089569237,10.20008933404076,0.0,12.13273413692322,35.89528683400505,18.12128247182555,30.03635276637423,4.39041504767482,34.44063734196999,0.0,25.174233182451022,5.101407525739723,6.544756405912575,18.098128063845703,71.93285695004879,0.0,16.4762474782789,21.71352687802844,0.0,0.0,33.01071434755314,6.544756405912575,5.817220841045895,11.126902983393991,60.090140651348605,0.0,10.902924932081056,106.04,0.0,4.39041504767482,0.0,5.817220841045895,23.743933453279627,22.153762698461616,18.46005421168776,25.52548320228719,28.947271208991623,30.91062637705189,5.733667477162185,15.272788995144255,0.0,8.260711754662665,12.60886866373314,11.823240620574172,0.6117426519741054,12.344489189140312,4.730823935079055,0.4872113760075451,1.693456147018083,0.1,4,8,0,0,0,0,2,2,4,0,0,7,3,9,2,6,0,0,0,0,0,5.019128786785196,4,2.8928000000000003,0,0,1,0,4,0,0,0,0,0,0,0,5,2,1,0,0,0,0,0,0,3,0,0,1,0,0,0,1,0,1,0,0,0,0,0,0,0,0,0,0,0,0,0,0,0,0,0,0,0,0,0,0,0,0
COC[C@H]1CCCN1/N=C/c1c(N)ncnc1Nc1ccc2c(cnn2Cc2cccc(F)c2)c1,7.51,13.552303265973826,0.2544787046038055,-0.2566071360241213,0.3743707772269423,15.942857142857145,474.5440000000002,0.1443777770479829,-0.3829848043946127,0.3829848043946127,0.1443777770479829,1.2571428571428571,2.1714285714285717,3.454794963206768,1.3625506039668298,1354.5618665738418,-4.049999999999999,148700970.42000404,5.067357317553217,15.787319034968563,23.78026647148049,0.0,0.0,0.0,0.0,9.690715459099716,14.358372089569237,10.20008933404076,0.0,12.13273413692322,48.73693007985706,24.728164436338467,42.685075560035095,9.127278001474869,34.44063734196999,0.0,24.75735430929517,5.101407525739723,25.42824048091256,31.311891992871544,71.93285695004879,0.0,11.050456081168516,21.71352687802844,0.0,0.0,57.275231629681485,11.281619359712623,5.817220841045895,23.96854622924601,60.090140651348605,0.0,10.902924932081056,106.48,0.0,4.39041504767482,0.0,11.859061670193856,30.350815417792543,41.54016235022621,18.46005421168776,25.58760876088753,33.95618373294616,25.484834979941507,10.470530430962237,20.709641758120213,0.0,8.525204227577756,15.429261445992148,9.412338970582248,0.6535507293077718,12.699040896281913,7.04493398591794,1.9910203127325008,1.7016743401541774,0.28,3,9,0,1,1,0,2,2,4,1,0,8,2,10,3,8,0,1,1,0,0,6.533033422627337,5,3.784200000000002,0,0,1,0,4,0,0,0,0,0,0,0,6,1,1,0,0,0,0,0,0,3,0,0,1,0,1,0,1,0,1,0,0,0,0,1,0,0,0,0,0,0,0,0,0,0,0,0,0,0,0,0,0,0,0
COC[C@@H]1CCCN1/N=C/c1c(N)ncnc1Nc1ccc2c(cnn2Cc2cccc(F)c2)c1,7.58,13.552303265973826,0.2544787046038055,-0.2566071360241213,0.3743707772269423,15.942857142857145,474.5440000000002,0.1443777770479829,-0.3829848043946127,0.3829848043946127,0.1443777770479829,1.2571428571428571,2.1714285714285717,3.454794963206768,1.3625506039668298,1354.5618665738418,-4.049999999999999,148700970.42000404,5.067357317553217,15.787319034968563,23.78026647148049,0.0,0.0,0.0,0.0,9.690715459099716,14.358372089569237,10.20008933404076,0.0,12.13273413692322,48.73693007985706,24.728164436338467,42.685075560035095,9.127278001474869,34.44063734196999,0.0,24.75735430929517,5.101407525739723,25.42824048091256,31.311891992871544,71.93285695004879,0.0,11.050456081168516,21.71352687802844,0.0,0.0,57.275231629681485,11.281619359712623,5.817220841045895,23.96854622924601,60.090140651348605,0.0,10.902924932081056,106.48,0.0,4.39041504767482,0.0,11.859061670193856,30.350815417792543,41.54016235022621,18.46005421168776,25.58760876088753,33.95618373294616,25.484834979941507,10.470530430962237,20.709641758120213,0.0,8.525204227577756,15.429261445992148,9.412338970582248,0.6535507293077718,12.699040896281913,7.04493398591794,1.9910203127325008,1.7016743401541774,0.28,3,9,0,1,1,0,2,2,4,1,0,8,2,10,3,8,0,1,1,0,0,6.533033422627337,5,3.784200000000002,0,0,1,0,4,0,0,0,0,0,0,0,6,1,1,0,0,0,0,0,0,3,0,0,1,0,1,0,1,0,1,0,0,0,0,1,0,0,0,0,0,0,0,0,0,0,0,0,0,0,0,0,0,0,0
Nc1ncnc(Nc2ccc3c(cnn3Cc3cccc(F)c3)c2)c1/C=N/N1CCN(CCO)CC1,8.05,13.555941421393666,0.1624730740565954,-0.2612296937952831,0.3225649892157135,14.666666666666666,489.5590000000003,0.1443777753724392,-0.3950445481164366,0.3950445481164366,0.1443777753724392,1.1111111111111112,1.9722222222222223,3.26477499428229,1.311872358266623,1364.911194422255,-4.089999999999999,220623921.79331392,5.420572224999779,16.156983476009223,23.78026647148049,0.0,0.0,0.0,0.0,14.590625189950195,14.358372089569237,10.20008933404076,0.0,12.13273413692322,35.89528683400505,43.797392518711234,36.64323473088714,9.496942442515524,34.44063734196999,0.0,29.657264040145648,5.101407525739723,6.544756405912575,50.381120075244304,71.93285695004877,0.0,11.050456081168516,21.71352687802844,0.0,0.0,80.30905600859747,6.544756405912575,5.817220841045895,11.126902983393991,60.09014065134861,0.0,10.902924932081056,120.72,0.0,4.39041504767482,0.0,12.424102805558814,30.288689859192203,48.33278832211191,18.46005421168776,18.477811219610004,33.95618373294616,30.38474471079199,10.84019487200289,15.398157341651554,0.0,10.70547187160021,24.409665262937665,9.36322016582775,0.6237948591819764,12.40245238523612,4.888981081321553,4.541590365576511,0.0,0.28,4,10,0,1,1,0,2,2,4,0,0,9,3,11,3,8,0,1,1,0,0,7.00675835976237,5,2.2833,0,1,1,0,4,0,0,0,0,0,1,0,7,1,1,0,0,0,0,0,0,3,0,0,1,0,0,0,1,0,1,0,0,0,0,0,0,0,0,0,0,0,0,0,1,0,0,0,0,0,0,0,0,0,0
CN1CCN(/N=C/c2c(N)ncnc2Nc2ccc3c(cnn3Cc3cccc(F)c3)c2)CC1,7.8,13.53581996096376,0.253205249329901,-0.253205249329901,0.4277376133453102,14.823529411764708,459.5330000000002,0.1443777753724392,-0.382984804399893,0.382984804399893,0.1443777753724392,1.1176470588235294,1.9705882352941175,3.21560834489006,1.354675372402951,1325.2802974936158,-4.049999999999999,80348058.42806669,4.812170876987747,15.950365812018994,23.78026647148049,0.0,0.0,0.0,0.0,9.690715459099716,14.358372089569237,10.20008933404076,0.0,12.13273413692322,42.94295881668224,37.25263611279866,30.03635276637423,4.39041504767482,34.44063734196999,0.0,29.657264040145648,5.101407525739723,6.544756405912575,44.277153687496,71.93285695004879,0.0,11.050456081168516,21.71352687802844,0.0,0.0,69.09856222600847,6.544756405912575,5.817220841045895,11.126902983393991,60.090140651348605,0.0,10.902924932081056,100.49,0.0,4.39041504767482,0.0,5.817220841045895,23.743933453279627,48.33278832211191,18.46005421168776,18.477811219610004,33.95618373294616,37.43241669346918,5.733667477162185,15.387701364449256,0.0,10.78178959428157,15.378005366929498,9.428657013215268,0.6877656356542972,12.46913471138653,4.94726315853397,4.147731037617658,2.1052854512652885,0.25,3,9,0,1,1,0,2,2,4,0,0,8,2,10,3,6,0,1,1,0,0,6.045640085590725,5,2.9208000000000007,0,0,1,0,4,0,0,0,0,0,0,0,7,1,1,1,0,0,0,0,0,3,0,0,1,0,0,0,1,0,1,0,0,0,0,0,0,0,0,0,0,0,0,0,1,0,0,0,0,0,0,0,0,0,0
Nc1ncnc(Nc2ccc3c(cnn3Cc3cccc(F)c3)c2)c1/C=N/N1CCCCC1,7.52,13.522205002515008,0.2507386784191934,-0.2507386784191934,0.4336139421352608,14.272727272727272,444.51800000000026,0.1443777753133267,-0.3829848043999828,0.3829848043999828,0.1443777753133267,1.0909090909090908,1.9696969696969695,3.2112852496879065,1.3712128972240076,1292.868861371262,-4.009999999999999,56529166.25526713,4.765102431734378,11.050456081168516,23.78026647148049,0.0,0.0,0.0,0.0,9.690715459099716,14.358372089569237,10.20008933404076,0.0,12.13273413692322,55.15775170278309,24.16312330097351,30.036352766374225,4.39041504767482,34.44063734196999,0.0,24.75735430929517,5.101407525739723,25.807221274690605,24.139968892993668,71.93285695004877,0.0,11.050456081168516,21.71352687802844,0.0,0.0,44.06146770065563,6.544756405912575,5.817220841045895,30.389367852172025,60.09014065134861,0.0,10.902924932081056,97.25,0.0,4.39041504767482,0.0,5.817220841045895,23.743933453279627,48.084918756138784,24.88087583461377,18.477811219610004,28.947271208991623,30.49374750389604,5.733667477162185,15.376637426408664,0.0,8.500909222538706,15.406201613431604,9.445762876315316,0.7140876592399015,12.487259855458916,8.513719704747382,2.3887549751928416,0.0,0.25,3,8,0,1,1,0,2,2,4,0,0,7,2,9,3,6,0,1,1,0,0,5.839467139252706,5,4.159300000000004,0,0,1,0,4,0,0,0,0,0,0,0,6,1,1,0,0,0,0,0,0,3,0,0,1,0,0,0,1,0,1,0,0,0,0,0,0,0,0,0,0,0,0,1,0,0,0,0,0,0,0,0,0,0,0
Nc1ncnc(Nc2ccc3c(cnn3Cc3cccc(F)c3)c2)c1/C=N/N1CCOCC1,7.8,13.516664836310024,0.2569115179253662,-0.2569115179253662,0.4386355153253001,14.272727272727272,446.4900000000002,0.1443777754180088,-0.3829848043998237,0.3829848043998237,0.1443777754180088,1.1515151515151516,2.0303030303030303,3.2112852496879065,1.3712128972240076,1298.8660363992583,-4.049999999999999,56529166.25526713,4.749687839296541,15.787319034968563,23.78026647148049,0.0,0.0,0.0,0.0,9.690715459099716,14.358372089569237,10.20008933404076,0.0,12.13273413692322,35.89528683400505,11.073610489148358,56.3396295072252,9.127278001474869,34.44063734196999,0.0,24.75735430929517,5.101407525739723,6.544756405912575,37.3537328220195,71.93285695004877,0.0,11.050456081168516,21.71352687802844,0.0,0.0,57.27523162968146,11.281619359712623,5.817220841045895,11.126902983393991,60.09014065134861,0.0,10.902924932081056,106.48,0.0,4.39041504767482,0.0,5.817220841045895,36.95769738230546,35.243275510286765,18.46005421168776,18.477811219610004,33.95618373294616,25.48483497994151,10.470530430962237,20.71359104487105,0.0,8.451526506489323,15.15241728488537,9.340608372233389,0.6454148197337286,12.414759279169372,4.881720752222334,3.233295273728769,0.0,0.217391304347826,3,9,0,1,1,0,2,2,4,0,0,8,2,10,3,6,0,1,1,0,0,5.813204122085814,5,3.005600000000001,0,0,1,0,4,0,0,0,0,0,0,0,6,1,1,0,0,0,0,0,0,3,0,0,1,0,1,0,1,0,1,0,0,0,0,0,1,0,0,0,0,0,0,0,0,0,0,0,0,0,0,0,0,0,0
CN(C)/N=C/c1c(N)ncnc1Nc1ccc2c(cnn2Cc2cccc(F)c2)c1,8.1,13.460615797946222,0.2563127342488602,-0.2563127342488602,0.3782608423172447,11.3,404.45300000000015,0.1443777719763552,-0.3829848044104748,0.3829848044104748,0.1443777719763552,1.2,2.066666666666667,3.092534404138953,1.606674906146563,1214.8385236675051,-4.009999999999999,7901174.907288291,4.193153404439519,16.059368605123048,23.78026647148049,0.0,0.0,0.0,0.0,4.681802935145185,14.358372089569237,10.20008933404076,0.0,12.13273413692322,35.89528683400505,25.16895445450274,30.03635276637423,4.39041504767482,34.44063734196999,0.0,24.75735430929517,5.101407525739723,6.544756405912575,25.145800046522893,71.93285695004879,0.0,11.050456081168516,21.71352687802844,0.0,0.0,45.06729885418487,6.544756405912575,5.817220841045895,11.126902983393991,60.090140651348605,0.0,10.902924932081056,97.25,0.0,4.39041504767482,0.0,5.817220841045895,23.743933453279627,22.153762698461616,18.46005421168776,23.48672374356453,43.042615174346,25.484834979941507,5.733667477162185,15.299635597223958,0.0,8.329305858971054,14.544964335628809,9.223497967828465,0.6341442723444757,12.375564416685032,4.801583572267263,0.4877250183481105,3.636912294036166,0.1428571428571428,3,8,0,0,0,0,2,2,4,0,0,7,2,9,2,6,0,0,0,0,0,5.251170373139099,4,3.235000000000002,0,0,1,0,4,0,0,0,0,0,0,0,6,1,1,0,0,0,0,0,0,3,0,0,1,0,0,0,1,0,1,0,0,0,0,0,0,0,0,0,0,0,0,0,0,0,0,0,0,0,0,0,0,0,0
N=C(Nc1ccccc1)SCCCN1C(=O)C2=C(C1=O)n1ccc3cccc(c31)C1Cc3ccccc3N21,5.02,13.94758835712486,0.0471859081082151,-0.2594247495830286,0.1582737525297579,17.526315789473685,519.6300000000002,0.2796547754217661,-0.3351875668178923,0.3351875668178923,0.2796547754217661,0.9210526315789472,1.7105263157894737,3.5655890951070424,1.1657416634704048,1657.6929338966825,-4.299999999999999,1072636338.629328,3.4767746695386754,14.783797982648164,11.394078626111666,5.167651769578048,0.0,11.814359458703011,0.0,19.89826770478564,0.0,0.0,0.0,66.35918856554561,48.234014503092446,35.25545034810436,11.55854154676422,9.589074368143644,56.71863297217619,5.409283605791522,9.467009378641832,0.0,18.88348407499998,22.51430834751617,101.88355775806386,0.0,10.216698334856808,11.374772549367124,0.0,11.761884949391115,38.746630619582255,16.009895991069655,5.409283605791522,23.58956543546796,90.75665477466988,0.0,16.59996424513689,81.42999999999999,0.0,9.589074368143644,0.0,17.85620028785097,35.28016203127509,34.26197059607119,22.225246171938583,0.0,65.36124683555892,34.48216660870325,5.409283605791522,1.9259745918697035,1.373409113900636,31.290428359533387,12.670591499165443,6.062219179438662,0.1113636929748942,25.962533238076837,3.295449177396197,0.3080311476442436,0.0,0.1666666666666666,2,7,0,3,3,2,3,1,4,1,0,5,2,8,4,5,0,0,0,0,1,5.365987924299557,7,5.466270000000005,0,0,0,0,1,0,0,0,2,0,0,0,3,2,0,0,0,0,0,0,1,2,0,0,6,0,0,0,0,0,0,0,1,0,0,0,0,0,0,0,0,0,3,0,0,0,0,0,0,0,0,0,0,0,0
Nc1nc(Nc2ccc(Cl)cc2F)c2cc(Cc3ccc(Cl)cc3Cl)[nH]c2n1,5.6,14.151628697777443,0.0576824350203981,-0.4985750650794978,0.3678466663507609,11.142857142857142,436.705,0.2235033432861273,-0.367668381905065,0.367668381905065,0.2235033432861273,1.0,1.75,3.020414610009386,1.7148798242830063,1191.8718416030215,-2.539999999999999,2528050.783602536,3.8475810859156656,16.034434602115724,17.28226083964865,0.0,5.948339280986494,0.0,0.0,0.0,4.39041504767482,9.967957041894415,0.0,40.86918673915916,41.96165390246666,27.18264955899845,11.073610489148358,4.39041504767482,63.28980943943516,0.0,14.951935562841626,0.0,6.4208216229260096,11.050456081168516,74.6070697480466,0.0,11.050456081168516,21.844003381179903,0.0,34.802819670697545,14.951935562841626,6.4208216229260096,5.817220841045895,11.257379486545457,42.46456947923127,15.067899941223978,11.033401435232523,79.61999999999999,5.817220841045895,4.39041504767482,0.0,11.635725555670057,38.33998577721754,11.257379486545457,12.13273413692322,18.19910120538483,12.13273413692322,20.26872416684796,40.53648714785973,14.151628697777443,18.016954584055203,11.61655609714382,5.063672551866293,8.317020284587326,-0.0580912317219866,11.530142931719109,0.5287827512394612,0.0,0.0,0.0526315789473684,4,5,0,0,0,0,2,2,4,0,0,4,3,9,2,4,0,0,0,0,0,5.015289077415988,4,5.9738000000000016,0,0,1,0,3,1,0,0,0,0,0,0,2,2,1,0,0,0,0,0,0,3,0,0,1,0,0,0,4,0,0,0,0,0,0,0,0,0,0,0,0,0,0,0,0,0,0,0,0,0,0,0,0,0,0
Nc1nc(Nc2cccc(C(F)(F)F)c2)c2cc(Cc3ccc(Cl)cc3Cl)[nH]c2n1,4.57,12.994186197226576,0.0186098938967655,-4.447605700660546,0.3445926436236265,11.766666666666667,452.26700000000005,0.4159855115665638,-0.36766838193624,0.4159855115665638,0.36766838193624,1.0333333333333334,1.8333333333333333,3.059823628977541,1.6899870069237193,1237.0647392029332,-2.9699999999999998,5510522.048487265,4.292034953190084,16.034434602115724,11.465039998602755,0.0,5.948339280986494,0.0,6.176298517443475,0.0,0.0,23.13920218491888,0.0,35.33461391738825,41.96165390246666,27.847402519940687,10.949675706161791,13.17124514302446,51.68886954920264,0.0,14.951935562841626,0.0,12.597120140369483,11.050456081168516,75.39703415341799,0.0,11.050456081168516,30.624833476529545,0.0,23.20187978046503,14.951935562841626,12.597120140369483,0.0,16.82083097824245,48.53093654769288,10.045266627482652,11.033401435232523,79.61999999999999,11.73975000914047,13.17124514302446,0.0,11.635725555670057,33.31735246347622,23.390113623468675,12.13273413692322,18.19910120538483,6.06636706846161,20.26872416684796,28.935547257627213,38.98255859167973,12.17857332068658,11.465171118769756,4.542745881711975,7.328257587217198,0.2744711718628718,11.84719128725388,-3.9800800702931047,0.0,0.0,0.1,4,5,0,0,0,0,2,2,4,0,0,4,3,10,2,4,0,0,0,0,0,5.210463768569626,4,6.200100000000002,0,0,1,0,3,1,0,0,0,0,0,0,2,2,1,0,0,0,3,0,0,3,0,0,1,0,0,0,5,0,0,0,0,0,0,0,0,0,0,0,0,0,0,0,0,0,0,0,0,0,0,0,0,0,0
C#Cc1cccc(Nc2nc(N)nc3[nH]c(Cc4ccc(Cl)cc4Cl)cc23)c1,4.26,6.295721452305007,0.1676201729756625,0.1676201729756625,0.4076312395728856,10.75,408.2920000000001,0.2235033335731643,-0.367668381936222,0.367668381936222,0.2235033335731643,1.1071428571428572,1.9642857142857144,3.065317225403993,1.7056894593198113,1223.4187426738476,-3.199999999999999,3008032.577095643,3.7435469382678512,16.034434602115724,11.465039998602755,0.0,5.948339280986494,0.0,0.0,0.0,0.0,9.967957041894415,6.423349895620259,41.25504823624389,41.96165390246666,33.41085401163768,5.386224214464796,0.0,51.68886954920264,0.0,14.951935562841626,0.0,6.4208216229260096,11.050456081168516,75.39703415341799,12.343784214475903,11.050456081168516,17.453588333505085,0.0,23.20187978046503,14.951935562841626,6.4208216229260096,12.343784214475903,16.82083097824245,48.53093654769288,10.045266627482652,11.033401435232523,79.62,0.0,0.0,0.0,5.948339280986494,27.93112824901142,27.89444146739081,0.0,6.06636706846161,42.46456947923127,26.1891584857036,35.35889715324748,0.0,12.271718962819175,11.917546717157258,5.3019543078503455,10.003593803972294,3.382916068811192,14.938198975489708,6.072960052788922,0.0,0.0,0.0476190476190476,4,5,0,0,0,0,2,2,4,0,0,4,3,7,2,4,0,0,0,0,0,4.824855338750583,4,5.162600000000002,0,0,1,0,3,1,0,0,0,0,0,0,2,2,1,0,0,0,0,0,0,3,0,0,1,0,0,0,2,0,0,0,0,0,0,0,0,0,0,0,0,0,0,0,0,0,0,0,0,0,1,0,0,0,0
Nc1nc(Nc2ccc(C(F)(F)F)c(F)c2)c2cc(Cc3ccc(Cl)cc3Cl)[nH]c2n1,4.04,13.909102508475703,0.0691583764070533,-4.784023366283195,0.304389316995696,11.806451612903226,470.2570000000002,0.418724089291446,-0.3676683819361893,0.418724089291446,0.3676683819361893,1.032258064516129,1.8064516129032255,3.053404558027236,1.676214004533347,1286.782198252118,-3.04,7820685.094475159,4.51979911959824,16.034434602115724,17.28226083964865,0.0,5.948339280986494,0.0,6.176298517443475,0.0,4.39041504767482,23.13920218491888,0.0,29.268246848926644,41.96165390246666,27.847402519940687,10.949675706161791,17.56166019069928,51.68886954920264,0.0,14.951935562841626,0.0,12.597120140369483,11.050456081168516,75.14788792600227,0.0,11.050456081168516,35.01524852420437,0.0,23.20187978046503,14.951935562841626,12.597120140369483,5.817220841045895,16.82083097824245,42.46456947923127,10.045266627482652,11.033401435232523,79.61999999999999,17.556970850186367,17.56166019069928,0.0,17.453588333505085,33.5658567541028,23.390113623468675,0.0,24.26546827384644,0.0,20.26872416684796,28.935547257627213,52.25594100631929,12.150735866826809,11.336985510128022,4.332997220303514,6.435175981938503,-1.2550180148879937,9.401595913680636,-4.352857928753219,0.0,0.0,0.1,4,5,0,0,0,0,2,2,4,0,0,4,3,11,2,4,0,0,0,0,0,5.4023691936818645,4,6.339200000000002,0,0,1,0,3,1,0,0,0,0,0,0,2,2,1,0,0,0,3,0,0,3,0,0,1,0,0,0,6,0,0,0,0,0,0,0,0,0,0,0,0,0,0,0,0,0,0,0,0,0,0,0,0,0,0
CC(C)c1ccc(Nc2nc(N)nc3[nH]c(Cc4ccc(Cl)cc4Cl)cc23)cc1,4.34,6.318216696512706,0.2053017625868156,0.2053017625868156,0.3496908975331553,11.344827586206897,426.35100000000006,0.2235033335579563,-0.3676683819362456,0.3676683819362456,0.2235033335579563,1.0344827586206895,1.793103448275862,3.067907272034604,1.6560836651664417,1166.0102547938425,-2.759999999999999,4301991.379654156,4.309937516313949,16.034434602115724,11.465039998602755,0.0,5.948339280986494,0.0,0.0,0.0,0.0,9.967957041894415,0.0,55.24845538523111,47.37664437186344,27.847402519940687,5.386224214464796,0.0,51.68886954920264,0.0,14.951935562841626,0.0,26.18620206846865,11.050456081168516,75.39703415341799,0.0,11.050456081168516,17.453588333505085,0.0,23.20187978046503,14.951935562841626,6.4208216229260096,0.0,36.586211423785095,48.53093654769288,10.045266627482652,11.033401435232523,79.62,0.0,0.0,0.0,5.948339280986494,33.849034295172814,22.33098997569381,5.563451491696996,6.06636706846161,30.33183534230805,46.24893270315243,28.935547257627213,0.0,12.31186094655057,12.04101179031028,5.46787546635472,10.767078479916592,1.350556703672055,15.820020300465444,0.6198337281805896,4.343984806771971,0.0,0.1818181818181818,4,5,0,0,0,0,2,2,4,0,0,4,3,7,2,5,0,0,0,0,0,5.347773543551849,4,6.304700000000003,0,0,1,0,3,1,0,0,0,0,0,0,2,2,1,0,0,0,0,0,0,3,0,0,1,0,0,0,2,0,0,0,0,0,0,0,0,0,0,0,0,0,0,0,0,0,0,0,0,0,0,0,0,0,0
CC(C)c1ccccc1Nc1nc(N)nc2[nH]c(Cc3ccc(Cl)cc3Cl)cc12,4.02,6.330335050063793,0.2082901832637285,0.2082901832637285,0.3496908975331553,11.344827586206897,426.35100000000006,0.2235033345105143,-0.3676683819331929,0.3676683819331929,0.2235033345105143,1.0689655172413792,1.862068965517241,3.066026197704223,1.7225901789943063,1183.2602547938427,-2.759999999999999,4333496.899625568,4.1606611513746,16.034434602115724,11.465039998602755,0.0,5.948339280986494,0.0,0.0,0.0,0.0,9.967957041894415,0.0,61.31482245369272,41.31027730340183,27.847402519940687,5.386224214464796,0.0,51.68886954920264,0.0,14.951935562841626,0.0,26.18620206846865,11.050456081168516,75.39703415341799,0.0,11.050456081168516,17.453588333505085,0.0,23.20187978046503,14.951935562841626,6.4208216229260096,0.0,36.586211423785095,48.53093654769288,10.045266627482652,11.033401435232523,79.62,0.0,0.0,0.0,5.948339280986494,33.849034295172814,22.33098997569381,5.563451491696996,6.06636706846161,36.39820241076966,40.18256563469082,28.935547257627213,0.0,12.331947512988355,12.117478138799989,5.557767344274645,10.79559303169021,1.2569108599011454,15.720374581578517,0.6193333753254388,4.32281737766392,0.0,0.1818181818181818,4,5,0,0,0,0,2,2,4,0,0,4,3,7,2,5,0,0,0,0,0,5.347773543551849,4,6.304700000000003,0,0,1,0,3,1,0,0,0,0,0,0,2,2,1,0,0,0,0,0,0,3,0,0,1,0,0,0,2,0,0,0,0,0,0,0,0,0,0,0,0,0,1,0,0,0,0,0,0,0,0,0,0,0,0
Cc1ccccc1Cc1cc2c(Nc3cccc(Br)c3)nc(N)nc2[nH]1,5.04,5.902710793428687,0.2354522943436638,0.2354522943436638,0.4467304424740131,11.0,408.3030000000001,0.2235033335716312,-0.3676683819362243,0.3676683819362243,0.2235033335716312,1.0769230769230769,1.9230769230769231,2.993642841135053,1.7203097834509302,1086.7067403929184,-2.86,1213272.5515837376,3.4107921608884832,16.034434602115724,11.465039998602755,0.0,5.948339280986494,0.0,0.0,0.0,0.0,9.967957041894415,0.0,46.2617792402574,42.316108456931055,22.27485540829045,5.386224214464796,0.0,44.41693366668696,0.0,14.951935562841626,0.0,13.344558822616634,11.050456081168516,75.89085411022936,0.0,11.050456081168516,17.453588333505085,0.0,15.929943897949348,14.951935562841626,6.4208216229260096,6.923737199690624,16.82083097824245,59.07002313198691,0.0,11.033401435232523,79.62,0.0,0.0,0.0,5.948339280986494,5.817862777835028,33.30825684352297,11.126902983393991,0.0,24.26546827384644,73.45424060679598,5.733667477162185,0.99544666603736,3.484022821750216,12.095804201310152,4.2552565192743765,11.190883807258492,0.927937124695558,18.37476365273476,0.8048246304694717,2.121060576469612,0.0,0.1,4,5,0,0,0,0,2,2,4,0,0,4,3,6,2,4,0,0,0,0,0,4.342704495744869,4,4.945420000000003,0,0,1,0,3,1,0,0,0,0,0,0,2,2,1,0,0,0,0,0,0,3,1,0,1,0,0,0,1,0,0,0,0,0,0,0,0,0,0,0,0,0,0,0,0,0,0,0,0,0,0,0,0,0,0
COc1ccc(OC)c(Cc2cc3c(Nc4cccc(Br)c4)nc(N)nc3[nH]2)c1,4.9,5.925594172675702,0.1966275145592879,0.1966275145592879,0.3923685827409301,10.862068965517242,454.3280000000001,0.2235033335717404,-0.4967529729453894,0.4967529729453894,0.2235033335717404,1.0689655172413792,1.9310344827586208,3.099908745063865,1.711167953687989,1175.1653907220395,-3.26,5111061.340868909,4.117624006275484,25.50816050971582,22.964063665170567,0.0,5.948339280986494,0.0,0.0,0.0,0.0,9.967957041894415,0.0,21.99631096641096,42.46456947923127,27.83830689998744,19.605819297019863,9.473725907600098,44.41693366668696,0.0,14.951935562841626,0.0,6.4208216229260096,25.270051163723583,64.26103555007076,11.49902366656781,20.52418198876861,17.453588333505085,11.49902366656781,15.929943897949348,29.17153064539669,6.4208216229260096,0.0,11.257379486545457,53.0036560635253,0.0,11.033401435232523,98.08,0.0,0.0,0.0,5.948339280986494,17.885861621528765,38.30273315809404,0.0,14.219595082555069,48.53093654769288,36.1986680647973,15.207393384762284,11.806159260341918,3.4804528020263503,12.057810055738448,4.178206541684626,9.46025289105669,2.410704457630154,15.60398604199517,0.6180190749139161,0.0,3.3010755412794,0.1428571428571428,4,7,0,0,0,0,2,2,4,0,0,6,3,8,2,6,0,0,0,0,0,5.263718345711874,4,4.654200000000002,0,0,1,0,3,1,0,0,0,0,0,0,2,2,1,0,0,0,0,0,0,3,0,0,1,0,2,0,1,0,0,0,0,0,0,2,0,0,0,0,0,0,0,0,0,0,0,0,0,0,0,0,0,0,0
FC(F)(F)c1cccc(Nc2ncnc3[nH]c(Cc4ccc(Cl)cc4Cl)cc23)c1,4.48,12.95007097088913,0.2808524922314603,-4.418863416709929,0.3775043818750149,11.758620689655173,437.2520000000001,0.4159855115665074,-0.3427731138963719,0.4159855115665074,0.3427731138963719,1.0,1.827586206896552,3.0730088789911343,1.646778664924354,1188.029053976226,-2.769999999999999,3962912.30123154,4.306054310487505,10.30076712495354,17.7923600733673,0.0,0.0,0.0,6.176298517443475,0.0,9.967957041894415,13.17124514302446,0.0,35.33461391738825,41.96165390246666,27.847402519940687,10.949675706161791,13.17124514302446,45.74053026821615,0.0,14.951935562841626,0.0,12.597120140369483,5.316788604006331,81.72435422818253,0.0,5.316788604006331,24.67649419554305,0.0,23.20187978046503,14.951935562841626,12.597120140369483,0.0,16.82083097824245,54.85825662245742,10.045266627482652,11.033401435232523,53.6,11.73975000914047,13.17124514302446,0.0,5.687386274683562,33.31735246347621,23.390113623468675,12.393687143226153,18.19910120538483,12.13273413692322,20.26872416684796,23.20187978046503,38.85021291266739,12.169820557363112,11.559893340991977,4.6939612126305885,1.8172266541317916,0.4018773620559341,12.047710519638194,-2.5684803372567586,0.0,0.0,0.1,2,4,0,0,0,0,2,2,4,0,0,3,2,9,2,4,0,0,0,0,0,5.102316128599642,4,6.617900000000002,0,0,0,0,3,1,0,0,0,0,0,0,2,2,0,0,0,0,3,0,0,2,0,0,1,0,0,0,5,0,0,0,0,0,0,0,0,0,0,0,0,0,0,0,0,0,0,0,0,0,0,0,0,0,0
COC(=O)Nc1ccc(Nc2ncnc3cc(OC)c(OC)cc23)cc1,5.16,11.228282939340184,0.5198648576985521,-0.5198648576985521,0.7230647244781249,10.26923076923077,354.3660000000001,0.4108341786785145,-0.4928420696142627,0.4928420696142627,0.4108341786785145,0.9230769230769232,1.5769230769230769,2.6807006494426755,1.8953195447906863,928.3724531062956,-3.55,899889.7624127106,3.585593789866297,19.52737746540648,12.14518285259957,11.49902366656781,0.0,0.0,6.093240070938415,5.316788604006331,14.76249422596624,0.0,0.0,0.0,30.33183534230805,22.82736383229353,26.84609334144886,19.005126045471968,34.188800330221625,0.0,9.967957041894415,0.0,0.0,31.96296983184526,42.7255224855342,11.49902366656781,20.10730311561276,21.98717251127397,11.49902366656781,0.0,37.39058973666543,4.736862953800049,0.0,0.0,42.7255224855342,0.0,10.902924932081056,94.6,6.093240070938415,4.794537184071822,0.0,0.0,23.0042727190864,16.59031120676462,13.437117616042077,32.4186962879399,18.19910120538483,25.338397203707125,9.473725907600098,15.222694869201243,0.0,19.81274187140113,6.627264215907621,2.153407368061499,1.8222163398005615,10.77035321000148,0.9560893829661864,0.0,4.468566075993614,0.1666666666666666,2,8,0,0,0,1,2,1,3,0,0,7,2,8,1,5,0,0,0,0,0,5.023140574326368,3,3.568900000000002,0,0,0,0,2,0,0,0,1,0,0,0,2,2,0,0,0,0,0,0,0,3,0,0,1,0,3,0,0,0,0,0,0,0,0,3,0,0,0,0,0,0,0,0,0,0,0,0,0,0,0,0,0,0,0
[Cl-].[Cl-].[Zn+2],5.66,0.0,0.0,0.0,0.2909382086206235,0.0,136.296,2.0,-1.0,2.0,1.0,0.6666666666666666,0.6666666666666666,0.0,-0.0,2.754887502163468,1.2033766233766232,0.0,3.203376623376626,24.814066322359952,0.0,0.0,0.0,0.0,19.477968898871303,0.0,0.0,0.0,0.0,0.0,0.0,0.0,0.0,44.29203522123126,0.0,0.0,0.0,0.0,0.0,0.0,0.0,0.0,24.814066322359952,0.0,0.0,0.0,0.0,19.477968898871303,0.0,0.0,0.0,0.0,0.0,0.0,0.0,0.0,0.0,44.29203522123126,0.0,0.0,0.0,0.0,0.0,0.0,0.0,0.0,0.0,0.0,0.0,0.0,0.0,0.0,0.0,0.0,0.0,0.0,0,0,0,0,0,0,0,0,0,0,0,0,0,3,0,0,0,0,0,0,0,106.62824178196206,0,-5.9945,0,0,0,0,0,0,0,0,0,0,0,0,0,0,0,0,0,0,0,0,0,0,0,0,0,0,0,0,2,0,0,0,0,0,0,0,0,0,0,0,0,0,0,0,0,0,0,0,0,0,0,0,0,0,0
C=CC(=O)Nc1cccc(Oc2nc(Nc3ccc(N4CCN(C)CC4)cc3OC)ncc2Cl)c1,8.21,11.564637538640495,0.1707291043749035,-0.3182467772031343,0.4405432502465815,13.742857142857142,494.9830000000003,0.247264566680656,-0.4944980396079449,0.4944980396079449,0.247264566680656,1.1714285714285717,1.9714285714285715,2.866773709475998,1.504439685197206,1213.5565833377689,-3.82,78861229.40895724,6.198688001642065,29.907122577313714,16.521656980309135,0.0,17.73550734677337,0.0,0.0,4.794537184071822,4.9839785209472085,4.9839785209472085,0.0,24.24624264229262,37.38916036335751,49.686532309940645,18.99402738757417,14.26826309167192,40.5186177246212,0.0,14.867866772744891,0.0,0.0,55.86998208646816,66.33900215501805,17.37901200300318,25.00721284646324,23.01049810503718,17.37901200300318,11.600939890232516,61.111541649701415,4.794537184071822,0.0,0.0,61.31636884127672,5.022633313741326,0.0,91.85,0.0,4.794537184071822,0.0,16.809801379528203,28.822135496921423,31.866411898333865,12.272863678446956,31.37526581512397,18.19910120538483,44.02796137788372,21.074665797832616,11.48488413654228,6.276845076568742,24.895190954436742,6.107010767579961,2.37394665989769,1.2754378929239487,12.866631758132796,2.6521351955677823,7.418967068769144,3.7600616006920218,0.24,2,9,0,1,1,1,2,1,3,0,0,8,2,10,2,8,0,1,1,0,0,7.688801338415109,4,4.550800000000003,0,0,0,0,2,0,0,0,1,0,0,0,4,2,0,1,0,0,0,0,0,4,0,0,0,0,2,0,1,0,0,0,0,0,0,1,0,0,0,0,0,0,0,0,1,0,0,0,0,0,0,0,0,0,0
C=CC(=O)Nc1cccc(N2C(=O)N(C)Cc3cnc(Nc4ccc(N5CCN(C)CC5)cc4OC)nc32)c1,8.94,13.296168885339624,0.2421693286127459,-0.337001063897236,0.4462641149492211,15.564102564102564,528.6170000000003,0.3298729234833085,-0.4944980396269223,0.4944980396269223,0.3298729234833085,1.0769230769230769,1.871794871794872,2.944248916314625,1.440610082222455,1403.3055958530888,-4.64,651602892.2614803,5.482078219292496,30.070169354364143,5.749511833283905,5.817862777835028,11.855519010338,0.0,6.031114512338072,4.794537184071822,14.678425435869508,4.9839785209472085,0.0,12.645302752060108,43.45552743181912,62.42813228746628,25.029326496557232,14.325937321943693,46.45404139924536,0.0,19.76777650359537,0.0,6.544756405912575,67.81756379999582,66.87982033297372,5.749511833283905,25.170259623513665,39.31028434162759,5.749511833283905,0.0,79.09023787556714,11.339293589984395,0.0,5.563451491696996,61.31636884127672,0.0,0.0,106.17,0.0,9.589074368143644,0.0,11.938294241689578,35.435242847385126,43.11724966471442,10.975929837684358,49.51969110026472,12.13273413692322,45.110349925398125,9.720841474747257,5.690589604308004,0.0,42.124780425247856,5.995052186846614,3.7100937551632014,1.1350006578206728,12.808491764505074,2.910656391083025,7.801309992836317,5.490691888855904,0.2857142857142857,2,11,0,2,2,3,2,1,3,0,0,8,2,11,3,7,0,1,1,0,0,7.327984364815355,5,3.808600000000003,0,0,0,0,2,0,0,0,2,0,0,0,6,2,0,1,0,0,0,0,0,6,0,0,1,0,1,0,0,0,0,0,0,0,0,1,0,0,0,0,0,0,0,0,1,0,0,0,0,0,0,0,0,0,1
C=CC(=O)Nc1cccc(N2C(=O)N(C)Cc3cnc(Nc4ccc(N(C)C)cc4OC)nc32)c1,8.3,13.1923758043745,0.2479039978913713,-0.3401085488161952,0.4976686738055604,12.628571428571428,473.5370000000002,0.3298729234833085,-0.4944980425471321,0.4944980425471321,0.3298729234833085,1.2285714285714286,2.0285714285714285,2.8487025846282714,1.713471722686876,1291.8021160694277,-4.6,65283056.23292647,4.858795974253535,25.170259623513665,5.749511833283905,5.817862777835028,11.855519010338,0.0,6.031114512338072,4.794537184071822,14.678425435869508,4.9839785209472085,0.0,12.645302752060108,36.407855449141934,50.34445062917037,25.029326496557232,14.325937321943693,46.45404139924536,0.0,14.867866772744891,0.0,6.544756405912575,48.68621015902272,66.87982033297372,5.749511833283905,25.170259623513665,39.31028434162759,5.749511833283905,0.0,55.05897450374358,11.339293589984395,0.0,5.563451491696996,61.31636884127672,0.0,0.0,102.93,0.0,9.589074368143644,0.0,11.938294241689578,41.12262912206869,11.250837766380558,10.975929837684358,49.51969110026472,37.19435490158969,27.180469933505574,4.736862953800049,5.539223154950483,0.0,39.13886041459004,5.916690925947918,3.5587160476454525,1.072525276462694,12.490043736584177,2.885845300907565,3.845737599838806,7.219024209739532,0.2,2,10,0,1,1,3,2,1,3,0,0,7,2,10,2,7,0,0,0,0,0,6.539392112159183,4,4.1228000000000025,0,0,0,0,2,0,0,0,2,0,0,0,5,2,0,0,0,0,0,0,0,6,0,0,1,0,1,0,0,0,0,0,0,0,0,1,0,0,0,0,0,0,0,0,0,0,0,0,0,0,0,0,0,0,1
C=CC(=O)Nc1cccc(N2C(=O)N(C)Cc3cnc(Nc4ccc(N5CCCCC5)cc4OC)nc32)c1,7.53,13.278859857561848,0.2381368267231012,-0.3345344929865284,0.4264513625904619,15.105263157894736,513.6020000000004,0.3298729234833085,-0.4944980396775577,0.4944980396775577,0.3298729234833085,1.105263157894737,1.9210526315789476,2.944112750595259,1.4565412421236503,1370.3032713443,-4.6,460725476.19736034,5.104275693208281,25.170259623513665,5.749511833283905,5.817862777835028,11.855519010338,0.0,6.031114512338072,4.794537184071822,14.678425435869508,4.9839785209472085,0.0,12.645302752060108,55.670320317919966,49.33861947564114,25.029326496557232,14.325937321943693,46.45404139924536,0.0,14.867866772744891,0.0,25.807221274690605,47.68037900549349,66.87982033297372,5.749511833283905,25.170259623513665,39.31028434162759,5.749511833283905,0.0,54.05314335021435,11.339293589984395,0.0,24.825916360475023,61.31636884127672,0.0,0.0,102.93,0.0,9.589074368143644,0.0,11.938294241689578,35.435242847385126,30.027736852889277,30.238394706462387,49.51969110026472,12.13273413692322,33.16276821187046,9.720841474747257,5.679883585789486,0.0,39.81124551724095,5.996411920282472,3.7630790303408057,1.1660790734439996,12.858633799055822,6.572713549941801,5.952436662823671,3.3661835277476664,0.2857142857142857,2,10,0,2,2,3,2,1,3,0,0,7,2,10,3,7,0,1,1,0,0,7.120593494469375,5,5.047100000000004,0,0,0,0,2,0,0,0,2,0,0,0,5,2,0,0,0,0,0,0,0,6,0,0,1,0,1,0,0,0,0,0,0,0,0,1,0,0,0,0,0,0,0,1,0,0,0,0,0,0,0,0,0,0,1
C=CC(=O)Nc1cccc(N2C(=O)N(C)Cc3cnc(Nc4ccc(N5CCOCC5)cc4OC)nc32)c1,7.79,13.269970968672958,0.2483409083557544,-0.3407073324927012,0.4560314901428317,15.105263157894736,515.5740000000004,0.3298729234833085,-0.4944980395878863,0.4944980395878863,0.3298729234833085,1.1578947368421053,1.973684210526316,2.944112750595259,1.4565412421236503,1373.2821341056626,-4.64,460725476.19736034,5.08976591342448,29.907122577313714,5.749511833283905,5.817862777835028,11.855519010338,0.0,6.031114512338072,4.794537184071822,14.678425435869508,4.9839785209472085,0.0,12.645302752060108,36.407855449141934,49.33861947564114,38.24309042558307,19.06280027574374,46.45404139924536,0.0,14.867866772744891,0.0,6.544756405912575,60.89414293451932,66.87982033297372,5.749511833283905,25.170259623513665,39.31028434162759,5.749511833283905,0.0,67.26690727924017,16.076156543784446,0.0,5.563451491696996,61.31636884127672,0.0,0.0,112.16,0.0,9.589074368143644,0.0,11.938294241689578,54.33639305109452,24.340350578205708,10.975929837684358,49.51969110026472,18.19910120538483,27.096401143408844,14.457704428547306,11.102756755262035,0.0,39.61803540249189,5.964800147032866,3.621978129181526,1.0852010185183254,12.663991586778756,2.8960845997626192,6.880139357915682,3.333679669722975,0.2592592592592592,2,11,0,2,2,3,2,1,3,0,0,8,2,11,3,7,0,1,1,0,0,7.093285838000264,5,3.8934000000000033,0,0,0,0,2,0,0,0,2,0,0,0,5,2,0,0,0,0,0,0,0,6,0,0,1,0,2,0,0,0,0,0,0,0,0,1,1,0,0,0,0,0,0,0,0,0,0,0,0,0,0,0,0,0,1
C=CC(=O)Nc1cccc(N2C(=O)N(C)Cc3cnc(Nc4ccc(N5CCCN(C)CC5)cc4OC)nc32)c1,8.83,13.32061332978407,0.2413189884766915,-0.3364866606050551,0.428228624987029,15.775,542.6440000000003,0.3298729234833085,-0.4944980396521951,0.4944980396521951,0.3298729234833085,1.075,1.925,3.1820596000614048,1.4360706953386706,1428.1380861226944,-4.64,1107918463.4384484,5.689239454764479,30.070169354364143,5.749511833283905,5.817862777835028,11.855519010338,0.0,6.031114512338072,4.794537184071822,14.678425435869508,4.9839785209472085,0.0,12.645302752060108,56.4211054606577,55.88337588155371,25.029326496557232,14.325937321943693,46.45404139924536,0.0,19.76777650359537,0.0,12.965578028838586,67.81756379999582,66.87982033297372,5.749511833283905,25.170259623513665,39.31028434162759,5.749511833283905,0.0,79.09023787556714,11.339293589984395,0.0,11.984273114623004,61.31636884127672,0.0,0.0,106.17,0.0,9.589074368143644,0.0,11.938294241689578,35.435242847385126,49.53807128764043,10.975929837684358,49.51969110026472,12.13273413692322,45.110349925398125,9.720841474747257,5.721839604308004,0.0,42.25693451728964,6.010858073471416,3.721852163593143,1.1417404957311454,12.855451637302233,4.022383709885492,7.916788611723516,5.518817853362077,0.3103448275862069,2,11,0,2,2,3,2,1,3,0,0,8,2,11,3,7,0,1,1,0,0,7.829523817614548,5,4.198700000000003,0,0,0,0,2,0,0,0,2,0,0,0,6,2,0,1,0,0,0,0,0,6,0,0,1,0,1,0,0,0,0,0,0,0,0,1,0,0,0,0,0,0,0,0,0,0,0,0,0,0,0,0,0,0,1
C=CC(=O)Nc1cccc(N2C(=O)N(C)Cc3cnc(Nc4ccc(N5CCC(N(C)C)CC5)cc4OC)nc32)c1,8.45,13.333733924427156,0.2413721347351947,-0.3366101173951781,0.3884406363614064,15.53658536585366,556.6710000000003,0.3298729234833085,-0.4944980396774441,0.4944980396774441,0.3298729234833085,1.146341463414634,1.9268292682926829,2.980056241774914,1.4069754275244932,1451.3989164492143,-4.64,1592228124.5597806,5.944871346403181,30.070169354364143,5.749511833283905,5.817862777835028,11.855519010338,0.0,6.031114512338072,4.794537184071822,14.678425435869508,4.9839785209472085,0.0,12.645302752060108,63.34484266034833,55.380460304789096,25.029326496557232,14.325937321943693,46.45404139924536,0.0,19.76777650359537,0.0,25.42824048091256,61.775722970847866,66.87982033297372,5.749511833283905,25.170259623513665,39.31028434162759,5.749511833283905,0.0,79.09023787556715,11.339293589984395,0.0,18.40509473754901,61.31636884127672,0.0,0.0,106.17,0.0,9.589074368143644,0.0,11.938294241689578,41.47708367653309,42.86938009874129,10.975929837684358,49.51969110026472,12.13273413692322,52.15802190807531,9.720841474747257,5.731006270974671,0.0,42.25351394344594,6.016623990508892,3.729230537241072,1.1440318999471537,13.477112653069115,5.151706186172314,5.84851203954231,7.648262479098533,0.3333333333333333,2,11,0,2,2,3,2,1,3,0,0,8,2,11,3,8,0,1,1,0,0,8.064788779441455,5,4.587200000000005,0,0,0,0,2,0,0,0,2,0,0,0,6,2,0,0,0,0,0,0,0,6,0,0,1,0,1,0,0,0,0,0,0,0,0,1,0,0,0,0,0,0,0,1,0,0,0,0,0,0,0,0,0,0,1
CC(C)(C)C(=O)Nc1nc(Nc2ccc(Cl)cc2)c2c(n1)[nH]c1cccc(Cl)c12,4.23,12.445925417509113,0.1773736594338442,-0.577534593925062,0.3657788484888249,11.758620689655173,428.32300000000015,0.2329330375192151,-0.3394795946341603,0.3394795946341603,0.2329330375192151,1.0,1.7241379310344829,3.024525521590112,1.8935443597028203,1226.011555082187,-2.829999999999999,3525604.7138029886,3.859509769374894,10.30076712495354,11.465039998602755,0.0,11.855519010338,0.0,0.0,10.111325788078153,0.0,9.967957041894415,0.0,50.03945844799851,36.39820241076966,27.027934989902725,10.408857528206122,4.794537184071822,68.4989742106352,0.0,14.951935562841626,5.41499046939678,20.771211599071872,10.633577208012662,52.50983610671392,0.0,10.633577208012662,17.453588333505085,0.0,23.20187978046503,20.85911529219313,4.794537184071822,5.41499046939678,20.771211599071872,42.46456947923127,10.045266627482652,21.936326367313583,82.69999999999999,5.41499046939678,4.794537184071822,0.0,11.855519010338,21.51030662608541,21.97653542122941,0.0,12.13273413692322,51.10304694137992,25.585512770854287,23.20187978046503,0.0,12.459569367617462,24.77928475970278,8.866118053654054,1.6242508141682173,0.5563751682865443,12.863865415967089,0.0,5.489425309492742,0.0,0.1904761904761904,3,6,0,0,0,1,2,2,4,0,0,4,3,8,2,3,0,0,0,0,0,4.842120944114337,4,6.146100000000002,0,0,0,0,3,1,0,0,1,0,0,0,2,3,0,0,0,0,0,0,0,3,0,0,3,0,0,0,2,0,0,0,0,0,0,0,0,0,0,0,0,0,0,0,0,0,0,0,0,0,0,0,0,0,0
CC(C)c1ccc(Nc2nc(NC(=O)C(C)(C)C)nc3[nH]c4cccc(Cl)c4c23)cc1,4.41,12.52438713859904,0.1590464479248146,-0.567120210113242,0.3362093994131966,11.96774193548387,435.95900000000006,0.2329330375191611,-0.3394809107837588,0.3394809107837588,0.2329330375191611,1.032258064516129,1.7419354838709675,3.072768724988681,1.8490746662431008,1269.3526599009535,-3.119999999999999,8620222.470334247,4.208283122584155,10.30076712495354,11.465039998602755,0.0,11.855519010338,0.0,0.0,10.111325788078153,0.0,9.967957041894415,0.0,64.41872709407048,35.74682581170483,22.0053016761614,10.408857528206122,4.794537184071822,56.89803432040269,0.0,14.951935562841626,5.41499046939678,40.53659204461451,10.633577208012662,53.05065428466959,0.0,10.633577208012662,17.453588333505085,0.0,11.600939890232516,20.85911529219313,4.794537184071822,5.41499046939678,46.1000435363115,42.46456947923127,5.022633313741326,21.936326367313583,82.69999999999999,5.41499046939678,4.794537184071822,0.0,11.855519010338,22.40557935850548,21.976535421229418,5.563451491696996,0.0,51.10304694137992,51.56572130715876,11.600939890232516,0.0,6.5188306836228005,25.00618956058048,8.449006723703919,3.033312757775985,1.0990132762286768,13.893575394540704,0.0,9.861182714658543,0.0,0.2916666666666667,3,6,0,0,0,1,2,2,4,0,0,4,3,7,2,4,0,0,0,0,0,5.35161110098203,4,6.616100000000005,0,0,0,0,3,1,0,0,1,0,0,0,2,3,0,0,0,0,0,0,0,3,0,0,3,0,0,0,1,0,0,0,0,0,0,0,0,0,0,0,0,0,0,0,0,0,0,0,0,0,0,0,0,0,0
COc1cccc(Nc2nc(N)nc3[nH]c4cccc(Cl)c4c23)c1,4.08,6.385213411717439,0.1764580446376085,0.1764580446376085,0.5226442692183818,11.083333333333334,339.78600000000006,0.2235042127724487,-0.4966877372162712,0.4966877372162712,0.2235042127724487,1.125,1.9583333333333333,2.9422727223302667,1.94642422704904,1059.6568106564494,-2.9899999999999998,486666.61963703774,2.3697301573496694,20.771297555915773,17.21455183188666,0.0,5.948339280986494,0.0,0.0,0.0,0.0,9.967957041894415,0.0,23.733674027155736,24.26546827384644,22.65667827522623,17.518655069483657,4.736862953800049,50.99085459105118,0.0,14.951935562841626,0.0,0.0,18.16025362244605,47.4872027929726,5.749511833283905,15.787319034968563,17.453588333505085,5.749511833283905,11.600939890232516,22.06173310411916,0.0,0.0,0.0,42.46456947923127,5.022633313741326,21.936326367313583,88.85,0.0,0.0,0.0,5.948339280986494,16.487673312344082,27.72604725451332,0.0,7.109797541277533,42.46456947923127,20.26872416684796,22.071470321194752,5.253381225373017,6.385213411717439,11.857562043335854,5.563364276266063,8.199072893046107,1.5101007110663205,13.21798386798943,0.0,0.0,1.624432682316881,0.0588235294117647,4,6,0,0,0,0,2,2,4,0,0,5,3,7,2,3,0,0,0,0,0,3.390702976211484,4,4.098900000000001,0,0,1,0,3,1,0,0,0,0,0,0,2,2,1,0,0,0,0,0,0,3,0,0,3,0,1,0,1,0,0,0,0,0,0,1,0,0,0,0,0,0,0,0,0,0,0,0,0,0,0,0,0,0,0
Nc1nc(Nc2ccc(Cl)cc2F)c2c(n1)[nH]c1cccc(Cl)c12,4.41,14.100384131533271,0.0574539486576526,-0.5011371462165115,0.4747179788203405,11.291666666666666,362.1950000000001,0.2235042224538118,-0.3676683761296948,0.3676683761296948,0.2235042224538118,1.0833333333333333,1.9166666666666667,2.89100528155609,1.982489589050235,1092.9062896094522,-2.569999999999999,407961.3193015061,2.40084297095909,16.034434602115724,17.28226083964865,0.0,5.948339280986494,0.0,0.0,0.0,4.39041504767482,9.967957041894415,0.0,29.268246848926644,30.33183534230805,15.925558245822383,16.096243802889685,4.39041504767482,62.5917944812837,0.0,14.951935562841626,0.0,0.0,11.050456081168516,52.260689879298205,0.0,11.050456081168516,21.844003381179903,0.0,23.20187978046503,14.951935562841626,0.0,5.817220841045895,0.0,36.39820241076966,10.045266627482652,21.936326367313583,79.62,5.817220841045895,4.39041504767482,0.0,11.635725555670057,26.89653084055021,10.902924932081056,12.13273413692322,12.13273413692322,12.13273413692322,20.26872416684796,28.935547257627213,14.100384131533271,12.103880394163582,11.530420944612413,5.165211693858581,7.297833189860308,-0.0843568559110885,9.775515390771824,0.0,0.0,0.0,0.0,4,5,0,0,0,0,2,2,4,0,0,4,3,8,2,2,0,0,0,0,0,3.4377559487287908,4,4.8828000000000005,0,0,1,0,3,1,0,0,0,0,0,0,2,2,1,0,0,0,0,0,0,3,0,0,3,0,0,0,3,0,0,0,0,0,0,0,0,0,0,0,0,0,0,0,0,0,0,0,0,0,0,0,0,0,0
Nc1nc(Nc2ccc(Cl)cc2)c2c(n1)[nH]c1cccc(Cl)c12,4.2,6.360873208336832,0.1774463900786653,0.1774463900786653,0.4904909291058121,11.217391304347826,344.2050000000001,0.2235042127241086,-0.3676683761608803,0.3676683761608803,0.2235042127241086,0.9565217391304348,1.7391304347826086,2.8874804574986244,1.970862259501532,1024.188108463326,-2.4999999999999987,283596.7806136849,2.4372513008876644,16.034434602115724,11.465039998602755,0.0,5.948339280986494,0.0,0.0,0.0,0.0,9.967957041894415,0.0,29.268246848926644,36.39820241076966,21.61294452050595,10.408857528206122,0.0,62.5917944812837,0.0,14.951935562841626,0.0,0.0,11.050456081168516,52.50983610671392,0.0,11.050456081168516,17.453588333505085,0.0,23.20187978046503,14.951935562841626,0.0,0.0,0.0,42.46456947923127,10.045266627482652,21.936326367313583,79.62,0.0,0.0,0.0,5.948339280986494,21.51030662608541,21.97653542122941,0.0,12.13273413692322,30.33183534230805,20.26872416684796,28.935547257627213,0.0,12.28140525698937,11.806433557991095,6.205461599376342,8.186048892808152,0.7692727317264356,12.973600183330824,0.0,0.0,0.0,0.0,4,5,0,0,0,0,2,2,4,0,0,4,3,7,2,2,0,0,0,0,0,3.249981473389656,4,4.7437000000000005,0,0,1,0,3,1,0,0,0,0,0,0,2,2,1,0,0,0,0,0,0,3,0,0,3,0,0,0,2,0,0,0,0,0,0,0,0,0,0,0,0,0,0,0,0,0,0,0,0,0,0,0,0,0,0
CC(C)c1ccc(Nc2nc(N)nc3[nH]c4cccc(Cl)c4c23)cc1,4.38,6.413151037129812,0.2050732762240701,0.2050732762240701,0.4727969006916885,11.52,351.841,0.2235042127240546,-0.3676683761608803,0.3676683761608803,0.2235042127240546,1.04,1.8,2.944942375692724,1.8687463641840505,1066.757859083248,-2.789999999999999,696090.1394577377,2.7644508977329565,16.034434602115724,11.465039998602755,0.0,5.948339280986494,0.0,0.0,0.0,0.0,9.967957041894415,0.0,43.64751549499859,35.74682581170483,16.59031120676462,10.408857528206122,0.0,50.99085459105118,0.0,14.951935562841626,0.0,19.76538044554264,11.050456081168516,53.05065428466959,0.0,11.050456081168516,17.453588333505085,0.0,11.600939890232516,14.951935562841626,0.0,0.0,25.328831937239634,42.46456947923127,5.022633313741326,21.936326367313583,79.62,0.0,0.0,0.0,5.948339280986494,22.40557935850548,21.976535421229418,5.563451491696996,0.0,30.33183534230805,46.24893270315243,17.3346073673947,0.0,6.413151037129812,11.954876637778876,5.72324849409716,9.674591616362902,1.331945916770953,14.003310161904436,0.0,4.343320580400306,0.0,0.1578947368421052,4,5,0,0,0,0,2,2,4,0,0,4,3,6,2,3,0,0,0,0,0,3.731327902309365,4,5.213700000000003,0,0,1,0,3,1,0,0,0,0,0,0,2,2,1,0,0,0,0,0,0,3,0,0,3,0,0,0,1,0,0,0,0,0,0,0,0,0,0,0,0,0,0,0,0,0,0,0,0,0,0,0,0,0,0
Nc1nc(Nc2ccccc2)c2c(n1)[nH]c1ccccc12,6.83,5.8179566641471405,0.2430437452758882,0.2430437452758882,0.5232974190477884,11.047619047619047,275.315,0.2235041988557392,-0.3676683762052758,0.3676683762052758,0.2235041988557392,0.9047619047619048,1.6666666666666667,2.859077495526496,1.981947828842233,927.3749128983956,-3.079999999999999,136995.5572756476,1.952600256800741,16.034434602115724,11.465039998602755,0.0,5.948339280986494,0.0,0.0,0.0,0.0,9.967957041894415,0.0,36.39820241076966,18.19910120538483,16.59031120676462,5.386224214464796,0.0,39.389914700818665,0.0,14.951935562841626,0.0,0.0,11.050456081168516,54.59730361615449,0.0,11.050456081168516,17.453588333505085,0.0,0.0,14.951935562841626,0.0,0.0,0.0,54.59730361615449,0.0,21.936326367313583,79.62,0.0,0.0,0.0,5.948339280986494,5.817862777835028,27.623712641997145,0.0,0.0,54.59730361615449,20.26872416684796,5.733667477162185,0.0,0.0,11.914656557067271,5.33764314058957,8.533534370538339,0.9524418934240364,17.928390705047452,0.0,0.0,0.0,0.0,4,5,0,0,0,0,2,2,4,0,0,4,3,5,2,2,0,0,0,0,0,2.503822758430477,4,3.4369000000000014,0,0,1,0,3,1,0,0,0,0,0,0,2,2,1,0,0,0,0,0,0,3,0,0,3,0,0,0,0,0,0,0,0,0,0,0,0,0,0,0,0,0,2,0,0,0,0,0,0,0,0,0,0,0,0
Clc1cccc(Nc2ncnc3[nH]c4ccccc4c23)c1,8.22,6.024326258502244,0.6844691410514827,0.6844691410514827,0.5717933396718993,11.095238095238097,294.74500000000006,0.1434616526377867,-0.3395039806235542,0.3395039806235542,0.1434616526377867,1.0,1.9047619047619049,2.865354231881553,1.918423612079662,945.2345533728322,-2.5899999999999994,137410.92754411176,2.096247232282794,10.30076712495354,17.7923600733673,0.0,0.0,0.0,0.0,0.0,9.967957041894415,0.0,0.0,35.866408164078955,24.26546827384644,21.61294452050595,5.386224214464796,0.0,45.04251531006469,0.0,14.951935562841626,0.0,0.0,5.316788604006331,59.88088993619874,0.0,5.316788604006331,11.50524905251859,0.0,11.600939890232516,14.951935562841626,0.0,0.0,0.0,54.85825662245742,5.022633313741326,21.936326367313583,53.6,0.0,0.0,0.0,0.0,5.022633313741326,33.44157541983217,0.0,6.3273200747645415,42.46456947923127,26.33509123530957,11.600939890232516,0.0,6.024326258502244,11.97277128649814,6.069630233266146,2.755234508412419,0.7636265432098766,15.645964930504222,1.5462240173847317,0.0,0.0,0.0,2,4,0,0,0,0,2,2,4,0,0,3,2,5,2,2,0,0,0,0,0,2.7547282441056806,4,4.5081000000000016,0,0,0,0,3,1,0,0,0,0,0,0,2,2,0,0,0,0,0,0,0,2,0,0,3,0,0,0,1,0,0,0,0,0,0,0,0,0,0,0,0,0,1,0,0,0,0,0,0,0,0,0,0,0,0
Nc1nc(Nc2ccc(F)c(Br)c2)c2cc(CCc3ccccn3)[nH]c2n1,4.07,13.452287381692804,0.1567624141981554,-0.3274532488499768,0.4401542810007605,11.037037037037036,427.2810000000001,0.2235033323844487,-0.3676683819399848,0.3676683819399848,0.2235033323844487,1.1111111111111112,2.0,3.068029121917071,1.6206919067782288,1096.2593126861254,-3.0,2091929.520720911,3.8996539792387535,16.034434602115724,17.28226083964865,0.0,5.948339280986494,0.0,0.0,4.9839785209472085,4.39041504767482,9.967957041894415,0.0,6.06636706846161,65.16978955457103,23.27208583599356,9.85894373029721,4.39041504767482,44.41693366668696,0.0,19.935914083788838,0.0,12.84164324585202,11.050456081168516,70.33920939741957,0.0,11.050456081168516,21.844003381179903,0.0,15.929943897949348,19.935914083788838,12.84164324585202,5.817220841045895,11.387855989696922,53.13413256667676,0.0,11.033401435232523,92.51,0.0,4.39041504767482,0.0,11.76556012203239,21.62514578911873,29.61572345001374,6.06636706846161,18.3295777085363,24.26546827384644,41.182646585744514,5.733667477162185,13.823482468473587,3.1859087702820186,16.19243123139841,4.0028559600939655,9.230585882033411,0.3953686786596762,12.53581188926054,3.38355511979839,0.0,0.0,0.1052631578947368,4,6,0,0,0,0,1,3,4,0,0,5,3,8,3,5,0,0,0,0,0,4.720843515680138,4,4.365500000000003,0,0,1,0,4,1,0,0,0,0,0,0,3,2,1,0,0,0,0,0,0,3,2,0,1,0,0,0,2,0,0,0,0,0,0,0,0,0,0,0,0,0,0,0,0,0,0,1,0,0,0,0,0,0,0
CC(C)(C)C(=O)Nc1nc(Nc2ccc(F)c(C(F)(F)F)c2)c2cc(CCc3ccccn3)[nH]c2n1,4.57,13.773707299673037,0.0203162288599245,-4.8597837321802775,0.2813569254720339,12.083333333333334,500.50000000000017,0.4187981809040774,-0.3430195174569677,0.4187981809040774,0.3430195174569677,1.0277777777777777,1.805555555555556,3.214056853769224,1.7121907554534763,1393.6845984790846,-4.02,79670992.65206023,5.7836735024281465,10.30076712495354,17.28226083964865,0.0,11.855519010338,0.0,6.176298517443475,15.095304309025362,4.39041504767482,23.13920218491888,0.0,26.83757866753348,49.23984565662168,28.68707630539034,10.949675706161791,22.3561973747711,34.39416949808911,0.0,19.935914083788838,5.41499046939678,39.78915336236737,10.633577208012662,71.42994137328415,0.0,10.633577208012662,35.01524852420437,0.0,0.0,25.84309381314034,23.812478947367318,11.232211310442676,37.72251908046579,48.661413050844345,0.0,11.033401435232523,95.59,22.971961319583144,22.3561973747711,0.0,23.36076806285659,29.941411749546152,17.454223058158533,6.06636706846161,33.03442223914656,18.19910120538483,30.56949129180149,0.0,53.42420419869215,0.0,28.699553026384944,5.9634530581184615,-0.0797669871126962,-1.5844230171128442,9.995818707365842,-1.923512512334091,5.17134019266491,0.0,0.28,3,7,0,0,0,1,1,3,4,0,0,5,3,11,3,6,0,0,0,0,0,6.658525774731024,4,6.024200000000005,0,0,0,0,4,1,0,0,1,0,0,0,3,3,0,0,0,0,3,0,0,3,2,0,1,0,0,0,4,0,0,0,0,0,0,0,0,0,0,0,0,0,0,0,0,0,0,1,0,0,0,0,0,0,0
C#Cc1cccc(Nc2nc(N)nc3[nH]c(CCc4ccccn4)cc23)c1,4.7,5.884127836332472,0.2048430469142048,0.2048430469142048,0.4774861802944247,10.62962962962963,354.41700000000003,0.2235033323858136,-0.3676683819399825,0.3676683819399825,0.2235033323858136,1.0740740740740742,2.0,3.1020148280760984,1.623949828839438,1124.5832701023255,-3.849999999999999,2451112.8526712344,3.722860707303924,16.034434602115724,11.465039998602755,0.0,5.948339280986494,0.0,0.0,4.9839785209472085,0.0,9.967957041894415,6.423349895620259,18.053168455778863,49.23984565662168,28.83553732769056,5.386224214464796,0.0,28.486989768737608,0.0,19.935914083788838,0.0,12.84164324585202,11.050456081168516,71.67908760069989,12.343784214475903,11.050456081168516,17.453588333505085,0.0,0.0,19.935914083788838,12.84164324585202,12.343784214475903,16.95130748139392,54.72778011930596,0.0,11.033401435232523,92.51,0.0,0.0,0.0,5.948339280986494,11.465039998602755,40.866561216394295,0.0,6.196843571613076,48.53093654769288,31.173137006650805,12.157017372782445,0.0,0.0,16.351088004575942,4.171433057599634,10.32929670148885,3.4787756828575733,15.56463813852668,8.938101748284655,0.0,0.0,0.0952380952380952,4,6,0,0,0,0,1,3,4,0,0,5,3,6,3,5,0,0,0,0,0,4.416397381312637,4,3.4452000000000016,0,0,1,0,4,1,0,0,0,0,0,0,3,2,1,0,0,0,0,0,0,3,2,0,1,0,0,0,0,0,0,0,0,0,0,0,0,0,0,0,0,0,0,0,0,0,0,1,0,0,1,0,0,0,0
Nc1nc(Nc2cccc(C(F)(F)F)c2)c2cc(CCc3ccccn3)[nH]c2n1,4.71,12.96832904835947,0.0186129800417766,-4.426151959912142,0.4608871033586521,11.689655172413794,398.39200000000005,0.4159855115665638,-0.3676683819400005,0.4159855115665638,0.3676683819400005,1.0,1.862068965517241,3.0968865502118037,1.6170653795266845,1138.1279728810548,-3.62,4490906.674377943,4.285452904804211,16.034434602115724,11.465039998602755,0.0,5.948339280986494,0.0,6.176298517443475,4.9839785209472085,0.0,23.13920218491888,0.0,12.13273413692322,49.23984565662168,23.27208583599356,10.949675706161791,13.17124514302446,28.486989768737608,0.0,19.935914083788838,0.0,19.017941763295493,11.050456081168516,71.67908760069987,0.0,11.050456081168516,30.624833476529545,0.0,0.0,19.935914083788838,19.017941763295493,0.0,16.95130748139392,54.72778011930596,0.0,11.033401435232523,92.51,11.73975000914047,13.17124514302446,0.0,11.635725555670057,23.27208583599356,29.941411749546152,12.13273413692322,6.196843571613076,24.26546827384644,25.252702687795164,5.733667477162185,38.90498714507841,0.0,15.834680284464008,3.5698599283479338,7.669431873129096,0.3585764994001372,12.512182649770253,-1.2663850468565037,0.0,0.0,0.15,4,6,0,0,0,0,1,3,4,0,0,5,3,9,3,5,0,0,0,0,0,4.7922233439826485,4,4.482700000000002,0,0,1,0,4,1,0,0,0,0,0,0,3,2,1,0,0,0,3,0,0,3,2,0,1,0,0,0,3,0,0,0,0,0,0,0,0,0,0,0,0,0,0,0,0,0,0,1,0,0,0,0,0,0,0
CC(C)(C)C(=O)Nc1nc(Nc2ccc(F)c(Cl)c2)c2cc(CCc3ccccn3)[nH]c2n1,4.79,13.59488785522859,0.0030763204735757,-0.6111402371374173,0.3405530107109977,11.545454545454543,466.9480000000002,0.232932157168695,-0.3430195174569432,0.3430195174569432,0.232932157168695,1.121212121212121,1.9393939393939397,3.181296670460913,1.684587928266165,1299.8011126242343,-3.52,25735952.00320124,5.45949385515523,10.30076712495354,17.28226083964865,0.0,11.855519010338,0.0,0.0,15.095304309025362,4.39041504767482,9.967957041894415,0.0,38.438518557766,49.23984565662168,28.68707630539034,10.408857528206122,9.184952231746642,45.99510938832163,0.0,19.935914083788838,5.41499046939678,33.61285484492389,10.633577208012662,70.88912319532848,0.0,10.633577208012662,21.844003381179903,0.0,11.600939890232516,25.84309381314034,17.63618042992384,11.232211310442676,32.15906758876879,48.661413050844345,5.022633313741326,11.033401435232523,95.59,11.232211310442676,9.184952231746642,0.0,16.878152324079327,17.152426273286316,29.61572345001374,12.13273413692322,12.263210640074686,45.03667987291831,30.56949129180149,11.600939890232516,13.59488785522859,5.935318756772464,29.17668203257672,6.672428244461604,2.4544005649464373,-0.0882677358811292,12.105076973117354,3.245990748153377,5.431260338402363,0.0,0.25,3,7,0,0,0,1,1,3,4,0,0,5,3,9,3,6,0,0,0,0,0,6.285063755633589,4,5.658800000000005,0,0,0,0,4,1,0,0,1,0,0,0,3,3,0,0,0,0,0,0,0,3,2,0,1,0,0,0,2,0,0,0,0,0,0,0,0,0,0,0,0,0,0,0,0,0,0,1,0,0,0,0,0,0,0
Cc1ncc([N+](=O)[O-])n1C/C(=N/NC(=O)c1ccccc1N)c1ccc(Br)cc1,5.72,12.46685804568741,0.0499314216427315,-0.5114578014911704,0.2541472570183555,11.310344827586206,457.2880000000001,0.3426857819836642,-0.3980797810558752,0.3980797810558752,0.3426857819836642,1.2758620689655171,1.9655172413793105,3.062477690140286,1.955664169945156,1091.5788624447327,-3.529999999999999,3447026.888735821,4.663712582727612,15.847985745927758,18.453284980296356,5.824404497999927,0.0,5.907179729351506,5.817862777835028,4.794537184071822,14.976869565848949,5.101407525739723,0.0,40.19541217179579,29.18877932266411,22.647294481903597,5.563451491696996,9.717848232889493,39.05405768259015,0.0,14.976869565848949,5.101407525739723,13.4684936056032,5.733667477162185,86.26612538529787,0.0,11.15945887427257,11.50524905251859,0.0,15.929943897949348,26.09325394967844,6.544756405912575,17.038055468456196,21.74584466546574,64.3019071608781,0.0,0.0,128.44,10.830490778169176,14.908855452837392,0.0,17.9260706754446,22.786927267151185,4.472719515832414,10.763943219404432,43.32193961046029,12.13273413692322,31.441121341746666,5.733667477162185,2.2876652887139453,3.3702434415155027,27.264765119205578,15.533878399937723,10.049816682227174,-0.1799550836302268,13.85258885188844,1.192245902212533,1.7120847312626717,0.0,0.1052631578947368,3,9,0,0,0,1,2,1,3,0,0,6,2,10,1,6,0,0,0,0,0,6.029863245923648,3,3.2787200000000016,0,0,1,0,2,0,0,0,1,0,0,0,4,1,1,0,0,0,0,0,0,1,1,0,0,0,0,0,1,0,1,1,0,0,0,0,0,1,0,0,0,0,1,0,0,0,0,0,0,0,0,0,0,0,0
Cc1ncc([N+](=O)[O-])n1C/C(=N/NC(=O)c1ccccc1O)c1ccc(Br)cc1,5.59,12.386858045687411,0.0186814216427315,-0.6022551335348945,0.3331227429974043,11.310344827586206,458.2720000000001,0.3426857819836642,-0.5071205624265724,0.5071205624265724,0.3426857819836642,1.2758620689655171,1.9655172413793105,3.062477690140286,1.955664169945156,1092.2338844767864,-3.529999999999999,3447026.888735821,4.663712582727612,15.220845663606278,24.202796813580257,5.824404497999927,0.0,5.907179729351506,5.817862777835028,4.794537184071822,14.976869565848949,5.101407525739723,0.0,40.19541217179579,29.18877932266411,16.959908207220032,5.563451491696996,14.824375627730198,33.36667140790659,0.0,14.976869565848949,5.101407525739723,13.4684936056032,0.0,86.26612538529787,5.749511833283905,5.425791397110385,5.817862777835028,5.749511833283905,15.929943897949348,31.199781344519145,6.544756405912575,17.038055468456196,21.74584466546574,64.3019071608781,0.0,0.0,122.65,10.830490778169176,20.015382847678097,0.0,23.675582508728503,17.099540992467624,4.472719515832414,22.89667735632765,43.32193961046029,0.0,31.441121341746666,0.0,2.246445005069419,3.356354552626614,27.137818379077014,25.29759107359764,3.5136249816284555,-0.5195073545181752,13.210983913616836,1.1757169765926982,1.664305805642837,0.0,0.1052631578947368,2,9,0,0,0,1,2,1,3,0,0,6,2,10,1,6,0,0,0,0,0,6.029863245923648,3,3.402120000000002,0,0,0,0,2,0,1,0,1,0,0,0,4,1,0,0,0,0,0,0,0,0,1,0,0,0,0,0,1,0,1,1,0,0,0,0,0,1,0,0,0,0,1,0,0,0,0,0,0,0,0,0,0,0,0
Cc1ncc([N+](=O)[O-])n1C/C(=N/NC(=O)c1ccc(Cl)cc1)c1ccc(Br)cc1,4.91,12.39424088771311,0.0601953157806336,-0.5084391761124052,0.3244367414896313,11.344827586206897,476.7180000000001,0.3426857819836641,-0.3578575446302752,0.3578575446302752,0.3426857819836641,1.206896551724138,1.827586206896552,3.064315715083937,1.9287361501687712,1078.228996974623,-3.0399999999999987,3408842.8595622545,5.066750392464679,10.114318268765572,18.453284980296356,5.824404497999927,0.0,5.907179729351506,5.817862777835028,4.794537184071822,14.976869565848949,5.101407525739723,0.0,39.663617925105086,41.32151345958733,27.545993012658357,0.0,9.717848232889493,44.967611298139104,0.0,14.976869565848949,5.101407525739723,13.4684936056032,0.0,91.2887586990392,0.0,5.425791397110385,5.817862777835028,0.0,27.530883788181864,26.09325394967844,6.544756405912575,17.038055468456196,21.74584466546574,64.3019071608781,5.022633313741326,0.0,102.42,10.830490778169176,14.908855452837392,0.0,12.362619183747604,27.685625797905946,4.472719515832414,10.763943219404432,43.32193961046029,12.13273413692322,31.441121341746666,11.600939890232516,2.2968355072008886,9.215734264405476,27.188961370284943,16.04801319023982,4.025157308550994,-0.1157314499874018,13.61484247537909,1.195264527591298,1.725367250779339,0.0,0.1052631578947368,1,8,0,0,0,1,2,1,3,0,0,5,1,10,1,6,0,0,0,0,0,6.401603440443767,3,4.349920000000003,0,0,0,0,2,0,0,0,1,0,0,0,4,1,0,0,0,0,0,0,0,0,1,0,0,0,0,0,2,0,1,1,0,0,0,0,0,1,0,0,0,0,0,0,0,0,0,0,0,0,0,0,0,0,0
Cc1ccc(C(=O)N/N=C(/Cn2c([N+](=O)[O-])cnc2C)c2ccc(Br)cc2)cc1,5.21,12.437324787939868,0.0813064268917442,-0.4959473943898547,0.3440984407051797,11.344827586206897,456.3000000000001,0.3426857819836641,-0.3578575446302752,0.3578575446302752,0.3426857819836641,1.137931034482759,1.7586206896551724,3.064315715083937,1.9287361501687712,1072.5010578323038,-3.329999999999999,3408842.8595622545,4.938219398641196,10.114318268765572,18.453284980296356,5.824404497999927,0.0,5.907179729351506,5.817862777835028,4.794537184071822,14.976869565848949,5.101407525739723,0.0,45.75886366349278,36.11251652235473,22.523359698917027,0.0,9.717848232889493,33.36667140790659,0.0,14.976869565848949,5.101407525739723,20.392230805293824,0.0,91.82957687699488,0.0,5.425791397110385,5.817862777835028,0.0,15.929943897949348,26.09325394967844,6.544756405912575,23.96179266814682,27.30929615716273,64.3019071608781,0.0,0.0,102.42,4.923311048817671,14.908855452837392,0.0,18.26979891309911,17.099540992467624,15.599622499226406,10.763943219404432,19.056471336613843,43.32193961046029,31.441121341746666,0.0,2.326774488188821,3.381968093334436,27.267799809013496,15.574645001870037,5.2447629167858425,-0.0277684870244385,14.4120825529222,1.207756309313849,3.695312648929102,0.0,0.15,1,8,0,0,0,1,2,1,3,0,0,5,1,9,1,6,0,0,0,0,0,6.180009118302624,3,4.004940000000002,0,0,0,0,2,0,0,0,1,0,0,0,4,1,0,0,0,0,0,0,0,0,2,0,0,0,0,0,1,0,1,1,0,0,0,0,0,1,0,0,0,0,0,0,0,0,0,0,0,0,0,0,0,0,0
Cc1ncc([N+](=O)[O-])n1C/C(=N/NC(=O)c1ccccc1)c1ccc(Br)cc1,5.0,12.326024712354076,0.0821912005542961,-0.4982622092046691,0.3573456357516086,11.285714285714286,442.2730000000001,0.3426857819836641,-0.3578575446302752,0.3578575446302752,0.3426857819836641,1.1785714285714286,1.8571428571428568,3.065494057983373,1.9380632874986727,1029.4824798154064,-3.3299999999999987,2412813.587110017,4.494140548282275,10.114318268765572,18.453284980296356,5.824404497999927,0.0,5.907179729351506,5.817862777835028,4.794537184071822,14.976869565848949,5.101407525739723,0.0,46.2617792402574,29.18877932266411,22.523359698917027,0.0,9.717848232889493,33.36667140790659,0.0,14.976869565848949,5.101407525739723,13.4684936056032,0.0,92.33249245375949,0.0,5.425791397110385,5.817862777835028,0.0,15.929943897949348,26.09325394967844,6.544756405912575,17.038055468456196,21.74584466546574,70.36827422933972,0.0,0.0,102.42,4.923311048817671,14.908855452837392,0.0,18.26979891309911,17.099540992467624,10.03617100752941,10.763943219404432,31.18920547353706,30.33183534230805,31.441121341746666,0.0,2.3230987266284435,3.376169176134419,27.11847035336536,15.524734690112195,4.171021523578569,-0.0327225733421614,15.97291317323008,1.205441494499034,1.7575401024607378,0.0,0.1052631578947368,1,8,0,0,0,1,2,1,3,0,0,5,1,9,1,6,0,0,0,0,0,5.949379332118924,3,3.696520000000002,0,0,0,0,2,0,0,0,1,0,0,0,4,1,0,0,0,0,0,0,0,0,1,0,0,0,0,0,1,0,1,1,0,0,0,0,0,1,0,0,0,0,0,0,0,0,0,0,0,0,0,0,0,0,0
CN(C)C/C=C/C(=O)Nc1cc2c(Nc3ccc(F)c(Cl)c3)ncnc2cc1O[C@H]1CCOC1,9.11,13.552448205745227,0.0043572481089819,-0.5094766232811871,0.4572933534123706,15.852941176470589,485.9470000000002,0.2476891980311076,-0.4856677385504834,0.4856677385504834,0.2476891980311076,1.3235294117647058,2.176470588235294,3.2985868749281737,1.6802607790026551,1214.67784504622,-3.27,52867959.29867568,5.990027316260755,25.00721284646324,29.815881914677668,0.0,5.907179729351506,0.0,0.0,4.794537184071822,14.358372089569237,0.0,0.0,17.676959997066398,38.36081223920082,36.18157569328243,29.44048423506699,18.65867813934674,45.603679878867226,0.0,14.867866772744891,0.0,12.524788010674312,44.48744150830544,59.651049785527576,5.749511833283905,15.370440161812713,21.58305037487697,5.749511833283905,11.600939890232516,60.73287719013749,9.53140013787187,5.817220841045895,6.4208216229260096,48.81119563074036,5.022633313741326,10.902924932081056,88.61000000000001,5.817220841045895,9.184952231746642,0.0,17.033779430841136,53.60359242750552,6.4208216229260096,24.53607431852164,24.27512131221871,18.99525369620486,20.60153424990708,21.074665797832616,25.10119122837464,5.912266875526566,23.204317451026554,6.673180824588723,1.654351500895594,0.1704369115899608,7.823315862372373,5.318233571185272,1.7458293286319773,3.841320890252781,0.2916666666666667,2,8,0,1,1,1,2,1,3,1,0,7,2,10,2,8,0,1,1,0,0,7.563521951848693,4,4.389900000000002,0,0,0,0,2,0,0,0,1,0,0,0,3,2,0,1,0,0,0,0,0,3,0,0,1,0,2,0,2,0,0,0,0,0,0,0,0,0,0,0,0,0,0,0,0,0,0,0,0,0,0,0,0,0,0
COC(=O)/C=C/CNC(=O)Nc1cc2c(Nc3ccc(F)c(Cl)c3)ncnc2cc1O[C@H]1CCOC1,6.58,13.563806388169194,0.0341610684145645,-0.5357640805035515,0.301313652067764,15.13888888888889,515.9290000000002,0.3297066625251099,-0.4856669380375726,0.4856669380375726,0.3297066625251099,1.2777777777777777,2.138888888888889,3.376213209380757,1.61159012619243,1299.3725292873892,-3.959999999999999,151421612.75886384,6.374714563632147,30.160954673419138,29.815881914677668,0.0,0.0,0.0,12.000419800289922,0.0,23.94744645771288,0.0,0.0,17.676959997066398,24.26546827384644,36.18157569328243,36.55028177634452,28.19007827721861,51.69691994980565,0.0,15.284745645900747,0.0,12.524788010674312,37.50189508422861,59.651049785527576,5.749511833283905,20.687228765819043,26.3775875589488,5.749511833283905,11.600939890232516,54.940661106148575,14.26826309167192,5.817220841045895,6.4208216229260096,48.81119563074036,5.022633313741326,10.902924932081056,123.7,17.817640641335817,13.979489415818463,0.0,17.671356107402204,53.47965764451895,0.0,43.78825903509467,12.13273413692322,0.0,30.65518580771345,21.074665797832616,29.56190174858794,5.900891959361535,32.33749616471248,9.035298053041068,1.4536164896456465,-0.2308556712422584,7.073336585338909,4.592758075767601,1.1218330027851409,1.2648347031130531,0.25,3,10,0,1,1,2,2,1,3,1,0,8,3,12,2,8,0,1,1,0,0,8.134406715077956,4,4.184300000000002,0,0,0,0,2,0,0,0,2,0,0,0,2,3,0,0,0,0,0,0,0,3,0,0,1,1,3,0,2,0,0,0,0,0,0,1,0,0,0,0,0,0,0,0,0,0,0,0,0,0,0,0,0,0,1
C#CCNC(=O)Nc1cc2c(Nc3ccc(F)c(Cl)c3)ncnc2cc1O[C@H]1CCOC1,6.43,13.49826121047781,0.0181755357247221,-0.5213770286603012,0.4843079650420938,15.21875,455.8770000000002,0.3196012407509532,-0.4856669380304008,0.4856669380304008,0.3196012407509532,1.34375,2.21875,3.2865566642457824,1.7060274151257075,1194.1352232124596,-3.609999999999999,23681353.06191293,4.989854032629453,25.42409171961909,29.815881914677668,0.0,0.0,0.0,6.031114512338072,0.0,19.152909273641058,0.0,6.423349895620259,17.521374209088158,24.26546827384644,23.560799180535977,35.98524064097956,18.65867813934674,45.72761466185379,0.0,15.284745645900747,0.0,12.524788010674312,30.392097542951078,47.499009571859816,18.093296047759807,20.687228765819043,26.3775875589488,5.749511833283905,11.600939890232516,41.8615582769192,4.736862953800049,18.1610050555218,6.4208216229260096,36.65915541707259,5.022633313741326,10.902924932081056,97.40000000000002,11.848335353383966,9.184952231746642,0.0,17.671356107402204,47.05883602159295,6.4208216229260096,18.46005421168776,18.19910120538483,0.0,31.83875717276905,27.49801569345287,24.931925397331376,5.88126924792523,20.84642748426799,8.998887697765383,1.5363150264527137,2.711510199232026,7.185375746750009,7.203806506835943,1.1489271378837718,0.0,0.2272727272727272,3,8,0,1,1,2,2,1,3,1,0,6,3,10,2,6,0,1,1,0,0,6.539090831014639,4,4.088300000000002,0,0,0,0,2,0,0,0,1,0,0,0,2,3,0,0,0,0,0,0,0,3,0,0,1,0,2,0,2,0,0,0,0,0,0,0,0,0,0,0,0,0,0,0,0,0,0,0,0,0,1,0,0,0,1
O=C(Nc1cc2c(Nc3ccc(F)c(Cl)c3)ncnc2cc1O[C@H]1CCOC1)N1CCN(CCO)CC1,5.38,13.62362213307994,0.0093809128024089,-0.5142240859642231,0.4255629882122226,18.24324324324324,530.9880000000003,0.3215383330323261,-0.4856669372708913,0.4856669372708913,0.3215383330323261,1.2162162162162162,2.054054054054054,3.406237923442946,1.431932149296746,1267.405644902104,-3.25,352761417.0612709,6.01530612244898,30.113740241303944,29.815881914677668,0.0,0.0,0.0,6.031114512338072,4.899909730850478,19.152909273641058,0.0,0.0,11.600939890232516,24.26546827384644,56.28458121009884,36.04736619957991,23.765205534187444,45.72761466185379,0.0,19.76777650359537,0.0,12.524788010674312,63.17800513111428,47.499009571859816,5.749511833283905,15.370440161812713,26.3775875589488,5.749511833283905,11.600939890232516,89.55381272162411,4.736862953800049,5.817220841045895,6.4208216229260096,36.65915541707259,5.022633313741326,10.902924932081056,112.08,5.817220841045895,9.184952231746642,0.0,23.76459617834062,79.78261805115582,6.4208216229260096,18.46005421168776,23.09901093623531,0.0,25.50144398075756,26.18119319267332,25.278508114759408,5.9409094922650905,25.76980601145212,15.95454975455354,1.6468367487851938,0.4452985365751747,7.60765770513695,2.0403899183754395,4.260488162541527,0.0,0.4,3,10,0,2,2,2,2,1,3,1,0,8,3,12,3,7,0,2,2,0,0,7.845173925616326,5,3.4754000000000023,0,1,0,0,2,0,0,0,1,0,1,0,4,2,0,0,0,0,0,0,0,3,0,0,1,0,2,0,2,0,0,0,0,0,0,0,0,0,0,0,0,0,0,0,1,0,0,0,0,0,0,0,0,0,1
O=C(Nc1cc2c(Nc3ccc(F)c(Cl)c3)ncnc2cc1O[C@H]1CCOC1)N1CCC(CCO)CC1,5.53,13.626226299746609,0.0059795522581911,-0.5112611230012603,0.3966786138062971,18.24324324324324,530.0000000000003,0.3214479709056284,-0.4856669372709661,0.4856669372709661,0.3214479709056284,1.2162162162162162,2.054054054054054,3.406237923442946,1.431932149296746,1265.1907515046937,-3.21,352761417.0612709,6.031604934110707,30.113740241303944,29.815881914677668,0.0,0.0,0.0,6.031114512338072,0.0,19.152909273641058,0.0,0.0,11.600939890232516,49.44583918878587,43.25719395687404,29.44048423506699,23.765205534187444,45.72761466185379,0.0,14.867866772744897,5.917906046161393,31.78725287945234,43.543735913376565,47.499009571859816,5.749511833283905,15.370440161812713,26.3775875589488,5.749511833283905,11.600939890232516,65.01963377303588,4.736862953800049,11.735126887207288,25.68328649170404,36.65915541707259,5.022633313741326,10.902924932081056,108.84,5.817220841045895,14.291479626587348,0.0,23.76459617834062,66.06625487957949,25.68328649170404,18.46005421168776,23.09901093623531,0.0,20.60153424990708,21.074665797832616,25.2939723637306,5.943872455228053,23.72451154072791,16.031876394831116,1.6717384872583612,0.897498625149583,7.664262398040482,4.533229384095676,2.516816128715996,0.0,0.4230769230769231,3,9,0,2,2,2,2,1,3,1,0,7,3,11,3,7,0,2,2,0,0,7.874716020747043,5,4.9599000000000055,0,1,0,0,2,0,0,0,1,0,0,0,3,2,0,0,1,0,0,0,0,3,0,0,1,0,2,0,2,0,0,0,0,0,0,0,0,0,0,0,0,0,0,1,0,0,0,0,0,0,0,0,0,0,1
O=C(Nc1cc2c(Nc3ccc(F)c(Cl)c3)ncnc2cc1O[C@H]1CCOC1)N1CCC(N2CCCC2)CC1,5.8,13.675028838462865,0.0085969027110515,-0.4982342545514477,0.4198460209805616,20.46153846153846,555.0540000000002,0.3214495308391205,-0.485666937270966,0.485666937270966,0.3214495308391205,1.0769230769230769,1.8974358974358971,3.665766161209505,1.2520268518926556,1340.3680968175383,-3.21,1446629973.400844,5.875439138623708,29.907122577313714,29.815881914677668,0.0,0.0,0.0,6.031114512338072,0.0,19.152909273641058,0.0,0.0,11.600939890232516,63.03826757737562,42.69215282150908,29.44048423506699,18.65867813934674,45.72761466185379,0.0,19.76777650359537,0.0,44.24991533152631,50.0263667606888,47.499009571859816,5.749511833283905,15.370440161812713,26.3775875589488,5.749511833283905,11.600939890232516,77.33748778550586,4.736862953800049,5.817220841045895,32.10410811463005,36.65915541707259,5.022633313741326,10.902924932081056,91.85,5.817220841045895,9.184952231746642,0.0,17.157714213827703,66.19018966256606,19.26246486877803,44.391210269364926,6.06636706846161,17.0326438677737,25.50144398075756,21.074665797832616,25.435577107595464,5.972902190571416,26.658156757535263,6.96957814025139,1.755921356320136,0.5370716098259702,8.41560091609418,6.62337578349754,4.909593916086408,0.0,0.4642857142857143,2,9,0,3,3,2,2,1,3,1,0,7,2,11,4,6,0,3,3,0,0,7.672244422488339,6,5.425700000000005,0,0,0,0,2,0,0,0,1,0,0,0,4,2,0,0,2,0,0,0,0,3,0,0,1,0,2,0,2,0,0,0,0,0,0,0,0,0,0,0,0,0,0,1,0,0,0,0,0,0,0,0,0,0,1
O=C(Nc1cc2c(Nc3ccc(F)c(Cl)c3)ncnc2cc1O[C@H]1CCOC1)N1CCC2(CC1)OCCO2,5.29,13.649723901801156,0.0069461445732219,-0.5717921289218957,0.4765683317655436,20.68421052631579,543.9830000000004,0.3214540995979406,-0.4856669372709659,0.4856669372709659,0.3214540995979406,1.131578947368421,1.947368421052632,3.59851132830074,1.283176355062633,1339.0985424963285,-3.25,789285326.1752399,5.190836862845295,34.48093875406333,29.815881914677668,5.7871111525705965,0.0,0.0,6.031114512338072,0.0,19.152909273641058,0.0,0.0,11.600939890232516,24.26546827384644,49.49195523821314,42.65424816409282,28.13240404694684,45.72761466185379,0.0,14.867866772744897,0.0,31.153542409096925,50.15061787788948,47.499009571859816,5.749511833283905,15.370440161812713,26.3775875589488,5.749511833283905,11.600939890232516,72.30709949527869,14.210588861400147,5.817220841045895,19.26246486877803,36.65915541707259,5.022633313741326,10.902924932081056,107.07,11.60433199361649,9.184952231746642,0.0,17.157714213827703,86.20375600829597,6.4208216229260096,18.46005421168776,23.09901093623531,0.0,20.60153424990708,30.548391705432717,36.908372669013225,5.953682368897891,23.806779209145777,6.819142312520584,1.6528914636492595,-0.11969205224187,7.627942739553119,3.2743874310167387,3.270938302889712,0.0,0.4230769230769231,2,10,0,3,3,2,2,1,3,1,0,8,2,12,4,5,0,3,3,1,0,6.913932648661129,6,4.704400000000004,0,0,0,0,2,0,0,0,1,0,0,0,3,2,0,0,1,0,0,0,0,3,0,0,1,0,4,0,2,0,0,0,0,0,0,0,0,0,0,0,0,0,0,1,0,0,0,0,0,0,0,0,0,0,1
O=C(Nc1cc2c(Nc3ccc(F)c(Cl)c3)ncnc2cc1O[C@H]1CCOC1)N1CCCC(F)(F)C1,5.72,13.907133043834328,0.056374002213648,-2.9297100707919927,0.4544250023118218,19.33333333333333,521.9270000000004,0.3216549744301424,-0.4856669372707985,0.4856669372707985,0.3216549744301424,1.25,2.111111111111111,3.345344402022006,1.4888884063214314,1289.3319492044673,-3.31,162412610.19072846,5.413788937294751,25.00721284646324,29.815881914677668,0.0,0.0,5.922529168094576,6.031114512338072,0.0,27.9337393689907,0.0,0.0,11.600939890232516,30.68628989677245,36.52637720937456,35.98524064097956,27.439508234696383,45.72761466185379,0.0,14.867866772744897,0.0,31.288960424620907,36.93685394886365,47.499009571859816,5.749511833283905,15.370440161812713,35.15841765429844,5.749511833283905,11.600939890232516,59.22875358177684,4.736862953800049,5.817220841045895,19.26246486877803,36.65915541707259,5.022633313741326,10.902924932081056,88.61,24.31562092739112,17.96578232709628,0.0,36.20038562793779,47.79227136983539,4.899909730850478,24.52642128014937,12.13273413692322,0.0,20.60153424990708,21.074665797832616,52.85965640622103,5.896434588113464,22.60788650899434,6.266713219315358,1.2836774886424664,-2.773451128083216,6.765721788096353,1.7658206445174414,0.5219849286272096,0.0,0.375,2,8,0,2,2,2,2,1,3,1,0,6,2,12,3,5,0,2,2,0,0,6.760232677425606,5,5.596600000000004,0,0,0,0,2,0,0,0,1,0,0,0,3,2,0,0,1,0,2,0,0,3,0,0,1,0,2,0,4,0,0,0,0,0,0,0,0,0,0,0,0,0,0,1,0,0,0,0,0,0,0,0,0,0,1
O=C(Nc1cc2c(Nc3ccc(F)c(Cl)c3)ncnc2cc1O[C@H]1CCOC1)N1CCC(F)(F)CC1,5.28,13.578458576498925,0.0482482279065554,-2.7662365733663403,0.4544250023118218,19.33333333333333,521.9270000000004,0.3214546356307923,-0.4856669372709659,0.4856669372709659,0.3214546356307923,1.1944444444444444,2.0,3.350958171469893,1.4681216880033383,1279.3319492044675,-3.31,165622448.00816804,5.413788937294751,25.00721284646324,29.815881914677668,0.0,0.0,5.922529168094576,6.031114512338072,0.0,27.9337393689907,0.0,0.0,11.600939890232516,24.26546827384644,49.49195523821314,29.44048423506699,27.439508234696383,45.72761466185379,0.0,14.867866772744897,0.0,31.288960424620907,36.93685394886365,47.499009571859816,5.749511833283905,15.370440161812713,35.15841765429844,5.749511833283905,11.600939890232516,59.22875358177684,4.736862953800049,5.817220841045895,19.26246486877803,36.65915541707259,5.022633313741326,10.902924932081056,88.61,17.770864521478543,17.96578232709628,0.0,37.0577557591668,53.47965764451895,0.0,29.42633101099985,12.13273413692322,0.0,20.60153424990708,21.074665797832616,52.203085958442536,5.900456145810616,22.902950003400363,6.395827619336229,1.3765011390658086,-2.541585573772316,7.00713257096089,1.0814656018561477,0.8686109793441694,0.0,0.375,2,8,0,2,2,2,2,1,3,1,0,6,2,12,3,5,0,2,2,0,0,6.760232677425606,5,5.596600000000004,0,0,0,0,2,0,0,0,1,0,0,0,3,2,0,0,1,0,2,0,0,3,0,0,1,0,2,0,4,0,0,0,0,0,0,0,0,0,0,0,0,0,0,1,0,0,0,0,0,0,0,0,0,0,1
O=C(Nc1cc2c(Nc3ccc(F)c(Cl)c3)ncnc2cc1O[C@H]1CCOC1)N1CCC(F)CC1,5.74,13.57813305566559,0.0205252498264343,-0.8826610225367026,0.4909974794830881,18.6,503.9370000000004,0.3214509940428068,-0.485666937270966,0.485666937270966,0.3214509940428068,1.1714285714285717,2.0,3.356084250571658,1.4789180575368532,1233.2503029128698,-3.24,128360785.27545331,5.3813638691001335,25.00721284646324,35.98755731018796,0.0,0.0,0.0,6.031114512338072,0.0,23.54332432131588,0.0,0.0,11.600939890232516,37.107111519698464,36.650311992361125,29.44048423506699,23.04909318702156,45.72761466185379,0.0,14.867866772744897,0.0,31.53810665203662,36.93685394886365,47.499009571859816,5.749511833283905,15.370440161812713,30.768002606623615,5.749511833283905,11.600939890232516,59.47789980919255,4.736862953800049,5.817220841045895,19.26246486877803,36.65915541707259,5.022633313741326,10.902924932081056,88.61,11.988896236556188,13.575367279421462,0.0,17.157714213827703,72.98999207927012,6.4208216229260096,18.46005421168776,23.09901093623531,0.0,20.60153424990708,21.074665797832616,38.68763513787358,5.915276747662468,23.22390205249365,6.633290946519975,1.562163698053792,0.3774156940979865,7.397948140810534,1.7352198810275796,1.7449254792382152,0.0,0.375,2,8,0,2,2,2,2,1,3,1,0,6,2,11,3,5,0,2,2,0,0,6.827374739532688,5,5.299400000000004,0,0,0,0,2,0,0,0,1,0,0,0,3,2,0,0,1,0,1,0,0,3,0,0,1,0,2,0,3,0,0,0,0,0,0,0,0,0,0,0,0,0,0,1,0,0,0,0,0,0,0,0,0,0,1
CN1CCN(C(=O)Nc2cc3c(Nc4ccc(F)c(Cl)c4)ncnc3cc2O[C@H]2CCOC2)CC1,5.25,13.596290134673664,0.0027400562960147,-0.5033794266362575,0.5443068071423383,18.6,500.96200000000033,0.3215383298311253,-0.4856669372708913,0.4856669372708913,0.3215383298311253,1.2,2.0285714285714285,3.356084250571658,1.4789180575368523,1231.3501683829795,-3.2099999999999995,128360785.27545331,5.39314876123508,29.907122577313714,29.815881914677668,0.0,0.0,0.0,6.031114512338072,0.0,19.152909273641058,0.0,0.0,11.600939890232516,31.313140256523628,49.73982480418627,29.44048423506699,18.65867813934674,45.72761466185379,0.0,19.76777650359537,0.0,12.524788010674312,57.074038743365975,47.499009571859816,5.749511833283905,15.370440161812713,26.3775875589488,5.749511833283905,11.600939890232516,78.34331893903509,4.736862953800049,5.817220841045895,6.4208216229260096,36.65915541707259,5.022633313741326,10.902924932081056,91.85,5.817220841045895,9.184952231746642,0.0,17.157714213827703,60.14834883341809,19.51033443475116,18.46005421168776,23.099010936235302,7.04767198267719,25.501443980757557,21.074665797832616,25.244956751441208,5.9357512846995055,25.784423280587475,6.8484132858342335,1.716101695020011,0.5044677487352693,7.729975345110327,2.09678364554589,4.044855406788577,2.038716000681946,0.375,2,9,0,2,2,2,2,1,3,1,0,7,2,11,3,5,0,2,2,0,0,6.848214232252165,5,4.112900000000002,0,0,0,0,2,0,0,0,1,0,0,0,4,2,0,1,0,0,0,0,0,3,0,0,1,0,2,0,2,0,0,0,0,0,0,0,0,0,0,0,0,0,0,0,1,0,0,0,0,0,0,0,0,0,1
O=C(Nc1cc2c(Nc3ccc(F)c(Cl)c3)ncnc2cc1O[C@H]1CCOC1)N1CCC(F)(F)C1,5.51,13.647133043834328,0.0552451566598879,-2.9140850707919927,0.4928977221083113,19.2,507.9000000000004,0.3216584670288381,-0.4856669372707985,0.4856669372707985,0.3216584670288381,1.2571428571428571,2.1142857142857143,3.459329628836008,1.4925839953837583,1272.6256152475266,-3.31,105402795.30782272,5.201361705337091,25.00721284646324,29.815881914677668,0.0,0.0,5.922529168094576,6.031114512338072,0.0,27.9337393689907,0.0,0.0,11.600939890232516,24.26546827384644,36.52637720937456,35.98524064097956,27.439508234696383,45.72761466185379,0.0,14.867866772744897,0.0,24.868138801694897,36.93685394886365,47.499009571859816,5.749511833283905,15.370440161812713,35.15841765429844,5.749511833283905,11.600939890232516,59.22875358177684,4.736862953800049,5.817220841045895,12.84164324585202,36.65915541707259,5.022633313741326,10.902924932081056,88.61,24.31562092739112,17.96578232709628,0.0,29.77956400501178,47.79227136983539,4.899909730850478,24.52642128014937,12.13273413692322,0.0,20.60153424990708,21.074665797832616,52.27568553430745,5.884829649841858,22.39906534278681,6.227763025422885,1.2774520540241747,-2.76283770215729,6.736601601752037,1.4142472320615351,0.2416377064049873,0.0,0.3478260869565217,2,8,0,2,2,2,2,1,3,1,0,6,2,12,3,5,0,2,2,0,0,6.283264635265181,5,5.206500000000004,0,0,0,0,2,0,0,0,1,0,0,0,3,2,0,0,1,0,2,0,0,3,0,0,1,0,2,0,4,0,0,0,0,0,0,0,0,0,0,0,0,0,0,0,0,0,0,0,0,0,0,0,0,0,1
O=C(Nc1cc2c(Nc3ccc(F)c(Cl)c3)ncnc2cc1O[C@H]1CCOC1)N1CC(F)C1,5.67,13.523943240850777,0.0263907071204627,-1.00884505649848,0.5638233190105058,18.272727272727277,475.8830000000003,0.3216492776136215,-0.4856669372708057,0.4856669372708057,0.3216492776136215,1.2424242424242424,2.090909090909091,3.2780261373372275,1.49651922277552,1202.1100041556156,-3.24,36642471.10469665,4.620919936773958,25.00721284646324,35.98755731018796,0.0,0.0,0.0,6.031114512338072,0.0,23.54332432131588,0.0,0.0,11.600939890232516,24.26546827384644,23.560799180535977,42.52999704689213,23.04909318702156,45.72761466185379,0.0,14.867866772744897,0.0,18.69646340618461,36.93685394886365,47.499009571859816,5.749511833283905,15.370440161812713,30.768002606623615,5.749511833283905,11.600939890232516,59.47789980919255,4.736862953800049,5.817220841045895,6.4208216229260096,36.65915541707259,5.022633313741326,10.902924932081056,88.61,18.020010748894254,13.575367279421462,0.0,24.21611251331478,47.05883602159295,6.4208216229260096,29.42633101099985,12.13273413692322,0.0,20.60153424990708,21.074665797832616,38.20924573924875,5.888366434926263,22.564672933848943,6.476945367629302,1.5019215896192517,0.3322232126760238,7.21117929759862,0.9486940816842158,1.144529120546402,0.0,0.3181818181818182,2,8,0,2,2,2,2,1,3,1,0,6,2,11,3,5,0,2,2,0,0,5.858129074316709,5,4.519200000000003,0,0,0,0,2,0,0,0,1,0,0,0,3,2,0,0,1,0,1,0,0,3,0,0,1,0,2,0,3,0,0,0,0,0,0,0,0,0,0,0,0,0,0,0,0,0,0,0,0,0,0,0,0,0,1
COc1cc2c(Oc3ccc(NS(=O)(=O)c4cccc(-c5cnn(C)c5)c4)cc3F)ccnc2cc1OCCCN1CCN(C)CC1,7.08,15.302200680088058,0.0371949189051987,-4.005452027420415,0.1761750793558875,14.297872340425531,660.7719999999996,0.2614128045585731,-0.4928417284205577,0.4928417284205577,0.2614128045585731,0.9148936170212766,1.74468085106383,3.507483749794804,1.136266235006885,1977.504311453988,-4.719999999999999,41292009369.282295,7.644188431968822,24.010408323101103,5.749511833283905,23.065756340897607,0.0,10.023291153407584,0.0,14.387876320544482,12.808212032003755,5.098681808301038,0.0,12.13273413692322,55.43014750806985,75.24755099855123,36.013093545221125,27.018800893403903,26.6136023601722,0.0,24.564282726094387,7.04767198267719,11.316305098443785,58.2102283824826,85.07142224050124,34.12495031652961,18.93268372585224,10.077801322358384,22.99804733313562,0.0,86.47021322845384,17.070963136084774,5.817220841045895,6.4208216229260096,84.1496848749731,0.0,22.02982791547505,111.04999999999998,15.84051199445348,8.417796984328938,4.39041504767482,16.332381583485244,40.32179388814268,50.77442221264749,18.19910120538483,73.82800558470879,0.0,31.65224663807848,14.210588861400147,63.35964733701524,0.0,9.265984898760436,4.742335601232892,2.114626968367001,0.6043662855683152,15.531422942725708,5.893478761306864,5.75971792966005,1.4784192753634946,0.2941176470588235,1,11,0,1,1,0,3,2,5,0,0,9,1,13,3,12,0,1,1,0,0,9.568952892038546,6,5.392400000000005,0,0,0,0,3,0,0,0,0,0,0,0,5,1,0,1,0,0,0,0,0,1,1,0,1,0,3,0,1,0,0,0,0,0,0,1,0,0,0,0,0,0,0,0,1,0,0,1,1,0,0,0,0,0,0
COc1cc2c(Oc3ccc(NS(=O)(=O)c4cccc(-c5ccoc5)c4)cc3F)ccnc2cc1OCCCN1CCN(C)CC1,6.78,15.263225499285952,0.0301087511047453,-3.998729025719735,0.1574864985681324,14.326086956521738,646.7409999999996,0.2614128050315583,-0.4928417284205577,0.4928417284205577,0.2614128050315583,0.9347826086956522,1.7826086956521738,3.602794816531799,1.13653895228151,1910.9090603233385,-4.649999999999999,30587303539.892048,7.249137869754485,28.42755926015445,5.749511833283905,23.065756340897607,0.0,10.023291153407584,0.0,9.706073385399296,12.808212032003755,0.0,0.0,12.13273413692322,61.49651457653147,62.00303544426095,42.34257596488616,31.43595183045725,26.6136023601722,0.0,14.783797982648164,0.0,11.316305098443785,58.2102283824826,91.2704281570148,34.12495031652961,18.93268372585224,10.077801322358384,22.99804733313562,0.0,76.68972848500762,10.023291153407584,5.817220841045895,6.4208216229260096,94.76584172854004,0.0,22.02982791547505,106.37,15.84051199445348,8.417796984328938,4.39041504767482,16.332381583485244,40.32179388814268,50.77442221264749,36.79179426512456,49.704843523660266,0.0,26.553564829777443,18.627739798453494,66.6102105624292,0.0,9.252397382846134,0.6026111054762959,2.0583488508427585,0.598658348352793,17.182708391034346,5.485446127558566,5.759257017070721,-0.2996377856108188,0.2647058823529412,1,10,0,1,1,0,3,2,5,0,0,9,1,12,3,12,0,1,1,0,0,9.383461915919291,6,6.251900000000007,0,0,0,0,1,0,0,0,0,0,0,0,3,1,0,1,0,0,0,0,0,1,0,0,1,0,3,1,1,0,0,0,0,0,0,1,0,0,0,0,0,0,0,0,1,0,0,1,1,0,0,0,0,0,0
COc1cc2c(Oc3ccc(NS(=O)(=O)c4cccc(-c5ccsc5)c4)cc3F)ccnc2cc1OCCCN1CCN(C)CC1,7.03,15.274799573360028,0.070792065186755,-3.964715420277559,0.1473343828649823,14.326086956521738,662.8089999999995,0.2614127932475875,-0.4928417284205577,0.4928417284205577,0.2614127932475875,0.9347826086956522,1.7826086956521738,3.602794816531799,1.13653895228151,1912.8091948532283,-4.229999999999998,30587303539.892048,7.417964363870296,24.010408323101103,5.749511833283905,23.065756340897607,0.0,10.023291153407584,0.0,9.706073385399296,12.808212032003755,11.336785877934735,0.0,12.13273413692322,77.82009160916029,56.43958395256396,29.81624997360805,27.018800893403903,37.95038823810694,0.0,14.783797982648164,0.0,11.316305098443785,58.2102283824826,89.50422770666852,34.12495031652961,18.93268372585224,10.077801322358384,22.99804733313562,11.336785877934735,76.68972848500762,10.023291153407584,5.817220841045895,6.4208216229260096,88.5824903411404,0.0,22.02982791547505,93.23,15.84051199445348,8.417796984328938,4.39041504767482,16.332381583485244,34.758342396445684,56.33787370434448,29.53588708331957,43.638476455198656,22.89285967785505,26.553564829777443,14.210588861400147,61.62048897743371,1.527876148952859,9.310076773678308,4.48042749121497,2.37478725104852,0.643420974079846,17.648329086069367,2.458660188720874,5.777987580278556,-0.2587211381436822,0.2647058823529412,1,9,0,1,1,0,3,2,5,0,0,9,1,12,3,12,0,1,1,0,0,9.687913418055158,6,6.720400000000008,0,0,0,0,1,0,0,0,0,0,0,0,3,1,0,1,0,0,0,0,0,1,0,0,1,0,3,0,1,0,0,0,0,0,0,1,0,0,0,0,0,0,0,0,1,0,0,1,1,0,0,0,1,0,0
COc1cc2c(Oc3ccc(NS(=O)(=O)c4cc(-c5ccsc5)ccc4F)cc3F)ccnc2cc1OCCCN1CCN(C)CC1,6.24,15.28000790669336,0.0918005274058373,-4.370386716573854,0.1430487371436769,14.297872340425531,680.7989999999995,0.2643366059491103,-0.4928417284205577,0.4928417284205577,0.2643366059491103,0.8936170212765957,1.7234042553191489,3.600945158203356,1.1494107511512308,1967.514086458315,-4.299999999999998,43848494315.84278,7.648171189381482,24.010408323101103,16.462216149847574,23.065756340897607,0.0,10.023291153407584,0.0,9.706073385399296,17.198627079678577,11.336785877934735,0.0,6.06636706846161,77.82009160916029,56.43958395256396,24.92076649809028,31.409215941078727,37.95038823810694,0.0,14.783797982648164,0.0,11.316305098443785,58.2102283824826,89.25508147925281,34.12495031652961,18.93268372585224,14.468216370033202,22.99804733313562,11.336785877934735,76.68972848500762,10.023291153407584,11.63444168209179,6.4208216229260096,82.51612327267878,0.0,22.02982791547505,93.23,26.55321631101715,12.808212032003755,4.39041504767482,11.436898107967467,40.32179388814268,56.840789281109096,35.60225415178118,31.50574231827544,16.82649260939344,26.553564829777443,14.210588861400147,75.93803707232915,1.4383247033746276,8.641438497072949,4.239063831425986,1.7819415355104968,-0.5477791380153398,14.361882778275248,2.406563719098231,5.686662000831056,-0.6961349999024153,0.2647058823529412,1,9,0,1,1,0,3,2,5,0,0,9,1,13,3,12,0,1,1,0,0,9.87244416461181,6,6.859500000000007,0,0,0,0,1,0,0,0,0,0,0,0,3,1,0,1,0,0,0,0,0,1,0,0,1,0,3,0,2,0,0,0,0,0,0,1,0,0,0,0,0,0,0,0,1,0,0,1,1,0,0,0,1,0,0
COc1cc2c(Oc3ccc(NS(=O)(=O)c4ccc(-c5cnn(C)c5)cc4)cc3F)ccnc2cc1OCCCN1CCN(C)CC1,5.36,15.258395985986716,0.0430164419588647,-3.9691185812332974,0.1761750793558875,14.297872340425531,660.7719999999996,0.2613912339417545,-0.4928417284205577,0.4928417284205577,0.2613912339417545,0.8936170212765957,1.680851063829787,3.506481756009526,1.1187876228840623,1960.2543114539876,-4.719999999999999,41449381334.8122,7.644188431968822,24.010408323101103,5.749511833283905,23.065756340897607,0.0,10.023291153407584,0.0,14.387876320544482,12.808212032003755,5.098681808301038,0.0,12.13273413692322,55.43014750806985,75.24755099855123,36.013093545221125,27.018800893403903,26.6136023601722,0.0,24.564282726094387,7.04767198267719,11.316305098443785,58.2102283824826,85.07142224050122,34.12495031652961,18.93268372585224,10.077801322358384,22.99804733313562,0.0,86.47021322845384,17.070963136084774,5.817220841045895,6.4208216229260096,84.14968487497312,0.0,22.02982791547505,111.04999999999998,15.84051199445348,8.417796984328938,4.39041504767482,16.332381583485244,34.758342396445684,56.33787370434448,24.26546827384644,61.56479494463411,6.196843571613076,31.65224663807848,14.210588861400147,63.052771994863214,0.0,9.269307802542722,4.743213098803472,2.341024442969505,0.611927064829985,15.445228156263765,5.984916905721487,5.7627553123798965,1.5388552216259543,0.2941176470588235,1,11,0,1,1,0,3,2,5,0,0,9,1,13,3,12,0,1,1,0,0,9.568952892038546,6,5.392400000000005,0,0,0,0,3,0,0,0,0,0,0,0,5,1,0,1,0,0,0,0,0,1,1,0,1,0,3,0,1,0,0,0,0,0,0,1,0,0,0,0,0,0,0,0,1,0,0,1,1,0,0,0,0,0,0
COc1cc2c(Oc3ccc(NS(=O)(=O)c4ccc(-c5ccsc5)cc4)cc3F)ccnc2cc1OCCCN1CCN(C)CC1,5.92,15.234687094145956,0.0705892328759565,-3.9375149289699247,0.1473343828649823,14.326086956521738,662.8089999999995,0.2613912338571734,-0.4928417284205577,0.4928417284205577,0.2613912338571734,0.9130434782608696,1.7173913043478262,3.6017406215724117,1.1211341975613132,1895.5591948532283,-4.229999999999998,30702470467.15561,7.417964363870296,24.010408323101103,5.749511833283905,23.065756340897607,0.0,10.023291153407584,0.0,9.706073385399296,12.808212032003755,11.336785877934735,0.0,12.13273413692322,77.82009160916029,56.43958395256396,29.81624997360805,27.018800893403903,37.95038823810694,0.0,14.783797982648164,0.0,11.316305098443785,58.2102283824826,89.50422770666852,34.12495031652961,18.93268372585224,10.077801322358384,22.99804733313562,11.336785877934735,76.68972848500762,10.023291153407584,5.817220841045895,6.4208216229260096,88.5824903411404,0.0,22.02982791547505,93.23,15.84051199445348,8.417796984328938,4.39041504767482,16.332381583485244,34.758342396445684,56.33787370434448,24.26546827384644,54.975262333133394,16.82649260939344,26.553564829777443,14.210588861400147,61.29803179871107,1.56587310862331,9.302782228389212,4.558733754743468,2.597224609001336,0.6456818861497748,17.608968321999566,2.458434819482121,5.779543389377055,-0.2319405831435954,0.2647058823529412,1,9,0,1,1,0,3,2,5,0,0,9,1,12,3,12,0,1,1,0,0,9.687913418055158,6,6.720400000000008,0,0,0,0,1,0,0,0,0,0,0,0,3,1,0,1,0,0,0,0,0,1,0,0,1,0,3,0,1,0,0,0,0,0,0,1,0,0,0,0,0,0,0,0,1,0,0,1,1,0,0,0,1,0,0
COc1cc2c(Oc3ccc(NS(=O)(=O)c4cccc(-c5cccs5)c4)cc3F)ccnc2cc1OCCCN1CCN(C)CC1,5.98,15.27501957642094,0.0709809913951431,-3.963487151192147,0.1473343828649823,14.326086956521738,662.8089999999995,0.2614132833957396,-0.4928417284205577,0.4928417284205577,0.2614132833957396,0.9347826086956522,1.7826086956521738,3.602794816531799,1.13653895228151,1912.8091948532283,-4.229999999999998,30587303539.892048,7.417964363870296,24.010408323101103,5.749511833283905,23.065756340897607,0.0,10.023291153407584,0.0,9.706073385399296,12.808212032003755,0.0,11.336785877934735,18.19910120538483,66.87657734699738,61.316731146265255,29.81624997360805,27.018800893403903,37.95038823810694,0.0,14.783797982648164,0.0,11.316305098443785,58.2102283824826,90.19053200466422,33.43864601853392,18.93268372585224,10.077801322358384,22.99804733313562,11.336785877934735,76.68972848500762,10.023291153407584,5.817220841045895,6.4208216229260096,89.2687946391361,0.0,21.343523617479352,93.23,15.84051199445348,8.417796984328938,4.39041504767482,16.332381583485244,34.758342396445684,55.651569406348784,29.53588708331957,43.638476455198656,23.579163975850747,26.553564829777443,14.210588861400147,61.623386796992456,1.5165651530577853,10.262532179261314,2.536787656013362,1.456378886571393,0.6442027248714215,19.563950575847787,2.4587886255122573,5.778162956850664,-0.2574222216451138,0.2647058823529412,1,9,0,1,1,0,3,2,5,0,0,9,1,12,3,12,0,1,1,0,0,9.687913418055158,6,6.720400000000008,0,0,0,0,1,0,0,0,0,0,0,0,3,1,0,1,0,0,0,0,0,1,0,0,1,0,3,0,1,0,0,0,0,0,0,1,0,0,0,0,0,0,0,0,1,0,0,1,1,0,0,0,1,0,0
COc1cc2c(Oc3ccc(NS(=O)(=O)c4cccc(-c5ccco5)c4)cc3F)ccnc2cc1OCCCN1CCN(C)CC1,5.72,15.261245471737745,0.011775417771412,-4.009783447488443,0.1574864985681324,14.326086956521738,646.7409999999996,0.2614147777578725,-0.4928417284205577,0.4928417284205577,0.2614147777578725,0.9347826086956522,1.7826086956521738,3.602794816531799,1.13653895228151,1910.9090603233385,-4.649999999999999,30587303539.892048,7.249137869754485,28.42755926015445,11.509759252158346,23.065756340897607,0.0,10.023291153407584,0.0,9.706073385399296,12.808212032003755,0.0,0.0,12.13273413692322,61.99943015329608,62.00303544426095,36.0794129692471,31.43595183045725,26.6136023601722,0.0,14.783797982648164,0.0,11.316305098443785,58.2102283824826,91.07363222983736,34.32174624370706,18.93268372585224,10.077801322358384,22.99804733313562,0.0,76.68972848500762,10.023291153407584,5.817220841045895,6.4208216229260096,94.5690458013626,0.0,22.226623842652494,106.37,15.84051199445348,8.417796984328938,4.39041504767482,16.332381583485244,46.08204130701712,45.21097072095049,30.528631269485498,55.77121059212188,0.0,26.553564829777443,18.627739798453494,66.8568280580819,0.0,9.23295028604137,0.6016247109184727,1.237744627312134,1.1252505416110856,18.792043753705357,3.957207428505862,5.757678627921756,-0.3113280340979347,0.2647058823529412,1,10,0,1,1,0,3,2,5,0,0,9,1,12,3,12,0,1,1,0,0,9.383461915919291,6,6.251900000000007,0,0,0,0,1,0,0,0,0,0,0,0,3,1,0,1,0,0,0,0,0,1,0,0,1,0,3,1,1,0,0,0,0,0,0,1,0,0,0,0,0,0,0,0,1,0,0,1,1,0,0,0,0,0,0
COc1cc2c(Oc3ccc(NS(=O)(=O)c4cccc(-c5ccoc5)c4)cc3F)ccnc2cc1OCCCN1CCOCC1,5.54,15.239516669348747,0.0273960957946872,-4.000022487548911,0.1574335826765913,13.911111111111111,633.6979999999998,0.2614128050315583,-0.4928417284205577,0.4928417284205577,0.2614128050315583,0.9555555555555556,1.8222222222222224,3.599572338086061,1.15018285075967,1877.3554608687216,-4.649999999999999,21525443517.64345,7.194491939571608,23.364602752253543,5.749511833283905,23.065756340897607,0.0,10.023291153407584,0.0,14.605983116249774,12.808212032003755,0.0,0.0,12.13273413692322,54.44884259385428,48.91352263243581,55.55633989391199,36.1728147842573,26.6136023601722,0.0,9.883888251797686,0.0,11.316305098443785,51.286807517006096,91.2704281570148,34.12495031652961,18.93268372585224,10.077801322358384,22.99804733313562,0.0,64.86639788868062,14.760154107207631,5.817220841045895,6.4208216229260096,94.76584172854004,0.0,22.02982791547505,112.36,15.84051199445348,8.417796984328938,4.39041504767482,16.332381583485244,40.32179388814268,50.89867332984817,36.79179426512456,49.704843523660266,0.0,14.605983116249774,23.364602752253543,71.86680122747845,0.0,6.808893510388248,0.5941668253974006,2.0402330344652397,0.5539823689355377,17.117380585231142,5.440488867968339,4.780623938839428,-2.452570358703784,0.2424242424242424,1,10,0,1,1,0,3,2,5,0,0,9,1,12,3,12,0,1,1,0,0,9.148506591287752,6,6.336700000000007,0,0,0,0,1,0,0,0,0,0,0,0,2,1,0,0,0,0,0,0,0,1,0,0,1,0,4,1,1,0,0,0,0,0,0,1,1,0,0,0,0,0,0,0,0,0,0,1,1,0,0,0,0,0,0
COc1cc2c(Oc3ccc(NS(=O)(=O)c4cccc(-c5cnn(C)c5)c4)cc3F)ccnc2cc1OCCCN1CCOCC1,5.71,15.278491850150854,0.0344822635951407,-4.006745489249592,0.1758741261277617,13.891304347826088,647.7289999999997,0.2614128045585731,-0.4928417284205577,0.4928417284205577,0.2614128045585731,0.9782608695652174,1.826086956521739,3.504321888858018,1.1493894186895506,1944.6920558819877,-4.719999999999999,29058546026.7288,7.221160105214476,18.9474518152002,5.749511833283905,23.065756340897607,0.0,10.023291153407584,0.0,19.28778605139496,12.808212032003755,5.098681808301038,0.0,12.13273413692322,48.38247552539266,62.15803818672608,49.22685747424696,31.755663847203955,26.6136023601722,0.0,19.66437299524391,7.04767198267719,11.316305098443785,51.286807517006096,85.07142224050124,34.12495031652961,18.93268372585224,10.077801322358384,22.99804733313562,0.0,74.64688263212686,21.807826089884824,5.817220841045895,6.4208216229260096,84.1496848749731,0.0,22.02982791547505,117.04,15.84051199445348,8.417796984328938,4.39041504767482,16.332381583485244,40.32179388814268,50.89867332984817,24.26546827384644,67.76163851624719,0.0,19.70466492455081,18.9474518152002,68.62109287337233,0.0,6.821741381332139,4.730300644130271,2.096511151989482,0.5596903061510599,15.468495136922506,5.84834043662788,4.781084851428757,-0.6772567819544366,0.2727272727272727,1,11,0,1,1,0,3,2,5,0,0,9,1,13,3,12,0,1,1,0,0,9.333285152181396,6,5.477200000000005,0,0,0,0,3,0,0,0,0,0,0,0,4,1,0,0,0,0,0,0,0,1,1,0,1,0,4,0,1,0,0,0,0,0,0,1,1,0,0,0,0,0,0,0,0,0,0,1,1,0,0,0,0,0,0
C=CC(=O)Nc1cccc(Oc2nccc(Nc3cc(C)[nH]n3)n2)c1,5.75,11.359356907630303,0.1707915511883773,-0.2973209471530591,0.5972280054560112,10.12,336.355,0.3233968177659834,-0.4241757090009125,0.4241757090009125,0.3233968177659834,1.28,2.16,3.0002324426036218,1.7224884427733362,905.4135470273112,-3.68,622140.2002280575,4.411107318824906,15.37044016181271,11.567374611118932,5.817862777835028,5.907179729351506,0.0,6.010464839586836,9.89321899237286,4.9839785209472085,10.082660329248244,0.0,12.645302752060108,31.198858511909336,29.71089197806832,0.0,9.53140013787187,23.23029155970513,0.0,20.16532065849649,0.0,6.923737199690624,10.633577208012662,60.94392976766357,11.759976672870742,15.37044016181271,17.323111830353618,11.759976672870742,0.0,26.072500387848,4.794537184071822,6.923737199690624,5.693927994848461,55.25000177281511,0.0,0.0,104.82,0.0,4.794537184071822,0.0,11.917644568938345,23.072623663637525,5.693927994848461,6.076020106833881,36.52867891392113,12.990104268152232,37.37783355010765,4.736862953800049,5.650231481481481,0.0,19.7200744214877,12.644269473156385,1.523234638437561,1.395758417718646,10.636733677512378,2.7738705491040307,5.322494007768491,0.0,0.0588235294117647,3,8,0,0,0,1,1,2,3,0,0,6,3,8,2,6,0,0,0,0,0,4.701460052105619,3,3.16852,0,0,0,0,4,1,0,0,1,0,0,0,3,3,0,0,0,0,0,0,0,3,1,0,0,0,1,0,0,0,0,0,0,0,0,0,0,0,0,0,0,0,0,0,0,0,0,0,0,0,0,0,0,0,0
C=CC(=O)Nc1cccc(Oc2nc(Nc3cc[nH]n3)cc(N3CCN(C)CC3)n2)c1,5.7,11.569299725108085,0.1959824053078025,-0.2954141915730324,0.5003822437838286,14.161290322580646,420.47700000000026,0.3254333940540976,-0.4241241208076994,0.4241241208076994,0.3254333940540976,1.1612903225806452,2.0,3.2702706028839272,1.594776958108689,1045.2931124734607,-3.92,15956395.893168138,5.367335264510948,25.170259623513665,17.38523738895396,5.817862777835028,5.907179729351506,0.0,6.010464839586836,9.89321899237286,0.0,15.066638850195451,0.0,12.645302752060108,25.256426226434293,56.262356675331766,0.0,9.53140013787187,29.048154337540154,0.0,25.06523038934697,0.0,0.0,48.76018454519063,55.25000177281511,11.759976672870742,20.270349892663187,23.14097460818865,11.759976672870742,0.0,64.19910772502595,4.794537184071822,0.0,0.0,55.25000177281511,0.0,0.0,111.29999999999998,0.0,4.794537184071822,0.0,11.917644568938345,23.072623663637525,31.99688840148533,6.076020106833881,30.46231184545952,12.13273413692322,54.2253249944858,4.736862953800049,5.942037745653816,0.0,25.144483615866957,12.764023229801376,0.5902717728633138,2.191266149693209,10.907739981013272,2.938997885122559,7.082146025299903,2.1057002613522657,0.238095238095238,3,10,0,1,1,1,1,2,3,0,0,8,3,10,3,7,0,1,1,0,0,6.083558176765375,4,2.6119000000000003,0,0,0,0,4,1,0,0,1,0,0,0,5,3,0,1,0,0,0,0,0,4,0,0,0,0,1,0,0,0,0,0,0,0,0,0,0,0,0,0,0,0,0,0,1,0,0,0,0,0,0,0,0,0,0
Cc1cc(Nc2cc(N3CCN(C)CC3)nc(Oc3ccc(NC(=O)/C=C/CN(C)C)cc3)n2)n[nH]1,5.75,12.077370079826236,0.1823624352413615,-0.1823624352413615,0.3887850599949891,14.416666666666666,491.60000000000014,0.3254321701081147,-0.4242032709085652,0.4242032709085652,0.3254321701081147,1.1111111111111112,1.8611111111111112,3.24473610229601,1.476143702004891,1182.4954928910654,-3.96,127961801.05591674,7.26775794831119,30.070169354364143,17.38523738895396,5.817862777835028,5.907179729351506,0.0,6.010464839586836,9.89321899237286,0.0,15.066638850195456,0.0,6.076020106833881,52.33222142156863,62.313850542852,0.0,9.53140013787187,29.04815433754015,0.0,29.965140120197447,0.0,6.923737199690624,69.40028491645758,54.24417061928588,11.759976672870742,20.270349892663187,23.14097460818865,11.759976672870742,0.0,89.73911782714339,4.794537184071822,6.923737199690624,5.693927994848461,48.55024262443742,0.0,0.0,114.54,0.0,4.794537184071822,0.0,11.917644568938345,29.617380069550094,37.690816396333794,6.076020106833881,24.26546827384644,44.127745139652575,47.6463893108873,4.736862953800049,6.006033787941255,0.0,27.777485996190972,13.224799488945386,1.6184335803635457,2.4283032039414065,11.14507217448671,3.33821510586682,6.284895600855809,6.010094394741425,0.36,3,11,0,1,1,1,1,2,3,0,0,9,3,11,3,9,0,1,1,0,0,8.134406715077956,4,2.85212,0,0,0,0,4,1,0,0,1,0,0,0,6,3,0,2,0,0,0,0,0,4,1,0,0,0,1,0,0,0,0,0,0,0,0,0,0,0,0,0,0,0,0,0,1,0,0,0,0,0,0,0,0,0,0
Cc1cc(Nc2cc(N3CCN(C)CC3)nc(Oc3ccc(NC(=O)/C=C/C(F)(F)F)cc3)n2)n[nH]1,5.68,12.220883493120056,0.1028535370887466,-4.558138134434998,0.4180589917900083,14.75,502.501,0.4094542465263395,-0.4242032709085652,0.4242032709085652,0.4094542465263395,1.0833333333333333,1.805555555555556,3.2305245334002683,1.4956682437834348,1218.8419058558893,-4.13,101715106.62561256,7.183576461787308,25.170259623513665,17.38523738895396,5.817862777835028,5.907179729351506,0.0,12.186763357030312,9.89321899237286,0.0,28.237883993219917,0.0,0.0,38.23687745621425,61.8451142437733,0.0,22.702645280896327,29.04815433754015,0.0,25.06523038934697,0.0,13.100035717134098,48.76018454519063,54.24417061928588,11.759976672870742,20.270349892663187,36.31221975121311,11.759976672870742,0.0,70.37540624246945,4.794537184071822,6.923737199690624,5.693927994848461,48.55024262443742,0.0,0.0,111.29999999999998,12.08347824679498,17.96578232709628,0.0,12.086484946420718,34.966506548306434,31.87295361849876,12.13273413692322,12.13273413692322,19.056471336613843,47.6463893108873,4.736862953800049,42.52638399181933,0.0,25.04183361498443,12.549049042299051,1.1999409157694392,1.2866190156037642,9.892493906603171,-4.254645250790399,5.2747465472294826,2.0669115498150648,0.3043478260869565,3,10,0,1,1,1,1,2,3,0,0,8,3,13,3,7,0,1,1,0,0,7.3846943776823775,4,3.852820000000002,0,0,0,0,4,1,0,0,1,0,0,0,5,3,0,1,0,0,3,1,0,4,1,0,0,0,1,0,3,0,0,0,0,0,0,0,0,0,0,0,0,0,0,0,1,0,0,0,0,0,0,0,0,0,0
C=CC(=O)Nc1cccc(Oc2nc(Nc3n[nH]c4ccccc34)cc(N3CCN(C)CC3)n2)c1,6.3,11.66245869049404,0.1907097715629466,-0.2979822187839167,0.3502309325186757,14.028571428571428,470.53700000000026,0.3254333961539812,-0.4241241208021933,0.4241241208021933,0.3254333961539812,1.0857142857142856,1.9142857142857144,3.269947468650219,1.4540940764214263,1360.6030124785495,-4.44,137976911.4559518,5.223781059672318,25.170259623513665,17.38523738895396,5.817862777835028,5.907179729351506,0.0,6.010464839586836,9.89321899237286,0.0,15.066638850195451,0.0,24.778036888983326,37.38916036335751,49.38537024972187,5.516700717616262,9.53140013787187,39.95107926962122,0.0,25.06523038934697,0.0,0.0,48.76018454519063,67.25225940658687,11.759976672870742,20.270349892663187,23.14097460818865,11.759976672870742,0.0,64.19910772502595,4.794537184071822,0.0,0.0,67.25225940658687,0.0,10.902924932081056,111.3,0.0,4.794537184071822,0.0,11.917644568938345,23.072623663637525,42.89981333356639,6.076020106833881,24.26546827384644,30.33183534230805,54.2253249944858,4.736862953800049,6.029523337112622,0.0,25.4248808992921,14.420236334736938,1.5158984987064554,2.203057761527209,17.0199919194158,1.2151352861981817,7.0605060659069805,2.11076989710372,0.2,3,10,0,1,1,1,2,2,4,0,0,8,3,10,3,7,0,1,1,0,0,6.270539932653359,5,3.765100000000002,0,0,0,0,4,1,0,0,1,0,0,0,5,3,0,1,0,0,0,0,0,4,0,0,1,0,1,0,0,0,0,0,0,0,0,0,0,0,0,0,0,0,1,0,1,0,0,0,0,0,0,0,0,0,0
CN(C)C/C=C/C(=O)Nc1cccc(Oc2nc(Nc3n[nH]c4ccccc34)cc(N3CCN(C)CC3)n2)c1,5.44,12.28792921203599,0.1973376666756903,-0.2083062928579908,0.2804003101814477,14.307692307692308,527.6330000000003,0.3254333961539812,-0.4241241208021837,0.4241241208021837,0.3254333961539812,1.0769230769230769,1.8974358974358971,3.314346660516139,1.379222826048749,1458.4583423554798,-4.48,801779685.7859279,6.890597793053405,30.070169354364143,17.38523738895396,5.817862777835028,5.907179729351506,0.0,6.010464839586836,9.89321899237286,0.0,15.066638850195451,0.0,24.27512131221871,45.408484221878005,62.006146762468326,5.516700717616262,9.53140013787187,39.95107926962122,0.0,29.965140120197447,0.0,0.0,69.40028491645757,66.74934382982225,11.759976672870742,20.270349892663187,23.14097460818865,11.759976672870742,0.0,89.7391178271434,4.794537184071822,0.0,0.0,66.74934382982225,0.0,10.902924932081056,114.54,0.0,4.794537184071822,0.0,11.917644568938345,29.617380069550094,42.89981333356639,6.076020106833881,12.13273413692322,67.53584328227001,42.66241078994009,9.720841474747257,6.109633083567065,0.0,28.12738742676357,14.614886939811928,1.545193210985884,2.3157422223028847,17.18517875499289,3.3306785650835007,4.262449834589847,6.008849961902433,0.2857142857142857,3,11,0,1,1,1,2,2,4,0,0,9,3,11,3,9,0,1,1,0,0,7.993464167994555,5,3.696900000000002,0,0,0,0,4,1,0,0,1,0,0,0,6,3,0,2,0,0,0,0,0,4,0,0,1,0,1,0,0,0,0,0,0,0,0,0,0,0,0,0,0,0,1,0,1,0,0,0,0,0,0,0,0,0,0
C=CC(=O)Nc1cccc(Oc2nc(Nc3n[nH]c4ccc(Br)cc34)cc(N3CCN(C)CC3)n2)c1,6.4,11.680541734475524,0.1825436192995722,-0.3010963533266226,0.2887110355519037,14.0,549.4330000000001,0.3254333961540076,-0.4241241208021933,0.4241241208021933,0.3254333961540076,1.1388888888888888,1.9722222222222223,3.2570878831799845,1.4640552627596684,1414.4639234920655,-3.96,193342026.55236563,5.47223251806438,25.170259623513665,17.38523738895396,5.817862777835028,5.907179729351506,0.0,6.010464839586836,9.89321899237286,0.0,15.066638850195451,0.0,28.57524665000945,43.45552743181912,53.85808976555428,5.516700717616262,9.53140013787187,55.88102316757056,0.0,25.06523038934697,0.0,0.0,48.76018454519063,65.65861185395768,11.759976672870742,20.270349892663187,23.14097460818865,11.759976672870742,15.929943897949348,64.19910772502595,4.794537184071822,0.0,0.0,65.65861185395768,0.0,10.902924932081056,111.3,0.0,4.794537184071822,0.0,11.917644568938345,23.072623663637525,47.3725328493988,6.076020106833881,24.26546827384644,24.26546827384644,70.15526889243515,4.736862953800049,6.99272433569789,3.5217493174174224,25.45478031202924,14.423317470379889,1.489303057111014,2.150808055732229,15.024554043492612,1.213687080179663,7.036827241547466,2.1089157530792457,0.2,3,10,0,1,1,1,2,2,4,0,0,8,3,11,3,7,0,1,1,0,0,6.828272755232783,5,4.527600000000003,0,0,0,0,4,1,0,0,1,0,0,0,5,3,0,1,0,0,0,0,0,4,0,0,1,0,1,0,1,0,0,0,0,0,0,0,0,0,0,0,0,0,0,0,1,0,0,0,0,0,0,0,0,0,0
C=CC(=O)Nc1cccc(Oc2nc(Nc3n[nH]c4ccccc34)cc(N3CCN(C(C)=O)CC3)n2)c1,6.22,11.76210563244921,0.0579194649022742,-0.321466723696993,0.3293218698105202,13.324324324324325,498.5470000000003,0.3254334007760138,-0.4241241207899505,0.4241241207899505,0.3254334007760138,1.054054054054054,1.864864864864865,3.3113242249583985,1.4443205479495451,1459.246373004885,-4.93,337428110.7917842,5.503670241647031,25.170259623513665,17.38523738895396,5.817862777835028,11.814359458703011,0.0,6.010464839586836,14.68775617644468,0.0,15.066638850195451,0.0,24.778036888983326,30.34148838068032,56.3091074494125,5.516700717616262,14.325937321943693,45.85825899897272,0.0,25.06523038934697,0.0,6.923737199690624,41.71251256251344,67.25225940658687,11.759976672870742,20.270349892663187,23.14097460818865,11.759976672870742,0.0,63.05861547170028,9.589074368143644,0.0,6.923737199690624,67.25225940658687,0.0,10.902924932081056,128.37,0.0,9.589074368143644,0.0,17.824824298289847,55.06951206512285,10.902924932081056,6.076020106833881,31.189205473537065,35.23174507315853,42.27774328095813,4.736862953800049,6.013638563450071,0.0,36.54426443287089,14.289886416846503,1.453466984351864,1.9793579626899096,16.67430736109457,1.197085517679663,7.514659427683188,0.0,0.1923076923076923,3,11,0,1,1,2,2,2,4,0,0,8,3,11,3,7,0,1,1,0,0,6.663776334800461,5,3.6818000000000017,0,0,0,0,4,1,0,0,2,0,0,0,5,3,0,0,0,0,0,0,0,4,0,0,1,0,1,0,0,0,0,0,0,0,0,0,0,0,0,0,0,0,1,0,1,0,0,0,0,0,0,0,0,0,0
C=CC(=O)Nc1cc(Nc2nccc(-c3cn(C)c4ccccc34)n2)c(OC)cc1N1CCN(C)CC1,9.0,12.26874426419725,0.2771320252115847,-0.2771320252115847,0.3689683342962018,13.972972972972974,497.6030000000004,0.247322235860723,-0.4944952208520902,0.4944952208520902,0.247322235860723,1.0810810810810811,1.864864864864865,3.258732447654047,1.5075264440418343,1454.4454959023738,-4.37,320009611.9483939,4.985808706309025,29.73735927130502,5.749511833283905,0.0,11.855519010338,0.0,0.0,4.794537184071822,9.967957041894415,0.0,0.0,24.778036888983326,31.322793294895902,68.1531282417933,29.86588436017668,9.53140013787187,39.82060276646975,0.0,19.43496642053625,7.04767198267719,0.0,55.86998208646816,67.5132124128898,17.00689131982936,20.27034989266319,23.01049810503718,5.749511833283905,0.0,65.67864129749276,11.842209166749011,0.0,0.0,67.5132124128898,0.0,22.16030441862652,87.55,0.0,4.794537184071822,0.0,5.907179729351506,23.07262366363752,54.02671631696037,6.076020106833881,13.30664111289061,37.37950732498524,61.94066021326417,9.720841474747257,7.832813151078877,0.0,26.04479970826319,7.377678408907839,5.18579153685171,0.780064986564251,13.941135419033458,5.074308160148292,7.166771723766083,5.763303572052965,0.25,2,9,0,1,1,1,2,2,4,0,0,7,2,9,3,7,0,1,1,0,0,6.784494392124999,5,4.2638000000000025,0,0,0,0,3,0,0,0,1,0,0,0,5,2,0,1,0,0,0,0,0,4,1,0,1,0,1,0,0,0,0,0,0,0,0,1,0,0,0,0,0,0,1,0,1,0,0,0,0,0,0,0,0,0,0
C=CC(=O)Nc1cccc(Nc2nc(Nc3ccc(N4CCN(C(C)=O)CC4)cc3OC)ncc2C(F)(F)F)c1,8.7,13.760316243195795,0.0364315222252098,-4.720953572832796,0.3406754304899126,13.425,555.5610000000005,0.4209590157906656,-0.4944980396074665,0.4944980396074665,0.4209590157906656,1.05,1.775,2.9262982644873627,1.5686980957931231,1406.3598614112611,-4.8100000000000005,591391909.8989878,6.785958821046366,30.48704822752,17.130826102815927,0.0,17.762698739689505,0.0,6.176298517443475,9.589074368143644,4.9839785209472085,18.155223663971668,0.0,12.645302752060108,36.407855449141934,62.4281322874663,12.797183815961096,27.497182464968155,46.33010661625878,0.0,14.867866772744891,0.0,13.100035717134098,54.1390987077973,66.87982033297372,5.749511833283905,25.58713849666952,47.68699230058024,5.749511833283905,0.0,59.97104939637574,15.76537288558712,0.0,12.48718869138762,61.31636884127672,0.0,0.0,111.72,23.464792516327,22.760319511168102,0.0,17.54290528502156,49.5001535779144,11.763406381517443,19.242531678200752,36.08911520438755,6.06636706846161,37.39716826836239,4.736862953800049,46.80089704091508,0.0,35.070651054127296,8.162012181516975,0.899071177440969,-0.5478568483763109,11.54175606843416,-2.9472005515404613,7.454493559265081,1.482842984883878,0.2592592592592592,3,10,0,1,1,2,2,1,3,0,0,8,3,13,2,8,0,1,1,0,0,8.411117535576642,4,4.784200000000004,0,0,0,0,2,0,0,0,2,0,0,0,4,3,0,0,0,0,3,0,0,6,0,0,0,0,1,0,3,0,0,0,0,0,0,1,0,0,0,0,0,0,0,0,1,0,0,0,0,0,0,0,0,0,0
C=CC(=O)Nc1cccc(-c2nccc(Nc3cc(C)[nH]n3)n2)c1,5.6,11.407988372868772,0.2663076632706302,-0.2663076632706302,0.6279915336225997,10.208333333333334,320.356,0.2472628010020369,-0.3233445361934599,0.3233445361934599,0.2472628010020369,1.25,2.125,2.9988523794998536,1.840544664946276,886.0470975105137,-3.48,401708.2716435234,3.639781507646412,10.633577208012662,5.817862777835028,11.642267275834955,5.907179729351506,0.0,0.0,9.89321899237286,9.967957041894415,5.098681808301038,0.0,18.71166982052172,31.198858511909336,29.207976401303707,0.0,4.794537184071822,23.23029155970513,0.0,20.16532065849649,0.0,6.923737199690624,10.633577208012662,60.94392976766357,11.387855989696924,10.633577208012662,17.323111830353618,0.0,0.0,26.072500387848,4.794537184071822,6.923737199690624,5.693927994848461,55.25000177281511,0.0,11.387855989696924,95.59,0.0,4.794537184071822,0.0,5.907179729351506,23.147516328353547,11.257379486545457,6.076020106833881,24.395944776997904,25.122838405075456,37.37783355010765,0.0,0.0,0.0,20.17167168415625,12.809434535029355,2.401342485829631,1.593078361826073,10.94317646102854,2.887653663755964,5.360309475040855,0.0,0.0588235294117647,3,7,0,0,0,1,1,2,3,0,0,5,3,7,2,5,0,0,0,0,0,4.328907734250203,3,3.04322,0,0,0,0,4,1,0,0,1,0,0,0,3,3,0,0,0,0,0,0,0,3,1,0,0,0,0,0,0,0,0,0,0,0,0,0,0,0,0,0,0,0,0,0,0,0,0,0,0,0,0,0,0,0,0
C=CC(=O)Nc1cccc(-c2nc(Nc3n[nH]c4ccccc34)cc(N3CCN(C)CC3)n2)c1,5.31,11.76413062183764,0.2666466641454152,-0.2666466641454152,0.3824013203130807,14.205882352941176,454.5380000000003,0.2472628010021134,-0.3538660571642828,0.3538660571642828,0.2472628010021134,1.0588235294117647,1.8823529411764703,3.2688455195897648,1.5296004592055206,1339.765585085443,-4.239999999999999,89177126.18766889,4.596931908998881,20.433396669713616,11.635725555670057,11.642267275834955,5.907179729351506,0.0,0.0,9.89321899237286,9.967957041894415,5.098681808301038,0.0,30.844403957444936,37.38916036335751,48.88245467295726,5.516700717616262,4.794537184071822,39.95107926962122,0.0,25.06523038934697,0.0,0.0,48.76018454519063,67.25225940658687,11.387855989696924,15.53348693886314,23.14097460818865,0.0,0.0,64.19910772502595,4.794537184071822,0.0,0.0,67.25225940658687,0.0,22.29078092177798,102.06999999999998,0.0,4.794537184071822,0.0,5.907179729351506,23.147516328353547,48.46326482526338,6.076020106833881,0.0,54.59730361615449,44.25736795259138,9.967957041894415,0.0,0.0,26.004389965419428,14.625645212660178,2.4035301730155147,2.4997687344290744,17.38548266319365,1.243445893845633,7.211295155017108,2.12644220241942,0.2,3,9,0,1,1,1,2,2,4,0,0,7,3,9,3,6,0,1,1,0,0,5.921439668058916,5,3.639800000000002,0,0,0,0,4,1,0,0,1,0,0,0,5,3,0,1,0,0,0,0,0,4,0,0,1,0,0,0,0,0,0,0,0,0,0,0,0,0,0,0,0,0,1,0,1,0,0,0,0,0,0,0,0,0,0
C=CC(=O)Nc1ccc2c(Nc3cc[nH]n3)nc(-c3ccccc3)nc2c1,5.66,11.59823658057244,0.2763331654082914,-0.2763331654082914,0.4715971978297857,10.51851851851852,356.38900000000007,0.2472636570380676,-0.3228303897404934,0.3228303897404934,0.2472636570380676,1.0740740740740742,1.9259259259259256,3.210239586323548,1.8489026268231776,1106.2470717455026,-4.0,2715015.1867789323,3.52,10.633577208012662,5.817862777835028,11.642267275834955,5.907179729351506,0.0,0.0,9.89321899237286,9.967957041894415,5.098681808301038,0.0,36.91077102590655,24.27512131221871,28.90027262092004,5.516700717616262,4.794537184071822,34.13321649178618,0.0,20.16532065849649,0.0,0.0,10.633577208012662,73.44910297819995,11.387855989696924,10.633577208012662,17.323111830353618,0.0,0.0,26.072500387847995,4.794537184071822,0.0,0.0,73.44910297819995,0.0,22.29078092177798,95.59,0.0,4.794537184071822,0.0,5.907179729351506,28.664217045969806,10.949675706161791,6.076020106833881,18.32957770853629,42.46456947923127,37.37783355010765,0.0,0.0,0.0,20.94411739123004,13.67133276538056,2.226472321953473,1.5837886600666191,16.981223613608066,2.955229576964231,3.471169004130348,0.0,0.0,3,7,0,0,0,1,2,2,4,0,0,5,3,7,2,5,0,0,0,0,0,4.322356259986197,4,3.888000000000001,0,0,0,0,4,1,0,0,1,0,0,0,3,3,0,0,0,0,0,0,0,3,0,0,1,0,0,0,0,0,0,0,0,0,0,0,0,0,0,0,0,0,0,0,0,0,0,0,0,0,0,0,0,0,0
CCC(=O)Nc1ccc2c(Nc3cc[nH]n3)nc(-c3ccccc3)nc2c1,5.66,11.716292136127992,0.0402220542971802,-0.0402220542971802,0.4988290506149838,10.703703703703704,358.40500000000003,0.2235913905630033,-0.3260271552753043,0.3260271552753043,0.2235913905630033,1.0740740740740742,1.9259259259259256,3.210239586323548,1.837572776974288,1076.5411485481332,-3.7399999999999993,2715015.1867789323,3.617087989252546,10.633577208012662,5.817862777835028,11.642267275834955,5.907179729351506,0.0,0.0,9.89321899237286,9.967957041894415,5.098681808301038,0.0,37.255572541998674,18.19910120538483,35.32109424384605,5.516700717616262,4.794537184071822,34.13321649178618,0.0,20.16532065849649,0.0,13.344558822616634,10.633577208012662,60.79414718776757,11.387855989696924,10.633577208012662,17.323111830353618,0.0,0.0,26.072500387847995,4.794537184071822,0.0,13.344558822616634,60.79414718776757,0.0,22.29078092177798,95.59,0.0,4.794537184071822,0.0,5.907179729351506,29.568337951279556,16.46637642377805,0.0,6.196843571613076,61.52104081584511,25.814919345561943,4.9839785209472085,0.0,0.0,21.104174867924414,13.851856299909878,2.3481922136138413,1.8734805920123383,17.180224556471398,2.157982795990552,1.8174220074109075,0.0,0.1,3,7,0,0,0,1,2,2,4,0,0,5,3,7,2,5,0,0,0,0,0,4.486139787112273,4,4.112000000000001,0,0,0,0,4,1,0,0,1,0,0,0,3,3,0,0,0,0,0,0,0,3,0,0,1,0,0,0,0,0,0,0,0,0,0,0,0,0,0,0,0,0,0,0,0,0,0,0,0,0,0,0,0,0,0
C=CC(=O)Nc1ccccc1-c1nc(Nc2cc[nH]n2)c2ccccc2n1,5.96,11.761589877507989,0.2934163074346154,-0.2934163074346154,0.4715971978297857,10.51851851851852,356.38900000000007,0.247281789869127,-0.3228303964758132,0.3228303964758132,0.247281789869127,1.037037037037037,1.851851851851852,3.210732035347576,1.8561149193332027,1120.4970717455026,-4.0,2757139.077785882,3.3833141099577086,10.633577208012662,5.817862777835028,11.642267275834955,5.907179729351506,0.0,0.0,9.89321899237286,9.967957041894415,5.098681808301038,0.0,30.844403957444936,30.34148838068032,23.21288634623648,11.204086992299825,4.794537184071822,34.133216491786186,0.0,20.16532065849649,0.0,0.0,10.633577208012662,73.44910297819996,11.387855989696924,10.633577208012662,17.323111830353618,0.0,0.0,26.072500387848,4.794537184071822,0.0,0.0,73.44910297819996,0.0,22.29078092177798,95.59,0.0,4.794537184071822,0.0,5.907179729351506,28.71096782005054,10.902924932081056,6.076020106833881,12.263210640074686,48.53093654769288,37.37783355010765,0.0,0.0,0.0,21.120856931551828,13.77346166014834,2.1086272518266567,1.481858316814125,16.902064978922393,2.953697704956169,3.4927664891138224,0.0,0.0,3,7,0,0,0,1,2,2,4,0,0,5,3,7,2,5,0,0,0,0,0,4.322356259986197,4,3.888000000000001,0,0,0,0,4,1,0,0,1,0,0,0,3,3,0,0,0,0,0,0,0,3,0,0,1,0,0,0,0,0,0,0,0,0,0,0,0,0,0,0,0,0,2,0,0,0,0,0,0,0,0,0,0,0,0
Cc1ccc(-n2cc3c(-c4c(C)[nH]c(-c5ccccc5)c4-c4ccccc4)nnc(C)c3n2)cc1,5.26,4.899339355730048,0.8123559332415755,0.8123559332415755,0.3092032157400876,11.285714285714286,455.56500000000017,0.1180332855940987,-0.3575341869573528,0.3575341869573528,0.1180332855940987,0.6857142857142857,1.3428571428571427,3.486907879141834,1.636550947227499,1642.9930791643192,-4.509999999999999,210981916.61428943,3.617392168926286,4.9839785209472085,11.210628712464722,0.0,0.0,0.0,0.0,0.0,4.681802935145185,10.197363616602075,5.098681808301038,78.35985631323634,44.03084871938908,23.017674549855528,22.46146647884528,0.0,10.902924932081056,0.0,24.961826880995503,0.0,20.771211599071872,0.0,108.0772900114696,39.329048231168464,0.0,0.0,0.0,0.0,24.961826880995503,0.0,20.771211599071872,16.95130748139392,91.12598253007565,0.0,50.23197316324952,59.39,0.0,0.0,0.0,0.0,0.0,61.61982915294644,5.563451491696996,0.0,23.73827427175903,102.92338312178192,10.197363616602075,1.9228689531368104,0.0,3.655563986078055,15.134040844350189,11.288573498255865,0.0,29.2776775352381,2.069858276643991,6.151416906296992,0.0,0.1,1,5,0,0,0,0,3,3,6,0,0,3,1,5,3,4,0,0,0,0,0,5.032008912739992,6,7.069860000000007,0,0,0,0,5,1,0,0,0,0,0,0,4,1,0,0,0,0,0,0,0,0,3,0,1,0,0,0,0,0,0,0,0,0,0,0,0,0,0,0,0,0,0,0,0,0,0,0,0,0,0,0,0,0,0
Cc1[nH]c(-c2ccccc2)c(-c2ccccc2)c1-c1nnc(C)c2nn(-c3ccc(Cl)cc3)cc12,5.59,6.101079354498983,0.6894035765913891,0.6894035765913891,0.2884092808908955,11.285714285714286,475.9830000000001,0.1180332856394245,-0.3575341869573528,0.3575341869573528,0.1180332856394245,0.7428571428571429,1.4,3.486907879141834,1.6365509472274995,1649.318348173875,-4.219999999999999,210981916.61428943,3.7030299384733714,4.9839785209472085,11.210628712464722,0.0,0.0,0.0,0.0,0.0,4.681802935145185,10.197363616602075,5.098681808301038,72.26461057484862,49.23984565662168,28.04030786359685,22.46146647884528,0.0,22.503864822313574,0.0,24.961826880995503,0.0,13.847474399381248,0.0,107.53647183351389,39.329048231168464,0.0,0.0,0.0,11.600939890232516,24.961826880995503,0.0,13.847474399381248,11.387855989696922,91.12598253007565,5.022633313741326,50.23197316324952,59.39,0.0,0.0,0.0,0.0,5.022633313741326,61.61982915294644,0.0,0.0,54.20058611721855,65.53733407663174,21.798303506834596,1.864226977828168,6.101079354498983,3.6409034922508954,15.705152187381486,9.804017109038051,0.0,28.44019070428229,2.026774376417233,4.0287669094140055,0.0,0.0689655172413793,1,5,0,0,0,0,3,3,6,0,0,3,1,6,3,4,0,0,0,0,0,5.195579114840676,6,7.414840000000005,0,0,0,0,5,1,0,0,0,0,0,0,4,1,0,0,0,0,0,0,0,0,2,0,1,0,0,0,1,0,0,0,0,0,0,0,0,0,0,0,0,0,0,0,0,0,0,0,0,0,0,0,0,0,0
Oc1nnc(-c2c[nH]c(-c3ccccc3)c2-c2ccccc2)c2cn(-c3ccccc3)nc12,5.44,10.415090477587322,0.1911937119251332,-0.1911937119251332,0.3683612239612801,11.151515151515152,429.4830000000001,0.2592853388760192,-0.490615759267654,0.490615759267654,0.2592853388760192,0.7272727272727273,1.3636363636363635,3.521147952303861,1.6161081346375357,1554.5942003965686,-4.709999999999998,105446155.74581024,3.24946415774543,10.090505915787915,5.693927994848461,5.516700717616262,0.0,5.879988336435371,0.0,0.0,4.681802935145185,5.098681808301038,10.197363616602075,78.86277189000094,23.25963712031721,23.520590126620142,16.76753848399682,5.106527394840706,10.902924932081056,0.0,24.961826880995503,0.0,0.0,0.0,103.38919317015034,45.20903656760384,0.0,0.0,5.879988336435371,0.0,30.068354275836214,0.0,0.0,0.0,103.38919317015034,0.0,50.23197316324952,79.62,0.0,5.106527394840706,0.0,5.879988336435371,11.210628712464722,39.0213444507848,0.0,4.681802935145185,79.12372489630388,44.54549221969676,0.0,1.7402763605442175,0.0,3.447948054030305,24.15608274756949,7.001484735218953,-0.1911937119251332,30.175373469890964,3.836695011337868,0.0,0.0,0.0,2,6,0,0,0,0,3,3,6,0,0,4,2,6,3,4,0,0,0,0,0,4.472656649739644,6,5.8502000000000045,0,0,0,0,5,1,1,0,0,0,0,0,4,1,0,0,0,0,0,0,0,0,0,0,1,0,0,0,0,0,0,0,0,0,0,0,0,0,0,0,0,0,1,0,0,0,0,0,0,0,0,0,0,0,0
Cc1ccc(-n2cc3c(-c4c[nH]c(-c5ccccc5)c4-c4ccccc4)nnc(O)c3n2)cc1,5.46,10.45920570392477,0.1901006049292481,-0.1901006049292481,0.3420076623744934,11.205882352941176,443.51000000000016,0.2592853388760404,-0.490615759267654,0.490615759267654,0.2592853388760404,0.7941176470588235,1.4705882352941178,3.5197392593672103,1.598515130291975,1600.3555704476914,-4.709999999999998,148984199.16043308,3.327439084656078,10.090505915787915,5.693927994848461,5.516700717616262,0.0,5.879988336435371,0.0,0.0,4.681802935145185,5.098681808301038,10.197363616602075,78.35985631323634,30.183374320007832,23.520590126620142,16.76753848399682,5.106527394840706,10.902924932081056,0.0,24.961826880995503,0.0,6.923737199690624,0.0,102.88627759338571,45.20903656760383,0.0,0.0,5.879988336435371,0.0,30.068354275836214,0.0,6.923737199690624,5.563451491696996,97.32282610168872,0.0,50.23197316324952,79.62,0.0,5.106527394840706,0.0,5.879988336435371,11.210628712464722,39.0213444507848,5.563451491696996,4.681802935145185,79.98109502753289,44.54549221969676,0.0,1.753609693877551,0.0,3.4541750971891663,24.259690236861505,8.181475201764531,-0.1901006049292481,28.48107253363129,3.8492876039304607,2.0441235710080754,0.0,0.0357142857142857,2,6,0,0,0,0,3,3,6,0,0,4,2,6,3,4,0,0,0,0,0,4.696193682655724,6,6.158620000000005,0,0,0,0,5,1,1,0,0,0,0,0,4,1,0,0,0,0,0,0,0,0,1,0,1,0,0,0,0,0,0,0,0,0,0,0,0,0,0,0,0,0,0,0,0,0,0,0,0,0,0,0,0,0,0
Oc1nnc(-c2c[nH]c(-c3ccccc3)c2-c2ccccc2)c2cn(-c3ccc(Cl)cc3)nc12,5.36,10.43809459281366,0.2161637050664226,-0.2161637050664226,0.31231877375155,11.205882352941176,463.9280000000001,0.2592853388761277,-0.490615759267654,0.490615759267654,0.2592853388761277,0.7941176470588235,1.4705882352941178,3.5197392593672103,1.598515130291975,1606.5795457068907,-4.419999999999998,148984199.16043308,3.411068492394812,10.090505915787915,5.693927994848461,5.516700717616262,0.0,5.879988336435371,0.0,0.0,4.681802935145185,5.098681808301038,10.197363616602075,72.26461057484862,35.392371257240434,28.54322344036147,16.76753848399682,5.106527394840706,22.503864822313574,0.0,24.961826880995503,0.0,0.0,0.0,102.34545941543004,45.20903656760384,0.0,0.0,5.879988336435371,11.600939890232516,30.068354275836214,0.0,0.0,0.0,97.32282610168872,5.022633313741326,50.23197316324952,79.62,0.0,5.106527394840706,0.0,5.879988336435371,21.619486240670845,33.635120236320006,0.0,16.814537072068404,60.92462369091904,44.54549221969676,11.600939890232516,1.694967718568909,6.043664039735184,3.4395146033620057,24.759729240335613,6.790390340395348,-0.2161637050664226,27.643585702675484,3.7887565044383225,0.0,0.0,0.0,2,6,0,0,0,0,3,3,6,0,0,4,2,7,3,4,0,0,0,0,0,4.856034864884741,6,6.503600000000005,0,0,0,0,5,1,1,0,0,0,0,0,4,1,0,0,0,0,0,0,0,0,0,0,1,0,0,0,1,0,0,0,0,0,0,0,0,0,0,0,0,0,0,0,0,0,0,0,0,0,0,0,0,0,0
Cc1[nH]c(-c2ccccc2)c(-c2ccccc2)c1-c1ccc(NC(=O)c2ccccc2)c(=O)o1,5.54,12.82445314045422,0.0929035102970889,-0.6086537855883092,0.3222747869586252,10.735294117647058,446.50600000000014,0.3597585589517476,-0.4211248430306723,0.4211248430306723,0.3597585589517476,0.7352941176470589,1.3235294117647058,3.235360680605017,1.590312600861384,1502.0783661000617,-4.639999999999999,94963271.38170066,4.0682046960965605,14.717918062006888,11.447633693558004,0.0,0.0,5.907179729351506,5.625586319077987,4.794537184071822,4.794537184071822,0.0,0.0,78.86277189000094,42.316108456931055,22.384282469939446,5.693927994848461,9.211688121125167,11.594566004035068,0.0,4.9839785209472085,0.0,6.923737199690624,5.316788604006331,124.80574315354268,33.70798138051089,10.94237492308432,5.687386274683562,0.0,0.0,10.891158250298714,0.0,6.923737199690624,16.051916670617278,112.3399282849726,0.0,33.70798138051089,75.1,5.625586319077987,9.589074368143644,0.0,11.594566004035068,11.323698910571435,33.6416619564849,0.0,36.39820241076966,73.65377495276834,10.30076712495354,4.417150937053347,5.7331294879062735,0.0,28.784988172108967,2.6441482111796866,5.570239650567241,0.0623219582035077,32.08086714819423,0.0,1.9576387051734276,0.0,0.0344827586206896,2,5,0,0,0,1,3,2,5,0,0,3,2,5,2,5,0,0,0,0,0,5.665044576227112,5,6.529620000000005,0,0,0,0,1,1,0,0,1,0,0,0,0,2,0,0,0,0,0,0,0,1,1,0,0,0,0,0,0,0,0,0,0,0,0,0,0,0,0,0,0,0,0,0,0,0,0,0,0,0,0,0,0,0,0
Cc1c(C(=O)c2coc3ccc(O)cc23)[nH]c(-c2ccccc2)c1-c1ccccc1,5.43,13.508837553539934,0.0936174320508738,-0.1701738473167042,0.3501736954061942,11.1,393.44200000000006,0.2128329359525283,-0.5079390557573819,0.5079390557573819,0.2128329359525283,0.9,1.5666666666666669,3.3508422768627963,1.7191788846925706,1361.9680090071288,-4.049999999999999,14540725.396433065,2.9002891489118343,14.50765685284126,17.595694970565205,0.0,5.783244946364939,0.0,0.0,4.794537184071822,0.0,0.0,0.0,60.6636706846161,41.81319288016644,10.949675706161791,16.95130748139392,14.318215515965877,16.75248930247198,0.0,4.9839785209472085,0.0,6.923737199690624,0.0,101.94676586388248,28.13379430322335,0.0,0.0,5.749511833283905,0.0,15.873750862152852,0.0,6.923737199690624,21.615368162314272,89.54308582269336,0.0,33.35352682604648,66.22999999999999,0.0,9.901064578912528,0.0,11.532756779648844,22.226623842652494,27.94773396163644,6.263162995639057,18.19910120538483,67.58740788430673,4.9839785209472085,4.417150937053347,5.547017972707907,0.0,16.887340482489293,10.458798311645014,6.32022873681153,-0.0765564152658304,24.78444752410894,1.4554572940287227,1.95659942680776,0.0,0.0384615384615384,2,4,0,0,0,0,3,2,5,0,0,3,2,4,2,4,0,0,0,0,0,4.251926487034891,5,6.3399200000000056,0,0,0,0,1,1,1,0,1,0,0,0,0,1,0,0,0,0,0,0,0,0,0,0,1,0,0,1,0,0,0,0,0,1,0,0,0,0,0,0,0,0,0,0,0,0,0,0,0,0,0,0,0,0,0
Cc1c(C(=O)c2coc3c2cc(O)c2ccccc23)[nH]c(-c2ccccc2)c1-c1ccccc1,5.29,13.844918745275889,0.1219507653842071,-0.1756542894935748,0.2773735693273681,11.323529411764708,443.5020000000001,0.2128333433093397,-0.5072834508700527,0.5072834508700527,0.2128333433093397,0.7941176470588235,1.411764705882353,3.460727445265811,1.5660290274162003,1674.9850199818218,-4.569999999999999,135228617.0692506,3.0370434744444506,14.50765685284126,17.595694970565205,0.0,5.783244946364939,0.0,0.0,4.794537184071822,0.0,0.0,0.0,84.92913895846256,29.680458743243214,21.72212413509138,16.95130748139392,14.318215515965877,27.52493773140157,0.0,4.9839785209472085,0.0,6.923737199690624,0.0,114.07950000080572,28.13379430322335,0.0,0.0,5.749511833283905,0.0,15.873750862152852,0.0,6.923737199690624,21.615368162314272,101.6758199596166,0.0,44.12597525497608,66.22999999999999,0.0,9.901064578912528,0.0,11.532756779648844,27.61284805711729,33.33395817610124,6.263162995639057,6.06636706846161,91.8528761581532,4.9839785209472085,4.417150937053347,5.860305009744946,0.0,17.26059090765936,12.663555423021371,6.318195695965357,-0.0537035241093677,29.16217620721107,1.4896239606953894,1.965922986478542,0.0,0.0333333333333333,2,4,0,0,0,0,4,2,6,0,0,3,2,4,2,4,0,0,0,0,0,4.592612235366736,6,7.493120000000006,0,0,0,0,1,1,1,0,1,0,0,0,0,1,0,0,0,0,0,0,0,0,0,0,3,0,0,1,0,0,0,0,0,1,0,0,0,0,0,0,0,0,0,0,0,0,0,0,0,0,0,0,0,0,0
C=CC(=O)Nc1cccc(Nc2nc(N/N=C/c3ccc(F)cc3)ncc2Cl)c1,6.07,12.915756287618308,0.2142374192432814,-0.3194557936229008,0.3009893798341583,10.551724137931034,410.84,0.2472636418714993,-0.3387555810272756,0.3387555810272756,0.2472636418714993,1.1724137931034482,1.9310344827586208,2.7182096580074195,1.7027761101545056,1055.092001901821,-3.78,3473219.5726155606,5.847916084145894,10.633577208012662,10.839854154787222,5.817862777835028,11.855519010338,0.0,0.0,4.794537184071822,14.800184965732411,10.085386046686931,0.0,36.37897677921584,41.97130694083893,11.374772549367124,12.411444151148393,9.184952231746642,46.86369480730799,0.0,9.967957041894415,5.101407525739723,0.0,16.059368605123048,83.78604155622256,0.0,16.059368605123048,27.53138965586347,0.0,11.600939890232516,22.08973735078124,4.794537184071822,5.817220841045895,5.563451491696996,72.48414343547806,5.022633313741326,0.0,91.3,0.0,9.184952231746642,0.0,17.672739851383895,27.77872013264048,0.0,30.620198394905493,36.39820241076966,0.0,37.70766885635568,11.600939890232516,12.915756287618308,6.165205443655615,19.77257885831508,10.067460030134988,4.656088306178367,-0.0625638174908336,12.888128248374018,4.123054339204316,3.4187367484545934,0.0,0.0,3,7,0,0,0,1,2,1,3,0,0,6,3,9,1,7,0,0,0,0,0,6.490302699839723,3,4.583200000000002,0,0,0,0,2,0,0,0,1,0,0,0,3,3,0,0,0,0,0,0,0,4,0,0,0,0,0,0,2,0,1,0,0,0,0,0,0,0,0,0,0,0,0,0,0,0,0,0,0,0,0,0,0,0,0
C=CC(=O)Nc1cccc(Nc2nc(N/N=C/c3ccccc3F)ncc2Cl)c1,5.82,13.599839108050006,0.167225944900458,-0.3880950517038035,0.3009893798341583,10.551724137931034,410.84,0.2472636418714993,-0.3387555810272755,0.3387555810272755,0.2472636418714993,1.1724137931034482,1.9655172413793105,2.717530801567595,1.723617492279406,1072.3420019018208,-3.78,3533898.794604913,5.5976065066870175,10.633577208012662,10.839854154787222,5.817862777835028,11.855519010338,0.0,0.0,4.794537184071822,14.800184965732411,10.085386046686931,0.0,42.44534384767745,30.34148838068032,16.93822404106412,12.411444151148393,9.184952231746642,46.86369480730799,0.0,9.967957041894415,5.101407525739723,0.0,16.059368605123048,83.78604155622254,0.0,16.059368605123048,27.53138965586347,0.0,11.600939890232516,22.08973735078124,4.794537184071822,5.817220841045895,5.563451491696996,72.48414343547806,5.022633313741326,0.0,91.3,0.0,9.184952231746642,0.0,22.695373165125226,22.75608681889915,0.0,24.553831326443884,42.46456947923127,0.0,37.70766885635568,11.600939890232516,13.599839108050006,6.157095561437341,19.72121209651413,9.941552379546296,4.1853474736883465,-0.2080221555270853,13.220639068259036,3.911221509822631,3.4155594026537464,0.0,0.0,3,7,0,0,0,1,2,1,3,0,0,6,3,9,1,7,0,0,0,0,0,6.490302699839723,3,4.583200000000002,0,0,0,0,2,0,0,0,1,0,0,0,3,3,0,0,0,0,0,0,0,4,0,0,0,0,0,0,2,0,1,0,0,0,0,0,0,0,0,0,0,0,0,0,0,0,0,0,0,0,0,0,0,0,0
C=CC(=O)Nc1cccc(Nc2nc(N/N=C/c3ccc(F)cc3F)ncc2Cl)c1,4.94,13.620672441383338,0.0922206224300083,-0.7468913480000998,0.28750002005594,10.633333333333333,428.83,0.2472636418714993,-0.3387555810272755,0.3387555810272755,0.2472636418714993,1.1666666666666667,1.9666666666666663,2.718905778962636,1.7214101472669163,1122.2008733929551,-3.85,4979686.809793183,5.582471863950595,10.633577208012662,16.657074995833117,5.817862777835028,11.855519010338,0.0,0.0,4.794537184071822,19.190600013407234,10.085386046686931,0.0,24.24624264229262,36.407855449141934,23.00459110952573,12.411444151148393,13.575367279421462,46.86369480730799,0.0,9.967957041894415,5.101407525739723,0.0,16.059368605123048,83.53689532880684,0.0,16.059368605123048,31.92180470353829,0.0,11.600939890232516,22.08973735078124,4.794537184071822,11.63444168209179,5.563451491696996,66.41777636701644,5.022633313741326,0.0,91.3,11.63444168209179,13.575367279421462,0.0,28.25946659361135,11.374772549367124,18.208754243757102,18.477811219610004,24.26546827384644,0.0,37.70766885635568,11.600939890232516,26.557262062334978,6.136399199394825,19.62750953197343,9.752101644907858,3.812104696547904,-1.3876723381624712,10.016398903406852,3.694269616982094,3.402737793725643,0.0,0.0,3,7,0,0,0,1,2,1,3,0,0,6,3,10,1,7,0,0,0,0,0,6.658529768076663,3,4.722300000000002,0,0,0,0,2,0,0,0,1,0,0,0,3,3,0,0,0,0,0,0,0,4,0,0,0,0,0,0,3,0,1,0,0,0,0,0,0,0,0,0,0,0,0,0,0,0,0,0,0,0,0,0,0,0,0
C=CC(=O)Nc1cccc(Nc2nc(N/N=C(\C)c3ccc(F)cc3)ncc2Cl)c1,5.78,13.047464526469405,0.2217374192432815,-0.3153817195488266,0.2826572691712364,10.966666666666669,424.8670000000001,0.2472636418714993,-0.338755581023578,0.338755581023578,0.2472636418714993,1.2,1.9333333333333331,2.744289116730226,1.7445067164589276,1100.9056569145123,-3.78,5246817.339432986,5.616220592022494,10.633577208012662,10.839854154787222,5.817862777835028,11.855519010338,0.0,0.0,4.794537184071822,14.800184965732411,10.085386046686931,0.0,36.37897677921584,48.89504414052955,11.374772549367124,11.908528574383778,9.184952231746642,46.36077923054337,0.0,9.967957041894415,5.101407525739723,6.923737199690624,16.059368605123048,83.78604155622256,0.0,16.059368605123048,27.53138965586347,0.0,11.600939890232516,21.586821774016624,4.794537184071822,5.817220841045895,12.48718869138762,72.48414343547806,5.022633313741326,0.0,91.3,0.0,9.184952231746642,0.0,17.672739851383895,27.92695364371418,5.563451491696996,24.40559781537018,43.32193961046029,0.0,37.70766885635568,11.600939890232516,13.047464526469405,6.1964768771261225,19.8822836712067,10.284341126581827,5.405417874186549,-0.0481907770188918,13.018187596059631,2.6241000092260105,5.20103020727376,0.0,0.0476190476190476,3,7,0,0,0,1,2,1,3,0,0,6,3,9,1,7,0,0,0,0,0,6.713759183814344,3,4.973300000000003,0,0,0,0,2,0,0,0,1,0,0,0,3,3,0,0,0,0,0,0,0,4,0,0,0,0,0,0,2,0,1,0,0,0,0,0,0,0,0,0,0,0,0,0,0,0,0,0,0,0,0,0,0,0,0
C=CC(=O)Nc1cccc(Nc2nc(N/N=C(\C)c3ccc(F)cc3F)ncc2Cl)c1,5.64,13.881505774716672,0.1017449778222687,-0.7306876442963965,0.2684321889674768,11.03225806451613,442.8570000000001,0.2472636418714993,-0.3387555810235779,0.3387555810235779,0.2472636418714993,1.1935483870967742,1.967741935483871,2.739253203181582,1.7667054148120716,1168.3569445962698,-3.85,7436458.853920482,5.829276924003061,10.633577208012662,16.657074995833117,5.817862777835028,11.855519010338,0.0,0.0,4.794537184071822,19.190600013407234,10.085386046686931,0.0,24.24624264229262,43.33159264883256,23.00459110952573,11.908528574383778,13.575367279421462,46.36077923054337,0.0,9.967957041894415,5.101407525739723,6.923737199690624,16.059368605123048,83.53689532880684,0.0,16.059368605123048,31.92180470353829,0.0,11.600939890232516,21.586821774016624,4.794537184071822,11.63444168209179,12.48718869138762,66.41777636701644,5.022633313741326,0.0,91.3,11.63444168209179,13.575367279421462,0.0,33.97115159638205,11.374772549367124,12.13273413692322,18.33923074690857,31.189205473537065,0.0,37.70766885635568,11.600939890232516,26.94980363451941,6.167670632865333,19.737214344865052,9.9689827413547,4.20263796825979,-1.3570955939868263,10.109421214055429,2.533278249966751,4.965864585878143,0.0,0.0476190476190476,3,7,0,0,0,1,2,1,3,0,0,6,3,10,1,7,0,0,0,0,0,6.884658474598599,3,5.112400000000003,0,0,0,0,2,0,0,0,1,0,0,0,3,3,0,0,0,0,0,0,0,4,0,0,0,0,0,0,3,0,1,0,0,0,0,0,0,0,0,0,0,0,0,0,0,0,0,0,0,0,0,0,0,0,0
C=CC(=O)Nc1cccc(Nc2nc(N/N=C(\C)c3ccc(C)cc3)ncc2Cl)c1,5.25,11.483617172595215,0.2911918380799536,-0.2911918380799536,0.2793382919580006,10.966666666666669,420.9040000000001,0.2472636418714993,-0.338755581023578,0.338755581023578,0.2472636418714993,1.1666666666666667,1.9,2.744289116730226,1.7445067164589276,1095.0368271828456,-3.71,5246817.339432986,5.650047267404629,10.633577208012662,5.022633313741326,5.817862777835028,11.855519010338,0.0,0.0,4.794537184071822,10.409769918057592,10.085386046686931,0.0,54.07516240783606,43.68604720329696,11.374772549367124,11.908528574383778,4.794537184071822,46.36077923054337,0.0,9.967957041894415,5.101407525739723,13.847474399381248,16.059368605123048,83.53227220687366,0.0,16.059368605123048,23.14097460818865,0.0,11.600939890232516,21.586821774016624,4.794537184071822,6.923737199690624,18.050640183084614,72.48414343547806,5.022633313741326,0.0,91.3,0.0,4.794537184071822,0.0,5.907179729351506,28.163607921929977,11.2751364944677,17.836315170143955,18.19910120538483,44.179309741689295,37.70766885635568,11.600939890232516,0.0,6.231979835706005,20.02080218972522,10.513560939506998,7.152622446550937,0.4116130391382537,15.21284958585555,2.6922053046040326,7.375477770024117,0.0,0.0909090909090909,3,7,0,0,0,1,2,1,3,0,0,6,3,8,1,7,0,0,0,0,0,6.76925534408132,3,5.142620000000004,0,0,0,0,2,0,0,0,1,0,0,0,3,3,0,0,0,0,0,0,0,4,1,0,0,0,0,0,1,0,1,0,0,0,0,0,0,0,0,0,0,0,0,0,0,0,0,0,0,0,0,0,0,0,0
CN(C)C/C=C/C(=O)Nc1cccc(Nc2nc(N/N=C/c3ccccc3F)ncc2Cl)c1,6.1,13.66998154267248,0.171274067985794,-0.3864876290877517,0.2432662902812439,11.303030303030305,467.936,0.2475871558648123,-0.338755581027266,0.338755581027266,0.2475871558648123,1.181818181818182,1.9696969696969695,2.77071400871352,1.6553348484939912,1167.0517838542355,-3.82,20656814.46913088,7.6704167237879854,15.533486938863138,10.839854154787222,5.817862777835028,11.855519010338,0.0,0.0,4.794537184071822,14.800184965732411,10.085386046686931,0.0,41.94242827091284,38.36081223920082,29.559000553810574,12.411444151148393,9.184952231746642,46.86369480730799,0.0,14.867866772744891,5.101407525739723,0.0,36.69946897639,83.28312597945794,0.0,16.059368605123048,27.53138965586347,0.0,11.600939890232516,47.62974745289868,4.794537184071822,5.817220841045895,5.563451491696996,71.98122785871344,5.022633313741326,0.0,94.54,0.0,9.184952231746642,0.0,17.672739851383895,34.323476538553045,0.0,24.553831326443884,48.54058958606515,18.99525369620486,31.128733172757187,11.600939890232516,13.66998154267248,6.217526472132571,22.37021269402828,10.150529561432965,4.246729691955999,-0.1060627887870282,13.366735939939934,6.014893278959814,0.6685813522616424,3.845316699847782,0.1304347826086956,3,8,0,0,0,1,2,1,3,0,0,7,3,10,1,9,0,0,0,0,0,8.451384221303984,3,4.515000000000002,0,0,0,0,2,0,0,0,1,0,0,0,4,3,0,1,0,0,0,0,0,4,0,0,0,0,0,0,2,0,1,0,0,0,0,0,0,0,0,0,0,0,0,0,0,0,0,0,0,0,0,0,0,0,0
CN(C)C/C=C/C(=O)Nc1cccc(Nc2nc(N/N=C/c3ccc(F)cc3)ncc2Cl)c1,6.17,12.973175201327424,0.2182855423286174,-0.3182527424834955,0.2432662902812439,11.303030303030305,467.936,0.2475871558648123,-0.3387555810272661,0.3387555810272661,0.2475871558648123,1.181818181818182,1.9393939393939397,2.771364586853205,1.639770130121131,1149.8017838542355,-3.82,20301819.73378506,7.985520416903091,15.533486938863138,10.839854154787222,5.817862777835028,11.855519010338,0.0,0.0,4.794537184071822,14.800184965732411,10.085386046686931,0.0,35.876061202451226,49.99063079935942,23.99554906211358,12.411444151148393,9.184952231746642,46.86369480730799,0.0,14.867866772744891,5.101407525739723,0.0,36.69946897639,83.28312597945794,0.0,16.059368605123048,27.53138965586347,0.0,11.600939890232516,47.62974745289868,4.794537184071822,5.817220841045895,5.563451491696996,71.98122785871344,5.022633313741326,0.0,94.54,0.0,9.184952231746642,0.0,17.672739851383895,34.323476538553045,0.0,30.620198394905493,36.407855449141934,25.06162076466647,31.128733172757187,11.600939890232516,12.973175201327424,6.225636354350845,22.424399039016286,10.276437212021657,4.717470524446019,0.0389911777725771,13.035390012556816,6.230593578652311,0.6721630391533828,3.850188305147131,0.1304347826086956,3,8,0,0,0,1,2,1,3,0,0,7,3,10,1,9,0,0,0,0,0,8.451384221303984,3,4.515000000000002,0,0,0,0,2,0,0,0,1,0,0,0,4,3,0,1,0,0,0,0,0,4,0,0,0,0,0,0,2,0,1,0,0,0,0,0,0,0,0,0,0,0,0,0,0,0,0,0,0,0,0,0,0,0,0
CN(C)C/C=C/C(=O)Nc1cccc(Nc2nc(N/N=C/c3ccc(F)cc3F)ncc2Cl)c1,5.6,13.690814876005817,0.0941050928349096,-0.7452839253840484,0.2318214832485503,11.352941176470589,485.926,0.2475871558648123,-0.338755581027266,0.338755581027266,0.2475871558648123,1.1764705882352942,1.9705882352941175,2.7719719412800585,1.657460273272667,1217.6730721543506,-3.89,29106415.008257583,7.608126665537572,15.533486938863138,16.657074995833117,5.817862777835028,11.855519010338,0.0,0.0,4.794537184071822,19.190600013407234,10.085386046686931,0.0,23.743327065528007,44.42717930766243,35.62536762227219,12.411444151148393,13.575367279421462,46.86369480730799,0.0,14.867866772744891,5.101407525739723,0.0,36.69946897639,83.03397975204221,0.0,16.059368605123048,31.92180470353829,0.0,11.600939890232516,47.62974745289868,4.794537184071822,11.63444168209179,5.563451491696996,65.91486079025184,5.022633313741326,0.0,94.54,11.63444168209179,13.575367279421462,0.0,28.25946659361135,17.9195289552797,12.13273413692322,24.553831326443884,30.34148838068032,18.99525369620486,31.128733172757187,11.600939890232516,26.68482341066657,6.196830110090055,22.26373802064404,9.961078826794528,3.873486914815557,-1.2845099202830088,10.158024313783422,5.782349694088681,0.6532547132958068,3.82203502721546,0.1304347826086956,3,8,0,0,0,1,2,1,3,0,0,7,3,11,1,9,0,0,0,0,0,8.604495648942823,3,4.654100000000002,0,0,0,0,2,0,0,0,1,0,0,0,4,3,0,1,0,0,0,0,0,4,0,0,0,0,0,0,3,0,1,0,0,0,0,0,0,0,0,0,0,0,0,0,0,0,0,0,0,0,0,0,0,0,0
CN(C)C/C=C/C(=O)Nc1cccc(Nc2nc(N/N=C/c3cn(Cc4ccccc4)c4ccccc34)ncc2Cl)c1,6.06,12.21959830053134,0.2068484536793486,-0.2068484536793486,0.0955327678792168,11.523809523809524,579.1080000000002,0.2475871558648123,-0.3423721454926519,0.3423721454926519,0.2475871558648123,1.0238095238095235,1.809523809523809,3.320710037946034,1.2654802664704023,1729.6659081344364,-4.989999999999999,3496175346.855251,7.596974659091807,20.100586586654494,5.022633313741326,5.817862777835028,11.855519010338,0.0,0.0,4.794537184071822,10.409769918057592,10.085386046686931,0.0,72.27426361322088,43.92426373089781,53.20352546341728,12.411444151148393,4.794537184071822,57.76661973938904,0.0,19.43496642053625,5.101407525739723,6.544756405912575,36.69946897639,119.5580355440302,0.0,16.059368605123048,23.14097460818865,0.0,11.600939890232516,52.19684710069003,11.339293589984395,0.0,11.126902983393991,108.5099067726346,5.022633313741326,10.902924932081056,99.47,0.0,4.794537184071822,0.0,11.855519010338,28.76002504685605,23.01113282969063,17.836315170143955,18.356987754830808,67.52619024389774,66.15814466600806,11.600939890232516,2.2117792655236634,6.378171139828051,22.92574755540027,11.883887544209076,7.560485761744204,0.4735647897266664,25.86032562555433,8.663486673948473,1.439701071164127,3.880628350678913,0.125,3,9,0,0,0,1,3,2,5,0,0,7,3,10,2,11,0,0,0,0,0,9.22660141640823,5,6.378900000000005,0,0,0,0,3,0,0,0,1,0,0,0,5,3,0,1,0,0,0,0,0,4,0,0,1,0,0,0,1,0,1,0,0,0,0,0,0,0,0,0,0,0,1,0,0,0,0,0,0,0,0,0,0,0,0
C/C(=N\Nc1ncc(Cl)c(Nc2cccc(NC(=O)/C=C/CN(C)C)c2)n1)c1ccc(F)cc1,5.63,13.10488344017852,0.2222771578287683,-0.3141786684094214,0.228345502250997,11.647058823529411,481.96300000000025,0.2475871558648123,-0.3387555810235686,0.3387555810235686,0.2475871558648123,1.1764705882352942,1.911764705882353,2.79569326402957,1.6752654693309843,1196.1807846285178,-3.819999999999999,30644153.005680926,7.645955112187212,15.53348693886314,10.839854154787222,5.817862777835028,11.855519010338,0.0,0.0,4.794537184071822,14.800184965732411,10.085386046686931,0.0,35.876061202451226,56.91436799905004,23.995549062113582,11.908528574383778,9.184952231746642,46.36077923054337,0.0,14.867866772744891,5.101407525739723,6.923737199690624,36.69946897639,83.28312597945795,0.0,16.059368605123048,27.531389655863464,0.0,11.600939890232516,47.126831876134055,4.794537184071822,5.817220841045895,12.48718869138762,71.98122785871345,5.022633313741326,0.0,94.54,0.0,9.184952231746642,0.0,17.672739851383895,34.47171004962675,5.563451491696996,24.40559781537017,43.33159264883256,25.06162076466647,31.128733172757183,11.600939890232516,13.10488344017852,6.256907787821353,22.535405935241247,10.493318308468496,5.469033985602963,0.0533642182445186,13.165449360242423,4.726015665907565,2.454237299181923,3.8524951102221023,0.1666666666666666,3,8,0,0,0,1,2,1,3,0,0,7,3,10,1,9,0,0,0,0,0,8.664722452958046,3,4.905100000000003,0,0,0,0,2,0,0,0,1,0,0,0,4,3,0,1,0,0,0,0,0,4,0,0,0,0,0,0,2,0,1,0,0,0,0,0,0,0,0,0,0,0,0,0,0,0,0,0,0,0,0,0,0,0,0
Fc1ccc(Nc2ncnc3cc(OCCCN4CCOCC4)c4c(c23)OCCO4)cc1Cl,7.59,13.54915371257838,0.0210549400915809,-0.4867727022464658,0.514035550640798,16.060606060606062,474.9200000000004,0.204149283828356,-0.4894127326257693,0.4894127326257693,0.204149283828356,1.0606060606060606,1.878787878787879,2.845555365512477,1.3903846081827351,1143.1347558376256,-2.88,50694069.65434911,4.898973060036035,24.264240419206526,31.1761676226713,11.49902366656781,5.749511833283905,0.0,0.0,4.899909730850478,14.358372089569237,0.0,0.0,11.600939890232516,24.61992282831084,31.3880225608829,35.74620413936114,23.337866862875018,34.00911387483217,0.0,14.867866772744897,0.0,6.4208216229260096,57.98546764430864,41.4326425033982,17.248535499851716,19.52737746540648,15.895664100193413,17.248535499851716,11.600939890232516,67.5365458130472,4.736862953800049,5.817220841045895,6.4208216229260096,30.59278834861098,5.022633313741326,10.902924932081056,77.97000000000001,5.817220841045895,4.39041504767482,0.0,5.022633313741326,59.47735537799012,39.26885476968957,18.46005421168776,6.06636706846161,6.06636706846161,20.184655376751227,30.548391705432717,36.91549714839992,5.926232455086607,11.149072052344518,3.860412518602957,1.2393101278775334,1.6709081365154563,6.22178053894951,2.336958271090597,5.790939862244012,0.0,0.391304347826087,1,8,0,2,2,0,2,1,3,0,0,8,1,10,3,7,0,1,1,0,0,6.611142068771259,5,4.038200000000003,0,0,0,0,2,0,0,0,0,0,0,0,3,1,0,0,0,0,0,0,0,2,0,0,3,0,4,0,2,0,0,0,0,0,0,0,1,0,0,0,0,0,0,0,0,0,0,0,0,0,0,0,0,0,0
C#Cc1cccc(Nc2ncnc3cc(OC4CCOCC4)c4c(c23)OCCO4)c1,7.24,6.262280346367197,0.0803349350816813,0.0803349350816813,0.6661941245759485,16.1,403.4380000000003,0.204166836397745,-0.4861227492655929,0.4861227492655929,0.204166836397745,1.0333333333333334,1.8666666666666667,2.798825970584004,1.5712776056362447,1119.366692762725,-3.5,13509026.140394518,3.5772688214687025,24.264240419206526,31.46291316937371,11.49902366656781,5.749511833283905,0.0,0.0,0.0,9.967957041894415,0.0,6.423349895620259,11.986801387317254,18.19910120538483,30.158848080694188,24.11668886110689,18.9474518152002,22.40817398459965,0.0,9.967957041894415,0.0,18.94560963360032,31.74431646205801,42.22260690876959,29.592319714327616,19.52737746540648,11.50524905251859,17.248535499851716,0.0,42.49945128769439,4.736862953800049,12.343784214475903,18.40509473754901,36.65915541707259,0.0,10.902924932081056,74.73000000000002,0.0,0.0,0.0,6.103966387748303,55.01062685335467,29.47870522669737,6.3273200747645415,0.0,30.33183534230805,21.20517996475639,25.37080171082045,23.6569085871674,0.0,8.899710991069217,4.080848847637719,2.331014378129312,5.091793429063209,9.488528109990847,8.809771111801261,2.3080912118077035,0.0,0.3043478260869565,1,7,0,2,2,0,2,1,3,0,0,7,1,7,3,4,0,1,1,0,0,4.994581873104445,5,3.683700000000002,0,0,0,0,2,0,0,0,0,0,0,0,2,1,0,0,0,0,0,0,0,2,0,0,3,0,4,0,0,0,0,0,0,0,0,0,0,0,0,0,0,0,0,0,0,0,0,0,0,0,1,0,0,0,0
Fc1ccc(Nc2ncnc3cc(OC4CCOCC4)c4c(c23)OCCO4)cc1Cl,7.23,13.508761155354,0.0204830391780599,-0.4872424777326125,0.65163669214591,16.466666666666665,431.8510000000002,0.2041668363977516,-0.4861227492655929,0.4861227492655929,0.2041668363977516,1.0333333333333334,1.8333333333333333,2.7707193640186496,1.5680967578139722,1091.524804257664,-2.84,11540489.46623592,3.681461423103503,24.264240419206526,37.2801340104196,11.49902366656781,5.749511833283905,0.0,0.0,0.0,14.358372089569237,0.0,0.0,11.600939890232516,18.19910120538483,24.595396588997197,29.13932217484822,23.337866862875018,34.00911387483217,0.0,9.967957041894415,0.0,18.94560963360032,31.74431646205801,41.4326425033982,17.248535499851716,19.52737746540648,15.895664100193413,17.248535499851716,11.600939890232516,42.49945128769439,4.736862953800049,5.817220841045895,12.84164324585202,30.59278834861098,5.022633313741326,10.902924932081056,74.73000000000002,5.817220841045895,4.39041504767482,0.0,11.126599701489628,66.08423734250303,12.84164324585202,18.46005421168776,6.06636706846161,6.06636706846161,15.284745645900747,30.548391705432717,37.00441714216316,5.9091401288489145,8.755358859269993,3.850532567087888,1.237433345124092,1.6729114715583924,6.212914479692921,3.12641289691878,2.175323553780305,0.0,0.3333333333333333,1,7,0,2,2,0,2,1,3,0,0,7,1,9,3,4,0,1,1,0,0,5.181317895494737,5,4.494900000000004,0,0,0,0,2,0,0,0,0,0,0,0,2,1,0,0,0,0,0,0,0,2,0,0,3,0,4,0,2,0,0,0,0,0,0,0,0,0,0,0,0,0,0,0,0,0,0,0,0,0,0,0,0,0,0
C#Cc1cccc(Nc2ncnc3cc(OC4CCOC4)c4c(c23)OCCO4)c1,7.78,6.137280346367197,0.0064706204738742,-0.0064706204738742,0.6864585684338103,17.689655172413794,389.4110000000002,0.2041692378282787,-0.4851231738340074,0.4851231738340074,0.2041692378282787,1.103448275862069,2.0,3.270269220651016,1.5957289233684355,1103.143066772268,-3.5,10174350.41013594,3.388600505429957,24.264240419206526,31.46291316937371,11.49902366656781,5.749511833283905,0.0,0.0,0.0,9.967957041894415,0.0,6.423349895620259,11.986801387317254,18.19910120538483,23.73802645776818,24.11668886110689,18.9474518152002,22.40817398459965,0.0,9.967957041894415,0.0,12.524788010674312,31.74431646205801,42.22260690876959,29.592319714327616,19.52737746540648,11.50524905251859,17.248535499851716,0.0,42.49945128769439,4.736862953800049,12.343784214475903,11.984273114623004,36.65915541707259,0.0,10.902924932081056,74.73000000000002,0.0,0.0,0.0,6.103966387748303,55.01062685335467,23.05788360377137,6.3273200747645415,0.0,30.33183534230805,21.20517996475639,25.37080171082045,23.44637299628541,0.0,8.858766061980347,4.060497055303603,2.312565862763652,5.020290610343128,9.445839827577291,7.859410507220372,2.1629237451928645,0.0,0.2727272727272727,1,7,0,2,2,0,2,1,3,1,0,7,1,7,3,4,0,1,1,0,1,4.543120626431634,5,3.2936000000000014,0,0,0,0,2,0,0,0,0,0,0,0,2,1,0,0,0,0,0,0,0,2,0,0,3,0,4,0,0,0,0,0,0,0,0,0,0,0,0,0,0,0,0,0,0,0,0,0,0,0,1,0,0,0,0
Fc1ccc(Nc2ncnc3cc(OC4CCOC4)c4c(c23)OCCO4)cc1Cl,7.69,13.482294141465111,0.0180024611480313,-0.4892984112171172,0.6843707847169859,18.06896551724138,417.8240000000002,0.2041692378282853,-0.4851231738340032,0.4851231738340032,0.2041692378282853,1.103448275862069,1.9655172413793105,3.2394911893167966,1.592295981863127,1075.2659328721766,-2.84,8697282.281359678,3.492735797021512,24.264240419206526,37.2801340104196,11.49902366656781,5.749511833283905,0.0,0.0,0.0,14.358372089569237,0.0,0.0,11.600939890232516,18.19910120538483,18.174574966071184,29.13932217484822,23.337866862875018,34.00911387483217,0.0,9.967957041894415,0.0,12.524788010674312,31.74431646205801,41.4326425033982,17.248535499851716,19.52737746540648,15.895664100193413,17.248535499851716,11.600939890232516,42.49945128769439,4.736862953800049,5.817220841045895,6.4208216229260096,30.59278834861098,5.022633313741326,10.902924932081056,74.73000000000002,5.817220841045895,4.39041504767482,0.0,11.126599701489628,66.08423734250303,6.4208216229260096,18.46005421168776,6.06636706846161,6.06636706846161,15.284745645900747,30.548391705432717,36.76442149758377,5.896219997833546,8.714413930181125,3.827700196723743,1.22146540778846,1.6051123565420156,6.17376361224535,2.214863284745208,2.0264841608012323,0.0,0.3,1,7,0,2,2,0,2,1,3,1,0,7,1,9,3,4,0,1,1,0,1,4.72764337053632,5,4.104800000000003,0,0,0,0,2,0,0,0,0,0,0,0,2,1,0,0,0,0,0,0,0,2,0,0,3,0,4,0,2,0,0,0,0,0,0,0,0,0,0,0,0,0,0,0,0,0,0,0,0,0,0,0,0,0,0
C#Cc1cccc(Nc2ncnc3cc(OC(C)COC)c4c(c23)OCCO4)c1,6.33,6.016724790811642,0.1546187686220224,-0.1546187686220224,0.6443458926588158,13.551724137931034,391.42700000000025,0.2041689272497226,-0.4851231738415726,0.4851231738415726,0.2041689272497226,1.206896551724138,2.034482758620689,2.7397474162982967,1.799337453069297,1077.575818014278,-3.5,5217840.735097857,3.885386482888245,24.264240419206526,31.46291316937371,11.49902366656781,5.749511833283905,0.0,0.0,0.0,9.967957041894415,0.0,6.423349895620259,11.986801387317254,25.122838405075456,24.427002376119702,17.509806896593975,18.9474518152002,22.40817398459965,0.0,9.967957041894415,0.0,13.027703587438928,32.24723203882262,42.22260690876959,29.592319714327616,19.52737746540648,11.50524905251859,17.248535499851716,0.0,43.002366864459006,4.736862953800049,12.343784214475903,12.48718869138762,36.65915541707259,0.0,10.902924932081056,74.73000000000002,0.0,0.0,0.0,6.103966387748303,48.40374488884176,16.637061980845353,6.3273200747645415,7.109797541277533,37.255572541998674,21.20517996475639,25.37080171082045,23.018141939973997,0.0,8.824561782663785,4.03153297256562,2.2752159589258607,4.900141905954878,9.38480162904034,6.848405710935023,3.249260117074663,1.6346046495324995,0.2727272727272727,1,7,0,1,1,0,2,1,3,1,0,7,1,7,2,6,0,0,0,0,1,5.360143217218047,4,3.539600000000002,0,0,0,0,2,0,0,0,0,0,0,0,2,1,0,0,0,0,0,0,0,2,0,0,3,0,4,0,0,0,0,0,0,0,0,1,0,0,0,0,0,0,0,0,0,0,0,0,0,0,1,0,0,0,0
COCC(C)Oc1cc2ncnc(Nc3ccc(F)c(Cl)c3)c2c2c1OCCO2,6.61,13.474291732168057,0.0118433653598146,-0.4945888127163107,0.636129811521162,13.93103448275862,419.8400000000002,0.2041689272497291,-0.4851231738415685,0.4851231738415685,0.2041689272497291,1.206896551724138,2.0,2.709164914170819,1.7955100450307495,1049.9003130466726,-2.8399999999999994,4452452.934811629,3.989688153346363,24.264240419206526,37.2801340104196,11.49902366656781,5.749511833283905,0.0,0.0,0.0,14.358372089569237,0.0,0.0,11.600939890232516,25.12283840507545,18.863550884422704,22.532440210335302,23.337866862875018,34.00911387483217,0.0,9.967957041894415,0.0,13.027703587438928,32.24723203882262,41.4326425033982,17.248535499851716,19.52737746540648,15.89566410019341,17.248535499851716,11.600939890232516,43.002366864459,4.736862953800049,5.817220841045895,6.923737199690624,30.59278834861098,5.022633313741326,10.902924932081056,74.73,5.817220841045895,4.39041504767482,0.0,11.126599701489628,59.47735537799011,0.0,18.46005421168776,19.242531678200752,6.923737199690624,15.284745645900747,30.548391705432717,36.328188031975294,5.889322138536419,8.680209650864562,3.792577018197544,1.190274599738886,1.485511649130334,6.118235013998221,1.2376770984975625,3.109148606318797,1.6133006371868204,0.3,1,7,0,1,1,0,2,1,3,1,0,7,1,9,2,6,0,0,0,0,1,5.548674750134113,4,4.350800000000003,0,0,0,0,2,0,0,0,0,0,0,0,2,1,0,0,0,0,0,0,0,2,0,0,3,0,4,0,2,0,0,0,0,0,0,1,0,0,0,0,0,0,0,0,0,0,0,0,0,0,0,0,0,0,0
CCOC(C)Oc1cc2ncnc(Nc3ccc(F)c(C#N)c3)c2c2c1OCCO2,6.45,13.653670983868738,0.0689149077061508,-0.5880400382646058,0.6108436333217806,13.533333333333331,410.40500000000026,0.2042902252639474,-0.4851231580426584,0.4851231580426584,0.2042902252639474,1.2333333333333334,2.033333333333333,2.750868754940333,1.7978507928115874,1132.1699518736823,-3.64,7631784.702468554,3.772551492651172,24.264240419206526,37.24538893546357,17.789050395903022,5.749511833283905,0.0,0.0,0.0,14.358372089569237,5.261891554738487,0.0,0.0,32.04657560476608,18.36063530765809,16.466376423778055,23.337866862875018,22.40817398459965,5.261891554738487,9.967957041894415,0.0,20.137501128716465,25.137434497545087,41.97346068135387,23.31775681264399,19.52737746540648,15.89566410019341,17.248535499851716,0.0,36.07862966476839,4.736862953800049,17.148333708576654,19.410925891078243,30.59278834861098,0.0,10.902924932081056,98.52,12.107247570381109,4.39041504767482,0.0,5.563451491696996,59.47735537799011,0.0,24.52642128014937,12.990104268152232,12.992958512482897,15.284745645900747,24.209343369938683,36.69397209667894,0.0,8.641847045534366,12.774258499378032,1.0021861684630171,1.1861668553641864,7.712999416708833,0.912706433182346,4.9091968180236165,0.0,0.2857142857142857,1,8,0,1,1,0,2,1,3,1,0,8,1,9,2,6,0,0,0,0,1,5.497971210680936,4,3.916680000000002,0,0,0,0,2,0,0,0,0,0,0,0,3,1,0,0,0,0,0,0,0,2,0,0,3,0,4,0,1,0,0,0,0,0,0,0,0,0,0,0,0,0,0,0,0,0,0,0,0,0,0,0,0,0,0
CCOC(C)Oc1cc2ncnc(Nc3ccc(C)c([N+](=O)[O-])c3)c2c2c1OCCO2,6.44,11.293904903740676,0.0190480552568121,-0.4818363338203568,0.337933732919791,13.64516129032258,426.4290000000003,0.2738724631631429,-0.4851231580425566,0.4851231580425566,0.2738724631631429,1.2258064516129032,2.0,2.749229379827685,1.7923357843486265,1136.54331962742,-3.66,10736175.10646912,4.14733746672111,24.264240419206526,25.35894678162541,17.789050395903022,5.749511833283905,5.687386274683562,0.0,10.114318268765572,9.967957041894415,0.0,0.0,6.06636706846161,26.83757866753348,29.990453867816694,15.82623598089873,23.870762864017863,28.09556025928321,0.0,9.967957041894415,0.0,27.06123832840709,25.137434497545087,46.27055810907355,17.248535499851716,19.52737746540648,17.19263532720215,17.248535499851716,0.0,41.00194071358605,4.736862953800049,17.038055468456196,19.410925891078243,30.59278834861098,0.0,10.902924932081056,117.87,11.213337778152884,10.114318268765572,0.0,5.687386274683562,65.04080686968712,0.0,12.393687143226153,32.04657560476608,6.923737199690624,15.284745645900747,18.9474518152002,23.104031185709022,0.0,19.561652867589444,15.031659216694305,1.6834452557128157,1.7900750203279974,6.637364705879143,0.9200463822290256,6.605058699191581,0.0,0.3333333333333333,1,10,0,1,1,0,2,1,3,1,0,9,1,10,2,7,0,0,0,0,1,5.718403793255996,4,4.122520000000003,0,0,0,0,2,0,0,0,0,0,0,0,3,1,0,0,0,0,0,0,0,2,1,0,3,0,4,0,0,0,0,0,0,0,0,0,0,1,1,0,0,0,0,0,0,0,0,0,0,0,0,0,0,0,0
CCOC(C)Oc1cc2ncnc(Nc3ccc(F)c([N+](=O)[O-])c3)c2c2c1OCCO2,6.63,13.684920983868738,0.2813632906228509,-0.9283178160423836,0.337528812755781,13.64516129032258,430.3920000000003,0.3063563704098658,-0.4851231580425564,0.4851231580425564,0.3063563704098658,1.2580645161290325,2.032258064516129,2.749229379827685,1.7923357843486265,1142.3434236080268,-3.73,10736175.10646912,4.121960870992212,24.264240419206526,25.35894678162541,17.789050395903022,11.5667326743298,0.0,5.687386274683562,10.114318268765572,9.967957041894415,4.39041504767482,0.0,0.0,25.980208536304467,24.4270023761197,15.82623598089873,28.261177911692688,28.09556025928321,0.0,9.967957041894415,0.0,20.137501128716465,25.137434497545087,46.52432745842245,17.248535499851716,19.52737746540648,21.58305037487697,17.248535499851716,0.0,41.00194071358605,4.736862953800049,15.931539109811467,13.847474399381248,30.59278834861098,0.0,10.902924932081056,117.87,22.71794489388234,14.504733316440394,0.0,5.687386274683562,53.78996910330656,12.13273413692322,12.393687143226153,12.990104268152232,6.923737199690624,15.284745645900747,18.9474518152002,36.60708648115363,0.0,18.792902867589447,14.531242550027638,0.1310223310144571,0.5556473737601988,5.160698039212476,0.8104693495750701,4.7442643410004175,0.0,0.3,1,10,0,1,1,0,2,1,3,1,0,9,1,11,2,7,0,0,0,0,1,5.671138587763369,4,3.9532000000000025,0,0,0,0,2,0,0,0,0,0,0,0,3,1,0,0,0,0,0,0,0,2,0,0,3,0,4,0,1,0,0,0,0,0,0,0,0,1,1,0,0,0,0,0,0,0,0,0,0,0,0,0,0,0,0
C#Cc1cccc(Nc2ncnc3cc(OC(C)C)c4c(c23)OCCO4)c1,7.62,5.924887251196775,0.002788638785385,0.002788638785385,0.710895503711005,12.666666666666666,361.4010000000002,0.2041662203540424,-0.4868844856795843,0.4868844856795843,0.2041662203540424,1.148148148148148,1.962962962962963,2.676676043522358,1.856366452265471,1040.7566586659934,-3.46,1867859.49009912,3.3174016515289764,19.52737746540648,25.35894678162541,11.49902366656781,5.749511833283905,0.0,0.0,0.0,9.967957041894415,0.0,6.423349895620259,11.986801387317254,32.04657560476608,17.31720483484217,17.00689131982936,14.210588861400147,22.40817398459965,0.0,9.967957041894415,0.0,19.95144078712955,18.530552533032168,42.22260690876959,29.592319714327616,19.52737746540648,11.50524905251859,17.248535499851716,0.0,29.28568735866856,0.0,12.343784214475903,19.410925891078243,36.65915541707259,0.0,10.902924932081056,65.50000000000001,0.0,0.0,0.0,6.103966387748303,41.79686292432884,16.637061980845353,6.3273200747645415,0.0,44.1793097416893,21.20517996475639,20.63393875702041,17.67149724782526,0.0,8.800387219702696,4.053784879692618,2.325493283605658,5.03602337289442,9.429135164996008,7.003933394230563,4.846412103719449,0.0,0.238095238095238,1,6,0,1,1,0,2,1,3,0,0,6,1,6,2,4,0,0,0,0,0,4.427622336453918,4,3.9131000000000022,0,0,0,0,2,0,0,0,0,0,0,0,2,1,0,0,0,0,0,0,0,2,0,0,3,0,3,0,0,0,0,0,0,0,0,0,0,0,0,0,0,0,0,0,0,0,0,0,0,0,1,0,0,0,0
CC(C)Oc1cc2ncnc(Nc3ccc(F)c(Cl)c3)c2c2c1OCCO2,7.54,13.428303211759893,0.0209199496424428,-0.486712169619887,0.6958226869018742,13.074074074074074,389.8140000000002,0.204166220354049,-0.4868844856795843,0.4868844856795843,0.204166220354049,1.148148148148148,1.9259259259259256,2.643235360238843,1.8518981355383657,1013.1467013492202,-2.7999999999999994,1591724.6151115084,3.4220121823146394,19.52737746540648,31.1761676226713,11.49902366656781,5.749511833283905,0.0,0.0,0.0,14.358372089569237,0.0,0.0,11.600939890232516,32.04657560476608,11.753753343145172,22.029524633570688,18.60100390907497,34.00911387483217,0.0,9.967957041894415,0.0,19.95144078712955,18.530552533032168,41.4326425033982,17.248535499851716,19.52737746540648,15.89566410019341,17.248535499851716,11.600939890232516,29.28568735866856,0.0,5.817220841045895,13.847474399381248,30.59278834861098,5.022633313741326,10.902924932081056,65.50000000000001,5.817220841045895,4.39041504767482,0.0,11.126599701489628,52.87047341347719,0.0,18.46005421168776,12.13273413692322,13.847474399381248,15.284745645900747,25.811528751632665,30.95985187157259,5.87386292877318,8.656035087903472,3.8239055096071697,1.231475340136055,1.6293485204538505,6.157874068611051,1.4057905244234885,4.706300592963583,0.0,0.2631578947368421,1,6,0,1,1,0,2,1,3,0,0,6,1,8,2,4,0,0,0,0,0,4.613511326346683,4,4.724300000000003,0,0,0,0,2,0,0,0,0,0,0,0,2,1,0,0,0,0,0,0,0,2,0,0,3,0,3,0,2,0,0,0,0,0,0,0,0,0,0,0,0,0,0,0,0,0,0,0,0,0,0,0,0,0,0
Cc1ccc(Nc2ncnc3cc(OC(C)C)c4c(c23)OCCO4)cc1C#N,6.38,9.287416884837103,0.0106756391019695,-0.0106756391019695,0.7326422342799789,12.678571428571429,376.41600000000017,0.2041662203540425,-0.4868844856795843,0.4868844856795843,0.2041662203540425,1.1428571428571428,1.9285714285714288,2.688858116723005,1.8497050772352288,1089.1813616899806,-3.53,2733331.829973603,3.248116411411987,19.52737746540648,25.35894678162541,11.49902366656781,5.749511833283905,0.0,0.0,0.0,9.967957041894415,5.261891554738487,0.0,6.06636706846161,38.46739722769208,11.753753343145172,28.63956412431863,14.210588861400147,22.40817398459965,5.261891554738487,9.967957041894415,0.0,26.875177986820173,18.530552533032168,41.71969133200497,23.31775681264399,19.52737746540648,11.50524905251859,17.248535499851716,0.0,29.28568735866856,0.0,18.254850067221383,24.97437738277524,30.59278834861098,0.0,10.902924932081056,89.29000000000002,0.0,5.261891554738487,0.0,6.103966387748303,52.74653863049063,11.250837766380558,6.3273200747645415,6.06636706846161,38.9703128044567,21.35396695869302,14.210588861400147,17.669096174805503,0.0,8.785680167128579,13.28321281895149,2.974935949376717,2.3070192678259964,9.63763570186335,1.4747333115153145,6.701019941866386,0.0,0.2857142857142857,1,7,0,1,1,0,2,1,3,0,0,7,1,7,2,4,0,0,0,0,0,4.6157005331754775,4,4.111900000000003,0,0,0,0,2,0,0,0,0,0,0,0,3,1,0,0,0,0,0,0,0,2,1,0,3,0,3,0,0,0,0,0,0,0,0,0,0,0,0,0,0,0,0,0,0,0,0,0,0,0,0,0,0,0,0
CC(C)Oc1cc2ncnc(Nc3ccc(F)c(C#N)c3)c2c2c1OCCO2,6.5,13.608997656204338,0.0461785976818514,-0.5785331572742083,0.7330616299190837,12.678571428571429,380.3790000000002,0.2041662203540426,-0.4868844856795843,0.4868844856795843,0.2041662203540426,1.1785714285714286,1.9642857142857144,2.688858116723005,1.8497050772352288,1094.981465670587,-3.6,2733331.829973603,3.224908203812685,19.52737746540648,37.24538893546357,11.49902366656781,5.749511833283905,0.0,0.0,0.0,14.358372089569237,5.261891554738487,0.0,0.0,32.04657560476608,11.753753343145172,22.57034281152636,18.60100390907497,22.40817398459965,5.261891554738487,9.967957041894415,0.0,19.95144078712955,18.530552533032168,41.97346068135387,23.31775681264399,19.52737746540648,15.89566410019341,17.248535499851716,0.0,29.28568735866856,0.0,17.148333708576654,19.410925891078243,30.59278834861098,0.0,10.902924932081056,89.29000000000002,5.817220841045895,4.39041504767482,0.0,11.6674178794453,52.87047341347719,0.0,24.52642128014937,6.06636706846161,19.91669571217352,15.284745645900747,19.472480416138637,31.126840387483668,0.0,8.63193016712858,12.782796152284822,1.0727283659101847,1.4223762800263733,7.785969035196683,1.3651562788613585,4.645536666441664,0.0,0.25,1,7,0,1,1,0,2,1,3,0,0,7,1,8,2,4,0,0,0,0,0,4.572056072641542,4,3.942580000000003,0,0,0,0,2,0,0,0,0,0,0,0,3,1,0,0,0,0,0,0,0,2,0,0,3,0,3,0,1,0,0,0,0,0,0,0,0,0,0,0,0,0,0,0,0,0,0,0,0,0,0,0,0,0,0
CC(C)Oc1cc2ncnc(Nc3ccc(Cl)c([N+](=O)[O-])c3)c2c2c1OCCO2,6.99,11.173137826076278,0.053411287170237,-0.5417207280320562,0.4781676944287117,12.827586206896552,416.82100000000025,0.2894514117777524,-0.4868844856795843,0.4868844856795843,0.2894514117777524,1.206896551724138,1.9655172413793105,2.687016570890248,1.8388338234692925,1105.6399378860467,-3.33,3844830.5151542886,3.6833247674162655,19.52737746540648,30.381580095366733,11.49902366656781,5.749511833283905,5.687386274683562,0.0,10.114318268765572,9.967957041894415,0.0,0.0,11.600939890232516,25.980208536304467,17.820120411606784,21.93020236864703,19.133899910217817,39.69650014951573,0.0,9.967957041894415,0.0,19.95144078712955,18.530552533032168,45.72973993111788,17.248535499851716,19.52737746540648,17.19263532720215,17.248535499851716,11.600939890232516,34.20899840748623,0.0,10.114318268765572,13.847474399381248,30.59278834861098,5.022633313741326,10.902924932081056,108.64,4.923311048817671,10.114318268765572,0.0,16.81398597617319,52.87047341347719,0.0,18.46005421168776,12.13273413692322,13.847474399381248,15.284745645900747,25.811528751632665,17.51774235886835,5.897474860027307,19.25125196408941,14.909184931462692,0.8372298233861795,1.9090722532593631,6.189214946526003,1.3339413460483134,4.599331960776835,0.0,0.2631578947368421,1,9,0,1,1,0,2,1,3,0,0,8,1,10,2,5,0,0,0,0,0,4.975436221010233,4,4.493400000000003,0,0,0,0,2,0,0,0,0,0,0,0,3,1,0,0,0,0,0,0,0,2,0,0,3,0,3,0,1,0,0,0,0,0,0,0,0,1,1,0,0,0,0,0,0,0,0,0,0,0,0,0,0,0,0
Cc1ccc(Nc2ncnc3cc(OC(C)C)c4c(c23)OCCO4)cc1[N+](=O)[O-],6.73,11.257582270520722,0.0301792089017018,-0.4097762835876111,0.5060246970883238,12.827586206896552,396.4030000000002,0.2738724631631429,-0.4868844856795843,0.4868844856795843,0.2738724631631429,1.1724137931034482,1.9310344827586208,2.687016570890248,1.8388338234692925,1099.9119987437275,-3.620000000000001,3844830.5151542886,3.582825729432603,19.52737746540648,25.35894678162541,11.49902366656781,5.749511833283905,5.687386274683562,0.0,10.114318268765572,9.967957041894415,0.0,0.0,6.06636706846161,26.83757866753348,23.38357190330378,21.93020236864703,19.133899910217817,28.09556025928321,0.0,9.967957041894415,0.0,26.875177986820173,18.530552533032168,46.27055810907355,17.248535499851716,19.52737746540648,17.19263532720215,17.248535499851716,0.0,34.20899840748623,0.0,17.038055468456196,19.410925891078243,30.59278834861098,0.0,10.902924932081056,108.64,4.923311048817671,10.114318268765572,0.0,11.791352662431866,58.43392490517419,0.0,12.393687143226153,25.12283840507545,13.847474399381248,15.284745645900747,14.210588861400147,17.570961163072006,0.0,19.52173807520052,15.03184617515665,1.76349433415038,2.0167775639997867,6.70878284776057,1.3724962279080384,6.347236946085389,0.0,0.3,1,9,0,1,1,0,2,1,3,0,0,8,1,9,2,5,0,0,0,0,0,4.7922233439826485,4,4.148420000000003,0,0,0,0,2,0,0,0,0,0,0,0,3,1,0,0,0,0,0,0,0,2,1,0,3,0,3,0,0,0,0,0,0,0,0,0,0,1,1,0,0,0,0,0,0,0,0,0,0,0,0,0,0,0,0
CC(C)Oc1cc2ncnc(Nc3ccc(F)c([N+](=O)[O-])c3)c2c2c1OCCO2,7.08,13.640247656204338,0.0821541072150531,-0.918810935051986,0.5060123805640564,12.827586206896552,400.3660000000002,0.3063563704098658,-0.4868844856795843,0.4868844856795843,0.3063563704098658,1.206896551724138,1.9655172413793105,2.687016570890248,1.8388338234692925,1105.6399378860467,-3.69,3844830.5151542886,3.5587543955524725,19.52737746540648,25.35894678162541,11.49902366656781,11.5667326743298,0.0,5.687386274683562,10.114318268765572,9.967957041894415,4.39041504767482,0.0,0.0,25.980208536304467,17.820120411606784,21.93020236864703,23.52431495789264,28.09556025928321,0.0,9.967957041894415,0.0,19.95144078712955,18.530552533032168,46.52432745842245,17.248535499851716,19.52737746540648,21.58305037487697,17.248535499851716,0.0,34.20899840748623,0.0,15.931539109811467,13.847474399381248,30.59278834861098,0.0,10.902924932081056,108.64,16.427918164547126,14.504733316440394,0.0,6.103966387748303,52.87047341347719,12.13273413692322,12.393687143226153,6.06636706846161,13.847474399381248,15.284745645900747,14.210588861400147,31.05995537575017,0.0,18.75298807520052,14.531429508489984,0.2015645284616245,0.7918567984223861,5.232116181093904,1.2629191952540826,4.500503670660666,0.0,0.2631578947368421,1,9,0,1,1,0,2,1,3,0,0,8,1,10,2,5,0,0,0,0,0,4.748623981333014,4,3.9791000000000025,0,0,0,0,2,0,0,0,0,0,0,0,3,1,0,0,0,0,0,0,0,2,0,0,3,0,3,0,1,0,0,0,0,0,0,0,0,1,1,0,0,0,0,0,0,0,0,0,0,0,0,0,0,0,0
C=CC(=O)Nc1cccc(-n2c(NC(=O)c3cccc(C(F)(F)F)c3)nc3cc(C)ccc32)c1,6.87,13.090692479196736,0.1205638489963889,-4.572146606334399,0.3705799195796905,11.294117647058824,464.4470000000001,0.4159342175824674,-0.3224540744552769,0.4159342175824674,0.3224540744552769,1.0,1.7647058823529411,3.1491841970571244,1.7785750934230855,1423.4508523148802,-4.399999999999999,39188139.52812754,4.679584775086507,5.316788604006331,0.0,0.0,11.855519010338,5.907179729351506,6.176298517443475,19.472962619941327,4.9839785209472085,13.17124514302446,0.0,24.778036888983326,67.09414534591438,11.250837766380558,22.284239201613083,22.760319511168102,34.483486449605586,0.0,9.551078168738565,0.0,13.100035717134098,10.633577208012662,96.0753480186011,5.687386274683562,10.633577208012662,24.80697069869452,0.0,0.0,21.36543762744157,10.970835701515297,6.923737199690624,21.48489165916281,79.3849935435101,0.0,16.720787709916088,76.02000000000001,17.646929738491977,22.760319511168102,0.0,17.418970502034995,22.40817398459965,23.772205735454097,12.13273413692322,28.8325679216378,25.12283840507545,22.19649141255837,0.0,40.92867383309286,0.0,29.08138651736951,5.299264465028215,2.1829035373622743,-1.0073718416454835,16.53868609478021,-3.430498838676946,5.323622899356037,0.0,0.08,2,6,0,0,0,2,3,1,4,0,0,3,2,9,1,5,0,0,0,0,0,5.933767211145749,4,5.729520000000004,0,0,0,0,2,0,0,0,2,0,0,0,2,2,0,0,0,0,3,0,0,2,1,0,1,0,0,0,3,0,0,1,0,0,0,0,0,0,0,0,0,0,0,0,0,0,0,0,0,0,0,0,0,0,0
C=CC(=O)N(C)c1cccc(-n2c(NC(=O)c3cccc(C(F)(F)F)c3)nc3cc(C)ccc32)c1,4.65,13.124263303976353,0.1276500167968424,-4.573112253934662,0.3714052592008854,11.342857142857143,478.47400000000016,0.4159342175824674,-0.3118966791941476,0.4159342175824674,0.3118966791941476,1.0571428571428572,1.8,3.1882902228316685,1.799886139026827,1456.7568415631972,-4.399999999999999,61766370.26867162,4.791391342042857,4.899909730850478,0.0,0.0,11.855519010338,5.907179729351506,6.176298517443475,19.472962619941327,4.9839785209472085,13.17124514302446,0.0,24.778036888983326,67.09414534591438,18.298509749057747,22.284239201613083,22.760319511168102,34.483486449605586,0.0,9.551078168738565,0.0,13.100035717134098,17.264370317534,96.0753480186011,5.687386274683562,10.216698334856808,24.80697069869452,0.0,0.0,28.413109610118763,10.970835701515297,6.923737199690624,21.48489165916281,79.3849935435101,0.0,16.720787709916088,67.23,17.646929738491977,22.760319511168102,0.0,17.418970502034995,22.40817398459965,17.696185628620217,23.108663974607577,35.88023990431498,25.12283840507545,16.879702808552036,0.0,41.0493863074317,0.0,30.948762102694165,2.6443559460821366,2.3083615120275,-0.9086254372195156,16.744480741151158,-3.375908930721653,5.399872899356037,1.6059815258651493,0.1153846153846153,1,6,0,0,0,2,3,1,4,0,0,3,1,9,1,5,0,0,0,0,0,6.169963907332747,4,5.753820000000005,0,0,0,0,2,0,0,0,2,0,0,0,3,1,0,1,0,0,3,0,0,2,1,0,1,0,0,0,3,0,0,1,0,0,0,0,0,0,0,0,0,0,0,0,0,0,0,0,0,0,0,0,0,0,0
Cc1cc(C(=O)Nc2nc3cccc(Cl)c3n2[C@@H]2CCCCN(C(=O)/C=C/CN(C)C)C2)ccn1,8.38,13.073890890853894,0.0073017261184644,-0.2672668567023515,0.515927271936796,16.714285714285715,495.0270000000004,0.2575931928622807,-0.3370920537061767,0.3370920537061767,0.2575931928622807,1.2571428571428571,2.085714285714286,3.007115063131796,1.6756474848223752,1251.8679094042188,-3.229999999999999,65346402.56243154,5.887779489154212,14.366919109492311,0.0,0.0,11.855519010338,5.907179729351506,0.0,19.889841493097183,4.9839785209472085,0.0,0.0,23.743327065528007,64.54701430766947,43.16451238273014,22.09787557812181,9.589074368143644,40.39704006515454,0.0,24.334876151386727,0.0,32.22804289761662,39.04640178709843,64.96073192787567,0.0,5.316788604006331,5.948339280986494,0.0,11.600939890232516,69.87884879318183,4.794537184071822,6.923737199690624,41.35622236854327,48.68071912758889,5.022633313741326,11.033401435232523,83.36,0.0,9.589074368143644,0.0,17.85620028785097,41.6853940217788,30.47309358124275,0.0,24.40559781537018,59.661121586756025,10.30076712495354,16.584918411179725,1.998758739606954,6.628804142428319,38.79550110373471,3.5413443941753826,2.726740646436646,0.1513704504549777,8.88301626956249,7.86581689870659,3.7543494281073713,3.932075704564337,0.3846153846153846,1,8,0,1,1,2,1,2,3,1,0,5,1,9,3,6,0,1,1,0,0,7.826086894755958,4,4.316820000000003,0,0,0,0,3,0,0,0,2,0,0,0,5,1,0,1,1,0,0,0,0,1,1,0,1,0,0,0,1,0,0,1,0,0,0,0,0,0,0,0,0,0,1,0,0,0,0,1,0,0,0,0,0,0,0
C=CC(=O)Nc1cc(Nc2nccc(-c3cn(C)c4ccccc34)n2)c(OC)cc1N(C)CCN(C)C,8.6,12.222602682564595,0.2985375009821398,-0.2985375009821398,0.3105348061023151,10.972972972972974,499.6190000000003,0.2473222348445775,-0.4944952223233742,0.4944952223233742,0.2473222348445775,1.135135135135135,1.9189189189189189,3.237234554675035,1.7065918885507303,1427.5756477173193,-4.37,201258419.0513093,5.727560753255412,29.73735927130502,5.749511833283905,0.0,11.855519010338,0.0,0.0,4.794537184071822,9.967957041894415,0.0,0.0,24.778036888983326,38.37046527757309,62.11128741264534,29.86588436017668,9.53140013787187,39.82060276646975,0.0,19.43496642053625,7.04767198267719,0.0,56.875813239997385,67.5132124128898,17.00689131982936,20.27034989266319,23.01049810503718,5.749511833283905,0.0,66.68447245102199,11.842209166749011,0.0,0.0,67.5132124128898,0.0,22.16030441862652,87.55,0.0,4.794537184071822,0.0,5.907179729351506,23.07262366363752,40.93720350513522,6.076020106833881,13.30664111289061,58.5225232730168,54.89298823058698,9.720841474747257,7.7911168538880755,0.0,25.609090225395967,7.310944152499818,5.0239840723529605,0.7161966137253699,13.829160643744574,5.040728545006802,5.191820419380108,9.65362514067299,0.25,2,9,0,0,0,1,2,2,4,0,0,7,2,9,2,10,0,0,0,0,0,7.736971984506203,4,4.509800000000003,0,0,0,0,3,0,0,0,1,0,0,0,5,2,0,2,0,0,0,0,0,4,1,0,1,0,1,0,0,0,0,0,0,0,0,1,0,0,0,0,0,0,1,0,0,0,0,0,0,0,0,0,0,0,0
C=CC(=O)Nc1cc2c(Nc3ccc(Br)cc3F)ncnc2cc1OCCNC(=O)N1CCN(C(C)=O)CC1,7.12,14.422568147849198,0.0075535470300462,-0.4730987820242147,0.2661050320189522,13.102564102564102,600.449,0.3171387581902367,-0.4894884618833066,0.4894884618833066,0.3171387581902367,1.1025641025641026,1.8461538461538465,2.9237724908226514,1.4631783539399947,1412.5616930782624,-4.260000000000001,442460935.0307616,6.988678096340304,30.48704822752,30.31879749144229,0.0,11.814359458703011,0.0,6.031114512338072,9.589074368143644,19.152909273641058,0.0,0.0,22.508879581547845,30.34148838068032,49.02807362209974,23.43622967289596,23.510889553690333,61.870978128273634,0.0,25.084565107601705,0.0,6.923737199690624,49.96424120208845,59.60405156438328,5.749511833283905,20.687228765819043,26.37758755894879,5.749511833283905,15.929943897949348,76.94391446871225,9.589074368143644,5.817220841045895,6.923737199690624,53.78683072333738,0.0,10.902924932081056,128.79,11.7244005703974,18.774026599890284,0.0,30.777318886798632,58.80943095736625,6.076020106833881,19.317424342916777,34.0652877355474,0.0,48.42720243546126,4.736862953800049,20.90693752033787,3.2353132009926022,47.93057275006588,8.98980842203298,1.0332049620054156,-0.2834111662451402,7.603206335965308,2.455548222708007,7.212153085470413,0.0,0.2692307692307692,3,11,0,1,1,4,2,1,3,0,0,7,3,13,2,8,0,1,1,0,0,8.915766298151551,4,3.652000000000003,0,0,0,0,2,0,0,0,3,0,0,0,4,3,0,0,0,0,0,0,0,3,0,0,1,0,1,0,2,0,0,0,0,0,0,0,0,0,0,0,0,0,0,0,1,0,0,0,0,0,0,0,0,0,1
C=CC(=O)Nc1cc2c(Nc3ccc(Br)cc3F)ncnc2cc1OCCNC(=O)N1CCN(C)CC1,7.89,14.404144786815037,0.1397905597787005,-0.4584304510277828,0.278747981671981,13.756756756756756,572.439,0.3171039764649991,-0.4894884618833447,0.4894884618833447,0.3171039764649991,1.162162162162162,1.945945945945946,2.884193369997452,1.5049562998053287,1314.9300894439548,-3.77,180721745.290604,6.714707356208986,30.48704822752,30.31879749144229,0.0,5.907179729351506,0.0,6.031114512338072,4.794537184071822,19.152909273641058,0.0,0.0,22.508879581547845,37.38916036335751,42.10433642240912,23.43622967289596,18.716352369618512,55.96379839892213,0.0,25.084565107601705,0.0,0.0,57.01191318476564,59.60405156438328,5.749511833283905,20.687228765819043,26.37758755894879,5.749511833283905,15.929943897949348,78.08440672203794,4.794537184071822,5.817220841045895,0.0,53.78683072333738,0.0,10.902924932081056,111.72,11.7244005703974,13.979489415818463,0.0,24.870139157447127,45.71991814554111,19.165532918659032,12.393687143226153,29.16537800469692,7.04767198267719,53.327112166311736,4.736862953800049,20.91372600253503,3.241788748052565,36.97065032012321,9.09996472965165,1.1076962066174612,-0.1804538172051879,7.796377023564839,2.491647759745044,6.949088121651867,2.026181571930192,0.28,3,10,0,1,1,3,2,1,3,0,0,7,3,12,2,8,0,1,1,0,0,8.51271556138278,4,3.7353000000000014,0,0,0,0,2,0,0,0,2,0,0,0,4,3,0,1,0,0,0,0,0,3,0,0,1,0,1,0,2,0,0,0,0,0,0,0,0,0,0,0,0,0,0,0,1,0,0,0,0,0,0,0,0,0,1
C=CC(=O)Nc1cc2c(Nc3ccc(Br)cc3F)ncnc2cc1OCCNC(=O)C1CCCN1,5.71,14.368062482644522,0.0616424116305525,-0.4572913258061615,0.2405867858293744,14.971428571428572,543.3970000000002,0.2473656823734594,-0.4894897103573238,0.4894897103573238,0.2473656823734594,1.2571428571428571,2.1142857142857143,3.3878238348651566,1.5526201715431285,1265.4831931918036,-3.57,97134238.39247628,6.113166843753099,26.004017369825373,30.31879749144229,0.0,11.814359458703011,0.0,0.0,9.589074368143644,14.358372089569237,0.0,0.0,22.508879581547845,49.72788803244492,15.92531079875882,29.478070502043924,18.716352369618512,55.83986361593556,0.0,20.60153424990708,0.0,18.88348407499998,30.32997198435073,59.60405156438328,5.749511833283905,26.004017369825373,21.58305037487697,5.749511833283905,15.929943897949348,47.52055210608346,9.589074368143644,5.817220841045895,12.84164324585202,53.78683072333738,0.0,10.902924932081056,117.27,11.7244005703974,13.979489415818463,0.0,24.243288797695943,39.175161739628535,25.462419758598475,12.393687143226153,24.26546827384644,0.0,53.7439910394676,4.736862953800049,20.84313618852092,3.2374334531023408,32.72836295710488,12.22119164315438,1.1146527023307542,-0.2330658772682223,7.7594411042517635,4.280967732589534,4.797880096213658,0.0,0.25,4,9,0,1,1,2,2,1,3,1,0,7,4,11,2,9,0,1,1,0,1,7.8824229534261185,4,3.6465000000000014,0,0,0,0,2,0,0,0,2,0,0,0,2,4,0,0,0,0,0,0,0,3,0,0,1,0,1,0,2,0,0,0,0,0,0,0,0,0,0,0,0,0,0,0,0,0,0,0,0,0,0,0,0,0,0
C=CC(=O)Nc1cc2c(Nc3ccc(Br)cc3F)ncnc2cc1OCCNC(=O)C1CCCN1C,7.16,14.39077685331926,0.0269201894083301,-0.4563711869172728,0.2698689767630414,15.47222222222222,557.4240000000001,0.2473656823734594,-0.4894897103529627,0.4894897103529627,0.2473656823734594,1.2777777777777777,2.111111111111111,3.2925181741201284,1.540772282549685,1304.2698430027117,-3.57,133317893.36127868,5.972469927508044,20.687228765819043,30.31879749144229,0.0,11.814359458703011,0.0,0.0,14.488984098994122,14.358372089569237,0.0,0.0,22.508879581547845,56.7755600151221,15.92531079875882,29.478070502043924,18.716352369618512,55.83986361593556,0.0,20.184655376751227,0.0,18.88348407499998,37.37764396702792,59.60405156438328,5.749511833283905,20.687228765819043,21.58305037487697,5.749511833283905,15.929943897949348,59.468133819611126,9.589074368143644,5.817220841045895,12.84164324585202,53.78683072333738,0.0,10.902924932081056,108.48,11.7244005703974,13.979489415818463,0.0,24.243288797695943,39.175161739628535,25.462419758598475,12.393687143226153,24.26546827384644,11.947581713527669,48.42720243546126,4.736862953800049,20.900193438050177,3.2410542253057537,35.04743474822484,9.143567125420844,1.120806926493636,-0.1904089902699655,7.827668341906084,4.33652328814509,4.8851810797234325,1.937979817000106,0.28,3,9,0,1,1,2,2,1,3,1,0,7,3,11,2,9,0,1,1,0,1,8.1126222574893,4,3.9887000000000015,0,0,0,0,2,0,0,0,2,0,0,0,3,3,0,1,1,0,0,0,0,3,0,0,1,0,1,0,2,0,0,0,0,0,0,0,0,0,0,0,0,0,0,0,0,0,0,0,0,0,0,0,0,0,0
C=CC(=O)Nc1cc2c(Nc3ccc(Br)cc3F)ncnc2cc1OCCNC(=O)c1ccc[nH]1,6.43,14.361167668550582,0.1341369180557774,-0.4651204783004925,0.1832389513761596,10.571428571428571,539.3650000000002,0.2673100097809214,-0.4894894946698123,0.4894894946698123,0.2673100097809214,1.1714285714285717,2.0285714285714285,3.3878238348651566,1.5759370230378902,1393.7958577001557,-4.25,97134238.39247628,5.818157648291297,25.67120728676625,36.01272548629075,0.0,5.907179729351506,5.907179729351506,0.0,9.589074368143644,14.358372089569237,0.0,0.0,22.508879581547845,42.47422251760354,22.12215437037189,23.43622967289596,18.716352369618512,55.83986361593556,0.0,20.26872416684796,0.0,0.0,23.785215578438155,83.62755726776804,5.749511833283905,20.687228765819043,21.58305037487697,5.749511833283905,15.929943897949348,39.91793339197014,4.794537184071822,5.817220841045895,10.488465178920285,72.11640843187368,0.0,10.902924932081056,121.03,11.7244005703974,13.979489415818463,0.0,24.74620437446056,38.32433332856442,6.076020106833881,12.393687143226153,42.59504598238274,0.0,53.41118095640847,4.736862953800049,20.795034426642417,3.231966757585819,35.40903559402415,8.925405706255985,1.5054244961588072,-0.4957990308571347,11.257117865415124,4.122376973165875,3.832770544942297,0.0,0.0833333333333333,4,9,0,0,0,2,2,2,4,0,0,6,4,11,2,9,0,0,0,0,0,7.36239947131846,4,4.536400000000003,0,0,0,0,3,1,0,0,2,0,0,0,2,4,0,0,0,0,0,0,0,3,0,0,1,0,1,0,2,0,0,0,0,0,0,0,0,0,0,0,0,0,0,0,0,0,0,0,0,0,0,0,0,0,0
C=CC(=O)Nc1cc2c(Nc3ccc(Br)cc3F)ncnc2cc1OCCNC(=O)CN1CCCCC1,8.15,14.402013238860109,0.0483090782972193,-0.4549923786310683,0.2449692363676773,13.675675675675675,571.4509999999999,0.2473656823734594,-0.4894897119998749,0.4894897119998749,0.2473656823734594,1.135135135135135,1.945945945945946,2.88796082012757,1.484140751909102,1298.7872895517594,-3.57,197950272.46750385,7.233934809699178,20.687228765819043,30.31879749144229,0.0,11.814359458703011,0.0,0.0,14.488984098994122,14.358372089569237,0.0,0.0,28.92970120447385,56.272644438357496,15.92531079875882,29.980986078808535,18.716352369618512,55.83986361593556,0.0,20.184655376751227,0.0,19.26246486877803,43.41948479617588,59.60405156438328,5.749511833283905,20.687228765819043,21.58305037487697,5.749511833283905,15.929943897949348,59.468133819611126,9.589074368143644,5.817220841045895,19.26246486877803,53.78683072333738,0.0,10.902924932081056,108.48,11.7244005703974,13.979489415818463,0.0,18.201447968547985,45.71991814554111,32.00717616451105,18.81450876615216,24.26546827384644,0.0,53.327112166311736,4.736862953800049,20.913070174829947,3.2436264041389644,35.03741351190217,9.127391545515366,1.127245990199191,-0.2036261738158855,7.958131813701437,5.957897346680898,6.255516053514572,0.0,0.3076923076923077,3,9,0,1,1,2,2,1,3,0,0,7,3,11,2,10,0,1,1,0,0,9.01919925863107,4,4.380400000000003,0,0,0,0,2,0,0,0,2,0,0,0,3,3,0,0,1,0,0,0,0,3,0,0,1,0,1,0,2,0,0,0,0,0,0,0,0,0,0,0,0,0,0,1,0,0,0,0,0,0,0,0,0,0,0
C=CC(=O)Nc1cc2c(Nc3ccc(Br)cc3F)ncnc2cc1OCCNC(=O)CN1CCN(C)CC1,7.92,14.415628197308862,0.0690006882745435,-0.457458949541776,0.2456662017213948,14.18421052631579,586.4659999999999,0.2473656823734594,-0.4894897119998749,0.4894897119998749,0.2473656823734594,1.1578947368421053,1.947368421052632,2.895392065729899,1.4596340651162474,1331.684760492691,-3.61,282296892.90957016,7.240828180509894,25.58713849666952,30.31879749144229,0.0,11.814359458703011,0.0,0.0,14.488984098994122,14.358372089569237,0.0,0.0,22.508879581547845,37.38916036335751,42.10433642240912,29.980986078808535,18.716352369618512,55.83986361593556,0.0,25.084565107601705,0.0,0.0,63.55666959067821,59.60405156438328,5.749511833283905,20.687228765819043,21.58305037487697,5.749511833283905,15.929943897949348,84.50522834496395,9.589074368143644,5.817220841045895,0.0,53.78683072333738,0.0,10.902924932081056,111.72,11.7244005703974,13.979489415818463,0.0,18.201447968547985,45.71991814554111,32.255045730484184,12.393687143226153,24.26546827384644,0.0,65.2746938798394,4.736862953800049,20.932075969594862,3.2440422040677515,37.32847553662623,9.120336881325803,1.1143832108448413,-0.2407882083688908,7.947387718618522,2.4962274152987254,7.9061504394514674,2.068375499207356,0.3076923076923077,3,10,0,1,1,2,2,1,3,0,0,8,3,12,2,10,0,1,1,0,0,9.211110773317778,4,3.1419000000000024,0,0,0,0,2,0,0,0,2,0,0,0,4,3,0,1,0,0,0,0,0,3,0,0,1,0,1,0,2,0,0,0,0,0,0,0,0,0,0,0,0,0,0,0,1,0,0,0,0,0,0,0,0,0,0
C=CC(=O)Nc1cc2c(Nc3ccc(Br)cc3F)ncnc2cc1OCCNC(=O)CN1CCOCC1,7.5,14.396473072655125,0.1038646338527746,-0.4611652181372412,0.2502137653454803,13.675675675675675,573.423,0.2473656823734594,-0.4894897119998748,0.4894897119998748,0.2473656823734594,1.1891891891891893,2.0,2.88796082012757,1.484140751909102,1301.657204981223,-3.61,197950272.46750385,7.214986087434418,25.42409171961909,30.31879749144229,0.0,11.814359458703011,0.0,0.0,14.488984098994122,14.358372089569237,0.0,0.0,22.508879581547845,30.34148838068032,29.01482361058397,43.19475000783437,23.45321532341856,55.83986361593556,0.0,20.184655376751227,0.0,0.0,56.63324872520171,59.60405156438328,5.749511833283905,20.687228765819043,21.58305037487697,5.749511833283905,15.929943897949348,72.68189774863697,14.325937321943693,5.817220841045895,0.0,53.78683072333738,0.0,10.902924932081056,117.71,11.7244005703974,13.979489415818463,0.0,24.74620437446056,52.388925668654366,19.165532918659032,12.393687143226153,24.26546827384644,4.899909730850478,48.42720243546126,9.473725907600098,26.17426961587623,3.2390912567466743,34.844691714850015,9.056724317825472,1.0946023665587616,-0.3009764650189903,7.915155433369776,2.482894081965392,6.910214344493332,0.0,0.28,3,10,0,1,1,2,2,1,3,0,0,8,3,12,2,10,0,1,1,0,0,8.986226120147847,4,3.226700000000002,0,0,0,0,2,0,0,0,2,0,0,0,3,3,0,0,0,0,0,0,0,3,0,0,1,0,2,0,2,0,0,0,0,0,0,0,1,0,0,0,0,0,0,0,0,0,0,0,0,0,0,0,0,0,0
C=CC(=O)Nc1cc2c(Nc3ccc(Br)cc3F)ncnc2cc1OCCNC(=O)CCN1CCCCC1,7.85,14.414000450739117,0.0263891992344833,-0.4543982392662495,0.2198776449069064,13.63157894736842,585.478,0.2473656823734594,-0.4894897193897308,0.4894897193897308,0.2473656823734594,1.131578947368421,1.947368421052632,2.919772298832193,1.4411252534935377,1315.4577120625706,-3.57,329582974.4441315,7.483105534066842,25.58713849666952,30.31879749144229,0.0,11.814359458703011,0.0,0.0,9.589074368143644,14.358372089569237,0.0,0.0,28.92970120447385,56.272644438357496,28.890888827597404,23.43622967289596,18.716352369618512,55.83986361593556,0.0,20.184655376751227,0.0,25.68328649170404,43.41948479617588,59.60405156438328,5.749511833283905,20.687228765819043,21.58305037487697,5.749511833283905,15.929943897949348,59.468133819611126,9.589074368143644,5.817220841045895,25.68328649170404,53.78683072333738,0.0,10.902924932081056,108.48,11.7244005703974,13.979489415818463,0.0,18.201447968547985,45.59598336255455,25.710289324571608,31.65615201200418,24.26546827384644,0.0,53.327112166311736,4.736862953800049,20.93319498021497,3.2457390803344253,35.217668295193086,9.142062874067184,1.1309018173027765,-0.1769823760812896,7.966480734318981,6.592429765568138,6.865171495748399,0.0,0.3333333333333333,3,9,0,1,1,2,2,1,3,0,0,7,3,11,2,11,0,1,1,0,0,9.606910623848933,4,4.770500000000005,0,0,0,0,2,0,0,0,2,0,0,0,3,3,0,0,1,0,0,0,0,3,0,0,1,0,1,0,2,0,0,0,0,0,0,0,0,0,0,0,0,0,0,1,0,0,0,0,0,0,0,0,0,0,0
C=CC(=O)Nc1cc2c(Nc3ccc(Br)cc3F)ncnc2cc1OCCNC(=O)C1CCCN1C(C)=O,7.6,14.41353519412835,0.0985048318879766,-0.4779686318170644,0.2570224529951192,14.710526315789474,585.4340000000001,0.2473656823734594,-0.4894897074809286,0.4894897074809286,0.2473656823734594,1.236842105263158,2.0526315789473686,3.3895471116228744,1.5181799459740384,1401.6561458284218,-4.06,331614002.8781169,6.250636945315846,25.58713849666952,36.36063832059025,0.0,17.721539188054518,0.0,0.0,14.383611552215466,14.358372089569237,0.0,0.0,22.508879581547845,43.18313162653234,29.39380440436202,23.43622967289596,23.510889553690333,61.74704334528707,0.0,20.184655376751227,0.0,25.807221274690605,30.32997198435073,59.60405156438328,5.749511833283905,20.687228765819043,21.58305037487697,5.749511833283905,15.929943897949348,58.32764156628544,14.383611552215466,5.817220841045895,19.765380445542643,53.78683072333738,0.0,10.902924932081056,125.55,17.76624139954536,18.774026599890284,0.0,30.653384103812066,45.59598336255454,12.49684172975989,19.317424342916777,29.16537800469692,0.0,48.42720243546126,4.736862953800049,20.888800423171475,3.2332275863399182,46.46201400618743,8.973473536118965,1.0200573378037066,-0.6535994405118286,7.35435931642311,3.851114319824034,5.787219581309861,0.0,0.2692307692307692,3,10,0,1,1,3,2,1,3,1,0,7,3,12,2,9,0,1,1,0,1,8.51544196250998,4,3.905400000000003,0,0,0,0,2,0,0,0,3,0,0,0,3,3,0,0,1,0,0,0,0,3,0,0,1,0,1,0,2,0,0,0,0,0,0,0,0,0,0,0,0,0,0,0,0,0,0,0,0,0,0,0,0,0,0
C=CC(=O)Nc1cc2c(Nc3ccc(Br)cc3F)ncnc2cc1OCCNC(=O)C1CCCN1C(=O)CC,6.71,14.431698902619852,0.0403820185970524,-0.4739756494993281,0.2345768874258121,14.64102564102564,599.461,0.2473656823734594,-0.4894897074809286,0.4894897074809286,0.2473656823734594,1.2307692307692308,2.051282051282051,3.423756166098679,1.503626970157726,1418.5328726415937,-4.06,571757169.3865209,6.6902260903948845,25.58713849666952,36.36063832059025,0.0,17.721539188054518,0.0,0.0,14.383611552215466,14.358372089569237,0.0,0.0,29.43261678123847,43.18313162653234,28.890888827597404,23.43622967289596,23.510889553690333,61.74704334528707,0.0,20.184655376751227,0.0,32.22804289761662,30.32997198435073,59.60405156438328,5.749511833283905,20.687228765819043,21.58305037487697,5.749511833283905,15.929943897949348,58.32764156628544,14.383611552215466,5.817220841045895,26.186202068468653,53.78683072333738,0.0,10.902924932081056,125.55,17.76624139954536,18.774026599890284,0.0,30.653384103812066,52.01680498548055,12.49684172975989,12.393687143226153,36.08911520438754,0.0,48.42720243546126,4.736862953800049,20.928688679387065,3.236178266612027,47.04051715806455,9.009430555576156,1.0241743124908158,-0.5496218219866682,7.371363626942937,4.2225257684754185,6.133410121104368,0.0,0.2962962962962963,3,10,0,1,1,3,2,1,3,1,0,7,3,12,2,10,0,1,1,0,1,9.074536668697272,4,4.295500000000003,0,0,0,0,2,0,0,0,3,0,0,0,3,3,0,0,1,0,0,0,0,3,0,0,1,0,1,0,2,0,0,0,0,0,0,0,0,0,0,0,0,0,0,0,0,0,0,0,0,0,0,0,0,0,0
C=CC(=O)Nc1cc2c(Nc3ccc(Br)cc3F)ncnc2cc1OCCNC(=O)CN1CCCC1,7.35,14.384007698693903,0.0529387079268488,-0.4555067819232492,0.2556808795129892,13.38888888888889,557.424,0.2473656823734594,-0.4894897119998749,0.4894897119998749,0.2473656823734594,1.1666666666666667,1.9722222222222223,3.365001063661544,1.5082956252593398,1282.1293974496805,-3.57,148627382.61544022,6.550780593378443,20.687228765819043,30.31879749144229,0.0,11.814359458703011,0.0,0.0,14.488984098994122,14.358372089569237,0.0,0.0,22.508879581547845,56.272644438357496,15.92531079875882,29.980986078808535,18.716352369618512,55.83986361593556,0.0,20.184655376751227,0.0,12.84164324585202,43.41948479617588,59.60405156438328,5.749511833283905,20.687228765819043,21.58305037487697,5.749511833283905,15.929943897949348,59.468133819611126,9.589074368143644,5.817220841045895,12.84164324585202,53.78683072333738,0.0,10.902924932081056,108.48,11.7244005703974,13.979489415818463,0.0,18.201447968547985,45.71991814554111,32.00717616451105,12.393687143226153,24.26546827384644,0.0,53.327112166311736,4.736862953800049,20.87464796799708,3.240791937018783,34.85596173327406,9.096309632350692,1.1245256882291552,-0.2117386980828104,7.947387718618522,4.739124008746621,6.249656678514572,0.0,0.28,3,9,0,1,1,2,2,1,3,0,0,7,3,11,2,10,0,1,1,0,0,8.44418948321228,4,3.990300000000003,0,0,0,0,2,0,0,0,2,0,0,0,3,3,0,0,1,0,0,0,0,3,0,0,1,0,1,0,2,0,0,0,0,0,0,0,0,0,0,0,0,0,0,0,0,0,0,0,0,0,0,0,0,0,0
C=CC(=O)Nc1cc2c(Nc3ccc(Br)cc3F)ncnc2cc1OCCNC(=O)CN1CC=CC1,7.5,14.380921278940818,0.0929387079268488,-0.4589669895357058,0.1986965581303148,12.944444444444445,555.4080000000001,0.2473656823734594,-0.4894897119998536,0.4894897119998536,0.2473656823734594,1.1666666666666667,1.9722222222222223,3.365001063661544,1.5085121441998106,1324.6375524111345,-3.83,148627382.61544022,6.43319053979115,20.687228765819043,30.31879749144229,0.0,11.814359458703011,0.0,0.0,14.488984098994122,14.358372089569237,0.0,0.0,34.660919795215605,30.34148838068032,29.01482361058397,29.980986078808535,18.716352369618512,55.83986361593556,0.0,20.184655376751227,0.0,0.0,43.41948479617588,71.75609177805104,5.749511833283905,20.687228765819043,21.58305037487697,5.749511833283905,15.929943897949348,59.468133819611126,9.589074368143644,5.817220841045895,0.0,65.93887093700515,0.0,10.902924932081056,108.48,11.7244005703974,13.979489415818463,0.0,24.74620437446056,39.175161739628535,19.165532918659032,12.393687143226153,24.26546827384644,17.05194994451824,48.42720243546126,4.736862953800049,20.85644578612915,3.2382919370187837,34.70160919936109,9.051225805920712,1.1054105309747937,-0.2762181062749069,7.9225457642455295,6.531787789597812,5.785567959693711,0.0,0.2,3,9,0,1,1,2,2,1,3,0,0,7,3,11,2,10,0,0,0,0,0,8.236912150358698,4,3.766300000000003,0,0,0,0,2,0,0,0,2,0,0,0,3,3,0,0,0,0,0,0,0,3,0,0,1,0,1,0,2,0,0,0,0,0,0,0,0,0,0,0,0,0,0,0,0,0,0,0,0,0,0,0,0,0,0
C=CC(=O)Nc1cc2c(Nc3ccc(Br)cc3F)ncnc2cc1OCC1=NCCO1,6.9,14.298655546696532,0.1138506368766387,-0.4457289696791509,0.4861290788678717,12.774193548387096,486.3010000000003,0.247365684295596,-0.4816389701568386,0.4816389701568386,0.247365684295596,1.2903225806451613,2.161290322580645,3.278305038982392,1.7175188874101055,1201.0939135704466,-3.53,14847246.823248915,4.798875531068191,20.10730311561276,30.31879749144229,6.606881964512918,11.804925073709118,0.0,0.0,4.794537184071822,19.350776822204907,0.0,0.0,22.508879581547845,30.34148838068032,15.92531079875882,23.43622967289596,18.65867813934674,55.83042923094167,0.0,9.967957041894415,4.992404732635669,0.0,30.392097542951078,59.60405156438328,5.749511833283905,15.370440161812713,21.58305037487697,5.749511833283905,15.929943897949348,41.53140245054194,9.53140013787187,5.817220841045895,0.0,58.77923545597305,0.0,10.902924932081056,97.73,11.7244005703974,9.184952231746642,0.0,12.29426823919648,51.67978904849906,6.076020106833881,12.393687143226153,24.26546827384644,0.0,48.1028185640906,9.473725907600098,26.089710426645645,3.234810495760162,24.64067477522295,6.245907666409336,1.1644660376266625,0.3705382607488854,7.968133546939496,2.507311463379319,4.695113993934211,0.0,0.1428571428571428,2,8,0,1,1,1,2,1,3,0,0,7,2,10,2,7,0,0,0,0,0,6.077045536176497,4,4.207000000000003,0,0,0,0,2,0,0,0,1,0,0,1,3,2,0,0,0,0,0,0,0,3,0,0,1,0,2,0,2,0,0,0,0,0,0,0,0,0,0,0,0,0,0,0,0,0,0,0,0,0,0,0,0,0,0
C=CC(=O)Nc1cc2c(Nc3ccc(Br)cc3F)ncnc2cc1OCCNC(=O)CN1CCC1,6.01,14.363945970298843,0.0596053745935154,-0.456083483191992,0.2650363990281531,13.085714285714284,543.397,0.2473656823734594,-0.4894897119998749,0.4894897119998749,0.2473656823734594,1.2,2.0285714285714285,2.8092757550876484,1.529743764048186,1267.4831931918036,-3.57,53540421.84961991,6.310576006459928,20.687228765819043,30.31879749144229,0.0,11.814359458703011,0.0,0.0,14.488984098994122,14.358372089569237,0.0,0.0,22.508879581547845,49.85182281543148,15.92531079875882,29.980986078808535,18.716352369618512,55.83986361593556,0.0,20.184655376751227,0.0,6.4208216229260096,43.41948479617588,59.60405156438328,5.749511833283905,20.687228765819043,21.58305037487697,5.749511833283905,15.929943897949348,59.468133819611126,9.589074368143644,5.817220841045895,6.4208216229260096,53.78683072333738,0.0,10.902924932081056,108.48,11.7244005703974,13.979489415818463,0.0,18.201447968547985,45.71991814554111,25.58635454158504,12.393687143226153,24.26546827384644,0.0,53.327112166311736,4.736862953800049,20.829433201060244,3.237666937018783,34.604024769139286,9.05615677239014,1.1213398286867615,-0.2224852661148264,7.934966741432026,3.6125736712063463,6.242990011847906,0.0,0.25,3,9,0,1,1,2,2,1,3,0,0,7,3,11,2,10,0,1,1,0,0,7.8824229534261185,4,3.6002000000000027,0,0,0,0,2,0,0,0,2,0,0,0,3,3,0,0,1,0,0,0,0,3,0,0,1,0,1,0,2,0,0,0,0,0,0,0,0,0,0,0,0,0,0,0,0,0,0,0,0,0,0,0,0,0,0
C=CC(=O)Nc1cc2c(Nc3ccc(F)c(Cl)c3)ncnc2cc1OCCNC(C)=O,7.92,13.443864418266612,0.0304132792037243,-0.5321857917200943,0.3609834434980676,10.419354838709678,443.8660000000002,0.2473656823734593,-0.4894897209868185,0.4894897209868185,0.2473656823734593,1.2580645161290325,2.064516129032258,2.738110172614113,1.9614356485069735,1155.3085252759718,-3.72,7364790.765136221,5.668283558193215,20.687228765819043,30.31879749144229,0.0,11.814359458703011,0.0,0.0,9.589074368143644,14.358372089569237,0.0,0.0,18.17987557383101,30.34148838068032,24.06371475730059,22.771476711953728,18.716352369618512,51.51085960821873,0.0,15.284745645900747,0.0,6.923737199690624,23.785215578438155,60.15396536229218,5.749511833283905,20.687228765819043,21.58305037487697,5.749511833283905,11.600939890232516,34.93395487102293,9.589074368143644,5.817220841045895,6.923737199690624,49.31411120750497,5.022633313741326,10.902924932081056,105.24,11.7244005703974,13.979489415818463,0.0,17.53669500760575,40.38982849847969,6.076020106833881,31.450158479839995,12.13273413692322,0.0,32.497258537511904,16.337802844032566,19.16828869934268,5.850150228119739,31.40789452902652,8.93504818318293,1.4358908059314028,-0.3484016529362488,7.494873771520089,2.491398748702868,5.342634464887796,0.0,0.1428571428571428,3,8,0,0,0,2,2,1,3,0,0,6,3,10,1,8,0,0,0,0,0,6.987010115740563,3,3.8053000000000017,0,0,0,0,2,0,0,0,2,0,0,0,2,3,0,0,0,0,0,0,0,3,0,0,1,0,1,0,2,0,0,0,0,0,0,0,0,0,0,0,0,0,0,0,0,0,0,0,0,0,0,0,0,0,0
C=CC(=O)Nc1cc2c(Nc3ccc(Cl)cc3F)ncnc2cc1OCCNC(C)=O,7.75,14.218797376275177,0.1748245027543506,-0.5441012511651937,0.3609834434980676,10.419354838709678,443.8660000000002,0.2473656823734594,-0.4894897209868183,0.4894897209868183,0.2473656823734594,1.2258064516129032,2.032258064516129,2.730226610949459,1.973870395843965,1155.3085252759718,-3.72,7257250.847510699,5.668283558193215,20.687228765819043,30.31879749144229,0.0,11.814359458703011,0.0,0.0,9.589074368143644,14.358372089569237,0.0,0.0,18.17987557383101,30.34148838068032,23.39896179635836,23.43622967289596,18.716352369618512,51.51085960821873,0.0,15.284745645900747,0.0,6.923737199690624,23.785215578438155,60.15396536229219,5.749511833283905,20.687228765819043,21.58305037487697,5.749511833283905,11.600939890232516,34.93395487102293,9.589074368143644,5.817220841045895,6.923737199690624,49.31411120750497,5.022633313741326,10.902924932081056,105.24,11.7244005703974,13.979489415818463,0.0,29.768837688201888,28.157685817883557,6.076020106833881,25.383791411378382,18.19910120538483,0.0,32.497258537511904,16.337802844032566,19.93106022824537,5.806061937995615,31.325804930941203,8.993439215317007,1.017930257514505,-0.5007255995477822,7.4545202996159805,2.4410667985515477,5.308619709144334,0.0,0.1428571428571428,3,8,0,0,0,2,2,1,3,0,0,6,3,10,1,8,0,0,0,0,0,6.987010115740563,3,3.8053000000000017,0,0,0,0,2,0,0,0,2,0,0,0,2,3,0,0,0,0,0,0,0,3,0,0,1,0,1,0,2,0,0,0,0,0,0,0,0,0,0,0,0,0,0,0,0,0,0,0,0,0,0,0,0,0,0
C=CC(=O)Nc1cc2c(Nc3ccc(Cl)cc3Cl)ncnc2cc1OCCNC(C)=O,7.31,11.92276413735108,0.1605439079929864,-0.4044765421600738,0.3417281497503379,10.419354838709678,460.32100000000025,0.2473656823734593,-0.4894897209868183,0.4894897209868183,0.2473656823734593,1.1612903225806452,1.967741935483871,2.730226610949459,1.973870395843965,1153.3085252759718,-3.36,7257250.847510699,5.83692168401992,20.687228765819043,24.501576650396395,0.0,11.814359458703011,0.0,0.0,9.589074368143644,9.967957041894415,0.0,0.0,29.78081546406353,30.34148838068032,23.39896179635836,28.45886298663729,14.325937321943693,63.11179949845125,0.0,15.284745645900747,0.0,6.923737199690624,23.785215578438155,59.35937783498762,5.749511833283905,20.687228765819043,17.19263532720215,5.749511833283905,23.20187978046503,34.93395487102293,9.589074368143644,0.0,6.923737199690624,49.31411120750497,10.045266627482652,10.902924932081056,105.24,5.907179729351506,9.589074368143644,0.0,12.514061693864424,50.435095125962334,6.076020106833881,13.251057274455166,30.33183534230805,0.0,32.497258537511904,27.93874273426508,5.751151740859082,12.221185454993622,31.54401703939952,10.0867181396374,1.590157991200572,0.3056723398400256,8.425359144413157,2.552571455510749,5.4120555830347525,0.0,0.1428571428571428,3,8,0,0,0,2,2,1,3,0,0,6,3,10,1,8,0,0,0,0,0,7.2750705251300385,3,4.319600000000003,0,0,0,0,2,0,0,0,2,0,0,0,2,3,0,0,0,0,0,0,0,3,0,0,1,0,1,0,2,0,0,0,0,0,0,0,0,0,0,0,0,0,0,0,0,0,0,0,0,0,0,0,0,0,0
C=CC(=O)Nc1cc2c(Nc3ccc(Br)cc3C(F)(F)F)ncnc2cc1OCCNC(C)=O,6.34,13.548754389873912,0.0941859589591378,-4.6042063778828926,0.2814814283631017,11.088235294117649,538.3240000000002,0.4179424608731643,-0.4894897209868185,0.4894897209868185,0.4179424608731643,1.1764705882352942,1.9411764705882355,2.770625558354437,2.0280318410916545,1250.4176183605414,-3.67,22746827.52221325,6.219305423022042,20.687228765819043,24.501576650396395,0.0,11.814359458703011,0.0,6.176298517443475,9.589074368143644,9.967957041894415,13.17124514302446,0.0,22.508879581547845,30.34148838068032,22.849047998449443,28.99968116459296,27.49718246496815,55.83986361593556,0.0,15.284745645900747,0.0,13.100035717134098,23.785215578438155,59.350282215034376,5.749511833283905,20.687228765819043,30.36388047022661,5.749511833283905,15.929943897949348,34.93395487102293,15.76537288558712,0.0,12.48718869138762,53.78683072333738,0.0,10.902924932081056,105.24,17.646929738491977,22.760319511168102,0.0,46.47368477609546,10.902924932081056,12.142387175295491,37.5165255483016,0.0,0.0,48.42720243546126,4.736862953800049,46.59557245107376,3.056071810641507,31.228341198560383,8.236012100358813,-0.5055723130776364,-0.4068036244423771,6.709100461670514,-2.3509916005456057,5.10493618242731,0.0,0.1818181818181818,3,8,0,0,0,2,2,1,3,0,0,6,3,12,1,8,0,0,0,0,0,7.715044103780982,3,4.794100000000003,0,0,0,0,2,0,0,0,2,0,0,0,2,3,0,0,0,0,3,0,0,3,0,0,1,0,1,0,4,0,0,0,0,0,0,0,0,0,0,0,0,0,0,0,0,0,0,0,0,0,0,0,0,0,0
O=C(Nc1ccc2ncnc(Nc3cccc(Cl)c3)c2c1)C1CCC2(CC1)OCC1(OO2)C2CC3CC(C2)CC1C3,6.93,13.312179941231063,0.0089219664564643,-0.7243179131537476,0.3231086893539804,35.68292682926829,575.1090000000003,0.2269899884884914,-0.3441044665147181,0.3441044665147181,0.2269899884884914,0.902439024390244,1.6829268292682926,2.9728007776853165,0.9087793636543476,1449.5543023676942,-2.78,4087820200.408235,4.596701211435819,15.370440161812713,17.746233663583258,0.0,11.694290881922102,0.0,0.0,4.794537184071822,19.74309894840664,0.0,0.0,17.667306958694127,105.01557795589731,40.54317936958667,12.12358268212918,19.30654204438409,45.60367987886723,0.0,9.967957041894415,29.589530230806965,69.17555656988839,17.24045917252558,53.81452286773713,0.0,10.633577208012662,17.19263532720215,0.0,11.600939890232516,33.870180699313124,19.30654204438409,29.589530230806965,57.7873946063341,48.79188955399581,5.022633313741326,10.902924932081056,94.6,5.7871111525705965,4.794537184071822,0.0,17.42613658649659,60.65386291479965,28.426123299087408,38.4314281893946,0.0,42.46456947923127,20.60153424990708,26.11294475054479,6.542061807367439,6.150719048317491,34.67076629540445,7.886007964849831,2.0655666503672894,2.6889597568674803,13.156658652705064,10.655378344469336,0.6283259240960719,0.0,0.53125,2,8,5,1,6,1,2,1,3,0,4,7,2,9,2,4,5,1,6,2,0,6.253887406779311,9,7.025100000000006,0,0,0,0,2,0,0,0,1,0,0,0,2,2,0,0,0,0,0,0,0,3,0,0,1,0,1,0,1,0,0,0,0,0,0,0,0,0,0,0,0,0,0,0,0,0,0,0,0,0,0,0,0,0,0
O=C(Nc1ccc2nccc(Nc3cccc(Cl)c3)c2c1)C1CCC2(CC1)OOC1(O2)C2CC3CC(C2)CC1C3,6.89,13.346099991120056,0.0330487817257303,-0.7066719546900131,0.3204726588816443,35.975,560.0940000000003,0.2269899814773704,-0.3548844513014249,0.3548844513014249,0.2269899814773704,0.9,1.675,3.315069030095304,0.9374974138316724,1441.5459455810749,-2.709999999999999,2833809744.6932635,4.208967838132764,15.370440161812713,0.0,0.0,17.4814020344927,0.0,0.0,9.77851570501903,0.0,9.775141906512223,0.0,17.667306958694127,99.24613293203616,64.26322130820608,5.516700717616262,19.30654204438409,45.47320337571576,0.0,4.9839785209472085,29.589530230806965,69.3616169114753,10.633577208012662,59.75041343304728,0.0,10.633577208012662,17.062158824050687,0.0,11.600939890232516,22.465380555439907,19.30654204438409,29.589530230806965,57.7873946063341,54.72778011930596,5.022633313741326,10.902924932081056,81.71000000000001,11.574222305141191,4.794537184071822,0.0,11.8250857755129,42.54173189776815,39.80089584845453,32.10410811463005,6.196843571613076,48.53093654769288,15.617555728959871,26.112944750544788,6.819856591947939,6.169557253882125,30.053135601858894,8.170128731226567,3.390384039836384,1.2488484582691857,15.345249865766176,10.747283901657164,0.0,0.0,0.5,2,7,5,1,6,1,2,1,3,0,4,6,2,8,2,4,5,1,6,2,0,5.89174755310504,9,7.587600000000006,0,0,0,0,1,0,0,0,1,0,0,0,1,2,0,0,0,0,0,0,0,3,0,0,1,0,1,0,1,0,0,0,0,0,0,0,0,0,0,0,0,0,0,0,0,0,0,1,0,0,0,0,0,0,0
C=CC(=O)Nc1cccc(-n2c(=O)cc(C)c3cnc(Nc4ccc(N5CCN(C)CC5)cc4OC)nc32)c1,6.48,13.17325221867296,0.2444841434275608,-0.338276784061845,0.3520597339259968,13.76923076923077,525.6130000000003,0.256538277262866,-0.4944980396269058,0.4944980396269058,0.256538277262866,1.0769230769230769,1.871794871794872,2.9350086876768047,1.512216401669398,1606.799403686525,-4.7,640078763.3642813,5.459764630670644,25.170259623513665,5.749511833283905,5.647177220767728,11.855519010338,5.559266895052008,0.0,14.156174015934996,4.9839785209472085,4.9839785209472085,0.0,12.645302752060108,55.942716123206736,61.26960009601851,18.48457009064466,9.53140013787187,39.95107926962121,0.0,19.43496642053625,0.0,6.923737199690624,55.86998208646816,83.29999148055919,11.436898107967467,25.8296167877152,23.01049810503718,5.749511833283905,0.0,65.67864129749276,4.794537184071822,6.923737199690624,5.563451491696996,72.17727309381017,0.0,16.720787709916085,104.62,0.0,9.589074368143644,0.0,11.466446624403511,34.407187159088814,42.81608760449565,10.643119754625236,43.63847645519866,19.056471336613843,45.110349925398125,9.720841474747257,7.197547724167008,0.0,38.88490431636821,6.72288472827535,3.8714476410247336,0.6528631119827649,14.578179603170254,2.89047120589784,9.2695319292716,3.765503073175567,0.2413793103448276,2,10,0,1,1,1,2,2,4,0,0,8,2,10,3,7,0,1,1,0,0,7.287069650251492,5,3.717620000000003,0,0,0,0,3,0,0,0,1,0,0,0,5,2,0,1,0,0,0,0,0,4,1,0,1,0,1,0,0,0,0,0,0,0,0,1,0,0,0,0,0,0,0,0,1,0,0,1,0,0,0,0,0,0,0
C=CC(=O)Nc1cccc(-n2c(=O)cc(C)c3cnc(Nc4cnn(CCN(C)C)c4)nc32)c1,6.35,13.00530583935804,0.2376368071516668,-0.3349995964374435,0.3907646887661021,11.058823529411764,458.5260000000002,0.2565382772628525,-0.3224540668925073,0.3224540668925073,0.2565382772628525,1.2058823529411764,2.0294117647058822,3.2470023787134736,1.720220142700952,1420.2630445441046,-4.31,48302446.34977018,5.019073592988116,15.53348693886314,0.0,5.647177220767728,11.855519010338,5.559266895052008,0.0,18.837976951080183,4.9839785209472085,10.082660329248244,0.0,12.645302752060108,50.85765396896071,36.07842110674869,24.11637252689278,4.794537184071822,34.26369299493765,0.0,29.215451163982472,0.0,13.4684936056032,31.273677579279617,77.49457741840048,5.687386274683562,16.19284410306467,17.323111830353618,0.0,0.0,55.76273126460093,11.339293589984395,6.923737199690624,5.563451491696996,66.37185903165148,0.0,16.720787709916085,109.97,0.0,9.589074368143644,0.0,11.466446624403511,22.970289051121345,29.726574792670505,10.643119754625236,42.725522485534206,31.897727671803267,37.17906147265709,0.0,3.339048352649127,0.0,35.87938984959506,10.977139426159106,2.843374969981108,0.0071525473376261,8.53248747905775,6.466394435288934,6.934834152355623,4.020178787575677,0.2083333333333333,2,10,0,0,0,1,1,3,4,0,0,7,2,10,3,8,0,0,0,0,0,6.505554968136814,4,2.71532,0,0,0,0,5,0,0,0,1,0,0,0,6,2,0,1,0,0,0,0,0,3,1,0,1,0,0,0,0,0,0,0,0,0,0,0,0,0,0,0,0,0,0,0,0,0,0,1,0,0,0,0,0,0,0
C=CC(=O)Nc1cccc(-n2c(=O)cc(C)c3cnc(Nc4cnn(C5CCN(C)CC5)c4)nc32)c1,6.78,13.077092670991274,0.2296913940713885,-0.330679752940858,0.4036429275549406,14.61111111111111,484.56400000000025,0.2565382772628525,-0.3224540668925073,0.3224540668925073,0.2565382772628525,1.1666666666666667,1.9722222222222223,3.326290829079876,1.4867869920212924,1497.6041645137418,-4.31,188949338.50836977,4.755039547667312,15.53348693886314,0.0,5.647177220767728,11.855519010338,5.559266895052008,0.0,18.837976951080183,4.9839785209472085,10.082660329248244,0.0,12.645302752060108,69.74113804396069,29.53366470083612,23.613456950128164,4.794537184071822,34.26369299493765,0.0,29.215451163982472,0.0,25.807221274690605,30.770762002515003,77.49457741840048,5.687386274683562,16.19284410306467,17.323111830353618,0.0,0.0,55.25981568783632,4.794537184071822,6.923737199690624,24.446935566696972,66.37185903165148,0.0,16.720787709916085,109.97,0.0,9.589074368143644,0.0,11.466446624403511,29.012129880269303,42.56821803852252,10.643119754625236,42.725522485534206,17.802383706448886,39.242754934387065,4.9839785209472085,3.5140926508499906,0.0,36.33426474620202,11.247563588532548,2.9219002608464377,0.0307019406788409,8.953245091372189,8.754299837633095,7.440138310569398,2.137126906648823,0.2692307692307692,2,10,0,1,1,1,1,3,4,0,0,7,2,10,4,6,0,1,1,0,0,6.342804211069975,5,3.420420000000002,0,0,0,0,5,0,0,0,1,0,0,0,6,2,0,0,1,0,0,0,0,3,1,0,1,0,0,0,0,0,0,0,0,0,0,0,0,0,0,0,0,0,0,1,0,0,0,1,0,0,0,0,0,0,0
C=CC(=O)Nc1cccc(-n2c(=O)cc(C)c3cnc(Nc4ccc(N5CCN(C)CC5)nc4)nc32)c1,7.33,13.082814678285924,0.2360710775839392,-0.3339599521351231,0.3922614911847938,13.945945945945946,496.5750000000003,0.2565382772628242,-0.3540534058234933,0.3540534058234933,0.2565382772628242,1.027027027027027,1.837837837837838,2.8954128771388388,1.4645232502664778,1522.214864434662,-4.57,258424077.0535456,5.189050948447485,20.433396669713616,5.817862777835028,5.647177220767728,11.855519010338,5.559266895052008,0.0,14.156174015934996,9.967957041894415,4.9839785209472085,0.0,12.645302752060108,55.942716123206736,49.51584675287334,17.571616120980202,4.794537184071822,40.081555772772674,0.0,24.418944941483456,0.0,6.923737199690624,48.76018454519063,83.43046798371064,5.687386274683562,21.092753833915147,23.14097460818865,0.0,0.0,63.55282227716245,4.794537184071822,6.923737199690624,5.563451491696996,72.30774959696163,0.0,16.720787709916085,108.28,0.0,9.589074368143644,0.0,11.466446624403511,22.970289051121345,48.633950382330674,10.643119754625236,42.725522485534206,19.056471336613843,49.01193989883093,0.0,1.5074222061541684,0.0,43.18118168141913,6.670467629002365,2.850399867860604,0.9461162753221614,12.492896857008596,4.652207250413813,9.24117929269228,2.124795606793549,0.2222222222222222,2,10,0,1,1,1,1,3,4,0,0,8,2,10,4,6,0,1,1,0,0,6.651101592397228,5,3.104020000000001,0,0,0,0,4,0,0,0,1,0,0,0,6,2,0,1,0,0,0,0,0,4,1,0,1,0,0,0,0,0,0,0,0,0,0,0,0,0,0,0,0,0,0,0,1,0,0,2,0,0,0,0,0,0,0
C=CC(=O)Nc1cccc(-n2c(=O)cc(C)c3cnc(Nc4nc5c(s4)CN(C)CC5)nc32)c1,6.26,13.040840799694587,0.2272248898921873,-0.3292490368060801,0.4281362655338355,13.470588235294118,473.5620000000002,0.2565382772867923,-0.3224540668925073,0.3224540668925073,0.2565382772867923,1.2647058823529411,2.117647058823529,3.199867670389956,1.5640960486514972,1490.7008231709194,-3.89,65308505.585476734,4.203005386059085,10.216698334856808,0.0,10.77873570060706,11.855519010338,5.559266895052008,0.0,19.472962619941327,9.967957041894415,4.9839785209472085,11.336785877934735,12.645302752060108,43.80998198628352,47.7243027576755,11.381314269532025,4.794537184071822,45.04465107802816,0.0,24.418944941483456,0.0,19.88931522852921,24.226005596602427,75.6719654637241,5.687386274683562,16.19284410306467,16.76728403550939,0.0,11.336785877934735,43.91855305942472,17.760115212910407,6.923737199690624,16.134526680246758,53.97817188842533,0.0,16.720787709916085,105.04,0.0,9.589074368143644,0.0,11.466446624403511,22.970289051121345,41.28549661560075,15.520266948326537,47.86546479185586,6.923737199690624,39.128051647033246,4.9839785209472085,1.514478615520282,1.5952410129889243,42.14028700316062,7.424847889102558,3.261635180158569,0.0335438015184144,8.58057857092798,3.819853189910892,7.197372700310824,2.0988287030676136,0.2083333333333333,2,9,0,1,1,1,1,3,4,0,0,8,2,10,4,5,0,0,0,0,0,5.679432538596158,5,3.401620000000001,0,0,0,0,4,0,0,0,1,0,0,0,5,2,0,1,0,0,0,0,0,3,1,0,2,0,0,0,0,0,0,0,0,0,0,0,0,0,0,0,0,0,0,0,0,0,0,1,0,0,0,1,0,0,0
C=CC(=O)Nc1cccc(-n2c(=O)cc(C)c3cnc(Nc4ccc(N5CCN(C)C(C)C5)cc4OC)nc32)c1,6.77,13.196324781031237,0.245198630405784,-0.3387288893774645,0.338408902182213,15.6,539.6400000000002,0.256538277262866,-0.4944980396212928,0.4944980396212928,0.256538277262866,1.15,1.975,2.944808176069708,1.5061943399318711,1648.6726979642197,-4.7,935770410.1733063,5.387883388724412,25.170259623513665,5.749511833283905,5.647177220767728,11.855519010338,5.559266895052008,0.0,14.156174015934996,4.9839785209472085,4.9839785209472085,0.0,12.645302752060108,62.86645332289736,60.76668451925389,18.48457009064466,9.53140013787187,39.95107926962121,0.0,19.43496642053625,0.0,19.88931522852921,49.32522568055559,83.29999148055919,11.436898107967467,25.8296167877152,23.01049810503718,5.749511833283905,0.0,65.17572572072815,4.794537184071822,6.923737199690624,12.48718869138762,72.17727309381017,0.0,16.720787709916085,104.62,0.0,9.589074368143644,0.0,11.466446624403511,40.44902798823678,36.27133119858308,10.643119754625236,43.63847645519866,19.056471336613843,52.034087125088746,9.720841474747257,7.225543992118633,0.0,39.00238914166949,6.733227900740722,3.863081793695194,0.6489621950437308,15.0617096139276,2.892363019658341,10.452763251452204,3.786625758360752,0.2666666666666666,2,10,0,1,1,1,2,2,4,1,0,8,2,10,3,7,0,1,1,0,1,7.522519651266099,5,4.106120000000003,0,0,0,0,3,0,0,0,1,0,0,0,5,2,0,1,0,0,0,0,0,4,1,0,1,0,1,0,0,0,0,0,0,0,0,1,0,0,0,0,0,0,0,0,1,0,0,1,0,0,0,0,0,0,0
C=CC(=O)Nc1cccc(-n2c(=O)cc(C)c3cnc(Nc4ccc(N5CC(C)N(C)C(C)C5)cc4OC)nc32)c1,7.01,13.219397343389511,0.2459131173840072,-0.3391809946930839,0.3227141811127479,17.341463414634145,553.6670000000001,0.256538277262866,-0.4944980396156799,0.4944980396156799,0.256538277262866,1.0975609756097562,1.853658536585366,2.9551554329039704,1.5038596863500449,1670.628474979971,-4.7,1367112351.4829924,5.641221722782749,20.27034989266319,5.749511833283905,5.647177220767728,11.855519010338,5.559266895052008,0.0,19.056083746785475,4.9839785209472085,4.9839785209472085,0.0,12.645302752060108,69.79019052258799,60.26376894248928,18.48457009064466,9.53140013787187,39.95107926962121,0.0,19.43496642053625,0.0,32.85489325736779,42.78046927464301,83.29999148055919,11.436898107967467,25.8296167877152,23.01049810503718,5.749511833283905,0.0,64.67281014396355,4.794537184071822,6.923737199690624,19.410925891078243,72.17727309381017,0.0,16.720787709916085,104.62,0.0,9.589074368143644,0.0,11.466446624403511,46.49086881738474,29.726574792670505,10.643119754625236,43.63847645519866,19.056471336613843,58.95782432477937,9.720841474747257,7.253540260070258,0.0,39.11987396697077,6.743571073206092,3.854715946365654,0.6450612781046963,15.498943328388648,2.8942548334188416,11.682290869929105,3.807748443545937,0.2903225806451613,2,10,0,1,1,1,2,2,4,2,0,8,2,10,3,7,0,1,1,0,2,7.758725875063736,5,4.494620000000004,0,0,0,0,3,0,0,0,1,0,0,0,5,2,0,1,0,0,0,0,0,4,1,0,1,0,1,0,0,0,0,0,0,0,0,1,0,0,0,0,0,0,0,0,1,0,0,1,0,0,0,0,0,0,0
CCC(=O)N1CC[C@H](N2C(=O)N(c3cc(OC)ccc3F)Cc3cnc(Nc4ccc(N5CCN(C)CC5)c(C(F)(F)F)c4)nc32)C1,5.47,15.097788149832985,0.0063050455622142,-4.597794623102723,0.3515186889835156,18.872340425531917,656.6850000000002,0.4179733702393959,-0.4966839109259863,0.4966839109259863,0.4179733702393959,1.0638297872340423,1.8297872340425527,3.5423344161848,1.3434141545932237,1663.7229938051696,-4.66,33201087049.1612,6.483221687538804,24.753380750357813,17.384595452164827,0.0,11.855519010338,0.0,12.207413029781549,14.594356645772775,14.16893075269385,18.155223663971668,0.0,6.923737199690624,43.80032894791125,74.89079473954027,30.947232542718627,31.887597512642976,40.766655124561794,0.0,19.76777650359537,0.0,38.528276198046655,73.44252575598793,59.53916980682262,5.749511833283905,24.753380750357813,51.18455825764332,5.749511833283905,0.0,91.17391953386309,17.51559210742787,5.817220841045895,30.892283428936636,42.595045982382736,0.0,0.0,97.38,29.6299261916724,22.760319511168102,4.39041504767482,47.82505342404887,56.87838860039579,6.06636706846161,47.37192884843801,22.78992372985319,7.04767198267719,20.184655376751227,4.736862953800049,63.1106531318965,0.0,43.77320747531062,2.8913245884773664,-0.0311873634949315,-0.0924679926756586,7.100376668588065,-2.3563927206053097,4.647281464213477,3.373871414956538,0.4375,1,11,0,3,3,3,2,1,3,1,0,8,1,15,4,7,0,2,2,0,0,8.831260271980616,6,5.096000000000005,0,0,0,0,2,0,0,0,2,0,0,0,7,1,0,1,1,0,3,0,0,5,0,0,1,0,1,0,4,0,0,0,0,0,0,1,0,0,0,0,0,0,0,0,1,0,0,0,0,0,0,0,0,0,1
CCC(=O)N1CC[C@H](N2C(=O)N(c3cc(OC)ccc3F)Cc3cnc(Nc4ccc(N5CCN(C)CC5)c(CC)c4)nc32)C1,6.29,15.123179306295564,0.0367317404635665,-0.5345247396818034,0.3912757145105491,18.77777777777778,616.742,0.3303966255174223,-0.4966839109259863,0.4966839109259863,0.3303966255174223,1.0666666666666669,1.8666666666666667,3.5453841765378384,1.317784525768676,1577.49175458002,-4.449999999999999,18209853175.976566,6.108083813970783,24.753380750357813,17.384595452164827,0.0,11.855519010338,0.0,6.031114512338072,14.594356645772775,14.16893075269385,4.9839785209472085,0.0,13.847474399381248,55.784602062534255,74.89079473954027,25.383781051021632,18.716352369618512,40.766655124561794,0.0,19.76777650359537,0.0,45.69653650321981,73.44252575598793,59.53916980682262,5.749511833283905,24.753380750357813,38.01331311461885,5.749511833283905,0.0,91.17391953386309,17.760115212910407,5.817220841045895,37.81602062862726,42.595045982382736,0.0,0.0,97.38,11.848335353383966,9.589074368143644,4.39041504767482,24.181163239095604,49.01032144147958,38.28723352125988,41.4596462438934,15.996663033314032,12.990104268152232,46.204729905945534,9.720841474747257,20.44280422454642,0.0,45.73591606723916,3.3535468106995885,4.1426150508523545,0.7772914320828128,9.939306801025005,3.55753022826276,9.06416149025558,3.6534945617029817,0.4545454545454545,1,11,0,3,3,3,2,1,3,1,0,8,1,12,4,8,0,2,2,0,0,8.750625619862483,6,4.639600000000004,0,0,0,0,2,0,0,0,2,0,0,0,7,1,0,1,1,0,0,0,0,5,1,0,1,0,1,0,1,0,0,0,0,0,0,1,0,0,0,0,0,0,0,0,1,0,0,0,0,0,0,0,0,0,1
CCC(=O)N1CC[C@H](N2C(=O)N(c3cc(OC)ccc3F)Cc3cnc(Nc4ccc(N5CCN(C)CC5)c(C(C)C)c4)nc32)C1,6.44,15.150696313098289,0.0360172534853433,-0.5352392266600268,0.3630092964171549,18.76086956521739,630.769,0.3303966255174223,-0.4966839109259863,0.4966839109259863,0.3303966255174223,1.0869565217391304,1.8695652173913044,3.5455416680224032,1.3298485660376882,1609.1979712109624,-4.449999999999999,25720904803.994102,6.176475245251353,24.753380750357813,17.384595452164827,0.0,11.855519010338,0.0,6.031114512338072,14.594356645772775,14.16893075269385,4.9839785209472085,0.0,20.771211599071872,55.28168648576963,74.89079473954027,25.383781051021632,18.716352369618512,40.766655124561794,0.0,19.76777650359537,0.0,52.11735812614582,73.44252575598793,59.53916980682262,5.749511833283905,24.753380750357813,38.01331311461885,5.749511833283905,0.0,91.17391953386309,11.339293589984395,5.817220841045895,50.65766387447927,42.595045982382736,0.0,0.0,97.38,11.848335353383966,9.589074368143644,4.39041504767482,24.181163239095604,54.928227487640974,31.866411898333865,41.4596462438934,15.996663033314032,12.990104268152232,53.12846710563616,9.720841474747257,20.476921347089885,0.0,45.85155144163176,3.374102366255144,4.13992249965553,1.0846057804364688,9.972554797570952,2.67190261052856,11.271689386795394,3.656749770036315,0.4705882352941176,1,11,0,3,3,3,2,1,3,1,0,8,1,12,4,8,0,2,2,0,0,8.987628411546796,6,5.200600000000005,0,0,0,0,2,0,0,0,2,0,0,0,7,1,0,1,1,0,0,0,0,5,0,0,1,0,1,0,1,0,0,0,0,0,0,1,0,0,0,0,0,0,0,0,1,0,0,0,0,0,0,0,0,0,1
CCC(=O)N1CC[C@H](N2C(=O)N(c3cc(OC)ccc3F)Cc3cnc(Nc4ccc(N5CCCCC5)c(C)c4)nc32)C1,6.33,15.07888433048232,0.0382327512446092,-0.5330237289007604,0.3833207955366108,18.6046511627907,587.7000000000002,0.3303966255174223,-0.4966839109259863,0.4966839109259863,0.3303966255174223,1.0930232558139534,1.9069767441860463,3.509962464633781,1.321381887331568,1526.7912454083428,-4.409999999999999,7480101310.003946,5.675866652418978,19.85347101950733,17.384595452164827,0.0,11.855519010338,0.0,6.031114512338072,14.594356645772775,14.16893075269385,4.9839785209472085,0.0,6.923737199690624,68.50231052539971,61.80128192771511,25.383781051021632,18.716352369618512,40.766655124561794,0.0,14.867866772744891,0.0,58.53817974907183,53.30534096148559,59.53916980682262,5.749511833283905,24.753380750357813,38.01331311461885,5.749511833283905,0.0,66.13682500851027,11.339293589984395,12.74095804073652,50.15474829771466,42.595045982382736,0.0,0.0,94.14,11.848335353383966,9.589074368143644,4.39041504767482,24.181163239095604,49.01032144147958,18.776899086508717,60.72211111267143,15.996663033314032,12.990104268152232,34.257148192417866,9.720841474747257,20.388062693062203,0.0,43.23480772253631,3.3208307613168726,4.067318240458496,0.7841064739125516,9.871535778416307,6.383033049950248,7.117390601651676,1.499581345362005,0.4375,1,10,0,3,3,3,2,1,3,1,0,7,1,11,4,7,0,2,2,0,0,8.050888500373773,6,5.624120000000006,0,0,0,0,2,0,0,0,2,0,0,0,6,1,0,0,1,0,0,0,0,5,1,0,1,0,1,0,1,0,0,0,0,0,0,1,0,0,0,0,0,0,0,1,0,0,0,0,0,0,0,0,0,0,1
CCC(=O)N1CC[C@H](N2C(=O)N(c3cc(OC)ccc3F)Cc3cnc(Nc4ccc(N5CCOCC5)c(C)c4)nc32)C1,6.2,15.07271149097615,0.0313123360196958,-0.539944144125674,0.430832163020399,18.6046511627907,589.6720000000001,0.3303966255174223,-0.4966839109259863,0.4966839109259863,0.3303966255174223,1.1395348837209305,1.9534883720930232,3.509962464633781,1.321381887331568,1529.9660472885132,-4.449999999999999,7480101310.003946,5.662033755687069,24.590333973307384,17.384595452164827,0.0,11.855519010338,0.0,6.031114512338072,14.594356645772775,14.16893075269385,4.9839785209472085,0.0,6.923737199690624,49.23984565662168,61.80128192771511,38.597544980047466,23.45321532341856,40.766655124561794,0.0,14.867866772744891,0.0,39.275714880293805,66.51910489051143,59.53916980682262,5.749511833283905,24.753380750357813,38.01331311461885,5.749511833283905,0.0,79.3505889375361,16.076156543784446,12.74095804073652,30.892283428936636,42.595045982382736,0.0,0.0,103.37,11.848335353383966,9.589074368143644,4.39041504767482,24.181163239095604,62.22408537050541,30.02773685288927,30.20880847751284,15.996663033314032,12.990104268152232,34.257148192417866,14.457704428547306,25.86481011801387,0.0,43.033152434486055,3.296139403292181,3.880865865376312,0.7302039150676627,9.695305985598146,2.6455890339215693,8.026018565548855,1.494581345362005,0.4193548387096774,1,11,0,3,3,3,2,1,3,1,0,8,1,12,4,7,0,2,2,0,0,8.024014439167459,6,4.470420000000003,0,0,0,0,2,0,0,0,2,0,0,0,6,1,0,0,1,0,0,0,0,5,1,0,1,0,2,0,1,0,0,0,0,0,0,1,1,0,0,0,0,0,0,0,0,0,0,0,0,0,0,0,0,0,1
CCC(=O)N1CC[C@H](N2C(=O)N(c3cc(OC)ccc3F)Cc3cnc(Nc4ccc(N5CCN(C(C)=O)CC5)c(C)c4)nc32)C1,6.83,15.112384980254902,0.0208055098575867,-0.5504509702877829,0.4112666081179207,18.15217391304348,630.7249999999999,0.3303966255174223,-0.4966839109259863,0.4966839109259863,0.3303966255174223,1.0434782608695652,1.826086956521739,3.543397784613791,1.280376668748805,1660.5408243226047,-4.94,25796660170.842754,6.006054004208375,24.753380750357813,17.384595452164827,0.0,17.762698739689505,0.0,6.031114512338072,19.3888938298446,14.16893075269385,4.9839785209472085,0.0,6.923737199690624,49.23984565662168,81.8145319392309,25.383781051021632,23.510889553690333,46.67383485391329,0.0,19.76777650359537,0.0,46.199452079984425,66.39485377331074,59.53916980682262,5.749511833283905,24.753380750357813,38.01331311461885,5.749511833283905,0.0,90.03342728053741,16.133830774056218,12.74095804073652,37.81602062862726,42.595045982382736,0.0,0.0,114.45,11.848335353383966,14.383611552215466,4.39041504767482,30.088342968447108,62.09983425330473,30.02773685288927,30.20880847751284,22.920400233004656,36.94648533561656,15.200676855804018,9.720841474747257,20.42022648722458,0.0,56.64794903540058,3.289933403904364,3.717175657731873,0.755055746223144,9.5598566633206,2.606890211532181,9.347489503247695,1.4887566247483233,0.4242424242424242,1,12,0,3,3,4,2,1,3,1,0,8,1,13,4,7,0,2,2,0,0,8.652814848361226,6,4.302320000000004,0,0,0,0,2,0,0,0,3,0,0,0,7,1,0,0,1,0,0,0,0,5,1,0,1,0,1,0,1,0,0,0,0,0,0,1,0,0,0,0,0,0,0,0,1,0,0,0,0,0,0,0,0,0,1
CCC(=O)N1CC[C@H](N2C(=O)N(c3cc(OC)ccc3F)Cc3cnc(Nc4ccc(N5CCCN(C)CC5)c(C)c4)nc32)C1,6.68,15.1140233476158,0.0360505421227614,-0.5352059380226082,0.4055592490075415,19.044444444444444,616.742,0.3303966255174223,-0.4966839109259863,0.4966839109259863,0.3303966255174223,1.0888888888888888,1.9333333333333331,3.4216841217448843,1.301830961509037,1585.4917545800197,-4.449999999999999,15161607960.31906,6.237970321160016,24.753380750357813,17.384595452164827,0.0,11.855519010338,0.0,6.031114512338072,14.594356645772775,14.16893075269385,4.9839785209472085,0.0,6.923737199690624,69.25309566813745,68.34603833362769,25.383781051021632,18.716352369618512,40.766655124561794,0.0,19.76777650359537,0.0,45.69653650321981,73.44252575598793,59.53916980682262,5.749511833283905,24.753380750357813,38.01331311461885,5.749511833283905,0.0,91.17391953386309,11.339293589984395,12.74095804073652,37.31310505186264,42.595045982382736,0.0,0.0,97.38,11.848335353383966,9.589074368143644,4.39041504767482,24.181163239095604,49.01032144147958,43.85068501295687,35.8961947521964,15.996663033314032,12.990104268152232,46.204729905945534,9.720841474747257,20.431106834849416,0.0,45.70124590157032,3.3320036008230454,4.013211555116728,0.767414532377771,9.861989293155537,3.7937976827993336,9.10091832927152,3.6649789367029815,0.4545454545454545,1,11,0,3,3,3,2,1,3,1,0,8,1,12,4,7,0,2,2,0,0,8.750625619862483,6,4.775720000000004,0,0,0,0,2,0,0,0,2,0,0,0,7,1,0,1,1,0,0,0,0,5,1,0,1,0,1,0,1,0,0,0,0,0,0,1,0,0,0,0,0,0,0,0,0,0,0,0,0,0,0,0,0,0,1
CCC(=O)N1CC[C@H](N2C(=O)N(c3cc(OC)ccc3F)Cc3cnc(Nc4ccc(N5CCC(N(C)C)CC5)c(C)c4)nc32)C1,6.54,15.12601923238946,0.035933923860661,-0.535322556284709,0.3646483814684557,18.76086956521739,630.7689999999999,0.3303966255174223,-0.4966839109259863,0.4966839109259863,0.3303966255174223,1.0869565217391304,1.8695652173913044,3.543397784613791,1.277740310162064,1609.1979712109624,-4.449999999999999,25796660170.842754,6.176475245251353,24.753380750357813,17.384595452164827,0.0,11.855519010338,0.0,6.031114512338072,14.594356645772775,14.16893075269385,4.9839785209472085,0.0,6.923737199690624,76.17683286782807,67.84312275686307,25.383781051021632,18.716352369618512,40.766655124561794,0.0,19.76777650359537,0.0,58.159198955293775,67.40068492683997,59.53916980682262,5.749511833283905,24.753380750357813,38.01331311461885,5.749511833283905,0.0,91.17391953386309,11.339293589984395,12.74095804073652,43.73392667478865,42.595045982382736,0.0,0.0,97.38,11.848335353383966,9.589074368143644,4.39041504767482,24.181163239095604,55.05216227062754,37.18199382405773,35.8961947521964,15.996663033314032,12.990104268152232,53.25240188862272,9.720841474747257,20.446211996574856,0.0,45.69421785746066,3.336152837295514,4.024115297245381,0.7674990711118215,10.490783745411454,4.941210422303131,7.001674473899483,5.7981342986977085,0.4705882352941176,1,11,0,3,3,3,2,1,3,1,0,8,1,12,4,8,0,2,2,0,0,8.987628411546796,6,5.164220000000005,0,0,0,0,2,0,0,0,2,0,0,0,7,1,0,0,1,0,0,0,0,5,1,0,1,0,1,0,1,0,0,0,0,0,0,1,0,0,0,0,0,0,0,1,0,0,0,0,0,0,0,0,0,0,1
CCC(=O)N1CC[C@H](N2C(=O)N(c3cc(OC)ccc3F)Cc3cnc(Nc4ccc(N5CCC6(CCN(C)C6)C5)c(C)c4)nc32)C1,6.53,15.14943714956166,0.0383482506870065,-0.5329082294583636,0.3775478498284439,22.829787234042552,642.78,0.3303966255174223,-0.4966839109259863,0.4966839109259863,0.3303966255174223,1.1063829787234043,1.9361702127659572,3.80961173266368,1.1606365646918473,1703.2133416430152,-4.449999999999999,57078180120.150604,5.8337461664004895,24.753380750357813,17.384595452164827,0.0,11.855519010338,0.0,6.031114512338072,14.594356645772775,14.16893075269385,4.9839785209472085,0.0,6.923737199690624,75.67391729106346,73.76102880302447,25.383781051021632,18.716352369618512,40.766655124561794,0.0,19.76777650359537,5.41499046939678,52.11735812614582,73.44252575598793,59.53916980682262,5.749511833283905,24.753380750357813,38.01331311461885,5.749511833283905,0.0,91.17391953386309,11.339293589984395,18.1559485101333,43.73392667478865,42.595045982382736,0.0,0.0,97.38,11.848335353383966,9.589074368143644,4.39041504767482,24.181163239095604,54.42531191087637,25.32165549242129,60.84604589565799,15.996663033314032,6.923737199690624,52.271096974407136,9.720841474747257,20.477078643829014,0.0,45.9943145591881,3.356214921734177,4.482392375876878,0.7860194248227368,9.96160851253245,5.161129518151389,9.47963198828578,3.7182767222461446,0.4857142857142857,1,11,0,4,4,3,2,1,3,2,0,8,1,12,5,7,0,3,3,1,1,8.15122242204563,7,5.165820000000005,0,0,0,0,2,0,0,0,2,0,0,0,7,1,0,0,2,0,0,0,0,5,1,0,1,0,1,0,1,0,0,0,0,0,0,1,0,0,0,0,0,0,0,0,0,0,0,0,0,0,0,0,0,0,1
CCC(=O)N1CC[C@H](N2C(=O)N(c3cc(OC)ccc3F)Cc3cnc(Nc4ccc(N5CCC6(CCN(C)CC6)CC5)c(C)c4)nc32)C1,6.65,15.17416915214475,0.0394607795342019,-0.5317957006111682,0.3299007657161256,20.918367346938776,670.8339999999998,0.3303966255174223,-0.4966839109259863,0.4966839109259863,0.3303966255174223,1.0408163265306123,1.7959183673469388,3.5985513838074503,1.1242153120020455,1717.6427050688576,-4.449999999999999,143090862299.03458,6.499940574491966,24.753380750357813,17.384595452164827,0.0,11.855519010338,0.0,6.031114512338072,14.594356645772775,14.16893075269385,4.9839785209472085,0.0,6.923737199690624,100.47530741222484,61.80128192771511,25.383781051021632,18.716352369618512,40.766655124561794,0.0,19.76777650359537,5.41499046939678,64.95900137199784,73.44252575598793,59.53916980682262,5.749511833283905,24.753380750357813,38.01331311461885,5.749511833283905,0.0,91.17391953386309,11.339293589984395,18.1559485101333,56.57556992064068,42.595045982382736,0.0,0.0,97.38,11.848335353383966,9.589074368143644,4.39041504767482,24.181163239095604,54.42531191087637,18.776899086508717,80.23244554742259,15.996663033314032,6.923737199690624,52.271096974407136,9.720841474747257,20.509045042590916,0.0,46.0870562657006,3.3668769087936727,4.60439761347892,0.7941684487123815,9.994886556097248,7.76837828517076,9.560145089393174,3.731712456728988,0.5135135135135135,1,11,0,4,4,3,2,1,3,1,0,8,1,12,5,7,0,3,3,1,0,9.07993051998729,7,5.946020000000006,0,0,0,0,2,0,0,0,2,0,0,0,7,1,0,0,2,0,0,0,0,5,1,0,1,0,1,0,1,0,0,0,0,0,0,1,0,0,0,0,0,0,0,2,0,0,0,0,0,0,0,0,0,0,1
CCC(=O)N1CC[C@H](N2C(=O)N(c3cc(OC)ccc3F)Cc3cnc(Nc4ccc(N5CC6(CCN(C)CC6)C5)c(C)c4)nc32)C1,6.66,15.141936283808809,0.0384070855635498,-0.5328493945818205,0.3775478498284439,20.78723404255319,642.7799999999999,0.3303966255174223,-0.4966839109259863,0.4966839109259863,0.3303966255174223,1.1063829787234043,1.893617021276596,3.54089399939,1.1413454014783335,1685.2133416430147,-4.449999999999999,42090123284.62861,5.8337461664004895,24.753380750357813,17.384595452164827,0.0,11.855519010338,0.0,6.031114512338072,14.594356645772775,14.16893075269385,4.9839785209472085,0.0,6.923737199690624,82.21867369697603,67.2162723971119,25.383781051021632,18.716352369618512,40.766655124561794,0.0,19.76777650359537,5.41499046939678,52.11735812614582,73.44252575598793,59.53916980682262,5.749511833283905,24.753380750357813,38.01331311461885,5.749511833283905,0.0,91.17391953386309,11.339293589984395,18.1559485101333,43.73392667478865,42.595045982382736,0.0,0.0,97.38,11.848335353383966,9.589074368143644,4.39041504767482,24.181163239095604,54.42531191087637,18.776899086508717,67.39080230157056,15.996663033314032,12.990104268152232,46.204729905945534,9.720841474747257,20.467754112123707,0.0,45.90421689276332,3.349062143956399,4.5335859764517,0.786391496539931,9.93959586596433,5.194053322245747,9.534386679101091,3.707620177520437,0.4857142857142857,1,11,0,4,4,3,2,1,3,1,0,8,1,12,5,7,0,3,3,1,0,8.15122242204563,7,5.1658200000000045,0,0,0,0,2,0,0,0,2,0,0,0,7,1,0,0,2,0,0,0,0,5,1,0,1,0,1,0,1,0,0,0,0,0,0,1,0,0,0,0,0,0,0,1,0,0,0,0,0,0,0,0,0,0,1
CCC(=O)N1CC[C@H](N2C(=O)N(c3cc(OC)ccc3F)Cc3cnc(Nc4ccc(N5C[C@H]6CN(C)C[C@H]6C5)c(C)c4)nc32)C1,6.67,15.131719960029828,0.0381593682281584,-0.5330971119172105,0.4048156469995428,22.80434782608696,628.7529999999999,0.3303966255174223,-0.4966839109259863,0.4966839109259863,0.3303966255174223,1.065217391304348,1.8478260869565215,3.763406336632576,1.1660779975524636,1655.277206156759,-4.449999999999999,35646705515.61908,5.481444814819909,24.753380750357813,17.384595452164827,0.0,11.855519010338,0.0,6.031114512338072,14.594356645772775,14.16893075269385,4.9839785209472085,0.0,6.923737199690624,68.12332973162165,74.89079473954027,25.383781051021632,18.716352369618512,40.766655124561794,0.0,19.76777650359537,11.835812092322788,39.275714880293805,73.44252575598793,59.53916980682262,5.749511833283905,24.753380750357813,38.01331311461885,5.749511833283905,0.0,91.17391953386309,11.339293589984395,24.576770133059306,30.892283428936636,42.595045982382736,0.0,0.0,97.38,11.848335353383966,9.589074368143644,4.39041504767482,24.181163239095604,49.01032144147958,43.70222399065665,41.4596462438934,15.996663033314032,12.990104268152232,46.204729905945534,9.720841474747257,20.45461865594327,0.0,45.91280009460634,3.3475170050675103,4.086735657117726,2.229506651607375,9.94142140884265,2.677302506816501,9.474738133230897,3.7086932201010576,0.4705882352941176,1,11,0,4,4,3,2,1,3,3,0,8,1,12,5,7,0,3,3,0,0,7.9159468880963155,7,4.631620000000004,0,0,0,0,2,0,0,0,2,0,0,0,7,1,0,0,2,0,0,0,0,5,1,0,2,0,1,0,1,0,0,0,0,0,0,1,0,0,0,0,0,0,0,0,0,0,0,0,0,0,0,0,0,0,1
CCC(=O)N1CC[C@H](N2C(=O)N(c3cc(OC)ccc3F)Cc3cnc(Nc4ccc(N(C)CCN(C)C)c(C)c4)nc32)C1,5.89,15.086137643354729,0.0315717703807676,-0.5396847097646018,0.3579686805009131,16.40909090909091,604.7310000000001,0.3303966255174223,-0.4966839109259863,0.4966839109259863,0.3303966255174223,1.1590909090909092,1.9545454545454544,3.492530570724357,1.458627931402035,1533.328336630597,-4.449999999999999,6668582061.102567,6.397459907583149,24.753380750357813,17.384595452164827,0.0,11.855519010338,0.0,6.031114512338072,14.594356645772775,14.16893075269385,4.9839785209472085,0.0,6.923737199690624,63.33518962197605,68.8489539103923,25.383781051021632,18.716352369618512,40.766655124561794,0.0,19.76777650359537,0.0,39.275714880293805,74.44835690951716,59.53916980682262,5.749511833283905,24.753380750357813,38.01331311461885,5.749511833283905,0.0,92.1797506873923,11.339293589984395,12.74095804073652,30.892283428936636,42.595045982382736,0.0,0.0,97.38,11.848335353383966,9.589074368143644,4.39041504767482,24.181163239095604,49.01032144147958,30.02773685288927,30.20880847751284,15.996663033314032,19.056471336613843,54.2337068028383,9.720841474747257,20.39352802107096,0.0,45.13932122944084,3.2988288401780466,3.844882029415209,0.7306905930631671,9.681485329389432,2.646581727495424,6.7393666598061,7.691982236807499,0.4375,1,11,0,2,2,3,2,1,3,1,0,8,1,12,3,10,0,1,1,0,0,9.18793743668183,5,4.631620000000004,0,0,0,0,2,0,0,0,2,0,0,0,7,1,0,2,1,0,0,0,0,5,1,0,1,0,1,0,1,0,0,0,0,0,0,1,0,0,0,0,0,0,0,0,0,0,0,0,0,0,0,0,0,0,1
CCC(=O)N1CC[C@H](N2C(=O)N(c3cc(OC)ccc3F)Cc3cnc(Nc4ccc(N5CCN(C)C(C)C5)c(C)c4)nc32)C1,6.15,15.113056839007998,0.0349714799831997,-0.5362850001621695,0.4056193749663774,20.444444444444443,616.742,0.3303966255174223,-0.4966839109259863,0.4966839109259863,0.3303966255174223,1.1111111111111112,1.9333333333333331,3.52001708175867,1.3028777229224198,1602.1116933209464,-4.449999999999999,15469068524.783722,5.982212201318346,24.753380750357813,17.384595452164827,0.0,11.855519010338,0.0,6.031114512338072,14.594356645772775,14.16893075269385,4.9839785209472085,0.0,6.923737199690624,63.21125483898948,74.38787916277565,25.383781051021632,18.716352369618512,40.766655124561794,0.0,19.76777650359537,0.0,52.24129290913238,66.89776935007535,59.53916980682262,5.749511833283905,24.753380750357813,38.01331311461885,5.749511833283905,0.0,90.67100395709846,11.339293589984395,12.74095804073652,37.81602062862726,42.595045982382736,0.0,0.0,97.38,11.848335353383966,9.589074368143644,4.39041504767482,24.181163239095604,55.05216227062754,30.885106984118284,35.8961947521964,15.996663033314032,12.990104268152232,53.12846710563616,9.720841474747257,20.42926968798255,0.0,45.68727612776529,3.328434927983539,3.988981303371881,0.7592527009056691,10.3180163623085,2.6630028501076373,10.163056903836347,3.662709135738583,0.4545454545454545,1,11,0,3,3,3,2,1,3,2,0,8,1,12,4,7,0,2,2,0,1,8.497181446881944,6,4.774120000000004,0,0,0,0,2,0,0,0,2,0,0,0,7,1,0,1,1,0,0,0,0,5,1,0,1,0,1,0,1,0,0,0,0,0,0,1,0,0,0,0,0,0,0,0,1,0,0,0,0,0,0,0,0,0,1
CCC(=O)N1CC[C@H](N2C(=O)N(c3cc(OC)ccc3F)Cc3cnc(Nc4ccc(N5C[C@@H](C)N(C)[C@@H](C)C5)c(C)c4)nc32)C1,6.05,15.132152058795258,0.0344691191123807,-0.5367873610329881,0.382544977794698,21.89130434782609,630.769,0.3303966255174223,-0.4966839109259863,0.4966839109259863,0.3303966255174223,1.0869565217391304,1.8478260869565215,3.5287107863057163,1.300916267154081,1623.866920173509,-4.449999999999999,22560167900.2779,5.93079242074014,19.85347101950733,17.384595452164827,0.0,11.855519010338,0.0,6.031114512338072,19.49426637662325,14.16893075269385,4.9839785209472085,0.0,6.923737199690624,70.13499203868011,73.88496358601104,25.383781051021632,18.716352369618512,40.766655124561794,0.0,19.76777650359537,0.0,65.20687093797096,60.35301294416278,59.53916980682262,5.749511833283905,24.753380750357813,38.01331311461885,5.749511833283905,0.0,90.16808838033386,11.339293589984395,12.74095804073652,44.73975782831788,42.595045982382736,0.0,0.0,97.38,11.848335353383966,9.589074368143644,4.39041504767482,24.181163239095604,61.0940030997755,24.340350578205708,35.8961947521964,15.996663033314032,12.990104268152232,60.052204305326775,9.720841474747257,20.453034435715733,0.0,45.809153422580295,3.337211934156379,3.9802887495505495,0.7555827493373077,10.76670254255338,2.6620418698819885,11.387628294783514,3.681689334774183,0.4705882352941176,1,11,0,3,3,3,2,1,3,3,0,8,1,12,4,7,0,2,2,0,0,8.734646652761246,6,5.162620000000005,0,0,0,0,2,0,0,0,2,0,0,0,7,1,0,1,1,0,0,0,0,5,1,0,1,0,1,0,1,0,0,0,0,0,0,1,0,0,0,0,0,0,0,0,1,0,0,0,0,0,0,0,0,0,1
CCC(=O)N1CC[C@H](N2C(=O)N(c3cc(OC)ccc3F)Cc3cnc(Nc4ccc(N5CCN(C6COC6)CC5)c(C)c4)nc32)C1,6.52,15.13851242292172,0.0338714817235743,-0.5373849984217951,0.3872061138427327,20.34042553191489,644.7519999999998,0.3303966255174223,-0.4966839109259863,0.4966839109259863,0.3303966255174223,1.0638297872340423,1.872340425531915,3.540669023133961,1.1385947841188715,1661.0139197091485,-4.489999999999999,47148221750.74509,6.047866215141359,24.590333973307384,17.384595452164827,0.0,11.855519010338,0.0,6.031114512338072,19.49426637662325,14.16893075269385,4.9839785209472085,0.0,6.923737199690624,49.23984565662168,74.89079473954027,44.639385809195424,23.45321532341856,40.766655124561794,0.0,19.76777650359537,0.0,45.31755570944176,79.60861770233659,59.53916980682262,5.749511833283905,24.753380750357813,38.01331311461885,5.749511833283905,0.0,103.3818523093597,16.076156543784446,12.74095804073652,30.892283428936636,42.595045982382736,0.0,0.0,106.61,11.848335353383966,9.589074368143644,4.39041504767482,24.181163239095604,55.05216227062754,50.64362731905669,35.8961947521964,15.996663033314032,12.990104268152232,39.15705792326834,14.457704428547306,25.8352982247167,0.0,45.90633041165417,3.3359090696527565,3.98292007464158,0.752714406926726,10.404573929438044,2.6600868794950205,10.62309336536546,1.4990736381095515,0.4705882352941176,1,12,0,4,4,3,2,1,3,1,0,9,1,13,5,8,0,3,3,0,0,8.580598360064041,7,4.154620000000004,0,0,0,0,2,0,0,0,2,0,0,0,7,1,0,0,1,0,0,0,0,5,1,0,1,0,2,0,1,0,0,0,0,0,0,1,0,0,0,0,0,0,0,0,1,0,0,0,0,0,0,0,0,0,1
CCC(=O)N1CC[C@H](N2C(=O)N(c3cc(OC)ccc3Cl)Cc3cnc(Nc4ccc(N5CCN(C6COC6)CC5)c(C)c4)nc32)C1,6.44,14.307934032938244,0.0727603706124631,-0.2516394991700754,0.3690592014139459,20.34042553191489,661.2069999999999,0.3303481488148097,-0.4966857442148124,0.4966857442148124,0.3303481488148097,1.0638297872340423,1.872340425531915,3.540669023133961,1.1385947841188715,1661.0139197091485,-4.13,47148221750.74509,6.169005663827121,24.590333973307384,11.567374611118932,0.0,11.855519010338,0.0,6.031114512338072,19.49426637662325,9.77851570501903,4.9839785209472085,0.0,18.524677089923134,49.23984565662168,74.89079473954027,49.66201912293675,19.06280027574374,52.367595014794304,0.0,19.76777650359537,0.0,45.31755570944176,79.60861770233659,58.74458227951805,5.749511833283905,24.753380750357813,33.62289806694403,5.749511833283905,11.600939890232516,103.3818523093597,16.076156543784446,6.923737199690624,30.892283428936636,42.595045982382736,5.022633313741326,0.0,106.61,0.0,9.589074368143644,0.0,24.524891476750117,60.198730367355445,50.64362731905669,11.250837766380558,41.3055617799764,11.823646930541102,45.22342499172995,26.058644318779823,10.813628835304677,6.614186268463218,46.59640037333608,3.8096351823420727,4.598035555724427,1.6119199030949445,11.645500508836818,2.8323554253431125,11.011010341191138,1.5784387174746308,0.4705882352941176,1,12,0,4,4,3,2,1,3,1,0,9,1,13,5,8,0,3,3,0,0,8.818435983994455,7,4.668920000000004,0,0,0,0,2,0,0,0,2,0,0,0,7,1,0,0,1,0,0,0,0,5,1,0,1,0,2,0,1,0,0,0,0,0,0,1,0,0,0,0,0,0,0,0,1,0,0,0,0,0,0,0,0,0,1
C=CC(=O)N1CCC[C@@H](n2nc(-c3cccc(F)c3)c3c(N)ncnc32)C1,6.89,13.743342612990048,0.053926681783825,-0.3555165532185731,0.7197084247985834,17.22222222222222,366.40000000000015,0.2455269344984989,-0.3829645562293012,0.3829645562293012,0.2455269344984989,1.3703703703703705,2.2222222222222223,3.0843978389212285,1.8345609950542867,1030.2118242984498,-3.289999999999999,2164371.3139364487,3.028712412633973,10.633577208012664,23.65633168849393,5.647177220767728,5.907179729351506,0.0,0.0,4.794537184071822,19.04017502471442,5.098681808301038,0.0,18.71166982052172,31.05039748960912,18.652964303522147,11.428065043612756,9.184952231746642,22.758443942419056,0.0,24.64835151619112,0.0,18.88348407499998,18.82318028898733,49.06496498008925,11.257379486545457,5.733667477162185,10.208277825509848,0.0,0.0,43.64504405736778,4.794537184071822,5.817220841045895,18.88348407499998,43.24774413904336,0.0,22.29078092177798,89.93,0.0,9.184952231746642,0.0,17.76624139954536,41.19815651143816,12.84164324585202,24.53607431852164,21.71444680291888,0.0,16.546892725492913,10.832349285463224,15.53117991457735,0.0,22.208024769225617,5.301340965398506,7.822767853672436,-0.1647757805933301,6.132644142116891,4.410978318669065,4.7578398169334655,0.0,0.2631578947368421,2,7,0,1,1,1,1,2,3,1,0,5,1,8,3,3,0,1,1,0,0,4.309146797384557,4,2.5641,0,0,1,0,4,0,0,0,1,0,0,0,5,0,1,0,1,0,0,0,0,1,0,0,1,0,0,0,1,0,0,0,0,0,0,0,0,0,0,0,0,0,0,1,0,0,0,0,0,0,0,0,0,0,0
C=CC(=O)N1CCC[C@@H](n2nc(-c3ccc(F)cc3)c3c(N)ncnc32)C1,6.89,13.323385620440371,0.0336589296212317,-0.3216944866008298,0.7197084247985834,17.22222222222222,366.40000000000015,0.2455269344984989,-0.382964556275038,0.382964556275038,0.2455269344984989,1.2962962962962965,2.074074074074074,3.089377186676688,1.8192958869268845,1012.9618242984498,-3.29,2195855.15923731,3.028712412633973,10.633577208012664,23.65633168849393,5.647177220767728,5.907179729351506,0.0,0.0,4.794537184071822,19.04017502471442,5.098681808301038,0.0,6.578935683598497,43.18313162653234,18.652964303522147,11.428065043612756,9.184952231746642,22.758443942419056,0.0,24.64835151619112,0.0,18.88348407499998,18.82318028898733,49.06496498008926,11.257379486545457,5.733667477162185,10.208277825509848,0.0,0.0,43.64504405736778,4.794537184071822,5.817220841045895,18.88348407499998,43.24774413904336,0.0,22.29078092177798,89.93,0.0,9.184952231746642,0.0,17.76624139954536,35.63470501974116,18.40509473754901,24.53607431852164,17.032643867773697,4.681802935145185,16.546892725492913,10.832349285463224,15.137465363448683,0.0,22.24784781228764,5.376715115058369,8.058331282747769,-0.0953352808815044,6.036911417306437,4.454335893027999,4.7837283970046,0.0,0.2631578947368421,2,7,0,1,1,1,1,2,3,1,0,5,1,8,3,3,0,1,1,0,0,4.309146797384557,4,2.5641,0,0,1,0,4,0,0,0,1,0,0,0,5,0,1,0,1,0,0,0,0,1,0,0,1,0,0,0,1,0,0,0,0,0,0,0,0,0,0,0,0,0,0,1,0,0,0,0,0,0,0,0,0,0,0
