action_type,activity_comment,activity_id,activity_properties,assay_chembl_id,assay_description,assay_type,assay_variant_accession,assay_variant_mutation,bao_endpoint,bao_format,bao_label,canonical_smiles,data_validity_comment,data_validity_description,document_chembl_id,document_journal,document_year,ligand_efficiency,modality,molecule_chembl_id,molecule_pref_name,parent_molecule_chembl_id,pchembl_value,potential_duplicate,qudt_units,record_id,relation,src_id,standard_flag,standard_relation,standard_text_value,standard_type,standard_units,standard_upper_value,standard_value,target_chembl_id,target_organism,target_pref_name,target_tax_id,text_value,toid,type,units,uo_units,upper_value,value
,,32260,[],CHEMBL674637,Inhibitory activity towards tyrosine phosphorylation for the epidermal growth factor-receptor kinase,B,,,BAO_0000190,BAO_0000357,single protein format,Cc1cc(C)c(/C=C2\C(=O)Nc3ncnc(Nc4ccc(F)c(Cl)c4)c32)[nH]1,,,CHEMBL1134862,Bioorg Med Chem Lett,2002.0,"{'bei': '19.25', 'le': '0.37', 'lle': '2.94', 'sei': '8.93'}",,CHEMBL68920,,CHEMBL68920,7.39,0,http://www.openphacts.org/units/Nanomolar,119482,=,1,1,=,,IC50,nM,,41.0,CHEMBL203,Homo sapiens,Epidermal growth factor receptor,9606,,,IC50,uM,UO_0000065,,0.041
,,32263,[],CHEMBL621151,Inhibition of autophosphorylation of human epidermal growth factor-receptor (EGF-R) expressed in A431 cells,F,,,BAO_0000190,BAO_0000219,cell-based format,Cc1cc(C)c(/C=C2\C(=O)Nc3ncnc(Nc4ccc(F)c(Cl)c4)c32)[nH]1,,,CHEMBL1134862,Bioorg Med Chem Lett,2002.0,,,CHEMBL68920,,CHEMBL68920,6.52,0,http://www.openphacts.org/units/Nanomolar,119482,=,1,1,=,,IC50,nM,,300.0,CHEMBL203,Homo sapiens,Epidermal growth factor receptor,9606,,,IC50,uM,UO_0000065,,0.3
,,32265,[],CHEMBL615325,Inhibition of ligand-induced proliferation in human EGF-R Kinase expressing 3T3 cells,F,,,BAO_0000190,BAO_0000219,cell-based format,Cc1cc(C)c(/C=C2\C(=O)Nc3ncnc(Nc4ccc(F)c(Cl)c4)c32)[nH]1,,,CHEMBL1134862,Bioorg Med Chem Lett,2002.0,,,CHEMBL68920,,CHEMBL68920,5.11,0,http://www.openphacts.org/units/Nanomolar,119482,=,1,1,=,,IC50,nM,,7820.0,CHEMBL203,Homo sapiens,Epidermal growth factor receptor,9606,,,IC50,uM,UO_0000065,,7.82
,,32267,[],CHEMBL674637,Inhibitory activity towards tyrosine phosphorylation for the epidermal growth factor-receptor kinase,B,,,BAO_0000190,BAO_0000357,single protein format,Cc1cc(C(=O)N2CCOCC2)[nH]c1/C=C1\C(=O)Nc2ncnc(Nc3ccc(F)c(Cl)c3)c21,,,CHEMBL1134862,Bioorg Med Chem Lett,2002.0,"{'bei': '14.02', 'le': '0.27', 'lle': '3.16', 'sei': '6.03'}",,CHEMBL69960,,CHEMBL69960,6.77,0,http://www.openphacts.org/units/Nanomolar,119494,=,1,1,=,,IC50,nM,,170.0,CHEMBL203,Homo sapiens,Epidermal growth factor receptor,9606,,,IC50,uM,UO_0000065,,0.17
,,32270,[],CHEMBL621151,Inhibition of autophosphorylation of human epidermal growth factor-receptor (EGF-R) expressed in A431 cells,F,,,BAO_0000190,BAO_0000219,cell-based format,Cc1cc(C(=O)N2CCOCC2)[nH]c1/C=C1\C(=O)Nc2ncnc(Nc3ccc(F)c(Cl)c3)c21,,,CHEMBL1134862,Bioorg Med Chem Lett,2002.0,,,CHEMBL69960,,CHEMBL69960,7.40,0,http://www.openphacts.org/units/Nanomolar,119494,=,1,1,=,,IC50,nM,,40.0,CHEMBL203,Homo sapiens,Epidermal growth factor receptor,9606,,,IC50,uM,UO_0000065,,0.04
,,32272,[],CHEMBL615325,Inhibition of ligand-induced proliferation in human EGF-R Kinase expressing 3T3 cells,F,,,BAO_0000190,BAO_0000219,cell-based format,Cc1cc(C(=O)N2CCOCC2)[nH]c1/C=C1\C(=O)Nc2ncnc(Nc3ccc(F)c(Cl)c3)c21,,,CHEMBL1134862,Bioorg Med Chem Lett,2002.0,,,CHEMBL69960,,CHEMBL69960,6.36,0,http://www.openphacts.org/units/Nanomolar,119494,=,1,1,=,,IC50,nM,,440.0,CHEMBL203,Homo sapiens,Epidermal growth factor receptor,9606,,,IC50,uM,UO_0000065,,0.44
,,32680,[],CHEMBL677833,In vitro inhibition of Epidermal growth factor receptor tyrosine kinase isolated from A431 (human carcinoma).,B,,,BAO_0000190,BAO_0000357,single protein format,CN(c1ccccc1)c1ncnc2ccc(N/N=N/Cc3ccccn3)cc12,,,CHEMBL1145114,J Med Chem,2003.0,"{'bei': '13.62', 'le': '0.25', 'lle': '0.26', 'sei': '6.40'}",,CHEMBL137635,,CHEMBL137635,5.03,0,http://www.openphacts.org/units/Nanomolar,262238,=,1,1,=,,IC50,nM,,9300.0,CHEMBL203,Homo sapiens,Epidermal growth factor receptor,9606,,,IC50,uM,UO_0000065,,9.3
,,32770,[],CHEMBL674643,Inhibitory concentration of EGF dependent autophosphorylation of epidermal growth factor receptor kinase,B,,,BAO_0000190,BAO_0000357,single protein format,CC(=C(C#N)C#N)c1ccc(NC(=O)CCC(=O)O)cc1,Outside typical range,"Values for this activity type are unusually large/small, so may not be accurate",CHEMBL1124610,J Med Chem,1989.0,,,CHEMBL306988,,CHEMBL306988,,0,http://www.openphacts.org/units/Nanomolar,137177,=,1,1,=,,IC50,nM,,500000.0,CHEMBL203,Homo sapiens,Epidermal growth factor receptor,9606,,,IC50,uM,UO_0000065,,500.0
,,32772,[],CHEMBL674643,Inhibitory concentration of EGF dependent autophosphorylation of epidermal growth factor receptor kinase,B,,,BAO_0000190,BAO_0000357,single protein format,O=C(O)/C=C/c1ccc(O)cc1,Outside typical range,"Values for this activity type are unusually large/small, so may not be accurate",CHEMBL1124610,J Med Chem,1989.0,,,CHEMBL66879,COUMARIC ACID,CHEMBL66879,,0,http://www.openphacts.org/units/Nanomolar,137215,=,1,1,=,,IC50,nM,,3000000.0,CHEMBL203,Homo sapiens,Epidermal growth factor receptor,9606,,,IC50,uM,UO_0000065,,3000.0
,,32780,[],CHEMBL674643,Inhibitory concentration of EGF dependent autophosphorylation of epidermal growth factor receptor kinase,B,,,BAO_0000190,BAO_0000357,single protein format,N#CC(C#N)=Cc1cc(O)ccc1[N+](=O)[O-],,,CHEMBL1124610,J Med Chem,1989.0,"{'bei': '18.67', 'le': '0.34', 'lle': '2.29', 'sei': '3.62'}",,CHEMBL77085,,CHEMBL77085,4.02,0,http://www.openphacts.org/units/Nanomolar,137197,=,1,1,=,,IC50,nM,,96000.0,CHEMBL203,Homo sapiens,Epidermal growth factor receptor,9606,,,IC50,uM,UO_0000065,,96.0
,,33406,[],CHEMBL674637,Inhibitory activity towards tyrosine phosphorylation for the epidermal growth factor-receptor kinase,B,,,BAO_0000190,BAO_0000357,single protein format,Cc1cc(C(=O)NCCN2CCOCC2)[nH]c1/C=C1\C(=O)N(C)c2ncnc(Nc3ccc(F)c(Cl)c3)c21,,,CHEMBL1134862,Bioorg Med Chem Lett,2002.0,"{'bei': '9.77', 'le': '0.19', 'lle': '2.04', 'sei': '4.57'}",,CHEMBL443268,,CHEMBL443268,5.28,0,http://www.openphacts.org/units/Nanomolar,119495,=,1,1,=,,IC50,nM,,5310.0,CHEMBL203,Homo sapiens,Epidermal growth factor receptor,9606,,,IC50,uM,UO_0000065,,5.31
,,34039,[],CHEMBL674643,Inhibitory concentration of EGF dependent autophosphorylation of epidermal growth factor receptor kinase,B,,,BAO_0000190,BAO_0000357,single protein format,COc1cc(/C=C(\C#N)C(=O)O)cc(OC)c1O,Outside typical range,"Values for this activity type are unusually large/small, so may not be accurate",CHEMBL1124610,J Med Chem,1989.0,,,CHEMBL76979,,CHEMBL76979,,0,http://www.openphacts.org/units/Nanomolar,137172,=,1,1,=,,IC50,nM,,264000.0,CHEMBL203,Homo sapiens,Epidermal growth factor receptor,9606,,,IC50,uM,UO_0000065,,264.0
,,34041,[],CHEMBL674643,Inhibitory concentration of EGF dependent autophosphorylation of epidermal growth factor receptor kinase,B,,,BAO_0000190,BAO_0000357,single protein format,N#CC(C#N)=C(N)/C(C#N)=C/c1ccc(O)cc1,,,CHEMBL1124610,J Med Chem,1989.0,"{'bei': '29.22', 'le': '0.52', 'lle': '5.34', 'sei': '5.87'}",,CHEMBL76589,,CHEMBL76589,6.90,0,http://www.openphacts.org/units/Nanomolar,137232,=,1,1,=,,IC50,nM,,125.0,CHEMBL203,Homo sapiens,Epidermal growth factor receptor,9606,,,IC50,uM,UO_0000065,,0.125
,,34045,[],CHEMBL674643,Inhibitory concentration of EGF dependent autophosphorylation of epidermal growth factor receptor kinase,B,,,BAO_0000190,BAO_0000357,single protein format,COc1cc(C=C(C#N)C#N)cc(OC)c1,Outside typical range,"Values for this activity type are unusually large/small, so may not be accurate",CHEMBL1124610,J Med Chem,1989.0,,,CHEMBL77724,,CHEMBL77724,,0,http://www.openphacts.org/units/Nanomolar,137189,>,1,1,>,,IC50,nM,,1250000.0,CHEMBL203,Homo sapiens,Epidermal growth factor receptor,9606,,,IC50,uM,UO_0000065,,1250.0
,,34047,[],CHEMBL674643,Inhibitory concentration of EGF dependent autophosphorylation of epidermal growth factor receptor kinase,B,,,BAO_0000190,BAO_0000357,single protein format,N#CC(C#N)=Cc1ccc(N2CCOCC2)cc1,Outside typical range,"Values for this activity type are unusually large/small, so may not be accurate",CHEMBL1124610,J Med Chem,1989.0,,,CHEMBL420385,,CHEMBL420385,,0,http://www.openphacts.org/units/Nanomolar,137185,>,1,1,>,,IC50,nM,,625000.0,CHEMBL203,Homo sapiens,Epidermal growth factor receptor,9606,,,IC50,uM,UO_0000065,,625.0
,,34049,[],CHEMBL674643,Inhibitory concentration of EGF dependent autophosphorylation of epidermal growth factor receptor kinase,B,,,BAO_0000190,BAO_0000357,single protein format,N#CC(C#N)=Cc1ccc(O)c(O)c1,,,CHEMBL1124610,J Med Chem,1989.0,"{'bei': '23.93', 'le': '0.43', 'lle': '2.93', 'sei': '5.06'}",,CHEMBL76904,TYRPHOSTIN 23,CHEMBL76904,4.46,0,http://www.openphacts.org/units/Nanomolar,137194,=,1,1,=,,IC50,nM,,35000.0,CHEMBL203,Homo sapiens,Epidermal growth factor receptor,9606,,,IC50,uM,UO_0000065,,35.0
,,34051,[],CHEMBL674643,Inhibitory concentration of EGF dependent autophosphorylation of epidermal growth factor receptor kinase,B,,,BAO_0000190,BAO_0000357,single protein format,N[C@@H](Cc1ccc(O)c(O)c1)C(=O)O,Outside typical range,"Values for this activity type are unusually large/small, so may not be accurate",CHEMBL1124610,J Med Chem,1989.0,,,CHEMBL1009,LEVODOPA,CHEMBL1009,,0,http://www.openphacts.org/units/Nanomolar,137202,=,1,1,=,,IC50,nM,,900000.0,CHEMBL203,Homo sapiens,Epidermal growth factor receptor,9606,,,IC50,uM,UO_0000065,,900.0
,,34669,[],CHEMBL674637,Inhibitory activity towards tyrosine phosphorylation for the epidermal growth factor-receptor kinase,B,,,BAO_0000190,BAO_0000357,single protein format,CCN(CC)CC(O)CNC(=O)c1cc(C)c(/C=C2\C(=O)Nc3ncnc(Nc4ccc(F)c(Cl)c4)c32)[nH]1,,,CHEMBL1134862,Bioorg Med Chem Lett,2002.0,"{'bei': '17.24', 'le': '0.34', 'lle': '5.78', 'sei': '6.91'}",,CHEMBL304271,,CHEMBL304271,9.35,0,http://www.openphacts.org/units/Nanomolar,119504,=,1,1,=,,IC50,nM,,0.45,CHEMBL203,Homo sapiens,Epidermal growth factor receptor,9606,,,IC50,uM,UO_0000065,,0.00045
,,35294,[],CHEMBL674643,Inhibitory concentration of EGF dependent autophosphorylation of epidermal growth factor receptor kinase,B,,,BAO_0000190,BAO_0000357,single protein format,N#C/C(=C\c1ccc(O)c(O)c1)C(N)=O,,,CHEMBL1124610,J Med Chem,1989.0,"{'bei': '24.49', 'le': '0.46', 'lle': '4.51', 'sei': '4.66'}",,CHEMBL296407,,CHEMBL296407,5.00,0,http://www.openphacts.org/units/Nanomolar,137234,=,1,1,=,,IC50,nM,,10000.0,CHEMBL203,Homo sapiens,Epidermal growth factor receptor,9606,,,IC50,uM,UO_0000065,,10.0
,,35296,[],CHEMBL674643,Inhibitory concentration of EGF dependent autophosphorylation of epidermal growth factor receptor kinase,B,,,BAO_0000190,BAO_0000357,single protein format,N#CC(C#N)=C(N)/C(C#N)=C/c1ccc(O)c([N+](=O)[O-])c1,,,CHEMBL1124610,J Med Chem,1989.0,"{'bei': '15.01', 'le': '0.27', 'lle': '2.75', 'sei': '2.63'}",,CHEMBL309625,,CHEMBL309625,4.22,0,http://www.openphacts.org/units/Nanomolar,137231,=,1,1,=,,IC50,nM,,60000.0,CHEMBL203,Homo sapiens,Epidermal growth factor receptor,9606,,,IC50,uM,UO_0000065,,60.0
,,35297,[],CHEMBL674643,Inhibitory concentration of EGF dependent autophosphorylation of epidermal growth factor receptor kinase,B,,,BAO_0000190,BAO_0000357,single protein format,COc1ccc(NN=C(C#N)C#N)cc1,Outside typical range,"Values for this activity type are unusually large/small, so may not be accurate",CHEMBL1124610,J Med Chem,1989.0,,,CHEMBL77825,,CHEMBL77825,,0,http://www.openphacts.org/units/Nanomolar,137225,=,1,1,=,,IC50,nM,,600000.0,CHEMBL203,Homo sapiens,Epidermal growth factor receptor,9606,,,IC50,uM,UO_0000065,,600.0
,,35301,[],CHEMBL674643,Inhibitory concentration of EGF dependent autophosphorylation of epidermal growth factor receptor kinase,B,,,BAO_0000190,BAO_0000357,single protein format,COc1cc(C=C(C#N)C#N)cc(OC)c1O,Outside typical range,"Values for this activity type are unusually large/small, so may not be accurate",CHEMBL1124610,J Med Chem,1989.0,,,CHEMBL421877,,CHEMBL421877,,0,http://www.openphacts.org/units/Nanomolar,137187,=,1,1,=,,IC50,nM,,850000.0,CHEMBL203,Homo sapiens,Epidermal growth factor receptor,9606,,,IC50,uM,UO_0000065,,850.0
,,36518,[],CHEMBL674643,Inhibitory concentration of EGF dependent autophosphorylation of epidermal growth factor receptor kinase,B,,,BAO_0000190,BAO_0000357,single protein format,N#CC(C#N)=Cc1cc(O)c(O)c(O)c1,,,CHEMBL1124610,J Med Chem,1989.0,"{'bei': '27.32', 'le': '0.50', 'lle': '4.29', 'sei': '5.10'}",,CHEMBL310798,TYRPHOSTIN 25,CHEMBL310798,5.52,0,http://www.openphacts.org/units/Nanomolar,137192,=,1,1,=,,IC50,nM,,3000.0,CHEMBL203,Homo sapiens,Epidermal growth factor receptor,9606,,,IC50,uM,UO_0000065,,3.0
,,37510,[],CHEMBL677833,In vitro inhibition of Epidermal growth factor receptor tyrosine kinase isolated from A431 (human carcinoma).,B,,,BAO_0000190,BAO_0000357,single protein format,C/N=N/Nc1ccc2ncnc(N(C)c3ccccc3)c2c1,,,CHEMBL1145114,J Med Chem,2003.0,"{'bei': '17.43', 'le': '0.32', 'lle': '1.29', 'sei': '7.75'}",,CHEMBL135592,,CHEMBL135592,5.10,0,http://www.openphacts.org/units/Nanomolar,262235,=,1,1,=,,IC50,nM,,8000.0,CHEMBL203,Homo sapiens,Epidermal growth factor receptor,9606,,,IC50,uM,UO_0000065,,8.0
,,40025,[],CHEMBL674643,Inhibitory concentration of EGF dependent autophosphorylation of epidermal growth factor receptor kinase,B,,,BAO_0000190,BAO_0000357,single protein format,N#C/C(=C\c1ccc([N+](=O)[O-])cc1)C(=O)O,Outside typical range,"Values for this activity type are unusually large/small, so may not be accurate",CHEMBL1124610,J Med Chem,1989.0,,,CHEMBL309866,,CHEMBL309866,,0,http://www.openphacts.org/units/Nanomolar,137171,=,1,1,=,,IC50,nM,,1300000.0,CHEMBL203,Homo sapiens,Epidermal growth factor receptor,9606,,,IC50,uM,UO_0000065,,1300.0
,,40026,[],CHEMBL674643,Inhibitory concentration of EGF dependent autophosphorylation of epidermal growth factor receptor kinase,B,,,BAO_0000190,BAO_0000357,single protein format,N#C/C(=C/c1ccc[nH]1)C(=O)O,Outside typical range,"Values for this activity type are unusually large/small, so may not be accurate",CHEMBL1124610,J Med Chem,1989.0,,,CHEMBL77381,,CHEMBL77381,,0,http://www.openphacts.org/units/Nanomolar,137219,=,1,1,=,,IC50,nM,,1360000.0,CHEMBL203,Homo sapiens,Epidermal growth factor receptor,9606,,,IC50,uM,UO_0000065,,1360.0
,,41220,[],CHEMBL674643,Inhibitory concentration of EGF dependent autophosphorylation of epidermal growth factor receptor kinase,B,,,BAO_0000190,BAO_0000357,single protein format,N#C/C(=C\c1ccc(O)cc1)C(=O)O,Outside typical range,"Values for this activity type are unusually large/small, so may not be accurate",CHEMBL1124610,J Med Chem,1989.0,,,CHEMBL76602,alpha-CYANO-4-HYDROXYCINNAMIC ACID,CHEMBL76602,,0,http://www.openphacts.org/units/Nanomolar,137236,=,1,1,=,,IC50,nM,,165000.0,CHEMBL203,Homo sapiens,Epidermal growth factor receptor,9606,,,IC50,uM,UO_0000065,,165.0
,,41222,[],CHEMBL674643,Inhibitory concentration of EGF dependent autophosphorylation of epidermal growth factor receptor kinase,B,,,BAO_0000190,BAO_0000357,single protein format,N#CC(C#N)=Cc1ccncc1,Outside typical range,"Values for this activity type are unusually large/small, so may not be accurate",CHEMBL1124610,J Med Chem,1989.0,,,CHEMBL77737,,CHEMBL77737,,0,http://www.openphacts.org/units/Nanomolar,137217,=,1,1,=,,IC50,nM,,250000.0,CHEMBL203,Homo sapiens,Epidermal growth factor receptor,9606,,,IC50,uM,UO_0000065,,250.0
,,41224,[],CHEMBL674643,Inhibitory concentration of EGF dependent autophosphorylation of epidermal growth factor receptor kinase,B,,,BAO_0000190,BAO_0000357,single protein format,N#CC(C#N)=Cc1ccc(F)cc1,Outside typical range,"Values for this activity type are unusually large/small, so may not be accurate",CHEMBL1124610,J Med Chem,1989.0,,,CHEMBL76983,,CHEMBL76983,,0,http://www.openphacts.org/units/Nanomolar,137188,>,1,1,>,,IC50,nM,,1250000.0,CHEMBL203,Homo sapiens,Epidermal growth factor receptor,9606,,,IC50,uM,UO_0000065,,1250.0
,,41226,[],CHEMBL674643,Inhibitory concentration of EGF dependent autophosphorylation of epidermal growth factor receptor kinase,B,,,BAO_0000190,BAO_0000357,single protein format,N#CC(C#N)=Cc1ccc(O)c([N+](=O)[O-])c1,Outside typical range,"Values for this activity type are unusually large/small, so may not be accurate",CHEMBL1124610,J Med Chem,1989.0,,,CHEMBL308134,,CHEMBL308134,,0,http://www.openphacts.org/units/Nanomolar,137198,=,1,1,=,,IC50,nM,,125000.0,CHEMBL203,Homo sapiens,Epidermal growth factor receptor,9606,,,IC50,uM,UO_0000065,,125.0
,,42300,[],CHEMBL677833,In vitro inhibition of Epidermal growth factor receptor tyrosine kinase isolated from A431 (human carcinoma).,B,,,BAO_0000190,BAO_0000357,single protein format,CN(C)/N=N/c1ccc2ncnc(Nc3cccc(Cl)c3)c2c1,,,CHEMBL1145114,J Med Chem,2003.0,"{'bei': '24.03', 'le': '0.47', 'lle': '3.26', 'sei': '11.94'}",,CHEMBL136491,,CHEMBL136491,7.85,0,http://www.openphacts.org/units/Nanomolar,262243,=,1,1,=,,IC50,nM,,14.0,CHEMBL203,Homo sapiens,Epidermal growth factor receptor,9606,,,IC50,uM,UO_0000065,,0.014
,,42432,[],CHEMBL674643,Inhibitory concentration of EGF dependent autophosphorylation of epidermal growth factor receptor kinase,B,,,BAO_0000190,BAO_0000357,single protein format,CC(=C(C#N)C#N)c1ccc(N)cc1,Outside typical range,"Values for this activity type are unusually large/small, so may not be accurate",CHEMBL1124610,J Med Chem,1989.0,,,CHEMBL77280,,CHEMBL77280,,0,http://www.openphacts.org/units/Nanomolar,137181,>,1,1,>,,IC50,nM,,1250000.0,CHEMBL203,Homo sapiens,Epidermal growth factor receptor,9606,,,IC50,uM,UO_0000065,,1250.0
,,42433,[],CHEMBL674645,Inhibition of EGF-dependent epidermal growth factor receptor autophosphorylation (inactive),B,,,BAO_0000190,BAO_0000357,single protein format,O=[N+]([O-])c1ccc(O)c(O)c1,,,CHEMBL1124610,J Med Chem,1989.0,,,CHEMBL42423,4-Nitrocatechol,CHEMBL42423,,0,http://www.openphacts.org/units/Nanomolar,137226,,1,0,,Not active,IC50,nM,,,CHEMBL203,Homo sapiens,Epidermal growth factor receptor,9606,Not Active,,IC50,uM,UO_0000065,,
,,43662,[],CHEMBL674643,Inhibitory concentration of EGF dependent autophosphorylation of epidermal growth factor receptor kinase,B,,,BAO_0000190,BAO_0000357,single protein format,N#CCNC(=O)/C(C#N)=C/c1ccc(O)cc1,Outside typical range,"Values for this activity type are unusually large/small, so may not be accurate",CHEMBL1124610,J Med Chem,1989.0,,,CHEMBL76557,,CHEMBL76557,,0,http://www.openphacts.org/units/Nanomolar,137178,=,1,1,=,,IC50,nM,,625000.0,CHEMBL203,Homo sapiens,Epidermal growth factor receptor,9606,,,IC50,uM,UO_0000065,,625.0
,,44685,[],CHEMBL677833,In vitro inhibition of Epidermal growth factor receptor tyrosine kinase isolated from A431 (human carcinoma).,B,,,BAO_0000190,BAO_0000357,single protein format,Cc1cccc(Nc2ncnc3ccc(N)cc23)c1,,,CHEMBL1145114,J Med Chem,2003.0,"{'bei': '23.97', 'le': '0.43', 'lle': '2.74', 'sei': '9.40'}",,CHEMBL336113,,CHEMBL336113,6.00,0,http://www.openphacts.org/units/Nanomolar,262227,=,1,1,=,,IC50,nM,,1000.0,CHEMBL203,Homo sapiens,Epidermal growth factor receptor,9606,,,IC50,uM,UO_0000065,,1.0
,,44690,[],CHEMBL677833,In vitro inhibition of Epidermal growth factor receptor tyrosine kinase isolated from A431 (human carcinoma).,B,,,BAO_0000190,BAO_0000357,single protein format,C/N=N/Nc1ccc2ncnc(Nc3cccc(Cl)c3)c2c1,,,CHEMBL1145114,J Med Chem,2003.0,"{'bei': '22.38', 'le': '0.43', 'lle': '2.56', 'sei': '9.39'}",,CHEMBL133024,,CHEMBL133024,7.00,0,http://www.openphacts.org/units/Nanomolar,262245,=,1,1,=,,IC50,nM,,100.0,CHEMBL203,Homo sapiens,Epidermal growth factor receptor,9606,,,IC50,uM,UO_0000065,,0.1
,,44695,[],CHEMBL677833,In vitro inhibition of Epidermal growth factor receptor tyrosine kinase isolated from A431 (human carcinoma).,B,,,BAO_0000190,BAO_0000357,single protein format,CN(C)/N=N/c1ccc2ncnc(N(C)c3ccccc3)c2c1,,,CHEMBL1145114,J Med Chem,2003.0,"{'bei': '15.91', 'le': '0.29', 'lle': '0.91', 'sei': '8.55'}",,CHEMBL344652,,CHEMBL344652,4.88,0,http://www.openphacts.org/units/Nanomolar,262234,=,1,1,=,,IC50,nM,,13350.0,CHEMBL203,Homo sapiens,Epidermal growth factor receptor,9606,,,IC50,uM,UO_0000065,,13.35
,,44885,[],CHEMBL674643,Inhibitory concentration of EGF dependent autophosphorylation of epidermal growth factor receptor kinase,B,,,BAO_0000190,BAO_0000357,single protein format,N#CC(C#N)=CNc1ccc(O)cc1,Outside typical range,"Values for this activity type are unusually large/small, so may not be accurate",CHEMBL1124610,J Med Chem,1989.0,,,CHEMBL77814,,CHEMBL77814,,0,http://www.openphacts.org/units/Nanomolar,137223,=,1,1,=,,IC50,nM,,350000.0,CHEMBL203,Homo sapiens,Epidermal growth factor receptor,9606,,,IC50,uM,UO_0000065,,350.0
,,44886,[],CHEMBL674643,Inhibitory concentration of EGF dependent autophosphorylation of epidermal growth factor receptor kinase,B,,,BAO_0000190,BAO_0000357,single protein format,O=CN/C=C/c1cc(O)ccc1O,,,CHEMBL1124610,J Med Chem,1989.0,"{'bei': '27.09', 'le': '0.51', 'lle': '4.04', 'sei': '6.98'}",,CHEMBL47986,ERBSTATIN,CHEMBL47986,4.85,0,http://www.openphacts.org/units/Nanomolar,137221,=,1,1,=,,IC50,nM,,14000.0,CHEMBL203,Homo sapiens,Epidermal growth factor receptor,9606,,,IC50,uM,UO_0000065,,14.0
,,44964,[],CHEMBL674646,Inhibition of EGF-dependent epidermal growth factor receptor autophosphorylation (inactive),B,,,BAO_0000190,BAO_0000357,single protein format,O=C(O)c1ccc(O)cc1,,,CHEMBL1124610,J Med Chem,1989.0,,,CHEMBL441343,PARABEN,CHEMBL441343,,0,http://www.openphacts.org/units/Nanomolar,137240,,1,0,,Not active,IC50,nM,,,CHEMBL203,Homo sapiens,Epidermal growth factor receptor,9606,Not Active,,IC50,uM,UO_0000065,,
,,45867,[],CHEMBL677833,In vitro inhibition of Epidermal growth factor receptor tyrosine kinase isolated from A431 (human carcinoma).,B,,,BAO_0000190,BAO_0000357,single protein format,Brc1cccc(Nc2ncnc3ccc(N/N=N/Cc4ccccn4)cc23)c1,,,CHEMBL1145114,J Med Chem,2003.0,"{'bei': '15.25', 'le': '0.32', 'lle': '1.11', 'sei': '7.57'}",,CHEMBL138125,,CHEMBL138125,6.62,0,http://www.openphacts.org/units/Nanomolar,262239,=,1,1,=,,IC50,nM,,238.0,CHEMBL203,Homo sapiens,Epidermal growth factor receptor,9606,,,IC50,uM,UO_0000065,,0.238
,,45872,[],CHEMBL677833,In vitro inhibition of Epidermal growth factor receptor tyrosine kinase isolated from A431 (human carcinoma).,B,,,BAO_0000190,BAO_0000357,single protein format,Brc1cccc(Nc2ncnc3ccc(N/N=N/CCN4CCOCC4)cc23)c1,,,CHEMBL1145114,J Med Chem,2003.0,"{'bei': '15.76', 'le': '0.34', 'lle': '2.94', 'sei': '8.27'}",,CHEMBL137364,,CHEMBL137364,7.19,0,http://www.openphacts.org/units/Nanomolar,262236,=,1,1,=,,IC50,nM,,64.0,CHEMBL203,Homo sapiens,Epidermal growth factor receptor,9606,,,IC50,uM,UO_0000065,,0.064
,,45958,[],CHEMBL674643,Inhibitory concentration of EGF dependent autophosphorylation of epidermal growth factor receptor kinase,B,,,BAO_0000190,BAO_0000357,single protein format,N#CC(C#N)=C1C(=O)NC(=O)NC1=O,Outside typical range,"Values for this activity type are unusually large/small, so may not be accurate",CHEMBL1124610,J Med Chem,1989.0,,,CHEMBL308339,,CHEMBL308339,,0,http://www.openphacts.org/units/Nanomolar,137222,=,1,1,=,,IC50,nM,,1400000.0,CHEMBL203,Homo sapiens,Epidermal growth factor receptor,9606,,,IC50,uM,UO_0000065,,1400.0
,,45961,[],CHEMBL674643,Inhibitory concentration of EGF dependent autophosphorylation of epidermal growth factor receptor kinase,B,,,BAO_0000190,BAO_0000357,single protein format,N#CC(C#N)=Cc1ccc(C(=O)O)cc1,Outside typical range,"Values for this activity type are unusually large/small, so may not be accurate",CHEMBL1124610,J Med Chem,1989.0,,,CHEMBL78174,,CHEMBL78174,,0,http://www.openphacts.org/units/Nanomolar,137209,=,1,1,=,,IC50,nM,,430000.0,CHEMBL203,Homo sapiens,Epidermal growth factor receptor,9606,,,IC50,uM,UO_0000065,,430.0
,,46694,[],CHEMBL674637,Inhibitory activity towards tyrosine phosphorylation for the epidermal growth factor-receptor kinase,B,,,BAO_0000190,BAO_0000357,single protein format,O=C1Nc2ncnc(Nc3ccc(F)c(Cl)c3)c2/C1=C/c1ccc(C(=O)NCCN2CCOCC2)[nH]1,,,CHEMBL1134862,Bioorg Med Chem Lett,2002.0,"{'bei': '14.96', 'le': '0.29', 'lle': '4.76', 'sei': '6.16'}",,CHEMBL302552,,CHEMBL302552,7.66,0,http://www.openphacts.org/units/Nanomolar,119505,=,1,1,=,,IC50,nM,,22.0,CHEMBL203,Homo sapiens,Epidermal growth factor receptor,9606,,,IC50,uM,UO_0000065,,0.022
,,47278,[],CHEMBL674643,Inhibitory concentration of EGF dependent autophosphorylation of epidermal growth factor receptor kinase,B,,,BAO_0000190,BAO_0000357,single protein format,N#CC(C#N)=C(O)c1cc(O)c(O)c(O)c1,,,CHEMBL1124610,J Med Chem,1989.0,"{'bei': '22.32', 'le': '0.42', 'lle': '3.75', 'sei': '3.79'}",,CHEMBL309598,,CHEMBL309598,4.87,0,http://www.openphacts.org/units/Nanomolar,137174,=,1,1,=,,IC50,nM,,13500.0,CHEMBL203,Homo sapiens,Epidermal growth factor receptor,9606,,,IC50,uM,UO_0000065,,13.5
,,47286,[],CHEMBL674643,Inhibitory concentration of EGF dependent autophosphorylation of epidermal growth factor receptor kinase,B,,,BAO_0000190,BAO_0000357,single protein format,COc1ccc(C=C(C#N)C#N)cc1O,Outside typical range,"Values for this activity type are unusually large/small, so may not be accurate",CHEMBL1124610,J Med Chem,1989.0,,,CHEMBL78302,,CHEMBL78302,,0,http://www.openphacts.org/units/Nanomolar,137206,>,1,1,>,,IC50,nM,,250000.0,CHEMBL203,Homo sapiens,Epidermal growth factor receptor,9606,,,IC50,uM,UO_0000065,,250.0
,,47933,[],CHEMBL674637,Inhibitory activity towards tyrosine phosphorylation for the epidermal growth factor-receptor kinase,B,,,BAO_0000190,BAO_0000357,single protein format,Cc1cc(C(=O)N2CCOCC2)[nH]c1/C=C1\C(=O)Nc2ncnc(Nc3ccc4c(ccn4Cc4ccccc4)c3)c21,,,CHEMBL1134862,Bioorg Med Chem Lett,2002.0,"{'bei': '14.91', 'le': '0.27', 'lle': '3.53', 'sei': '7.12'}",,CHEMBL67057,,CHEMBL67057,8.35,0,http://www.openphacts.org/units/Nanomolar,119500,=,1,1,=,,IC50,nM,,4.5,CHEMBL203,Homo sapiens,Epidermal growth factor receptor,9606,,,IC50,uM,UO_0000065,,0.0045
,,47936,[],CHEMBL621151,Inhibition of autophosphorylation of human epidermal growth factor-receptor (EGF-R) expressed in A431 cells,F,,,BAO_0000190,BAO_0000219,cell-based format,Cc1cc(C(=O)N2CCOCC2)[nH]c1/C=C1\C(=O)Nc2ncnc(Nc3ccc4c(ccn4Cc4ccccc4)c3)c21,,,CHEMBL1134862,Bioorg Med Chem Lett,2002.0,,,CHEMBL67057,,CHEMBL67057,7.00,0,http://www.openphacts.org/units/Nanomolar,119500,=,1,1,=,,IC50,nM,,100.0,CHEMBL203,Homo sapiens,Epidermal growth factor receptor,9606,,,IC50,uM,UO_0000065,,0.1
,Not Determined,47938,[],CHEMBL615490,Inhibition of ligand-induced proliferation in human EGF-R Kinase expressing 3T3 cells (Not tested),F,,,BAO_0000190,BAO_0000219,cell-based format,Cc1cc(C(=O)N2CCOCC2)[nH]c1/C=C1\C(=O)Nc2ncnc(Nc3ccc4c(ccn4Cc4ccccc4)c3)c21,,,CHEMBL1134862,Bioorg Med Chem Lett,2002.0,,,CHEMBL67057,,CHEMBL67057,,0,http://www.openphacts.org/units/Nanomolar,119500,,1,0,,,IC50,nM,,,CHEMBL203,Homo sapiens,Epidermal growth factor receptor,9606,,,IC50,uM,UO_0000065,,
,,48459,[],CHEMBL677833,In vitro inhibition of Epidermal growth factor receptor tyrosine kinase isolated from A431 (human carcinoma).,B,,,BAO_0000190,BAO_0000357,single protein format,Nc1ccc2ncnc(NCc3ccccc3)c2c1,,,CHEMBL1145114,J Med Chem,2003.0,"{'bei': '25.15', 'le': '0.45', 'lle': '3.47', 'sei': '9.86'}",,CHEMBL332096,,CHEMBL332096,6.29,0,http://www.openphacts.org/units/Nanomolar,262229,=,1,1,=,,IC50,nM,,508.0,CHEMBL203,Homo sapiens,Epidermal growth factor receptor,9606,,,IC50,uM,UO_0000065,,0.508
,,48552,[],CHEMBL674643,Inhibitory concentration of EGF dependent autophosphorylation of epidermal growth factor receptor kinase,B,,,BAO_0000190,BAO_0000357,single protein format,N#CC(C#N)=Cc1ccc([N+](=O)[O-])c(O)c1,Outside typical range,"Values for this activity type are unusually large/small, so may not be accurate",CHEMBL1124610,J Med Chem,1989.0,,,CHEMBL77387,,CHEMBL77387,,0,http://www.openphacts.org/units/Nanomolar,137211,=,1,1,=,,IC50,nM,,450000.0,CHEMBL203,Homo sapiens,Epidermal growth factor receptor,9606,,,IC50,uM,UO_0000065,,450.0
,,49320,[],CHEMBL674637,Inhibitory activity towards tyrosine phosphorylation for the epidermal growth factor-receptor kinase,B,,,BAO_0000190,BAO_0000357,single protein format,CCN(CC)CCNC(=O)c1c(C)[nH]c(/C=C2\C(=O)Nc3ncnc(Nc4ccc(F)c(Cl)c4)c32)c1C,,,CHEMBL1134862,Bioorg Med Chem Lett,2002.0,"{'bei': '12.74', 'le': '0.25', 'lle': '2.18', 'sei': '5.82'}",,CHEMBL432903,,CHEMBL432903,6.70,0,http://www.openphacts.org/units/Nanomolar,119484,=,1,1,=,,IC50,nM,,200.0,CHEMBL203,Homo sapiens,Epidermal growth factor receptor,9606,,,IC50,uM,UO_0000065,,0.2
,,49323,[],CHEMBL674637,Inhibitory activity towards tyrosine phosphorylation for the epidermal growth factor-receptor kinase,B,,,BAO_0000190,BAO_0000357,single protein format,Cc1cc(/C=C2\C(=O)Nc3ncnc(Nc4ccc(F)c(Cl)c4)c32)[nH]c1C(=O)N1CCN(C)CC1,,,CHEMBL1134862,Bioorg Med Chem Lett,2002.0,"{'bei': '13.46', 'le': '0.26', 'lle': '3.15', 'sei': '6.28'}",,CHEMBL69964,,CHEMBL69964,6.68,0,http://www.openphacts.org/units/Nanomolar,119492,=,1,1,=,,IC50,nM,,210.0,CHEMBL203,Homo sapiens,Epidermal growth factor receptor,9606,,,IC50,uM,UO_0000065,,0.21
,,49326,[],CHEMBL674637,Inhibitory activity towards tyrosine phosphorylation for the epidermal growth factor-receptor kinase,B,,,BAO_0000190,BAO_0000357,single protein format,Cc1cc(C(=O)N2CCOCC2)[nH]c1/C=C1\C(=O)Nc2ncnc(Nc3ccc4c(c3)CCC4)c21,,,CHEMBL1134862,Bioorg Med Chem Lett,2002.0,"{'bei': '12.43', 'le': '0.23', 'lle': '2.54', 'sei': '5.21'}",,CHEMBL65848,,CHEMBL65848,5.85,0,http://www.openphacts.org/units/Nanomolar,119501,=,1,1,=,,IC50,nM,,1410.0,CHEMBL203,Homo sapiens,Epidermal growth factor receptor,9606,,,IC50,uM,UO_0000065,,1.41
,,49329,[],CHEMBL621151,Inhibition of autophosphorylation of human epidermal growth factor-receptor (EGF-R) expressed in A431 cells,F,,,BAO_0000190,BAO_0000219,cell-based format,Cc1cc(C(=O)N2CCOCC2)[nH]c1/C=C1\C(=O)Nc2ncnc(Nc3ccc4c(c3)CCC4)c21,,,CHEMBL1134862,Bioorg Med Chem Lett,2002.0,,,CHEMBL65848,,CHEMBL65848,5.30,0,http://www.openphacts.org/units/Nanomolar,119501,=,1,1,=,,IC50,nM,,5000.0,CHEMBL203,Homo sapiens,Epidermal growth factor receptor,9606,,,IC50,uM,UO_0000065,,5.0
,,49331,[],CHEMBL615325,Inhibition of ligand-induced proliferation in human EGF-R Kinase expressing 3T3 cells,F,,,BAO_0000190,BAO_0000219,cell-based format,Cc1cc(C(=O)N2CCOCC2)[nH]c1/C=C1\C(=O)Nc2ncnc(Nc3ccc4c(c3)CCC4)c21,,,CHEMBL1134862,Bioorg Med Chem Lett,2002.0,,,CHEMBL65848,,CHEMBL65848,5.37,0,http://www.openphacts.org/units/Nanomolar,119501,=,1,1,=,,IC50,nM,,4320.0,CHEMBL203,Homo sapiens,Epidermal growth factor receptor,9606,,,IC50,uM,UO_0000065,,4.32
,Not Determined,49415,[],CHEMBL679675,Inhibition of Epidermal growth factor receptor (not tested),B,,,BAO_0000190,BAO_0000357,single protein format,Nc1ncnc2c1c(-c1ccc(Oc3ccccc3)cc1)cn2C1CCC(O)C1,,,CHEMBL1132739,Bioorg Med Chem Lett,2000.0,,,CHEMBL69129,,CHEMBL69129,,0,http://www.openphacts.org/units/Nanomolar,120765,,1,0,,,IC50,nM,,,CHEMBL203,Homo sapiens,Epidermal growth factor receptor,9606,,,IC50,uM,UO_0000065,,
,,49986,[],CHEMBL674643,Inhibitory concentration of EGF dependent autophosphorylation of epidermal growth factor receptor kinase,B,,,BAO_0000190,BAO_0000357,single protein format,N#C/C(=C\c1ccc(F)cc1)C(=O)O,Outside typical range,"Values for this activity type are unusually large/small, so may not be accurate",CHEMBL1124610,J Med Chem,1989.0,,,CHEMBL78184,,CHEMBL78184,,0,http://www.openphacts.org/units/Nanomolar,137170,=,1,1,=,,IC50,nM,,833000.0,CHEMBL203,Homo sapiens,Epidermal growth factor receptor,9606,,,IC50,uM,UO_0000065,,833.0
,,49988,[],CHEMBL674643,Inhibitory concentration of EGF dependent autophosphorylation of epidermal growth factor receptor kinase,B,,,BAO_0000190,BAO_0000357,single protein format,N#C/C(=C\c1ccc(C=O)cc1)C(=O)O,,,CHEMBL1124610,J Med Chem,1989.0,"{'bei': '21.51', 'le': '0.39', 'lle': '2.84', 'sei': '5.54'}",,CHEMBL76985,,CHEMBL76985,4.33,0,http://www.openphacts.org/units/Nanomolar,137173,=,1,1,=,,IC50,nM,,47000.0,CHEMBL203,Homo sapiens,Epidermal growth factor receptor,9606,,,IC50,uM,UO_0000065,,47.0
,,49992,[],CHEMBL674643,Inhibitory concentration of EGF dependent autophosphorylation of epidermal growth factor receptor kinase,B,,,BAO_0000190,BAO_0000357,single protein format,O=C(O)/C=C/c1ccc(O)c(O)c1,Outside typical range,"Values for this activity type are unusually large/small, so may not be accurate",CHEMBL1124610,J Med Chem,1989.0,,,CHEMBL145,CAFFEIC ACID,CHEMBL145,,0,http://www.openphacts.org/units/Nanomolar,137201,=,1,1,=,,IC50,nM,,1200000.0,CHEMBL203,Homo sapiens,Epidermal growth factor receptor,9606,,,IC50,uM,UO_0000065,,1200.0
,,50668,[],CHEMBL674637,Inhibitory activity towards tyrosine phosphorylation for the epidermal growth factor-receptor kinase,B,,,BAO_0000190,BAO_0000357,single protein format,Cc1cc(C(=O)NCCN2CCOCC2)[nH]c1/C=C1\C(=O)Nc2ncnc(Nc3ccc(F)c(Cl)c3)c21,,,CHEMBL1134862,Bioorg Med Chem Lett,2002.0,"{'bei': '15.57', 'le': '0.30', 'lle': '4.99', 'sei': '6.59'}",,CHEMBL69629,,CHEMBL69629,8.19,0,http://www.openphacts.org/units/Nanomolar,119487,=,1,1,=,,IC50,nM,,6.5,CHEMBL203,Homo sapiens,Epidermal growth factor receptor,9606,,,IC50,uM,UO_0000065,,0.0065
,,50671,[],CHEMBL621151,Inhibition of autophosphorylation of human epidermal growth factor-receptor (EGF-R) expressed in A431 cells,F,,,BAO_0000190,BAO_0000219,cell-based format,Cc1cc(C(=O)NCCN2CCOCC2)[nH]c1/C=C1\C(=O)Nc2ncnc(Nc3ccc(F)c(Cl)c3)c21,,,CHEMBL1134862,Bioorg Med Chem Lett,2002.0,,,CHEMBL69629,,CHEMBL69629,7.40,0,http://www.openphacts.org/units/Nanomolar,119487,=,1,1,=,,IC50,nM,,40.0,CHEMBL203,Homo sapiens,Epidermal growth factor receptor,9606,,,IC50,uM,UO_0000065,,0.04
,,50673,[],CHEMBL615325,Inhibition of ligand-induced proliferation in human EGF-R Kinase expressing 3T3 cells,F,,,BAO_0000190,BAO_0000219,cell-based format,Cc1cc(C(=O)NCCN2CCOCC2)[nH]c1/C=C1\C(=O)Nc2ncnc(Nc3ccc(F)c(Cl)c3)c21,,,CHEMBL1134862,Bioorg Med Chem Lett,2002.0,,,CHEMBL69629,,CHEMBL69629,5.69,0,http://www.openphacts.org/units/Nanomolar,119487,=,1,1,=,,IC50,nM,,2050.0,CHEMBL203,Homo sapiens,Epidermal growth factor receptor,9606,,,IC50,uM,UO_0000065,,2.05
,,51141,[],CHEMBL677833,In vitro inhibition of Epidermal growth factor receptor tyrosine kinase isolated from A431 (human carcinoma).,B,,,BAO_0000190,BAO_0000357,single protein format,CN(c1ccccc1)c1ncnc2ccc(N)cc12,,,CHEMBL1145114,J Med Chem,2003.0,"{'bei': '20.28', 'le': '0.36', 'lle': '2.10', 'sei': '9.22'}",,CHEMBL136492,,CHEMBL136492,5.08,0,http://www.openphacts.org/units/Nanomolar,262246,=,1,1,=,,IC50,nM,,8400.0,CHEMBL203,Homo sapiens,Epidermal growth factor receptor,9606,,,IC50,uM,UO_0000065,,8.4
,,51244,[],CHEMBL674643,Inhibitory concentration of EGF dependent autophosphorylation of epidermal growth factor receptor kinase,B,,,BAO_0000190,BAO_0000357,single protein format,COc1cc(/C(C)=C(\C#N)C(=O)O)ccc1O,Outside typical range,"Values for this activity type are unusually large/small, so may not be accurate",CHEMBL1124610,J Med Chem,1989.0,,,CHEMBL77197,,CHEMBL77197,,0,http://www.openphacts.org/units/Nanomolar,137180,=,1,1,=,,IC50,nM,,1100000.0,CHEMBL203,Homo sapiens,Epidermal growth factor receptor,9606,,,IC50,uM,UO_0000065,,1100.0
,,51249,[],CHEMBL674643,Inhibitory concentration of EGF dependent autophosphorylation of epidermal growth factor receptor kinase,B,,,BAO_0000190,BAO_0000357,single protein format,N#CC(C#N)=Cc1ccc(O)cc1,Outside typical range,"Values for this activity type are unusually large/small, so may not be accurate",CHEMBL1124610,J Med Chem,1989.0,,,CHEMBL305695,,CHEMBL305695,,0,http://www.openphacts.org/units/Nanomolar,137183,=,1,1,=,,IC50,nM,,560000.0,CHEMBL203,Homo sapiens,Epidermal growth factor receptor,9606,,,IC50,uM,UO_0000065,,560.0
,,51818,[],CHEMBL674637,Inhibitory activity towards tyrosine phosphorylation for the epidermal growth factor-receptor kinase,B,,,BAO_0000190,BAO_0000357,single protein format,Cc1cc(C(=O)N2CCOCC2)[nH]c1/C=C1\C(=O)Nc2ncnc(N3CCCCC3)c21,,,CHEMBL1134862,Bioorg Med Chem Lett,2002.0,,,CHEMBL68258,,CHEMBL68258,,0,http://www.openphacts.org/units/Nanomolar,119497,>,1,1,>,,IC50,nM,,20000.0,CHEMBL203,Homo sapiens,Epidermal growth factor receptor,9606,,,IC50,uM,UO_0000065,,20.0
,,52474,[],CHEMBL674643,Inhibitory concentration of EGF dependent autophosphorylation of epidermal growth factor receptor kinase,B,,,BAO_0000190,BAO_0000357,single protein format,N#CC(C#N)Cc1ccc(O)cc1,Outside typical range,"Values for this activity type are unusually large/small, so may not be accurate",CHEMBL1124610,J Med Chem,1989.0,,,CHEMBL76587,,CHEMBL76587,,0,http://www.openphacts.org/units/Nanomolar,137213,=,1,1,=,,IC50,nM,,6500000.0,CHEMBL203,Homo sapiens,Epidermal growth factor receptor,9606,,,IC50,uM,UO_0000065,,6500.0
,,52480,[],CHEMBL674643,Inhibitory concentration of EGF dependent autophosphorylation of epidermal growth factor receptor kinase,B,,,BAO_0000190,BAO_0000357,single protein format,COc1ccc(C=C(C#N)C#N)cc1,Outside typical range,"Values for this activity type are unusually large/small, so may not be accurate",CHEMBL1124610,J Med Chem,1989.0,,,CHEMBL77456,TYRPHOSTIN 1,CHEMBL77456,,0,http://www.openphacts.org/units/Nanomolar,137190,>,1,1,>,,IC50,nM,,1250000.0,CHEMBL203,Homo sapiens,Epidermal growth factor receptor,9606,,,IC50,uM,UO_0000065,,1250.0
,,53212,[],CHEMBL674637,Inhibitory activity towards tyrosine phosphorylation for the epidermal growth factor-receptor kinase,B,,,BAO_0000190,BAO_0000357,single protein format,CCN1CCN(C(=O)c2cc(C)c(/C=C3\C(=O)Nc4ncnc(Nc5ccc(F)c(Cl)c5)c43)[nH]2)CC1,,,CHEMBL1134862,Bioorg Med Chem Lett,2002.0,"{'bei': '15.46', 'le': '0.30', 'lle': '3.97', 'sei': '7.42'}",,CHEMBL66570,,CHEMBL66570,7.89,0,http://www.openphacts.org/units/Nanomolar,119490,=,1,1,=,,IC50,nM,,13.0,CHEMBL203,Homo sapiens,Epidermal growth factor receptor,9606,,,IC50,uM,UO_0000065,,0.013
,,53215,[],CHEMBL621151,Inhibition of autophosphorylation of human epidermal growth factor-receptor (EGF-R) expressed in A431 cells,F,,,BAO_0000190,BAO_0000219,cell-based format,CCN1CCN(C(=O)c2cc(C)c(/C=C3\C(=O)Nc4ncnc(Nc5ccc(F)c(Cl)c5)c43)[nH]2)CC1,,,CHEMBL1134862,Bioorg Med Chem Lett,2002.0,,,CHEMBL66570,,CHEMBL66570,6.70,0,http://www.openphacts.org/units/Nanomolar,119490,=,1,1,=,,IC50,nM,,200.0,CHEMBL203,Homo sapiens,Epidermal growth factor receptor,9606,,,IC50,uM,UO_0000065,,0.2
,,53217,[],CHEMBL615325,Inhibition of ligand-induced proliferation in human EGF-R Kinase expressing 3T3 cells,F,,,BAO_0000190,BAO_0000219,cell-based format,CCN1CCN(C(=O)c2cc(C)c(/C=C3\C(=O)Nc4ncnc(Nc5ccc(F)c(Cl)c5)c43)[nH]2)CC1,,,CHEMBL1134862,Bioorg Med Chem Lett,2002.0,,,CHEMBL66570,,CHEMBL66570,5.12,0,http://www.openphacts.org/units/Nanomolar,119490,=,1,1,=,,IC50,nM,,7500.0,CHEMBL203,Homo sapiens,Epidermal growth factor receptor,9606,,,IC50,uM,UO_0000065,,7.5
,,53758,[],CHEMBL674643,Inhibitory concentration of EGF dependent autophosphorylation of epidermal growth factor receptor kinase,B,,,BAO_0000190,BAO_0000357,single protein format,N#C/C(=C\c1ccc(O)cc1)C(N)=O,Outside typical range,"Values for this activity type are unusually large/small, so may not be accurate",CHEMBL1124610,J Med Chem,1989.0,,,CHEMBL308048,,CHEMBL308048,,0,http://www.openphacts.org/units/Nanomolar,137179,=,1,1,=,,IC50,nM,,800000.0,CHEMBL203,Homo sapiens,Epidermal growth factor receptor,9606,,,IC50,uM,UO_0000065,,800.0
,,53761,[],CHEMBL674643,Inhibitory concentration of EGF dependent autophosphorylation of epidermal growth factor receptor kinase,B,,,BAO_0000190,BAO_0000357,single protein format,N#CC(C#N)=Cc1ccc(C=O)cc1,,,CHEMBL1124610,J Med Chem,1989.0,"{'bei': '23.17', 'le': '0.41', 'lle': '2.29', 'sei': '6.53'}",,CHEMBL311119,,CHEMBL311119,4.22,0,http://www.openphacts.org/units/Nanomolar,137196,=,1,1,=,,IC50,nM,,60000.0,CHEMBL203,Homo sapiens,Epidermal growth factor receptor,9606,,,IC50,uM,UO_0000065,,60.0
,,53763,[],CHEMBL674643,Inhibitory concentration of EGF dependent autophosphorylation of epidermal growth factor receptor kinase,B,,,BAO_0000190,BAO_0000357,single protein format,N#CC(C#N)=Cc1cc(O)cc(O)c1,,,CHEMBL1124610,J Med Chem,1989.0,"{'bei': '23.81', 'le': '0.43', 'lle': '2.90', 'sei': '5.03'}",,CHEMBL76905,,CHEMBL76905,4.43,0,http://www.openphacts.org/units/Nanomolar,137195,=,1,1,=,,IC50,nM,,37000.0,CHEMBL203,Homo sapiens,Epidermal growth factor receptor,9606,,,IC50,uM,UO_0000065,,37.0
,,53765,[],CHEMBL674643,Inhibitory concentration of EGF dependent autophosphorylation of epidermal growth factor receptor kinase,B,,,BAO_0000190,BAO_0000357,single protein format,COc1ccc(/C=C(\C#N)C(=O)O)cc1,Outside typical range,"Values for this activity type are unusually large/small, so may not be accurate",CHEMBL1124610,J Med Chem,1989.0,,,CHEMBL77524,,CHEMBL77524,,0,http://www.openphacts.org/units/Nanomolar,137203,=,1,1,=,,IC50,nM,,833000.0,CHEMBL203,Homo sapiens,Epidermal growth factor receptor,9606,,,IC50,uM,UO_0000065,,833.0
,,54402,[],CHEMBL674637,Inhibitory activity towards tyrosine phosphorylation for the epidermal growth factor-receptor kinase,B,,,BAO_0000190,BAO_0000357,single protein format,Cc1cc(C(=O)O)[nH]c1/C=C1\C(=O)Nc2ncnc(Nc3ccc(F)c(Cl)c3)c21,,,CHEMBL1134862,Bioorg Med Chem Lett,2002.0,"{'bei': '18.22', 'le': '0.35', 'lle': '3.70', 'sei': '6.28'}",,CHEMBL305194,,CHEMBL305194,7.54,0,http://www.openphacts.org/units/Nanomolar,119486,=,1,1,=,,IC50,nM,,29.0,CHEMBL203,Homo sapiens,Epidermal growth factor receptor,9606,,,IC50,uM,UO_0000065,,0.029
,,54405,[],CHEMBL621151,Inhibition of autophosphorylation of human epidermal growth factor-receptor (EGF-R) expressed in A431 cells,F,,,BAO_0000190,BAO_0000219,cell-based format,Cc1cc(C(=O)O)[nH]c1/C=C1\C(=O)Nc2ncnc(Nc3ccc(F)c(Cl)c3)c21,,,CHEMBL1134862,Bioorg Med Chem Lett,2002.0,,,CHEMBL305194,,CHEMBL305194,,0,http://www.openphacts.org/units/Nanomolar,119486,>,1,1,>,,IC50,nM,,5000.0,CHEMBL203,Homo sapiens,Epidermal growth factor receptor,9606,,,IC50,uM,UO_0000065,,5.0
,,54407,[],CHEMBL615325,Inhibition of ligand-induced proliferation in human EGF-R Kinase expressing 3T3 cells,F,,,BAO_0000190,BAO_0000219,cell-based format,Cc1cc(C(=O)O)[nH]c1/C=C1\C(=O)Nc2ncnc(Nc3ccc(F)c(Cl)c3)c21,,,CHEMBL1134862,Bioorg Med Chem Lett,2002.0,,,CHEMBL305194,,CHEMBL305194,,0,http://www.openphacts.org/units/Nanomolar,119486,>,1,1,>,,IC50,nM,,50000.0,CHEMBL203,Homo sapiens,Epidermal growth factor receptor,9606,,,IC50,uM,UO_0000065,,50.0
,,54979,[],CHEMBL674643,Inhibitory concentration of EGF dependent autophosphorylation of epidermal growth factor receptor kinase,B,,,BAO_0000190,BAO_0000357,single protein format,COc1cc(/C=C(\C#N)C(=O)O)ccc1O,Outside typical range,"Values for this activity type are unusually large/small, so may not be accurate",CHEMBL1124610,J Med Chem,1989.0,,,CHEMBL307250,,CHEMBL307250,,0,http://www.openphacts.org/units/Nanomolar,137237,=,1,1,=,,IC50,nM,,325000.0,CHEMBL203,Homo sapiens,Epidermal growth factor receptor,9606,,,IC50,uM,UO_0000065,,325.0
,,54990,[],CHEMBL674643,Inhibitory concentration of EGF dependent autophosphorylation of epidermal growth factor receptor kinase,B,,,BAO_0000190,BAO_0000357,single protein format,COc1cc(C=C(C#N)C#N)cc(O)c1O,,,CHEMBL1124610,J Med Chem,1989.0,"{'bei': '24.15', 'le': '0.45', 'lle': '3.68', 'sei': '5.37'}",,CHEMBL80155,,CHEMBL80155,5.22,0,http://www.openphacts.org/units/Nanomolar,137193,=,1,1,=,,IC50,nM,,6000.0,CHEMBL203,Homo sapiens,Epidermal growth factor receptor,9606,,,IC50,uM,UO_0000065,,6.0
,,56107,[],CHEMBL677833,In vitro inhibition of Epidermal growth factor receptor tyrosine kinase isolated from A431 (human carcinoma).,B,,,BAO_0000190,BAO_0000357,single protein format,Nc1ccc2ncnc(Nc3cccc(Cl)c3)c2c1,,,CHEMBL1145114,J Med Chem,2003.0,"{'bei': '24.75', 'le': '0.48', 'lle': '3.09', 'sei': '10.50'}",,CHEMBL343352,,CHEMBL343352,6.70,0,http://www.openphacts.org/units/Nanomolar,262228,=,1,1,=,,IC50,nM,,200.0,CHEMBL203,Homo sapiens,Epidermal growth factor receptor,9606,,,IC50,uM,UO_0000065,,0.2
,,57335,[],CHEMBL677833,In vitro inhibition of Epidermal growth factor receptor tyrosine kinase isolated from A431 (human carcinoma).,B,,,BAO_0000190,BAO_0000357,single protein format,Nc1ccc2ncnc(Nc3cccc(Br)c3)c2c1,,,CHEMBL1145114,J Med Chem,2003.0,"{'bei': '23.34', 'le': '0.53', 'lle': '3.64', 'sei': '11.53'}",,CHEMBL52765,,CHEMBL52765,7.36,0,http://www.openphacts.org/units/Nanomolar,262226,=,1,1,=,,IC50,nM,,44.0,CHEMBL203,Homo sapiens,Epidermal growth factor receptor,9606,,,IC50,uM,UO_0000065,,0.044
,Not Determined,57442,[],CHEMBL674644,Inhibition of EGF-dependent epidermal growth factor receptor autophosphorylation,B,,,BAO_0000190,BAO_0000357,single protein format,CN(C)c1ccc(/C=C(\C#N)C(=O)O)cc1,,,CHEMBL1124610,J Med Chem,1989.0,,,CHEMBL77436,,CHEMBL77436,,0,http://www.openphacts.org/units/Nanomolar,137239,,1,0,,,IC50,nM,,,CHEMBL203,Homo sapiens,Epidermal growth factor receptor,9606,,,IC50,uM,UO_0000065,,
,,57444,[],CHEMBL674643,Inhibitory concentration of EGF dependent autophosphorylation of epidermal growth factor receptor kinase,B,,,BAO_0000190,BAO_0000357,single protein format,COc1ccc(C(O)=C(C#N)C#N)cc1,Outside typical range,"Values for this activity type are unusually large/small, so may not be accurate",CHEMBL1124610,J Med Chem,1989.0,,,CHEMBL311564,,CHEMBL311564,,0,http://www.openphacts.org/units/Nanomolar,137176,=,1,1,=,,IC50,nM,,450000.0,CHEMBL203,Homo sapiens,Epidermal growth factor receptor,9606,,,IC50,uM,UO_0000065,,450.0
,,57445,[],CHEMBL674643,Inhibitory concentration of EGF dependent autophosphorylation of epidermal growth factor receptor kinase,B,,,BAO_0000190,BAO_0000357,single protein format,N#C/C(=C/c1cc(O)ccc1O)C(=O)O,,,CHEMBL1124610,J Med Chem,1989.0,"{'bei': '20.10', 'le': '0.38', 'lle': '3.03', 'sei': '4.06'}",,CHEMBL76642,,CHEMBL76642,4.12,0,http://www.openphacts.org/units/Nanomolar,137227,=,1,1,=,,IC50,nM,,75000.0,CHEMBL203,Homo sapiens,Epidermal growth factor receptor,9606,,,IC50,uM,UO_0000065,,75.0
,,58119,[],CHEMBL674637,Inhibitory activity towards tyrosine phosphorylation for the epidermal growth factor-receptor kinase,B,,,BAO_0000190,BAO_0000357,single protein format,Cc1cc(CCC(=O)O)[nH]c1/C=C1\C(=O)Nc2ncnc(Nc3ccc(F)c(Cl)c3)c21,,,CHEMBL1134862,Bioorg Med Chem Lett,2002.0,"{'bei': '18.85', 'le': '0.37', 'lle': '4.17', 'sei': '6.94'}",,CHEMBL308645,,CHEMBL308645,8.33,0,http://www.openphacts.org/units/Nanomolar,119483,=,1,1,=,,IC50,nM,,4.7,CHEMBL203,Homo sapiens,Epidermal growth factor receptor,9606,,,IC50,uM,UO_0000065,,0.0047
,,58122,[],CHEMBL674637,Inhibitory activity towards tyrosine phosphorylation for the epidermal growth factor-receptor kinase,B,,,BAO_0000190,BAO_0000357,single protein format,Cc1cc(C(=O)N2CCOCC2)[nH]c1/C=C1\C(=O)Nc2ncnc(Nc3ccc4c(cnn4Cc4ccccc4)c3)c21,,,CHEMBL1134862,Bioorg Med Chem Lett,2002.0,"{'bei': '15.60', 'le': '0.28', 'lle': '4.52', 'sei': '6.72'}",,CHEMBL67003,,CHEMBL67003,8.74,0,http://www.openphacts.org/units/Nanomolar,119499,=,1,1,=,,IC50,nM,,1.8,CHEMBL203,Homo sapiens,Epidermal growth factor receptor,9606,,,IC50,uM,UO_0000065,,0.0018
,,58125,[],CHEMBL621151,Inhibition of autophosphorylation of human epidermal growth factor-receptor (EGF-R) expressed in A431 cells,F,,,BAO_0000190,BAO_0000219,cell-based format,Cc1cc(C(=O)N2CCOCC2)[nH]c1/C=C1\C(=O)Nc2ncnc(Nc3ccc4c(cnn4Cc4ccccc4)c3)c21,,,CHEMBL1134862,Bioorg Med Chem Lett,2002.0,,,CHEMBL67003,,CHEMBL67003,7.00,0,http://www.openphacts.org/units/Nanomolar,119499,=,1,1,=,,IC50,nM,,100.0,CHEMBL203,Homo sapiens,Epidermal growth factor receptor,9606,,,IC50,uM,UO_0000065,,0.1
,Not Determined,58127,[],CHEMBL615490,Inhibition of ligand-induced proliferation in human EGF-R Kinase expressing 3T3 cells (Not tested),F,,,BAO_0000190,BAO_0000219,cell-based format,Cc1cc(C(=O)N2CCOCC2)[nH]c1/C=C1\C(=O)Nc2ncnc(Nc3ccc4c(cnn4Cc4ccccc4)c3)c21,,,CHEMBL1134862,Bioorg Med Chem Lett,2002.0,,,CHEMBL67003,,CHEMBL67003,,0,http://www.openphacts.org/units/Nanomolar,119499,,1,0,,,IC50,nM,,,CHEMBL203,Homo sapiens,Epidermal growth factor receptor,9606,,,IC50,uM,UO_0000065,,
,,58604,[],CHEMBL674643,Inhibitory concentration of EGF dependent autophosphorylation of epidermal growth factor receptor kinase,B,,,BAO_0000190,BAO_0000357,single protein format,N#CC(C#N)=Cc1ccc(NC(=O)CCC(=O)O)cc1,Outside typical range,"Values for this activity type are unusually large/small, so may not be accurate",CHEMBL1124610,J Med Chem,1989.0,,,CHEMBL307248,,CHEMBL307248,,0,http://www.openphacts.org/units/Nanomolar,137186,=,1,1,=,,IC50,nM,,640000.0,CHEMBL203,Homo sapiens,Epidermal growth factor receptor,9606,,,IC50,uM,UO_0000065,,640.0
,,60010,[],CHEMBL674643,Inhibitory concentration of EGF dependent autophosphorylation of epidermal growth factor receptor kinase,B,,,BAO_0000190,BAO_0000357,single protein format,N#CC(C#N)=NNc1ccc(O)cc1,Outside typical range,"Values for this activity type are unusually large/small, so may not be accurate",CHEMBL1124610,J Med Chem,1989.0,,,CHEMBL310958,,CHEMBL310958,,0,http://www.openphacts.org/units/Nanomolar,137224,=,1,1,=,,IC50,nM,,225000.0,CHEMBL203,Homo sapiens,Epidermal growth factor receptor,9606,,,IC50,uM,UO_0000065,,225.0
,,60019,[],CHEMBL674643,Inhibitory concentration of EGF dependent autophosphorylation of epidermal growth factor receptor kinase,B,,,BAO_0000190,BAO_0000357,single protein format,N#CC(C#N)=Cc1ccc2c(c1)OCO2,Outside typical range,"Values for this activity type are unusually large/small, so may not be accurate",CHEMBL1124610,J Med Chem,1989.0,,,CHEMBL78005,,CHEMBL78005,,0,http://www.openphacts.org/units/Nanomolar,137207,=,1,1,=,,IC50,nM,,350000.0,CHEMBL203,Homo sapiens,Epidermal growth factor receptor,9606,,,IC50,uM,UO_0000065,,350.0
,,61241,[],CHEMBL677833,In vitro inhibition of Epidermal growth factor receptor tyrosine kinase isolated from A431 (human carcinoma).,B,,,BAO_0000190,BAO_0000357,single protein format,CN(C)/N=N/c1ccc2ncnc(Nc3cccc(Br)c3)c2c1,,,CHEMBL1145114,J Med Chem,2003.0,"{'bei': '21.44', 'le': '0.47', 'lle': '3.26', 'sei': '12.10'}",,CHEMBL134312,,CHEMBL134312,7.96,0,http://www.openphacts.org/units/Nanomolar,262242,=,1,1,=,,IC50,nM,,11.0,CHEMBL203,Homo sapiens,Epidermal growth factor receptor,9606,,,IC50,uM,UO_0000065,,0.011
,,61373,[],CHEMBL674643,Inhibitory concentration of EGF dependent autophosphorylation of epidermal growth factor receptor kinase,B,,,BAO_0000190,BAO_0000357,single protein format,CCCCc1cc(/C=C(\C#N)C(N)=O)cc(CCCC)c1O,,,CHEMBL1124610,J Med Chem,1989.0,"{'bei': '14.18', 'le': '0.26', 'lle': '0.79', 'sei': '4.89'}",,CHEMBL77243,,CHEMBL77243,4.26,0,http://www.openphacts.org/units/Nanomolar,137235,=,1,1,=,,IC50,nM,,55000.0,CHEMBL203,Homo sapiens,Epidermal growth factor receptor,9606,,,IC50,uM,UO_0000065,,55.0
,,61374,[],CHEMBL674643,Inhibitory concentration of EGF dependent autophosphorylation of epidermal growth factor receptor kinase,B,,,BAO_0000190,BAO_0000357,single protein format,COc1cc(/C=C(\C#N)C(N)=C(C#N)C#N)cc(O)c1O,,,CHEMBL1124610,J Med Chem,1989.0,"{'bei': '20.98', 'le': '0.39', 'lle': '4.65', 'sei': '4.03'}",,CHEMBL80745,,CHEMBL80745,5.92,0,http://www.openphacts.org/units/Nanomolar,137228,=,1,1,=,,IC50,nM,,1200.0,CHEMBL203,Homo sapiens,Epidermal growth factor receptor,9606,,,IC50,uM,UO_0000065,,1.2
,,61378,[],CHEMBL674643,Inhibitory concentration of EGF dependent autophosphorylation of epidermal growth factor receptor kinase,B,,,BAO_0000190,BAO_0000357,single protein format,N#CC(C#N)=Cc1ccc(/C=C/C(=O)O)cc1,Outside typical range,"Values for this activity type are unusually large/small, so may not be accurate",CHEMBL1124610,J Med Chem,1989.0,,,CHEMBL77778,,CHEMBL77778,,0,http://www.openphacts.org/units/Nanomolar,137210,=,1,1,=,,IC50,nM,,450000.0,CHEMBL203,Homo sapiens,Epidermal growth factor receptor,9606,,,IC50,uM,UO_0000065,,450.0
,,62047,[],CHEMBL674637,Inhibitory activity towards tyrosine phosphorylation for the epidermal growth factor-receptor kinase,B,,,BAO_0000190,BAO_0000357,single protein format,Cc1cc(C(=O)N2CCN(C)CC2)[nH]c1/C=C1\C(=O)Nc2ncnc(Nc3ccc(F)c(Cl)c3)c21,,,CHEMBL1134862,Bioorg Med Chem Lett,2002.0,"{'bei': '17.25', 'le': '0.33', 'lle': '5.02', 'sei': '8.05'}",,CHEMBL305246,,CHEMBL305246,8.55,0,http://www.openphacts.org/units/Nanomolar,119493,=,1,1,=,,IC50,nM,,2.8,CHEMBL203,Homo sapiens,Epidermal growth factor receptor,9606,,,IC50,uM,UO_0000065,,0.0028
,,62050,[],CHEMBL621151,Inhibition of autophosphorylation of human epidermal growth factor-receptor (EGF-R) expressed in A431 cells,F,,,BAO_0000190,BAO_0000219,cell-based format,Cc1cc(C(=O)N2CCN(C)CC2)[nH]c1/C=C1\C(=O)Nc2ncnc(Nc3ccc(F)c(Cl)c3)c21,,,CHEMBL1134862,Bioorg Med Chem Lett,2002.0,,,CHEMBL305246,,CHEMBL305246,7.00,0,http://www.openphacts.org/units/Nanomolar,119493,=,1,1,=,,IC50,nM,,100.0,CHEMBL203,Homo sapiens,Epidermal growth factor receptor,9606,,,IC50,uM,UO_0000065,,0.1
,,62052,[],CHEMBL615325,Inhibition of ligand-induced proliferation in human EGF-R Kinase expressing 3T3 cells,F,,,BAO_0000190,BAO_0000219,cell-based format,Cc1cc(C(=O)N2CCN(C)CC2)[nH]c1/C=C1\C(=O)Nc2ncnc(Nc3ccc(F)c(Cl)c3)c21,,,CHEMBL1134862,Bioorg Med Chem Lett,2002.0,,,CHEMBL305246,,CHEMBL305246,6.12,0,http://www.openphacts.org/units/Nanomolar,119493,=,1,1,=,,IC50,nM,,750.0,CHEMBL203,Homo sapiens,Epidermal growth factor receptor,9606,,,IC50,uM,UO_0000065,,0.75
,,62054,[],CHEMBL674637,Inhibitory activity towards tyrosine phosphorylation for the epidermal growth factor-receptor kinase,B,,,BAO_0000190,BAO_0000357,single protein format,C#Cc1cccc(Nc2ncnc3c2/C(=C/c2[nH]c(C(=O)NCCN4CCOCC4)cc2C)C(=O)N3)c1,,,CHEMBL1134862,Bioorg Med Chem Lett,2002.0,"{'bei': '15.57', 'le': '0.29', 'lle': '5.35', 'sei': '6.23'}",,CHEMBL69966,,CHEMBL69966,7.75,0,http://www.openphacts.org/units/Nanomolar,119503,=,1,1,=,,IC50,nM,,18.0,CHEMBL203,Homo sapiens,Epidermal growth factor receptor,9606,,,IC50,uM,UO_0000065,,0.018
,,62057,[],CHEMBL621151,Inhibition of autophosphorylation of human epidermal growth factor-receptor (EGF-R) expressed in A431 cells,F,,,BAO_0000190,BAO_0000219,cell-based format,C#Cc1cccc(Nc2ncnc3c2/C(=C/c2[nH]c(C(=O)NCCN4CCOCC4)cc2C)C(=O)N3)c1,,,CHEMBL1134862,Bioorg Med Chem Lett,2002.0,,,CHEMBL69966,,CHEMBL69966,7.40,0,http://www.openphacts.org/units/Nanomolar,119503,=,1,1,=,,IC50,nM,,40.0,CHEMBL203,Homo sapiens,Epidermal growth factor receptor,9606,,,IC50,uM,UO_0000065,,0.04
,,62059,[],CHEMBL615325,Inhibition of ligand-induced proliferation in human EGF-R Kinase expressing 3T3 cells,F,,,BAO_0000190,BAO_0000219,cell-based format,C#Cc1cccc(Nc2ncnc3c2/C(=C/c2[nH]c(C(=O)NCCN4CCOCC4)cc2C)C(=O)N3)c1,,,CHEMBL1134862,Bioorg Med Chem Lett,2002.0,,,CHEMBL69966,,CHEMBL69966,6.21,0,http://www.openphacts.org/units/Nanomolar,119503,=,1,1,=,,IC50,nM,,620.0,CHEMBL203,Homo sapiens,Epidermal growth factor receptor,9606,,,IC50,uM,UO_0000065,,0.62
,,62149,[],CHEMBL679674,Inhibition of Epidermal growth factor receptor,B,,,BAO_0000190,BAO_0000357,single protein format,Nc1ncnc2c1c(-c1ccc(Oc3ccccc3)cc1)cn2C1CCCC1,,,CHEMBL1132739,Bioorg Med Chem Lett,2000.0,"{'bei': '14.83', 'le': '0.27', 'lle': '-0.10', 'sei': '8.33'}",,CHEMBL47940,,CHEMBL47940,5.50,0,http://www.openphacts.org/units/Nanomolar,120768,=,1,1,=,,IC50,nM,,3200.0,CHEMBL203,Homo sapiens,Epidermal growth factor receptor,9606,,,IC50,uM,UO_0000065,,3.2
,,62715,[],CHEMBL674643,Inhibitory concentration of EGF dependent autophosphorylation of epidermal growth factor receptor kinase,B,,,BAO_0000190,BAO_0000357,single protein format,N#CC(C#N)=Cc1cc[n+]([O-])cc1,Outside typical range,"Values for this activity type are unusually large/small, so may not be accurate",CHEMBL1124610,J Med Chem,1989.0,,,CHEMBL57712,,CHEMBL57712,,0,http://www.openphacts.org/units/Nanomolar,137216,=,1,1,=,,IC50,nM,,1300000.0,CHEMBL203,Homo sapiens,Epidermal growth factor receptor,9606,,,IC50,uM,UO_0000065,,1300.0
,,62720,[],CHEMBL674643,Inhibitory concentration of EGF dependent autophosphorylation of epidermal growth factor receptor kinase,B,,,BAO_0000190,BAO_0000357,single protein format,COc1cc(C=C(C#N)C#N)ccc1O,Outside typical range,"Values for this activity type are unusually large/small, so may not be accurate",CHEMBL1124610,J Med Chem,1989.0,,,CHEMBL77869,,CHEMBL77869,,0,http://www.openphacts.org/units/Nanomolar,137205,=,1,1,=,,IC50,nM,,200000.0,CHEMBL203,Homo sapiens,Epidermal growth factor receptor,9606,,,IC50,uM,UO_0000065,,200.0
,,63367,[],CHEMBL674637,Inhibitory activity towards tyrosine phosphorylation for the epidermal growth factor-receptor kinase,B,,,BAO_0000190,BAO_0000357,single protein format,CCN(CC)CCNC(=O)c1cc(C)c(/C=C2\C(=O)Nc3ncnc(Nc4ccc(F)c(Cl)c4)c32)[nH]1,,,CHEMBL1134862,Bioorg Med Chem Lett,2002.0,"{'bei': '17.42', 'le': '0.34', 'lle': '4.71', 'sei': '7.75'}",,CHEMBL69358,,CHEMBL69358,8.92,0,http://www.openphacts.org/units/Nanomolar,119489,=,1,1,=,,IC50,nM,,1.2,CHEMBL203,Homo sapiens,Epidermal growth factor receptor,9606,,,IC50,uM,UO_0000065,,0.0012
,,63370,[],CHEMBL621151,Inhibition of autophosphorylation of human epidermal growth factor-receptor (EGF-R) expressed in A431 cells,F,,,BAO_0000190,BAO_0000219,cell-based format,CCN(CC)CCNC(=O)c1cc(C)c(/C=C2\C(=O)Nc3ncnc(Nc4ccc(F)c(Cl)c4)c32)[nH]1,,,CHEMBL1134862,Bioorg Med Chem Lett,2002.0,,,CHEMBL69358,,CHEMBL69358,6.70,0,http://www.openphacts.org/units/Nanomolar,119489,=,1,1,=,,IC50,nM,,200.0,CHEMBL203,Homo sapiens,Epidermal growth factor receptor,9606,,,IC50,uM,UO_0000065,,0.2
,,63372,[],CHEMBL615325,Inhibition of ligand-induced proliferation in human EGF-R Kinase expressing 3T3 cells,F,,,BAO_0000190,BAO_0000219,cell-based format,CCN(CC)CCNC(=O)c1cc(C)c(/C=C2\C(=O)Nc3ncnc(Nc4ccc(F)c(Cl)c4)c32)[nH]1,,,CHEMBL1134862,Bioorg Med Chem Lett,2002.0,,,CHEMBL69358,,CHEMBL69358,5.89,0,http://www.openphacts.org/units/Nanomolar,119489,=,1,1,=,,IC50,nM,,1290.0,CHEMBL203,Homo sapiens,Epidermal growth factor receptor,9606,,,IC50,uM,UO_0000065,,1.29
,,63847,[],CHEMBL677833,In vitro inhibition of Epidermal growth factor receptor tyrosine kinase isolated from A431 (human carcinoma).,B,,,BAO_0000190,BAO_0000357,single protein format,C/N=N/Nc1ccc2ncnc(Nc3cccc(C)c3)c2c1,,,CHEMBL1145114,J Med Chem,2003.0,"{'bei': '22.91', 'le': '0.42', 'lle': '2.61', 'sei': '8.98'}",,CHEMBL137189,,CHEMBL137189,6.70,0,http://www.openphacts.org/units/Nanomolar,262230,=,1,1,=,,IC50,nM,,200.0,CHEMBL203,Homo sapiens,Epidermal growth factor receptor,9606,,,IC50,uM,UO_0000065,,0.2
,,63852,[],CHEMBL677833,In vitro inhibition of Epidermal growth factor receptor tyrosine kinase isolated from A431 (human carcinoma).,B,,,BAO_0000190,BAO_0000357,single protein format,C/N=N/Nc1ccc2ncnc(Nc3cccc(Br)c3)c2c1,,,CHEMBL1145114,J Med Chem,2003.0,"{'bei': '20.74', 'le': '0.46', 'lle': '2.87', 'sei': '9.94'}",,CHEMBL137617,,CHEMBL137617,7.41,0,http://www.openphacts.org/units/Nanomolar,262231,=,1,1,=,,IC50,nM,,39.0,CHEMBL203,Homo sapiens,Epidermal growth factor receptor,9606,,,IC50,uM,UO_0000065,,0.039
,,63857,[],CHEMBL677833,In vitro inhibition of Epidermal growth factor receptor tyrosine kinase isolated from A431 (human carcinoma).,B,,,BAO_0000190,BAO_0000357,single protein format,CN(C)/N=N/c1ccc2ncnc(NCc3ccccc3)c2c1,,,CHEMBL1145114,J Med Chem,2003.0,"{'bei': '20.62', 'le': '0.38', 'lle': '2.52', 'sei': '9.60'}",,CHEMBL137027,,CHEMBL137027,6.32,0,http://www.openphacts.org/units/Nanomolar,262232,=,1,1,=,,IC50,nM,,482.0,CHEMBL203,Homo sapiens,Epidermal growth factor receptor,9606,,,IC50,uM,UO_0000065,,0.482
,,64040,[],CHEMBL674643,Inhibitory concentration of EGF dependent autophosphorylation of epidermal growth factor receptor kinase,B,,,BAO_0000190,BAO_0000357,single protein format,N#CC(C#N)=C(N)/C(C#N)=C/c1cc(O)c(O)c(O)c1,,,CHEMBL1124610,J Med Chem,1989.0,"{'bei': '22.73', 'le': '0.42', 'lle': '5.13', 'sei': '3.86'}",,CHEMBL78257,TYRPHOSTIN 51,CHEMBL78257,6.10,0,http://www.openphacts.org/units/Nanomolar,137229,=,1,1,=,,IC50,nM,,800.0,CHEMBL203,Homo sapiens,Epidermal growth factor receptor,9606,,,IC50,uM,UO_0000065,,0.8
,,64049,[],CHEMBL674643,Inhibitory concentration of EGF dependent autophosphorylation of epidermal growth factor receptor kinase,B,,,BAO_0000190,BAO_0000357,single protein format,N#CC(C#N)=Cc1cc2c(cc1[N+](=O)[O-])OCO2,Outside typical range,"Values for this activity type are unusually large/small, so may not be accurate",CHEMBL1124610,J Med Chem,1989.0,,,CHEMBL76082,,CHEMBL76082,,0,http://www.openphacts.org/units/Nanomolar,137184,=,1,1,=,,IC50,nM,,560000.0,CHEMBL203,Homo sapiens,Epidermal growth factor receptor,9606,,,IC50,uM,UO_0000065,,560.0
,,64050,[],CHEMBL674643,Inhibitory concentration of EGF dependent autophosphorylation of epidermal growth factor receptor kinase,B,,,BAO_0000190,BAO_0000357,single protein format,N#C/C(=C\c1ccccc1)C(=O)O,Outside typical range,"Values for this activity type are unusually large/small, so may not be accurate",CHEMBL1124610,J Med Chem,1989.0,,,CHEMBL77595,,CHEMBL77595,,0,http://www.openphacts.org/units/Nanomolar,137204,=,1,1,=,,IC50,nM,,850000.0,CHEMBL203,Homo sapiens,Epidermal growth factor receptor,9606,,,IC50,uM,UO_0000065,,850.0
,,65265,[],CHEMBL674643,Inhibitory concentration of EGF dependent autophosphorylation of epidermal growth factor receptor kinase,B,,,BAO_0000190,BAO_0000357,single protein format,N#CC(C#N)=C(N)/C(C#N)=C/c1ccc(O)c(O)c1,,,CHEMBL1124610,J Med Chem,1989.0,"{'bei': '22.21', 'le': '0.40', 'lle': '4.34', 'sei': '4.06'}",,CHEMBL309334,,CHEMBL309334,5.60,0,http://www.openphacts.org/units/Nanomolar,137230,=,1,1,=,,IC50,nM,,2500.0,CHEMBL203,Homo sapiens,Epidermal growth factor receptor,9606,,,IC50,uM,UO_0000065,,2.5
,,65267,[],CHEMBL674643,Inhibitory concentration of EGF dependent autophosphorylation of epidermal growth factor receptor kinase,B,,,BAO_0000190,BAO_0000357,single protein format,N#CC(C#N)=Cc1ccc[nH]1,Outside typical range,"Values for this activity type are unusually large/small, so may not be accurate",CHEMBL1124610,J Med Chem,1989.0,,,CHEMBL310514,,CHEMBL310514,,0,http://www.openphacts.org/units/Nanomolar,137218,=,1,1,=,,IC50,nM,,260000.0,CHEMBL203,Homo sapiens,Epidermal growth factor receptor,9606,,,IC50,uM,UO_0000065,,260.0
,,66030,[],CHEMBL674637,Inhibitory activity towards tyrosine phosphorylation for the epidermal growth factor-receptor kinase,B,,,BAO_0000190,BAO_0000357,single protein format,Cc1c(C(=O)N2CCN(C)CC2)c[nH]c1/C=C1\C(=O)Nc2ncnc(Nc3ccc(F)c(Cl)c3)c21,,,CHEMBL1134862,Bioorg Med Chem Lett,2002.0,"{'bei': '12.88', 'le': '0.25', 'lle': '2.86', 'sei': '6.01'}",,CHEMBL304971,,CHEMBL304971,6.39,0,http://www.openphacts.org/units/Nanomolar,119491,=,1,1,=,,IC50,nM,,410.0,CHEMBL203,Homo sapiens,Epidermal growth factor receptor,9606,,,IC50,uM,UO_0000065,,0.41
,,66033,[],CHEMBL674637,Inhibitory activity towards tyrosine phosphorylation for the epidermal growth factor-receptor kinase,B,,,BAO_0000190,BAO_0000357,single protein format,Cc1cc(C(=O)N2CC(C)NC(C)C2)[nH]c1/C=C1\C(=O)Nc2ncnc(Nc3ccc(F)c(Cl)c3)c21,,,CHEMBL1134862,Bioorg Med Chem Lett,2002.0,"{'bei': '16.14', 'le': '0.31', 'lle': '4.27', 'sei': '7.15'}",,CHEMBL69071,,CHEMBL69071,8.23,0,http://www.openphacts.org/units/Nanomolar,119488,=,1,1,=,,IC50,nM,,5.9,CHEMBL203,Homo sapiens,Epidermal growth factor receptor,9606,,,IC50,uM,UO_0000065,,0.0059
,,66037,[],CHEMBL615325,Inhibition of ligand-induced proliferation in human EGF-R Kinase expressing 3T3 cells,F,,,BAO_0000190,BAO_0000219,cell-based format,Cc1cc(C(=O)N2CC(C)NC(C)C2)[nH]c1/C=C1\C(=O)Nc2ncnc(Nc3ccc(F)c(Cl)c3)c21,,,CHEMBL1134862,Bioorg Med Chem Lett,2002.0,,,CHEMBL69071,,CHEMBL69071,5.59,0,http://www.openphacts.org/units/Nanomolar,119488,=,1,1,=,,IC50,nM,,2580.0,CHEMBL203,Homo sapiens,Epidermal growth factor receptor,9606,,,IC50,uM,UO_0000065,,2.58
,,66490,[],CHEMBL677833,In vitro inhibition of Epidermal growth factor receptor tyrosine kinase isolated from A431 (human carcinoma).,B,,,BAO_0000190,BAO_0000357,single protein format,CN(C)CC/N=N/Nc1ccc2ncnc(Nc3cccc(Br)c3)c2c1,,,CHEMBL1145114,J Med Chem,2003.0,"{'bei': '17.91', 'le': '0.39', 'lle': '2.94', 'sei': '9.54'}",,CHEMBL137534,,CHEMBL137534,7.42,0,http://www.openphacts.org/units/Nanomolar,262237,=,1,1,=,,IC50,nM,,38.0,CHEMBL203,Homo sapiens,Epidermal growth factor receptor,9606,,,IC50,uM,UO_0000065,,0.038
,,66495,[],CHEMBL677833,In vitro inhibition of Epidermal growth factor receptor tyrosine kinase isolated from A431 (human carcinoma).,B,,,BAO_0000190,BAO_0000357,single protein format,C/N=N/Nc1ccc2ncnc(NCc3ccccc3)c2c1,,,CHEMBL1145114,J Med Chem,2003.0,"{'bei': '22.15', 'le': '0.40', 'lle': '2.82', 'sei': '8.68'}",,CHEMBL137788,,CHEMBL137788,6.47,0,http://www.openphacts.org/units/Nanomolar,262233,=,1,1,=,,IC50,nM,,335.0,CHEMBL203,Homo sapiens,Epidermal growth factor receptor,9606,,,IC50,uM,UO_0000065,,0.335
,,67211,[],CHEMBL674637,Inhibitory activity towards tyrosine phosphorylation for the epidermal growth factor-receptor kinase,B,,,BAO_0000190,BAO_0000357,single protein format,Cc1cc(C)c(/C=C2\C(=O)N(C)c3ncnc(Nc4ccc(F)c(Cl)c4)c32)[nH]1,,,CHEMBL1134862,Bioorg Med Chem Lett,2002.0,,,CHEMBL69709,,CHEMBL69709,,0,http://www.openphacts.org/units/Nanomolar,119496,>,1,1,>,,IC50,nM,,20000.0,CHEMBL203,Homo sapiens,Epidermal growth factor receptor,9606,,,IC50,uM,UO_0000065,,20.0
,,67606,[],CHEMBL677833,In vitro inhibition of Epidermal growth factor receptor tyrosine kinase isolated from A431 (human carcinoma).,B,,,BAO_0000190,BAO_0000357,single protein format,Brc1cccc(Nc2ncnc3ccc(N/N=N/Cc4ccccc4)cc23)c1,,,CHEMBL1145114,J Med Chem,2003.0,"{'bei': '17.54', 'le': '0.37', 'lle': '1.48', 'sei': '10.20'}",,CHEMBL424093,,CHEMBL424093,7.60,0,http://www.openphacts.org/units/Nanomolar,262240,=,1,1,=,,IC50,nM,,25.0,CHEMBL203,Homo sapiens,Epidermal growth factor receptor,9606,,,IC50,uM,UO_0000065,,0.025
,,67808,[],CHEMBL674643,Inhibitory concentration of EGF dependent autophosphorylation of epidermal growth factor receptor kinase,B,,,BAO_0000190,BAO_0000357,single protein format,N#C/C(=C\c1ccc(O)c(O)c1)C(N)=S,,,CHEMBL1124610,J Med Chem,1989.0,"{'bei': '25.52', 'le': '0.51', 'lle': '4.33', 'sei': '6.23'}",,CHEMBL77030,TYRPHOSTIN 47,CHEMBL77030,5.62,0,http://www.openphacts.org/units/Nanomolar,137233,=,1,1,=,,IC50,nM,,2400.0,CHEMBL203,Homo sapiens,Epidermal growth factor receptor,9606,,,IC50,uM,UO_0000065,,2.4
,,67822,[],CHEMBL674643,Inhibitory concentration of EGF dependent autophosphorylation of epidermal growth factor receptor kinase,B,,,BAO_0000190,BAO_0000357,single protein format,CC(C)(C)c1cc(C=C(C#N)C#N)cc(C(C)(C)C)c1O,Outside typical range,"Values for this activity type are unusually large/small, so may not be accurate",CHEMBL1124610,J Med Chem,1989.0,,,CHEMBL78150,TYRPHOSTIN A9,CHEMBL78150,,0,http://www.openphacts.org/units/Nanomolar,137212,=,1,1,=,,IC50,nM,,460000.0,CHEMBL203,Homo sapiens,Epidermal growth factor receptor,9606,,,IC50,uM,UO_0000065,,460.0
,,68467,[],CHEMBL674637,Inhibitory activity towards tyrosine phosphorylation for the epidermal growth factor-receptor kinase,B,,,BAO_0000190,BAO_0000357,single protein format,O=C1Nc2ncnc(Nc3ccc(F)c(Cl)c3)c2/C1=C/c1ccc[nH]1,,,CHEMBL1134862,Bioorg Med Chem Lett,2002.0,,,CHEMBL69106,,CHEMBL69106,,0,http://www.openphacts.org/units/Nanomolar,119481,>,1,1,>,,IC50,nM,,20000.0,CHEMBL203,Homo sapiens,Epidermal growth factor receptor,9606,,,IC50,uM,UO_0000065,,20.0
,,68470,[],CHEMBL674637,Inhibitory activity towards tyrosine phosphorylation for the epidermal growth factor-receptor kinase,B,,,BAO_0000190,BAO_0000357,single protein format,Cc1cc(C(=O)NCCN2CCOCC2)[nH]c1/C=C1\C(=O)Nc2ncnc(Nc3ccc4c(ccn4Cc4ccccc4)c3)c21,,,CHEMBL1134862,Bioorg Med Chem Lett,2002.0,"{'bei': '14.86', 'le': '0.27', 'lle': '4.55', 'sei': '6.93'}",,CHEMBL264382,,CHEMBL264382,8.96,0,http://www.openphacts.org/units/Nanomolar,119498,=,1,1,=,,IC50,nM,,1.1,CHEMBL203,Homo sapiens,Epidermal growth factor receptor,9606,,,IC50,uM,UO_0000065,,0.0011
,,68473,[],CHEMBL621151,Inhibition of autophosphorylation of human epidermal growth factor-receptor (EGF-R) expressed in A431 cells,F,,,BAO_0000190,BAO_0000219,cell-based format,Cc1cc(C(=O)NCCN2CCOCC2)[nH]c1/C=C1\C(=O)Nc2ncnc(Nc3ccc4c(ccn4Cc4ccccc4)c3)c21,,,CHEMBL1134862,Bioorg Med Chem Lett,2002.0,,,CHEMBL264382,,CHEMBL264382,6.70,0,http://www.openphacts.org/units/Nanomolar,119498,=,1,1,=,,IC50,nM,,200.0,CHEMBL203,Homo sapiens,Epidermal growth factor receptor,9606,,,IC50,uM,UO_0000065,,0.2
,,68475,[],CHEMBL615325,Inhibition of ligand-induced proliferation in human EGF-R Kinase expressing 3T3 cells,F,,,BAO_0000190,BAO_0000219,cell-based format,Cc1cc(C(=O)NCCN2CCOCC2)[nH]c1/C=C1\C(=O)Nc2ncnc(Nc3ccc4c(ccn4Cc4ccccc4)c3)c21,,,CHEMBL1134862,Bioorg Med Chem Lett,2002.0,,,CHEMBL264382,,CHEMBL264382,5.71,0,http://www.openphacts.org/units/Nanomolar,119498,=,1,1,=,,IC50,nM,,1950.0,CHEMBL203,Homo sapiens,Epidermal growth factor receptor,9606,,,IC50,uM,UO_0000065,,1.95
,,69112,[],CHEMBL674643,Inhibitory concentration of EGF dependent autophosphorylation of epidermal growth factor receptor kinase,B,,,BAO_0000190,BAO_0000357,single protein format,O=C(O)C(=Cc1ccc(O)cc1)C(=O)O,Outside typical range,"Values for this activity type are unusually large/small, so may not be accurate",CHEMBL1124610,J Med Chem,1989.0,,,CHEMBL308133,,CHEMBL308133,,0,http://www.openphacts.org/units/Nanomolar,137214,=,1,1,=,,IC50,nM,,1500000.0,CHEMBL203,Homo sapiens,Epidermal growth factor receptor,9606,,,IC50,uM,UO_0000065,,1500.0
,,69116,[],CHEMBL674643,Inhibitory concentration of EGF dependent autophosphorylation of epidermal growth factor receptor kinase,B,,,BAO_0000190,BAO_0000357,single protein format,COc1cc(C=C(C#N)C#N)cc([N+](=O)[O-])c1O,Outside typical range,"Values for this activity type are unusually large/small, so may not be accurate",CHEMBL1124610,J Med Chem,1989.0,,,CHEMBL307179,,CHEMBL307179,,0,http://www.openphacts.org/units/Nanomolar,137200,=,1,1,=,,IC50,nM,,160000.0,CHEMBL203,Homo sapiens,Epidermal growth factor receptor,9606,,,IC50,uM,UO_0000065,,160.0
,,69854,[],CHEMBL674637,Inhibitory activity towards tyrosine phosphorylation for the epidermal growth factor-receptor kinase,B,,,BAO_0000190,BAO_0000357,single protein format,Cc1[nH]c(/C=C2\C(=O)Nc3ncnc(Nc4ccc(F)c(Cl)c4)c32)c(C)c1CCC(=O)O,,,CHEMBL1134862,Bioorg Med Chem Lett,2002.0,"{'bei': '14.79', 'le': '0.29', 'lle': '2.27', 'sei': '5.62'}",,CHEMBL305782,,CHEMBL305782,6.75,0,http://www.openphacts.org/units/Nanomolar,119485,=,1,1,=,,IC50,nM,,180.0,CHEMBL203,Homo sapiens,Epidermal growth factor receptor,9606,,,IC50,uM,UO_0000065,,0.18
,,69857,[],CHEMBL674637,Inhibitory activity towards tyrosine phosphorylation for the epidermal growth factor-receptor kinase,B,,,BAO_0000190,BAO_0000357,single protein format,CCN(CC)CCNC(=O)c1cc(C)c(/C=C2\C(=O)Nc3ncnc(Nc4ccc(Cl)cc4F)c32)[nH]1,,,CHEMBL1134862,Bioorg Med Chem Lett,2002.0,"{'bei': '12.40', 'le': '0.24', 'lle': '2.14', 'sei': '5.52'}",,CHEMBL308672,,CHEMBL308672,6.35,0,http://www.openphacts.org/units/Nanomolar,119502,=,1,1,=,,IC50,nM,,450.0,CHEMBL203,Homo sapiens,Epidermal growth factor receptor,9606,,,IC50,uM,UO_0000065,,0.45
,,69860,[],CHEMBL621151,Inhibition of autophosphorylation of human epidermal growth factor-receptor (EGF-R) expressed in A431 cells,F,,,BAO_0000190,BAO_0000219,cell-based format,CCN(CC)CCNC(=O)c1cc(C)c(/C=C2\C(=O)Nc3ncnc(Nc4ccc(Cl)cc4F)c32)[nH]1,,,CHEMBL1134862,Bioorg Med Chem Lett,2002.0,,,CHEMBL308672,,CHEMBL308672,6.30,0,http://www.openphacts.org/units/Nanomolar,119502,=,1,1,=,,IC50,nM,,500.0,CHEMBL203,Homo sapiens,Epidermal growth factor receptor,9606,,,IC50,uM,UO_0000065,,0.5
,Not Determined,69862,[],CHEMBL615490,Inhibition of ligand-induced proliferation in human EGF-R Kinase expressing 3T3 cells (Not tested),F,,,BAO_0000190,BAO_0000219,cell-based format,CCN(CC)CCNC(=O)c1cc(C)c(/C=C2\C(=O)Nc3ncnc(Nc4ccc(Cl)cc4F)c32)[nH]1,,,CHEMBL1134862,Bioorg Med Chem Lett,2002.0,,,CHEMBL308672,,CHEMBL308672,,0,http://www.openphacts.org/units/Nanomolar,119502,,1,0,,,IC50,nM,,,CHEMBL203,Homo sapiens,Epidermal growth factor receptor,9606,,,IC50,uM,UO_0000065,,
,,70342,[],CHEMBL677833,In vitro inhibition of Epidermal growth factor receptor tyrosine kinase isolated from A431 (human carcinoma).,B,,,BAO_0000190,BAO_0000357,single protein format,Cc1cccc(Nc2ncnc3ccc(/N=N/N(C)C)cc23)c1,,,CHEMBL1145114,J Med Chem,2003.0,"{'bei': '24.87', 'le': '0.45', 'lle': '3.38', 'sei': '11.59'}",,CHEMBL133023,,CHEMBL133023,7.62,0,http://www.openphacts.org/units/Nanomolar,262244,=,1,1,=,,IC50,nM,,24.0,CHEMBL203,Homo sapiens,Epidermal growth factor receptor,9606,,,IC50,uM,UO_0000065,,0.024
,,70559,[],CHEMBL674643,Inhibitory concentration of EGF dependent autophosphorylation of epidermal growth factor receptor kinase,B,,,BAO_0000190,BAO_0000357,single protein format,N#CC(C#N)=Cc1cccc(O)c1,Outside typical range,"Values for this activity type are unusually large/small, so may not be accurate",CHEMBL1124610,J Med Chem,1989.0,,,CHEMBL310400,,CHEMBL310400,,0,http://www.openphacts.org/units/Nanomolar,137208,=,1,1,=,,IC50,nM,,375000.0,CHEMBL203,Homo sapiens,Epidermal growth factor receptor,9606,,,IC50,uM,UO_0000065,,375.0
,,71575,[],CHEMBL677833,In vitro inhibition of Epidermal growth factor receptor tyrosine kinase isolated from A431 (human carcinoma).,B,,,BAO_0000190,BAO_0000357,single protein format,COCC/N=N/Nc1ccc2ncnc(Nc3cccc(Br)c3)c2c1,,,CHEMBL1145114,J Med Chem,2003.0,"{'bei': '17.82', 'le': '0.39', 'lle': '2.59', 'sei': '8.53'}",,CHEMBL136674,,CHEMBL136674,7.15,0,http://www.openphacts.org/units/Nanomolar,262241,=,1,1,=,,IC50,nM,,71.0,CHEMBL203,Homo sapiens,Epidermal growth factor receptor,9606,,,IC50,uM,UO_0000065,,0.071
,,71725,[],CHEMBL674643,Inhibitory concentration of EGF dependent autophosphorylation of epidermal growth factor receptor kinase,B,,,BAO_0000190,BAO_0000357,single protein format,N#C/C(=C\c1ccc(O)c(O)c1)C(=O)O,,,CHEMBL1124610,J Med Chem,1989.0,"{'bei': '22.43', 'le': '0.42', 'lle': '3.51', 'sei': '4.53'}",,CHEMBL73820,,CHEMBL73820,4.60,0,http://www.openphacts.org/units/Nanomolar,137182,=,1,1,=,,IC50,nM,,25000.0,CHEMBL203,Homo sapiens,Epidermal growth factor receptor,9606,,,IC50,uM,UO_0000065,,25.0
,,71727,[],CHEMBL674643,Inhibitory concentration of EGF dependent autophosphorylation of epidermal growth factor receptor kinase,B,,,BAO_0000190,BAO_0000357,single protein format,N#CC(C#N)=C(O)c1ccc(O)cc1,Outside typical range,"Values for this activity type are unusually large/small, so may not be accurate",CHEMBL1124610,J Med Chem,1989.0,,,CHEMBL79064,,CHEMBL79064,,0,http://www.openphacts.org/units/Nanomolar,137175,=,1,1,=,,IC50,nM,,230000.0,CHEMBL203,Homo sapiens,Epidermal growth factor receptor,9606,,,IC50,uM,UO_0000065,,230.0
,,71728,[],CHEMBL674643,Inhibitory concentration of EGF dependent autophosphorylation of epidermal growth factor receptor kinase,B,,,BAO_0000190,BAO_0000357,single protein format,N#CC(C#N)=C(N)/C(C#N)=C/c1cc(O)c(O)c(Br)c1,,,CHEMBL1124610,J Med Chem,1989.0,"{'bei': '19.03', 'le': '0.43', 'lle': '4.27', 'sei': '4.57'}",,CHEMBL77803,,CHEMBL77803,6.30,0,http://www.openphacts.org/units/Nanomolar,137220,=,1,1,=,,IC50,nM,,500.0,CHEMBL203,Homo sapiens,Epidermal growth factor receptor,9606,,,IC50,uM,UO_0000065,,0.5
,,71729,[],CHEMBL674643,Inhibitory concentration of EGF dependent autophosphorylation of epidermal growth factor receptor kinase,B,,,BAO_0000190,BAO_0000357,single protein format,N#C/C=C/c1ccc(O)cc1,Outside typical range,"Values for this activity type are unusually large/small, so may not be accurate",CHEMBL1124610,J Med Chem,1989.0,,,CHEMBL75718,,CHEMBL75718,,0,http://www.openphacts.org/units/Nanomolar,137191,=,1,1,=,,IC50,nM,,2400000.0,CHEMBL203,Homo sapiens,Epidermal growth factor receptor,9606,,,IC50,uM,UO_0000065,,2400.0
,,71733,[],CHEMBL674643,Inhibitory concentration of EGF dependent autophosphorylation of epidermal growth factor receptor kinase,B,,,BAO_0000190,BAO_0000357,single protein format,COc1cc(C=C(C#N)C#N)cc(Br)c1O,Outside typical range,"Values for this activity type are unusually large/small, so may not be accurate",CHEMBL1124610,J Med Chem,1989.0,,,CHEMBL77298,,CHEMBL77298,,0,http://www.openphacts.org/units/Nanomolar,137199,=,1,1,=,,IC50,nM,,153000.0,CHEMBL203,Homo sapiens,Epidermal growth factor receptor,9606,,,IC50,uM,UO_0000065,,153.0
,,78012,[],CHEMBL679949,Evaluated for inhibitory activity towards tyrosine kinase Epidermal growth factor receptor,B,,,BAO_0000190,BAO_0000357,single protein format,COc1cccc(-c2ccc3c(c2)NC(=O)/C3=C\c2[nH]c3c(c2CCC(=O)O)CCCC3)c1,,,CHEMBL1133768,J Med Chem,2000.0,"{'bei': '11.42', 'le': '0.21', 'lle': '-0.03', 'sei': '5.53'}",,CHEMBL432941,,CHEMBL432941,5.05,0,http://www.openphacts.org/units/Nanomolar,163350,=,1,1,=,,IC50,nM,,8880.0,CHEMBL203,Homo sapiens,Epidermal growth factor receptor,9606,,,IC50,uM,UO_0000065,,8.88
,,79181,[],CHEMBL679949,Evaluated for inhibitory activity towards tyrosine kinase Epidermal growth factor receptor,B,,,BAO_0000190,BAO_0000357,single protein format,COc1ccc2c(c1)NC(=O)/C2=C\c1[nH]c2c(c1CCC(=O)O)CCCC2,,,CHEMBL1133768,J Med Chem,2000.0,,,CHEMBL420609,,CHEMBL420609,,0,http://www.openphacts.org/units/Nanomolar,163340,>,1,1,>,,IC50,nM,,100000.0,CHEMBL203,Homo sapiens,Epidermal growth factor receptor,9606,,,IC50,uM,UO_0000065,,100.0
,,80323,[],CHEMBL679949,Evaluated for inhibitory activity towards tyrosine kinase Epidermal growth factor receptor,B,,,BAO_0000190,BAO_0000357,single protein format,COc1cccc(-c2ccc3c(c2)NC(=O)/C3=C\c2cc3c([nH]2)CCCC3)c1,,,CHEMBL1133768,J Med Chem,2000.0,,,CHEMBL419682,,CHEMBL419682,,0,http://www.openphacts.org/units/Nanomolar,163354,>,1,1,>,,IC50,nM,,100000.0,CHEMBL203,Homo sapiens,Epidermal growth factor receptor,9606,,,IC50,uM,UO_0000065,,100.0
,,81208,[],CHEMBL674698,Inhibition of Epidermal growth factor receptor,B,,,BAO_0000190,BAO_0000357,single protein format,COc1cc(Nc2c(C#N)cnc3cc(-c4ccc(CN5CCOCC5)cc4)ccc23)c(Cl)cc1Cl,,,CHEMBL1134917,Bioorg Med Chem Lett,2002.0,"{'bei': '10.63', 'le': '0.21', 'lle': '-1.14', 'sei': '7.84'}",,CHEMBL322395,,CHEMBL322395,5.52,0,http://www.openphacts.org/units/Nanomolar,189216,=,1,1,=,,IC50,nM,,3000.0,CHEMBL203,Homo sapiens,Epidermal growth factor receptor,9606,,,IC50,nM,UO_0000065,,3000.0
,,83552,[],CHEMBL679949,Evaluated for inhibitory activity towards tyrosine kinase Epidermal growth factor receptor,B,,,BAO_0000190,BAO_0000357,single protein format,COc1ccccc1-c1ccc2c(c1)NC(=O)/C2=C\c1cc2c([nH]1)CCCC2,,,CHEMBL1133768,J Med Chem,2000.0,,,CHEMBL88462,,CHEMBL88462,,0,http://www.openphacts.org/units/Nanomolar,163347,>,1,1,>,,IC50,nM,,100000.0,CHEMBL203,Homo sapiens,Epidermal growth factor receptor,9606,,,IC50,uM,UO_0000065,,100.0
,,84549,[],CHEMBL679949,Evaluated for inhibitory activity towards tyrosine kinase Epidermal growth factor receptor,B,,,BAO_0000190,BAO_0000357,single protein format,O=C(O)CCc1c(/C=C2\C(=O)Nc3ccc(C(=O)O)cc32)[nH]c2c1CCCC2,,,CHEMBL1133768,J Med Chem,2000.0,"{'bei': '11.17', 'le': '0.21', 'lle': '1.15', 'sei': '3.56'}",,CHEMBL431996,,CHEMBL431996,4.25,0,http://www.openphacts.org/units/Nanomolar,163341,=,1,1,=,,IC50,nM,,56500.0,CHEMBL203,Homo sapiens,Epidermal growth factor receptor,9606,,,IC50,uM,UO_0000065,,56.5
,,85635,[],CHEMBL679949,Evaluated for inhibitory activity towards tyrosine kinase Epidermal growth factor receptor,B,,,BAO_0000190,BAO_0000357,single protein format,COc1ccc2c(c1)NC(=O)/C2=C\c1cc2c([nH]1)CCCC2,,,CHEMBL1133768,J Med Chem,2000.0,,,CHEMBL91250,,CHEMBL91250,,0,http://www.openphacts.org/units/Nanomolar,163353,>,1,1,>,,IC50,nM,,100000.0,CHEMBL203,Homo sapiens,Epidermal growth factor receptor,9606,,,IC50,uM,UO_0000065,,100.0
,,85644,[],CHEMBL679949,Evaluated for inhibitory activity towards tyrosine kinase Epidermal growth factor receptor,B,,,BAO_0000190,BAO_0000357,single protein format,O=C(O)CCc1c(/C=C2\C(=O)Nc3cc(-c4ccccc4)ccc32)[nH]c2c1CCCC2,,,CHEMBL1133768,J Med Chem,2000.0,,,CHEMBL88771,,CHEMBL88771,,0,http://www.openphacts.org/units/Nanomolar,163339,>,1,1,>,,IC50,nM,,100000.0,CHEMBL203,Homo sapiens,Epidermal growth factor receptor,9606,,,IC50,uM,UO_0000065,,100.0
,,87623,[],CHEMBL679949,Evaluated for inhibitory activity towards tyrosine kinase Epidermal growth factor receptor,B,,,BAO_0000190,BAO_0000357,single protein format,COc1ccc(-c2ccc3c(c2)NC(=O)/C3=C\c2[nH]c3c(c2CCC(=O)O)CCCC3)cc1,,,CHEMBL1133768,J Med Chem,2000.0,,,CHEMBL91815,,CHEMBL91815,,0,http://www.openphacts.org/units/Nanomolar,163348,>,1,1,>,,IC50,nM,,100000.0,CHEMBL203,Homo sapiens,Epidermal growth factor receptor,9606,,,IC50,uM,UO_0000065,,100.0
,,88634,[],CHEMBL679949,Evaluated for inhibitory activity towards tyrosine kinase Epidermal growth factor receptor,B,,,BAO_0000190,BAO_0000357,single protein format,O=C1Nc2ccccc2/C1=C/c1cc2c([nH]1)CCCC2,,,CHEMBL1133768,J Med Chem,2000.0,,,CHEMBL328029,,CHEMBL328029,,0,http://www.openphacts.org/units/Nanomolar,163357,>,1,1,>,,IC50,nM,,100000.0,CHEMBL203,Homo sapiens,Epidermal growth factor receptor,9606,,,IC50,uM,UO_0000065,,100.0
,,88643,[],CHEMBL679949,Evaluated for inhibitory activity towards tyrosine kinase Epidermal growth factor receptor,B,,,BAO_0000190,BAO_0000357,single protein format,O=C(O)CCc1c(/C=C2\C(=O)Nc3ccc(Br)cc32)[nH]c2c1CCCC2,,,CHEMBL1133768,J Med Chem,2000.0,,,CHEMBL314995,,CHEMBL314995,,0,http://www.openphacts.org/units/Nanomolar,163343,>,1,1,>,,IC50,nM,,100000.0,CHEMBL203,Homo sapiens,Epidermal growth factor receptor,9606,,,IC50,uM,UO_0000065,,100.0
,,91573,[],CHEMBL679949,Evaluated for inhibitory activity towards tyrosine kinase Epidermal growth factor receptor,B,,,BAO_0000190,BAO_0000357,single protein format,NS(=O)(=O)c1ccc2c(c1)/C(=C/c1cc3c([nH]1)CCCC3)C(=O)N2,,,CHEMBL1133768,J Med Chem,2000.0,,,CHEMBL88483,,CHEMBL88483,,0,http://www.openphacts.org/units/Nanomolar,163351,>,1,1,>,,IC50,nM,,100000.0,CHEMBL203,Homo sapiens,Epidermal growth factor receptor,9606,,,IC50,uM,UO_0000065,,100.0
,,91582,[],CHEMBL679949,Evaluated for inhibitory activity towards tyrosine kinase Epidermal growth factor receptor,B,,,BAO_0000190,BAO_0000357,single protein format,O=C1Nc2cc(-c3ccccc3)ccc2/C1=C/c1cc2c([nH]1)CCCC2,,,CHEMBL1133768,J Med Chem,2000.0,,,CHEMBL313746,,CHEMBL313746,,0,http://www.openphacts.org/units/Nanomolar,163355,>,1,1,>,,IC50,nM,,100000.0,CHEMBL203,Homo sapiens,Epidermal growth factor receptor,9606,,,IC50,uM,UO_0000065,,100.0
,,91591,[],CHEMBL679949,Evaluated for inhibitory activity towards tyrosine kinase Epidermal growth factor receptor,B,,,BAO_0000190,BAO_0000357,single protein format,Cc1c[nH]c(/C=C2\C(=O)Nc3ccccc32)c1CCC(=O)O,,,CHEMBL1133768,J Med Chem,2000.0,,,CHEMBL89363,,CHEMBL89363,,1,http://www.openphacts.org/units/Nanomolar,163345,>,1,1,>,,IC50,nM,,100000.0,CHEMBL203,Homo sapiens,Epidermal growth factor receptor,9606,,,IC50,uM,UO_0000065,,100.0
,,92603,[],CHEMBL679949,Evaluated for inhibitory activity towards tyrosine kinase Epidermal growth factor receptor,B,,,BAO_0000190,BAO_0000357,single protein format,Cc1cc(C)c(/C=C2\C(=O)Nc3ccccc32)[nH]1,,,CHEMBL1133768,J Med Chem,2000.0,,,CHEMBL276711,SEMAXANIB,CHEMBL276711,,1,http://www.openphacts.org/units/Nanomolar,163338,>,1,1,>,,IC50,nM,,100000.0,CHEMBL203,Homo sapiens,Epidermal growth factor receptor,9606,,,IC50,uM,UO_0000065,,100.0
,,96622,[],CHEMBL679949,Evaluated for inhibitory activity towards tyrosine kinase Epidermal growth factor receptor,B,,,BAO_0000190,BAO_0000357,single protein format,COc1ccc(-c2ccc3c(c2)NC(=O)/C3=C\c2cc3c([nH]2)CCCC3)cc1,,,CHEMBL1133768,J Med Chem,2000.0,,,CHEMBL313500,,CHEMBL313500,,0,http://www.openphacts.org/units/Nanomolar,163346,>,1,1,>,,IC50,nM,,100000.0,CHEMBL203,Homo sapiens,Epidermal growth factor receptor,9606,,,IC50,uM,UO_0000065,,100.0
,,98658,[],CHEMBL679949,Evaluated for inhibitory activity towards tyrosine kinase Epidermal growth factor receptor,B,,,BAO_0000190,BAO_0000357,single protein format,O=C1Nc2ccc(C(=O)O)cc2/C1=C/c1cc2c([nH]1)CCCC2,,,CHEMBL1133768,J Med Chem,2000.0,,,CHEMBL89010,,CHEMBL89010,,0,http://www.openphacts.org/units/Nanomolar,163352,>,1,1,>,,IC50,nM,,100000.0,CHEMBL203,Homo sapiens,Epidermal growth factor receptor,9606,,,IC50,uM,UO_0000065,,100.0
,,98667,[],CHEMBL679949,Evaluated for inhibitory activity towards tyrosine kinase Epidermal growth factor receptor,B,,,BAO_0000190,BAO_0000357,single protein format,NS(=O)(=O)c1ccc2c(c1)/C(=C/c1[nH]c3c(c1CCC(=O)O)CCCC3)C(=O)N2,,,CHEMBL1133768,J Med Chem,2000.0,"{'bei': '10.92', 'le': '0.21', 'lle': '2.49', 'sei': '3.19'}",,CHEMBL86531,,CHEMBL86531,4.54,0,http://www.openphacts.org/units/Nanomolar,163342,=,1,1,=,,IC50,nM,,29100.0,CHEMBL203,Homo sapiens,Epidermal growth factor receptor,9606,,,IC50,uM,UO_0000065,,29.1
,,99530,[],CHEMBL679949,Evaluated for inhibitory activity towards tyrosine kinase Epidermal growth factor receptor,B,,,BAO_0000190,BAO_0000357,single protein format,O=C(O)CCc1c(/C=C2\C(=O)Nc3ccccc32)[nH]c2c1CCCC2,,,CHEMBL1133768,J Med Chem,2000.0,,,CHEMBL315753,,CHEMBL315753,,0,http://www.openphacts.org/units/Nanomolar,163344,>,1,1,>,,IC50,nM,,100000.0,CHEMBL203,Homo sapiens,Epidermal growth factor receptor,9606,,,IC50,uM,UO_0000065,,100.0
,,104507,[],CHEMBL679949,Evaluated for inhibitory activity towards tyrosine kinase Epidermal growth factor receptor,B,,,BAO_0000190,BAO_0000357,single protein format,O=C1Nc2ccc(Br)cc2/C1=C/c1cc2c([nH]1)CCCC2,,,CHEMBL1133768,J Med Chem,2000.0,,,CHEMBL88606,,CHEMBL88606,,0,http://www.openphacts.org/units/Nanomolar,163356,>,1,1,>,,IC50,nM,,100000.0,CHEMBL203,Homo sapiens,Epidermal growth factor receptor,9606,,,IC50,uM,UO_0000065,,100.0
,,104516,[],CHEMBL679949,Evaluated for inhibitory activity towards tyrosine kinase Epidermal growth factor receptor,B,,,BAO_0000190,BAO_0000357,single protein format,COc1ccccc1-c1ccc2c(c1)NC(=O)/C2=C\c1[nH]c2c(c1CCC(=O)O)CCCC2,,,CHEMBL1133768,J Med Chem,2000.0,,,CHEMBL313821,,CHEMBL313821,,0,http://www.openphacts.org/units/Nanomolar,163349,>,1,1,>,,IC50,nM,,100000.0,CHEMBL203,Homo sapiens,Epidermal growth factor receptor,9606,,,IC50,uM,UO_0000065,,100.0
,,105574,[],CHEMBL679549,Inhibitory activity against recombinant tyrosine kinase EGF-R (EGF-R ICD),B,,,BAO_0000190,BAO_0000357,single protein format,O=C1NC(=O)c2cc(NC3CCCCC3)c(NC3CCCCC3)cc21,,,CHEMBL1127678,J Med Chem,1994.0,,,CHEMBL266969,,CHEMBL266969,,0,http://www.openphacts.org/units/Nanomolar,2999,>,1,1,>,,IC50,nM,,50000.0,CHEMBL203,Homo sapiens,Epidermal growth factor receptor,9606,,,IC50,uM,UO_0000065,,50.0
,,105738,[],CHEMBL673925,Inhibition of phosphorylation of a polyglutamic acid/tyrosine random copolymer by EGFR enzyme (from human A431 carcinoma cell vesicles),B,,,BAO_0000190,BAO_0000357,single protein format,C=CC(=O)N(CCN(C)C)c1cc2c(Nc3cccc(Br)c3)ncnc2cn1,,,CHEMBL1134843,J Med Chem,2001.0,"{'bei': '18.98', 'le': '0.41', 'lle': '4.77', 'sei': '11.28'}",,CHEMBL138691,,CHEMBL138691,8.38,0,http://www.openphacts.org/units/Nanomolar,265485,=,1,1,=,,IC50,nM,,4.2,CHEMBL203,Homo sapiens,Epidermal growth factor receptor,9606,,,IC50 app,nM,UO_0000065,,4.2
,,105739,[],CHEMBL677216,Inhibition of autophosphorylation of EGFR in A431 cells,B,,,BAO_0000190,BAO_0000219,cell-based format,C=CC(=O)N(CCN(C)C)c1cc2c(Nc3cccc(Br)c3)ncnc2cn1,,,CHEMBL1134843,J Med Chem,2001.0,"{'bei': '12.78', 'le': '0.28', 'lle': '2.03', 'sei': '7.60'}",,CHEMBL138691,,CHEMBL138691,5.64,0,http://www.openphacts.org/units/Nanomolar,265485,=,1,1,=,,IC50,nM,,2282.0,CHEMBL203,Homo sapiens,Epidermal growth factor receptor,9606,,,IC50,nM,UO_0000065,,2282.0
,Not Determined,106110,[],CHEMBL680020,Inhibition of epidermal growth factor receptor (EGFr) tyrosine kinase activity,B,,,BAO_0000190,BAO_0000357,single protein format,CN1CCN(c2ccc(Nc3ncc4cc(-c5c(Cl)cccc5Cl)c(=O)n(C)c4n3)cc2)CC1,,,CHEMBL1131066,J Med Chem,1998.0,,,CHEMBL51283,,CHEMBL51283,,0,http://www.openphacts.org/units/Nanomolar,210147,,1,0,,,IC50,nM,,,CHEMBL203,Homo sapiens,Epidermal growth factor receptor,9606,,,IC50,uM,UO_0000065,,
,,106119,[],CHEMBL679947,"Inhibition of phosphorylation of phospholipase C gamma1 by Epidermal growth factor receptor, from human A431 carcinoma cell vesicles",F,,,BAO_0000190,BAO_0000019,assay format,Cc1cccc(Nc2ncnc3cnc(N(C)C)nc23)c1,,,CHEMBL1130057,J Med Chem,1997.0,,,CHEMBL52829,,CHEMBL52829,8.40,0,http://www.openphacts.org/units/Nanomolar,89148,=,1,1,=,,IC50,nM,,4.0,CHEMBL203,Homo sapiens,Epidermal growth factor receptor,9606,,,IC50,nM,UO_0000065,,4.0
,,106120,[],CHEMBL679947,"Inhibition of phosphorylation of phospholipase C gamma1 by Epidermal growth factor receptor, from human A431 carcinoma cell vesicles",F,,,BAO_0000190,BAO_0000019,assay format,Cc1cccc(Nc2ncnc3cnc(Cl)nc23)c1,,,CHEMBL1130057,J Med Chem,1997.0,,,CHEMBL52823,,CHEMBL52823,6.42,0,http://www.openphacts.org/units/Nanomolar,89162,=,1,1,=,,IC50,nM,,380.0,CHEMBL203,Homo sapiens,Epidermal growth factor receptor,9606,,,IC50,nM,UO_0000065,,380.0
,,106688,[],CHEMBL679549,Inhibitory activity against recombinant tyrosine kinase EGF-R (EGF-R ICD),B,,,BAO_0000190,BAO_0000357,single protein format,O=C1c2cc(Nc3ccccc3)c(Nc3ccccc3)cc2C(=O)N1c1ccccc1,,,CHEMBL1127678,J Med Chem,1994.0,,,CHEMBL8000,,CHEMBL8000,,0,http://www.openphacts.org/units/Nanomolar,3001,>,1,1,>,,IC50,nM,,100000.0,CHEMBL203,Homo sapiens,Epidermal growth factor receptor,9606,,,IC50,uM,UO_0000065,,100.0
,,106691,[],CHEMBL621149,Inhibition of EGF-dependent autophosphorylation of EGF-R in human A431 cells,F,,,BAO_0000190,BAO_0000219,cell-based format,O=C1c2cc(Nc3ccccc3)c(Nc3ccccc3)cc2C(=O)N1c1ccccc1,,,CHEMBL1127678,J Med Chem,1994.0,,,CHEMBL8000,,CHEMBL8000,,0,http://www.openphacts.org/units/Nanomolar,3001,>,1,1,>,,IC50,nM,,50000.0,CHEMBL203,Homo sapiens,Epidermal growth factor receptor,9606,,,IC50,uM,UO_0000065,,50.0
,,106877,[],CHEMBL673925,Inhibition of phosphorylation of a polyglutamic acid/tyrosine random copolymer by EGFR enzyme (from human A431 carcinoma cell vesicles),B,,,BAO_0000190,BAO_0000357,single protein format,C=CC(=O)N(CCCN1CCOCC1)c1ccc2ncnc(Nc3cccc(Br)c3)c2c1,,,CHEMBL1134843,J Med Chem,2001.0,"{'bei': '17.09', 'le': '0.36', 'lle': '4.10', 'sei': '12.02'}",,CHEMBL139307,,CHEMBL139307,8.48,0,http://www.openphacts.org/units/Nanomolar,265483,=,1,1,=,,IC50,nM,,3.3,CHEMBL203,Homo sapiens,Epidermal growth factor receptor,9606,,,IC50 app,nM,UO_0000065,,3.3
,,106878,[],CHEMBL677216,Inhibition of autophosphorylation of EGFR in A431 cells,B,,,BAO_0000190,BAO_0000219,cell-based format,C=CC(=O)N(CCCN1CCOCC1)c1ccc2ncnc(Nc3cccc(Br)c3)c2c1,,,CHEMBL1134843,J Med Chem,2001.0,"{'bei': '13.52', 'le': '0.29', 'lle': '2.33', 'sei': '9.51'}",,CHEMBL139307,,CHEMBL139307,6.71,0,http://www.openphacts.org/units/Nanomolar,265483,=,1,1,=,,IC50,nM,,194.0,CHEMBL203,Homo sapiens,Epidermal growth factor receptor,9606,,,IC50,nM,UO_0000065,,194.0
,Not Determined,107294,[],CHEMBL680020,Inhibition of epidermal growth factor receptor (EGFr) tyrosine kinase activity,B,,,BAO_0000190,BAO_0000357,single protein format,CC(=O)Nc1ncc2cc(-c3c(Cl)cccc3Cl)c(=O)n(C)c2n1,,,CHEMBL1131066,J Med Chem,1998.0,,,CHEMBL111913,,CHEMBL111913,,0,http://www.openphacts.org/units/Nanomolar,210156,,1,0,,,IC50,nM,,,CHEMBL203,Homo sapiens,Epidermal growth factor receptor,9606,,,IC50,uM,UO_0000065,,
,,107298,[],CHEMBL680019,Inhibitory concentration was evaluated against epidermal growth factor receptor (EGFr) tyrosine kinase,B,,,BAO_0000190,BAO_0000357,single protein format,CCn1c(=O)c(-c2c(Cl)cccc2Cl)cc2cnc(Nc3ccccc3)nc21,,,CHEMBL1131066,J Med Chem,1998.0,"{'bei': '16.29', 'le': '0.33', 'lle': '1.17', 'sei': '11.20'}",,CHEMBL322298,,CHEMBL322298,6.70,0,http://www.openphacts.org/units/Nanomolar,210171,=,1,1,=,,IC50,nM,,200.0,CHEMBL203,Homo sapiens,Epidermal growth factor receptor,9606,,,IC50,uM,UO_0000065,,0.2
,,107302,[],CHEMBL680019,Inhibitory concentration was evaluated against epidermal growth factor receptor (EGFr) tyrosine kinase,B,,,BAO_0000190,BAO_0000357,single protein format,Cn1c(=O)c(-c2c(Cl)cccc2Cl)cc2cnc(Nc3cccc(Br)c3)nc21,,,CHEMBL1131066,J Med Chem,1998.0,"{'bei': '12.97', 'le': '0.30', 'lle': '0.36', 'sei': '10.32'}",,CHEMBL111434,,CHEMBL111434,6.17,0,http://www.openphacts.org/units/Nanomolar,210193,=,1,1,=,,IC50,nM,,670.0,CHEMBL203,Homo sapiens,Epidermal growth factor receptor,9606,,,IC50,uM,UO_0000065,,0.67
,,107306,[],CHEMBL680019,Inhibitory concentration was evaluated against epidermal growth factor receptor (EGFr) tyrosine kinase,B,,,BAO_0000190,BAO_0000357,single protein format,COc1cccc(Nc2ncc3cc(-c4c(Cl)cccc4Cl)c(=O)n(C)c3n2)c1,,,CHEMBL1131066,J Med Chem,1998.0,"{'bei': '17.61', 'le': '0.35', 'lle': '2.47', 'sei': '10.90'}",,CHEMBL111197,,CHEMBL111197,7.52,0,http://www.openphacts.org/units/Nanomolar,210190,=,1,1,=,,IC50,nM,,30.0,CHEMBL203,Homo sapiens,Epidermal growth factor receptor,9606,,,IC50,uM,UO_0000065,,0.03
,,107803,[],CHEMBL677391,Inhibition of tyrosine phosphorylation activity of the epidermal growth factor receptor (EGFR) tyrosine kinase from human A-431 carcinoma cell-shed membrane vesicles,B,,,BAO_0000190,BAO_0000019,assay format,Cn1c(SSc2c(C(=O)Nc3ccccc3)c3cccc(Cl)c3n2C)c(C(=O)Nc2ccccc2)c2cccc(Cl)c21,,,CHEMBL1127560,J Med Chem,1994.0,,,CHEMBL291667,,CHEMBL291667,,0,http://www.openphacts.org/units/Nanomolar,109033,>,1,1,>,,IC50,nM,,100000.0,CHEMBL203,Homo sapiens,Epidermal growth factor receptor,9606,,,IC50,uM,UO_0000065,,100.0
,,107904,[],CHEMBL679549,Inhibitory activity against recombinant tyrosine kinase EGF-R (EGF-R ICD),B,,,BAO_0000190,BAO_0000357,single protein format,COC(=O)c1cc(Nc2ccc(F)cc2)c(Nc2ccc(F)cc2)cc1C(=O)OC,,,CHEMBL1127678,J Med Chem,1994.0,,,CHEMBL8091,,CHEMBL8091,,0,http://www.openphacts.org/units/Nanomolar,3008,>,1,1,>,,IC50,nM,,100000.0,CHEMBL203,Homo sapiens,Epidermal growth factor receptor,9606,,,IC50,uM,UO_0000065,,100.0
,,107990,[],CHEMBL673925,Inhibition of phosphorylation of a polyglutamic acid/tyrosine random copolymer by EGFR enzyme (from human A431 carcinoma cell vesicles),B,,,BAO_0000190,BAO_0000357,single protein format,O=C(/C=C/C(=O)Nc1cc2c(Nc3cccc(Br)c3)ncnc2cn1)NCCCN1CCOCC1,,,CHEMBL1134843,J Med Chem,2001.0,"{'bei': '16.82', 'le': '0.35', 'lle': '6.23', 'sei': '7.49'}",,CHEMBL136058,,CHEMBL136058,9.09,0,http://www.openphacts.org/units/Nanomolar,265478,=,1,1,=,,IC50,nM,,0.81,CHEMBL203,Homo sapiens,Epidermal growth factor receptor,9606,,,IC50 app,nM,UO_0000065,,0.81
,,107991,[],CHEMBL677216,Inhibition of autophosphorylation of EGFR in A431 cells,B,,,BAO_0000190,BAO_0000219,cell-based format,O=C(/C=C/C(=O)Nc1cc2c(Nc3cccc(Br)c3)ncnc2cn1)NCCCN1CCOCC1,,,CHEMBL1134843,J Med Chem,2001.0,"{'bei': '14.91', 'le': '0.31', 'lle': '5.20', 'sei': '6.64'}",,CHEMBL136058,,CHEMBL136058,8.06,0,http://www.openphacts.org/units/Nanomolar,265478,=,1,1,=,,IC50,nM,,8.8,CHEMBL203,Homo sapiens,Epidermal growth factor receptor,9606,,,IC50,nM,UO_0000065,,8.8
,,107993,[],CHEMBL677213,Inhibition of EGF-stimulated autophosphorylation of EGFR in A431 cells,B,,,BAO_0000190,BAO_0000219,cell-based format,O=C(/C=C/C(=O)Nc1cc2c(Nc3cccc(Br)c3)ncnc2cn1)NCCCN1CCOCC1,,,CHEMBL1134843,J Med Chem,2001.0,"{'bei': '14.91', 'le': '0.31', 'lle': '5.20', 'sei': '6.64'}",,CHEMBL136058,,CHEMBL136058,8.06,0,http://www.openphacts.org/units/Nanomolar,265478,=,1,1,=,,IC50,nM,,8.8,CHEMBL203,Homo sapiens,Epidermal growth factor receptor,9606,,,IC50,nM,UO_0000065,,8.8
,,108287,[],CHEMBL680019,Inhibitory concentration was evaluated against epidermal growth factor receptor (EGFr) tyrosine kinase,B,,,BAO_0000190,BAO_0000357,single protein format,Cn1c(=O)c(-c2c(Cl)cccc2Cl)cc2cnc(NC3CCCCC3)nc21,,,CHEMBL1131066,J Med Chem,1998.0,,,CHEMBL113128,,CHEMBL113128,,0,http://www.openphacts.org/units/Nanomolar,210167,>,1,1,>,,IC50,nM,,50000.0,CHEMBL203,Homo sapiens,Epidermal growth factor receptor,9606,,,IC50,uM,UO_0000065,,50.0
,Not Determined,108291,[],CHEMBL680020,Inhibition of epidermal growth factor receptor (EGFr) tyrosine kinase activity,B,,,BAO_0000190,BAO_0000357,single protein format,CCOC(=O)c1cccc(Nc2ncc3cc(-c4c(Cl)cccc4Cl)c(=O)n(C)c3n2)c1,,,CHEMBL1131066,J Med Chem,1998.0,,,CHEMBL109547,,CHEMBL109547,,0,http://www.openphacts.org/units/Nanomolar,210183,,1,0,,,IC50,nM,,,CHEMBL203,Homo sapiens,Epidermal growth factor receptor,9606,,,IC50,uM,UO_0000065,,
,,108323,[],CHEMBL679947,"Inhibition of phosphorylation of phospholipase C gamma1 by Epidermal growth factor receptor, from human A431 carcinoma cell vesicles",F,,,BAO_0000190,BAO_0000019,assay format,COc1ncc2ncnc(Nc3cccc(Br)c3)c2n1,,,CHEMBL1130057,J Med Chem,1997.0,,,CHEMBL51854,,CHEMBL51854,8.42,0,http://www.openphacts.org/units/Nanomolar,89168,=,1,1,=,,IC50,nM,,3.8,CHEMBL203,Homo sapiens,Epidermal growth factor receptor,9606,,,IC50,nM,UO_0000065,,3.8
,,108863,[],CHEMBL683041,Inhibition of Epidermal Growth Factor Receptor (EGFR) autophosphorylation,B,,,BAO_0000190,BAO_0000357,single protein format,COc1cc2ncnc(Nc3ccc(F)c(Cl)c3)c2cc1OCCCN1CCOCC1,,,CHEMBL1135208,Bioorg Med Chem Lett,2002.0,"{'bei': '14.07', 'le': '0.28', 'lle': '2.01', 'sei': '9.15'}",,CHEMBL939,GEFITINIB,CHEMBL939,6.29,0,http://www.openphacts.org/units/Nanomolar,182223,=,1,1,=,,IC50,nM,,515.0,CHEMBL203,Homo sapiens,Epidermal growth factor receptor,9606,,,IC50,uM,UO_0000065,,0.515
,,108868,[],CHEMBL683041,Inhibition of Epidermal Growth Factor Receptor (EGFR) autophosphorylation,B,,,BAO_0000190,BAO_0000357,single protein format,C#Cc1cccc(Nc2c(C#N)cnc3cc(OCCOC)c(OCCOC)cc23)c1,,,CHEMBL1135208,Bioorg Med Chem Lett,2002.0,"{'bei': '14.54', 'le': '0.27', 'lle': '2.19', 'sei': '7.09'}",,CHEMBL95320,,CHEMBL95320,6.07,0,http://www.openphacts.org/units/Nanomolar,182226,=,1,1,=,,IC50,nM,,850.0,CHEMBL203,Homo sapiens,Epidermal growth factor receptor,9606,,,IC50,uM,UO_0000065,,0.85
,,109085,[],CHEMBL679549,Inhibitory activity against recombinant tyrosine kinase EGF-R (EGF-R ICD),B,,,BAO_0000190,BAO_0000357,single protein format,O=C1NC(=O)c2cc(Sc3ccccc3)c(Sc3ccccc3)cc21,,,CHEMBL1127678,J Med Chem,1994.0,,,CHEMBL8271,,CHEMBL8271,,0,http://www.openphacts.org/units/Nanomolar,3006,>,1,1,>,,IC50,nM,,100000.0,CHEMBL203,Homo sapiens,Epidermal growth factor receptor,9606,,,IC50,uM,UO_0000065,,100.0
,Not Determined,109639,[],CHEMBL680020,Inhibition of epidermal growth factor receptor (EGFr) tyrosine kinase activity,B,,,BAO_0000190,BAO_0000357,single protein format,Cn1c(=O)c(-c2c(Cl)cccc2Cl)cc2cnc(Nc3ccc(OCCN4CCCCC4)cc3)nc21,,,CHEMBL1131066,J Med Chem,1998.0,,,CHEMBL323775,,CHEMBL323775,,0,http://www.openphacts.org/units/Nanomolar,210197,,1,0,,,IC50,nM,,,CHEMBL203,Homo sapiens,Epidermal growth factor receptor,9606,,,IC50,uM,UO_0000065,,
,,109692,[],CHEMBL679947,"Inhibition of phosphorylation of phospholipase C gamma1 by Epidermal growth factor receptor, from human A431 carcinoma cell vesicles",F,,,BAO_0000190,BAO_0000019,assay format,Cc1cccc(Nc2ncnc3cnc(N)nc23)c1,,,CHEMBL1130057,J Med Chem,1997.0,,,CHEMBL298931,,CHEMBL298931,7.77,0,http://www.openphacts.org/units/Nanomolar,89150,=,1,1,=,,IC50,nM,,17.0,CHEMBL203,Homo sapiens,Epidermal growth factor receptor,9606,,,IC50,nM,UO_0000065,,17.0
,,110218,[],CHEMBL677391,Inhibition of tyrosine phosphorylation activity of the epidermal growth factor receptor (EGFR) tyrosine kinase from human A-431 carcinoma cell-shed membrane vesicles,B,,,BAO_0000190,BAO_0000019,assay format,COc1cccc2c(C(=O)Nc3ccccc3)c(SSc3c(C(=O)Nc4ccccc4)c4cccc(OC)c4n3C)n(C)c12,,,CHEMBL1127560,J Med Chem,1994.0,"{'bei': '8.33', 'le': '0.16', 'lle': '-2.80', 'sei': '6.00'}",,CHEMBL292323,,CHEMBL292323,5.19,0,http://www.openphacts.org/units/Nanomolar,109049,=,1,1,=,,IC50,nM,,6500.0,CHEMBL203,Homo sapiens,Epidermal growth factor receptor,9606,,,IC50,uM,UO_0000065,,6.5
,,110240,[],CHEMBL676146,Inhibition of EGF-dependent DNA synthesis in ER 22 cells incubated with [3H]TdR,F,,,BAO_0000190,BAO_0000219,cell-based format,COC(=O)c1cccc(NCc2cc(O)ccc2O)c1,,,CHEMBL1127084,J Med Chem,1993.0,,,CHEMBL334334,,CHEMBL334334,5.05,0,http://www.openphacts.org/units/Nanomolar,252404,=,1,1,=,,IC50,nM,,9000.0,CHEMBL203,Homo sapiens,Epidermal growth factor receptor,9606,,,IC50,uM,UO_0000065,,9.0
,,110242,[],CHEMBL676146,Inhibition of EGF-dependent DNA synthesis in ER 22 cells incubated with [3H]TdR,F,,,BAO_0000190,BAO_0000219,cell-based format,O=C(O)c1cc(/N=C/c2cc(O)ccc2O)ccc1O,,,CHEMBL1127084,J Med Chem,1993.0,,,CHEMBL316764,,CHEMBL316764,,0,http://www.openphacts.org/units/Nanomolar,252402,>,1,1,>,,IC50,nM,,100000.0,CHEMBL203,Homo sapiens,Epidermal growth factor receptor,9606,,,IC50,uM,UO_0000065,,100.0
,,110479,[],CHEMBL673925,Inhibition of phosphorylation of a polyglutamic acid/tyrosine random copolymer by EGFR enzyme (from human A431 carcinoma cell vesicles),B,,,BAO_0000190,BAO_0000357,single protein format,C=CC(=O)Nc1cc2c(Nc3ccc(F)c(Cl)c3)ncnc2cc1OCCCN1CCOCC1.Cl.Cl,,,CHEMBL1134843,J Med Chem,2001.0,"{'bei': '18.16', 'le': '0.35', 'lle': '4.43', 'sei': '9.96'}",,CHEMBL545315,CANERTINIB DIHYDROCHLORIDE,CHEMBL31965,8.82,0,http://www.openphacts.org/units/Nanomolar,265491,=,1,1,=,,IC50,nM,,1.5,CHEMBL203,Homo sapiens,Epidermal growth factor receptor,9606,,,IC50 app,nM,UO_0000065,,1.5
,,110480,[],CHEMBL677216,Inhibition of autophosphorylation of EGFR in A431 cells,B,,,BAO_0000190,BAO_0000219,cell-based format,C=CC(=O)Nc1cc2c(Nc3ccc(F)c(Cl)c3)ncnc2cc1OCCCN1CCOCC1.Cl.Cl,,,CHEMBL1134843,J Med Chem,2001.0,"{'bei': '16.73', 'le': '0.33', 'lle': '3.74', 'sei': '9.18'}",,CHEMBL545315,CANERTINIB DIHYDROCHLORIDE,CHEMBL31965,8.13,0,http://www.openphacts.org/units/Nanomolar,265491,=,1,1,=,,IC50,nM,,7.4,CHEMBL203,Homo sapiens,Epidermal growth factor receptor,9606,,,IC50,nM,UO_0000065,,7.4
,,110482,[],CHEMBL677213,Inhibition of EGF-stimulated autophosphorylation of EGFR in A431 cells,B,,,BAO_0000190,BAO_0000219,cell-based format,C=CC(=O)Nc1cc2c(Nc3ccc(F)c(Cl)c3)ncnc2cc1OCCCN1CCOCC1.Cl.Cl,,,CHEMBL1134843,J Med Chem,2001.0,"{'bei': '16.73', 'le': '0.33', 'lle': '3.74', 'sei': '9.18'}",,CHEMBL545315,CANERTINIB DIHYDROCHLORIDE,CHEMBL31965,8.13,0,http://www.openphacts.org/units/Nanomolar,265491,=,1,1,=,,IC50,nM,,7.4,CHEMBL203,Homo sapiens,Epidermal growth factor receptor,9606,,,IC50,nM,UO_0000065,,7.4
,,111014,[],CHEMBL680019,Inhibitory concentration was evaluated against epidermal growth factor receptor (EGFr) tyrosine kinase,B,,,BAO_0000190,BAO_0000357,single protein format,COc1ccc(Nc2ncc3cc(-c4c(Cl)cccc4Cl)c(=O)n(C)c3n2)cn1,,,CHEMBL1131066,J Med Chem,1998.0,"{'bei': '13.74', 'le': '0.28', 'lle': '1.44', 'sei': '7.18'}",,CHEMBL111365,,CHEMBL111365,5.89,0,http://www.openphacts.org/units/Nanomolar,210169,=,1,1,=,,IC50,nM,,1300.0,CHEMBL203,Homo sapiens,Epidermal growth factor receptor,9606,,,IC50,uM,UO_0000065,,1.3
,Not Determined,111018,[],CHEMBL680020,Inhibition of epidermal growth factor receptor (EGFr) tyrosine kinase activity,B,,,BAO_0000190,BAO_0000357,single protein format,CCNCCOc1ccc(Nc2ncc3cc(-c4c(Cl)cccc4Cl)c(=O)n(C)c3n2)cc1,,,CHEMBL1131066,J Med Chem,1998.0,,,CHEMBL113521,,CHEMBL113521,,0,http://www.openphacts.org/units/Nanomolar,210179,,1,0,,,IC50,nM,,,CHEMBL203,Homo sapiens,Epidermal growth factor receptor,9606,,,IC50,uM,UO_0000065,,
,,111131,[],CHEMBL679947,"Inhibition of phosphorylation of phospholipase C gamma1 by Epidermal growth factor receptor, from human A431 carcinoma cell vesicles",F,,,BAO_0000190,BAO_0000019,assay format,CNc1ncc2ncnc(Nc3cccc(C)c3)c2n1,,,CHEMBL1130057,J Med Chem,1997.0,,,CHEMBL52591,,CHEMBL52591,8.37,0,http://www.openphacts.org/units/Nanomolar,89149,=,1,1,=,,IC50,nM,,4.3,CHEMBL203,Homo sapiens,Epidermal growth factor receptor,9606,,,IC50,nM,UO_0000065,,4.3
,,111701,[],CHEMBL677391,Inhibition of tyrosine phosphorylation activity of the epidermal growth factor receptor (EGFR) tyrosine kinase from human A-431 carcinoma cell-shed membrane vesicles,B,,,BAO_0000190,BAO_0000019,assay format,Cc1ccc2c(C(=O)Nc3ccccc3)c(SSc3c(C(=O)Nc4ccccc4)c4ccc(C)cc4n3C)n(C)c2c1,,,CHEMBL1127560,J Med Chem,1994.0,,,CHEMBL64459,,CHEMBL64459,,0,http://www.openphacts.org/units/Nanomolar,109037,>,1,1,>,,IC50,nM,,100000.0,CHEMBL203,Homo sapiens,Epidermal growth factor receptor,9606,,,IC50,uM,UO_0000065,,100.0
,,111719,[],CHEMBL676146,Inhibition of EGF-dependent DNA synthesis in ER 22 cells incubated with [3H]TdR,F,,,BAO_0000190,BAO_0000219,cell-based format,COC(=O)c1cc(/N=C/c2cc(O)ccc2O)ccc1OC,,,CHEMBL1127084,J Med Chem,1993.0,,,CHEMBL129989,,CHEMBL129989,,0,http://www.openphacts.org/units/Nanomolar,252397,>,1,1,>,,IC50,nM,,100000.0,CHEMBL203,Homo sapiens,Epidermal growth factor receptor,9606,,,IC50,uM,UO_0000065,,100.0
,,111721,[],CHEMBL676146,Inhibition of EGF-dependent DNA synthesis in ER 22 cells incubated with [3H]TdR,F,,,BAO_0000190,BAO_0000219,cell-based format,COC(=O)c1cc(NCc2ccccc2O)ccc1O,,,CHEMBL1127084,J Med Chem,1993.0,,,CHEMBL132907,,CHEMBL132907,4.70,0,http://www.openphacts.org/units/Nanomolar,252393,=,1,1,=,,IC50,nM,,20000.0,CHEMBL203,Homo sapiens,Epidermal growth factor receptor,9606,,,IC50,uM,UO_0000065,,20.0
,,111730,[],CHEMBL679549,Inhibitory activity against recombinant tyrosine kinase EGF-R (EGF-R ICD),B,,,BAO_0000190,BAO_0000357,single protein format,O=C1NC(=O)c2c1c1c3ccccc3[nH]c1c1[nH]c3ccccc3c21,,,CHEMBL1127678,J Med Chem,1994.0,,,CHEMBL268368,STAUROSPORINE AGLYCON,CHEMBL268368,,0,http://www.openphacts.org/units/Nanomolar,2998,>,1,1,>,,IC50,nM,,100000.0,CHEMBL203,Homo sapiens,Epidermal growth factor receptor,9606,,,IC50,uM,UO_0000065,,100.0
,,111935,[],CHEMBL673925,Inhibition of phosphorylation of a polyglutamic acid/tyrosine random copolymer by EGFR enzyme (from human A431 carcinoma cell vesicles),B,,,BAO_0000190,BAO_0000357,single protein format,CCOC(=O)/C=C/C(=O)Nc1cc2c(Nc3cccc(Br)c3)ncnc2cn1,,,CHEMBL1134843,J Med Chem,2001.0,"{'bei': '19.95', 'le': '0.43', 'lle': '5.23', 'sei': '8.32'}",,CHEMBL422292,,CHEMBL422292,8.82,0,http://www.openphacts.org/units/Nanomolar,265461,=,1,1,=,,IC50,nM,,1.5,CHEMBL203,Homo sapiens,Epidermal growth factor receptor,9606,,,IC50 app,nM,UO_0000065,,1.5
,,111936,[],CHEMBL677216,Inhibition of autophosphorylation of EGFR in A431 cells,B,,,BAO_0000190,BAO_0000219,cell-based format,CCOC(=O)/C=C/C(=O)Nc1cc2c(Nc3cccc(Br)c3)ncnc2cn1,,,CHEMBL1134843,J Med Chem,2001.0,"{'bei': '16.49', 'le': '0.36', 'lle': '3.70', 'sei': '6.87'}",,CHEMBL422292,,CHEMBL422292,7.29,0,http://www.openphacts.org/units/Nanomolar,265461,=,1,1,=,,IC50,nM,,51.0,CHEMBL203,Homo sapiens,Epidermal growth factor receptor,9606,,,IC50,nM,UO_0000065,,51.0
,Not Determined,112444,[],CHEMBL680020,Inhibition of epidermal growth factor receptor (EGFr) tyrosine kinase activity,B,,,BAO_0000190,BAO_0000357,single protein format,Cc1ncc2cc(-c3c(Cl)cccc3Cl)c(=O)n(C)c2n1,,,CHEMBL1131066,J Med Chem,1998.0,,,CHEMBL51573,,CHEMBL51573,,0,http://www.openphacts.org/units/Nanomolar,210155,,1,0,,,IC50,nM,,,CHEMBL203,Homo sapiens,Epidermal growth factor receptor,9606,,,IC50,uM,UO_0000065,,
,,112448,[],CHEMBL680019,Inhibitory concentration was evaluated against epidermal growth factor receptor (EGFr) tyrosine kinase,B,,,BAO_0000190,BAO_0000357,single protein format,Cn1c(=O)c(-c2c(Cl)cccc2Cl)cc2cnc(NCc3cccnc3)nc21,,,CHEMBL1131066,J Med Chem,1998.0,,,CHEMBL110034,,CHEMBL110034,,0,http://www.openphacts.org/units/Nanomolar,210175,>,1,1,>,,IC50,nM,,5000.0,CHEMBL203,Homo sapiens,Epidermal growth factor receptor,9606,,,IC50,uM,UO_0000065,,5.0
,,112452,[],CHEMBL680019,Inhibitory concentration was evaluated against epidermal growth factor receptor (EGFr) tyrosine kinase,B,,,BAO_0000190,BAO_0000357,single protein format,COc1ccc(Nc2ncc3cc(-c4c(Cl)cccc4Cl)c(=O)n(C)c3n2)cc1C,,,CHEMBL1131066,J Med Chem,1998.0,"{'bei': '14.96', 'le': '0.30', 'lle': '1.24', 'sei': '9.56'}",,CHEMBL113023,,CHEMBL113023,6.60,0,http://www.openphacts.org/units/Nanomolar,210185,=,1,1,=,,IC50,nM,,250.0,CHEMBL203,Homo sapiens,Epidermal growth factor receptor,9606,,,IC50,uM,UO_0000065,,0.25
,,112518,[],CHEMBL679947,"Inhibition of phosphorylation of phospholipase C gamma1 by Epidermal growth factor receptor, from human A431 carcinoma cell vesicles",F,,,BAO_0000190,BAO_0000019,assay format,Brc1cccc(Nc2ncnc3cnc(NCCCN4CCOCC4)nc23)c1,,,CHEMBL1130057,J Med Chem,1997.0,,,CHEMBL417420,,CHEMBL417420,8.54,0,http://www.openphacts.org/units/Nanomolar,89153,=,1,1,=,,IC50,nM,,2.9,CHEMBL203,Homo sapiens,Epidermal growth factor receptor,9606,,,IC50,nM,UO_0000065,,2.9
,,113112,[],CHEMBL677391,Inhibition of tyrosine phosphorylation activity of the epidermal growth factor receptor (EGFR) tyrosine kinase from human A-431 carcinoma cell-shed membrane vesicles,B,,,BAO_0000190,BAO_0000019,assay format,Cn1c(SSc2c(C(=O)Nc3ccccc3)c3ccccc3n2C)c(C(=O)Nc2ccccc2)c2ccccc21,,,CHEMBL1127560,J Med Chem,1994.0,"{'bei': '8.89', 'le': '0.17', 'lle': '-2.97', 'sei': '7.35'}",,CHEMBL304414,,CHEMBL304414,5.00,0,http://www.openphacts.org/units/Nanomolar,109028,=,1,1,=,,IC50,nM,,10000.0,CHEMBL203,Homo sapiens,Epidermal growth factor receptor,9606,,,IC50,uM,UO_0000065,,10.0
,,113789,[],CHEMBL680019,Inhibitory concentration was evaluated against epidermal growth factor receptor (EGFr) tyrosine kinase,B,,,BAO_0000190,BAO_0000357,single protein format,CN1CCN(CCCCCNc2ncc3cc(-c4c(Cl)cccc4Cl)c(=O)n(C)c3n2)CC1,,,CHEMBL1131066,J Med Chem,1998.0,"{'bei': '10.92', 'le': '0.22', 'lle': '1.22', 'sei': '8.07'}",,CHEMBL106232,,CHEMBL106232,5.35,0,http://www.openphacts.org/units/Nanomolar,210159,=,1,1,=,,IC50,nM,,4500.0,CHEMBL203,Homo sapiens,Epidermal growth factor receptor,9606,,,IC50,uM,UO_0000065,,4.5
,,113793,[],CHEMBL680019,Inhibitory concentration was evaluated against epidermal growth factor receptor (EGFr) tyrosine kinase,B,,,BAO_0000190,BAO_0000357,single protein format,Cn1c(=O)c(-c2c(Cl)cccc2Cl)cc2cnc(Nc3cccc(CO)c3)nc21,,,CHEMBL1131066,J Med Chem,1998.0,"{'bei': '16.49', 'le': '0.33', 'lle': '2.51', 'sei': '8.80'}",,CHEMBL327127,,CHEMBL327127,7.05,0,http://www.openphacts.org/units/Nanomolar,210186,=,1,1,=,,IC50,nM,,90.0,CHEMBL203,Homo sapiens,Epidermal growth factor receptor,9606,,,IC50,uM,UO_0000065,,0.09
,,113901,[],CHEMBL679947,"Inhibition of phosphorylation of phospholipase C gamma1 by Epidermal growth factor receptor, from human A431 carcinoma cell vesicles",F,,,BAO_0000190,BAO_0000019,assay format,Brc1cccc(Nc2ncnc3cnc(NCCN4CCOCC4)nc23)c1,,,CHEMBL1130057,J Med Chem,1997.0,,,CHEMBL294475,,CHEMBL294475,9.09,0,http://www.openphacts.org/units/Nanomolar,89154,=,1,1,=,,IC50,nM,,0.81,CHEMBL203,Homo sapiens,Epidermal growth factor receptor,9606,,,IC50,nM,UO_0000065,,0.81
,,113902,[],CHEMBL680026,Tested for ability to inhibit autophosphorylation of the Epidermal growth factor receptor in human epidermoid carcinoma cells,F,,,BAO_0000190,BAO_0000019,assay format,Brc1cccc(Nc2ncnc3cnc(NCCN4CCOCC4)nc23)c1,,,CHEMBL1130057,J Med Chem,1997.0,,,CHEMBL294475,,CHEMBL294475,8.51,0,http://www.openphacts.org/units/Nanomolar,89154,=,1,1,=,,IC50,nM,,3.1,CHEMBL203,Homo sapiens,Epidermal growth factor receptor,9606,,,IC50,nM,UO_0000065,,3.1
,,114492,[],CHEMBL679549,Inhibitory activity against recombinant tyrosine kinase EGF-R (EGF-R ICD),B,,,BAO_0000190,BAO_0000357,single protein format,O=C1NC(=O)C(c2c[nH]c3ccccc23)=C1c1c[nH]c2ccccc12,,,CHEMBL1127678,J Med Chem,1994.0,,,CHEMBL266487,RO-316233,CHEMBL266487,,0,http://www.openphacts.org/units/Nanomolar,2997,>,1,1,>,,IC50,nM,,50000.0,CHEMBL203,Homo sapiens,Epidermal growth factor receptor,9606,,,IC50,uM,UO_0000065,,50.0
,,114538,[],CHEMBL677390,Inhibition of human epidermal growth factor receptor (EGFR),B,,,BAO_0000190,BAO_0000357,single protein format,O=C(CCc1c(SSc2[nH]c3ccccc3c2CCC(=O)NCc2ccccc2)[nH]c2ccccc12)NCc1ccccc1,,,CHEMBL1127560,J Med Chem,1994.0,"{'bei': '9.81', 'le': '0.19', 'lle': '-1.88', 'sei': '6.76'}",,CHEMBL293261,,CHEMBL293261,6.07,0,http://www.openphacts.org/units/Nanomolar,109061,=,1,1,=,,IC50,nM,,850.0,CHEMBL203,Homo sapiens,Epidermal growth factor receptor,9606,,,IC50,uM,UO_0000065,,0.85
,Not Determined,115001,[],CHEMBL680020,Inhibition of epidermal growth factor receptor (EGFr) tyrosine kinase activity,B,,,BAO_0000190,BAO_0000357,single protein format,Cn1c(=O)c(-c2c(Cl)cccc2Cl)cc2cnc(Nc3ccc(O)cc3)nc21,,,CHEMBL1131066,J Med Chem,1998.0,,,CHEMBL323405,,CHEMBL323405,,0,http://www.openphacts.org/units/Nanomolar,210187,,1,0,,,IC50,nM,,,CHEMBL203,Homo sapiens,Epidermal growth factor receptor,9606,,,IC50,uM,UO_0000065,,
,Not Determined,115005,[],CHEMBL680020,Inhibition of epidermal growth factor receptor (EGFr) tyrosine kinase activity,B,,,BAO_0000190,BAO_0000357,single protein format,Cn1c(=O)c(-c2c(Cl)cccc2Cl)cc2cnc(Nc3ccc(OCCN)cc3)nc21,,,CHEMBL1131066,J Med Chem,1998.0,,,CHEMBL331366,,CHEMBL331366,,0,http://www.openphacts.org/units/Nanomolar,210180,,1,0,,,IC50,nM,,,CHEMBL203,Homo sapiens,Epidermal growth factor receptor,9606,,,IC50,uM,UO_0000065,,
,,115064,[],CHEMBL679947,"Inhibition of phosphorylation of phospholipase C gamma1 by Epidermal growth factor receptor, from human A431 carcinoma cell vesicles",F,,,BAO_0000190,BAO_0000019,assay format,CNc1ncc2ncnc(Nc3ccccc3)c2n1,,,CHEMBL1130057,J Med Chem,1997.0,,,CHEMBL53310,,CHEMBL53310,7.89,0,http://www.openphacts.org/units/Nanomolar,89141,=,1,1,=,,IC50,nM,,13.0,CHEMBL203,Homo sapiens,Epidermal growth factor receptor,9606,,,IC50,nM,UO_0000065,,13.0
,,115581,[],CHEMBL679549,Inhibitory activity against recombinant tyrosine kinase EGF-R (EGF-R ICD),B,,,BAO_0000190,BAO_0000357,single protein format,O=C1NC(=O)c2cc(Nc3ccc(O)cc3)c(Nc3ccc(O)cc3)cc21,,,CHEMBL1127678,J Med Chem,1994.0,"{'bei': '15.50', 'le': '0.28', 'lle': '2.13', 'sei': '5.06'}",,CHEMBL267019,,CHEMBL267019,5.60,0,http://www.openphacts.org/units/Nanomolar,2993,=,1,1,=,,IC50,nM,,2500.0,CHEMBL203,Homo sapiens,Epidermal growth factor receptor,9606,,,IC50,uM,UO_0000065,,2.5
,,115911,[],CHEMBL673925,Inhibition of phosphorylation of a polyglutamic acid/tyrosine random copolymer by EGFR enzyme (from human A431 carcinoma cell vesicles),B,,,BAO_0000190,BAO_0000357,single protein format,C=CC(=O)Nc1ccc2ncnc(Nc3cccc(Br)c3)c2c1,,,CHEMBL1134843,J Med Chem,2001.0,"{'bei': '24.80', 'le': '0.54', 'lle': '4.89', 'sei': '13.68'}",,CHEMBL285063,,CHEMBL285063,9.15,1,http://www.openphacts.org/units/Nanomolar,265487,=,1,1,=,,IC50,nM,,0.7,CHEMBL203,Homo sapiens,Epidermal growth factor receptor,9606,,,IC50 app,nM,UO_0000065,,0.7
,,115912,[],CHEMBL677216,Inhibition of autophosphorylation of EGFR in A431 cells,B,,,BAO_0000190,BAO_0000219,cell-based format,C=CC(=O)Nc1ccc2ncnc(Nc3cccc(Br)c3)c2c1,,,CHEMBL1134843,J Med Chem,2001.0,"{'bei': '23.21', 'le': '0.51', 'lle': '4.31', 'sei': '12.81'}",,CHEMBL285063,,CHEMBL285063,8.57,1,http://www.openphacts.org/units/Nanomolar,265487,=,1,1,=,,IC50,nM,,2.7,CHEMBL203,Homo sapiens,Epidermal growth factor receptor,9606,,,IC50,nM,UO_0000065,,2.7
,,115914,[],CHEMBL673925,Inhibition of phosphorylation of a polyglutamic acid/tyrosine random copolymer by EGFR enzyme (from human A431 carcinoma cell vesicles),B,,,BAO_0000190,BAO_0000357,single protein format,C/C=C/C(=O)Nc1cc2c(Nc3cccc(Br)c3)ncnc2cn1,,,CHEMBL1134843,J Med Chem,2001.0,"{'bei': '24.21', 'le': '0.53', 'lle': '5.25', 'sei': '11.66'}",,CHEMBL136404,,CHEMBL136404,9.30,0,http://www.openphacts.org/units/Nanomolar,265486,=,1,1,=,,IC50,nM,,0.5,CHEMBL203,Homo sapiens,Epidermal growth factor receptor,9606,,,IC50 app,nM,UO_0000065,,0.5
,,115915,[],CHEMBL677216,Inhibition of autophosphorylation of EGFR in A431 cells,B,,,BAO_0000190,BAO_0000219,cell-based format,C/C=C/C(=O)Nc1cc2c(Nc3cccc(Br)c3)ncnc2cn1,,,CHEMBL1134843,J Med Chem,2001.0,"{'bei': '21.12', 'le': '0.46', 'lle': '4.06', 'sei': '10.17'}",,CHEMBL136404,,CHEMBL136404,8.11,0,http://www.openphacts.org/units/Nanomolar,265486,=,1,1,=,,IC50,nM,,7.7,CHEMBL203,Homo sapiens,Epidermal growth factor receptor,9606,,,IC50,nM,UO_0000065,,7.7
,,116316,[],CHEMBL680019,Inhibitory concentration was evaluated against epidermal growth factor receptor (EGFr) tyrosine kinase,B,,,BAO_0000190,BAO_0000357,single protein format,Cn1c(=O)c(-c2c(Cl)cccc2Cl)cc2cnc(NCc3ccccc3)nc21,,,CHEMBL1131066,J Med Chem,1998.0,,,CHEMBL113356,,CHEMBL113356,,0,http://www.openphacts.org/units/Nanomolar,210165,>,1,1,>,,IC50,nM,,50000.0,CHEMBL203,Homo sapiens,Epidermal growth factor receptor,9606,,,IC50,uM,UO_0000065,,50.0
,,116920,[],CHEMBL677391,Inhibition of tyrosine phosphorylation activity of the epidermal growth factor receptor (EGFR) tyrosine kinase from human A-431 carcinoma cell-shed membrane vesicles,B,,,BAO_0000190,BAO_0000019,assay format,Cn1c(SSc2c(C(=O)Nc3ccccc3)c3cc(C#N)ccc3n2C)c(C(=O)Nc2ccccc2)c2cc(C#N)ccc21,,,CHEMBL1127560,J Med Chem,1994.0,"{'bei': '6.96', 'le': '0.13', 'lle': '-3.45', 'sei': '3.69'}",,CHEMBL291979,,CHEMBL291979,4.27,0,http://www.openphacts.org/units/Nanomolar,109040,=,1,1,=,,IC50,nM,,54100.0,CHEMBL203,Homo sapiens,Epidermal growth factor receptor,9606,,,IC50,uM,UO_0000065,,54.1
,,116922,[],CHEMBL677391,Inhibition of tyrosine phosphorylation activity of the epidermal growth factor receptor (EGFR) tyrosine kinase from human A-431 carcinoma cell-shed membrane vesicles,B,,,BAO_0000190,BAO_0000019,assay format,Cn1c(SSc2c(C(=O)Nc3ccccc3)c3cccc(O)c3n2C)c(C(=O)Nc2ccccc2)c2cccc(O)c21,,,CHEMBL1127560,J Med Chem,1994.0,"{'bei': '6.73', 'le': '0.13', 'lle': '-3.39', 'sei': '3.69'}",,CHEMBL62843,,CHEMBL62843,4.00,0,http://www.openphacts.org/units/Nanomolar,109047,=,1,1,=,,IC50,nM,,100000.0,CHEMBL203,Homo sapiens,Epidermal growth factor receptor,9606,,,IC50,uM,UO_0000065,,100.0
,,116924,[],CHEMBL677391,Inhibition of tyrosine phosphorylation activity of the epidermal growth factor receptor (EGFR) tyrosine kinase from human A-431 carcinoma cell-shed membrane vesicles,B,,,BAO_0000190,BAO_0000019,assay format,CN1C(=S)C(C)(C(=O)Nc2ccccc2)c2ccccc21,,,CHEMBL1127560,J Med Chem,1994.0,,,CHEMBL63009,,CHEMBL63009,,0,http://www.openphacts.org/units/Nanomolar,109042,>,1,1,>,,IC50,nM,,100000.0,CHEMBL203,Homo sapiens,Epidermal growth factor receptor,9606,,,IC50,uM,UO_0000065,,100.0
,,117058,[],CHEMBL679549,Inhibitory activity against recombinant tyrosine kinase EGF-R (EGF-R ICD),B,,,BAO_0000190,BAO_0000357,single protein format,CN(c1ccccc1)c1cc2c(cc1N(C)c1ccccc1)C(=O)NC2=O,,,CHEMBL1127678,J Med Chem,1994.0,,,CHEMBL267941,,CHEMBL267941,,0,http://www.openphacts.org/units/Nanomolar,3005,>,1,1,>,,IC50,nM,,50000.0,CHEMBL203,Homo sapiens,Epidermal growth factor receptor,9606,,,IC50,uM,UO_0000065,,50.0
,,117213,[],CHEMBL673925,Inhibition of phosphorylation of a polyglutamic acid/tyrosine random copolymer by EGFR enzyme (from human A431 carcinoma cell vesicles),B,,,BAO_0000190,BAO_0000357,single protein format,C=CC(=O)N(C)c1cc2c(Nc3cccc(Br)c3)ncnc2cn1,,,CHEMBL1134843,J Med Chem,2001.0,"{'bei': '25.43', 'le': '0.56', 'lle': '6.09', 'sei': '13.76'}",,CHEMBL334697,,CHEMBL334697,9.77,0,http://www.openphacts.org/units/Nanomolar,265488,=,1,1,=,,IC50,nM,,0.17,CHEMBL203,Homo sapiens,Epidermal growth factor receptor,9606,,,IC50 app,nM,UO_0000065,,0.17
,,117214,[],CHEMBL677217,Inhibition of autophosphorylation of EGFR in A431 cells,F,,,BAO_0000190,BAO_0000219,cell-based format,C=CC(=O)N(C)c1cc2c(Nc3cccc(Br)c3)ncnc2cn1,,,CHEMBL1134843,J Med Chem,2001.0,,,CHEMBL334697,,CHEMBL334697,7.89,0,http://www.openphacts.org/units/Nanomolar,265488,=,1,1,=,,IC50,nM,,13.0,CHEMBL203,Homo sapiens,Epidermal growth factor receptor,9606,,,IC50,nM,UO_0000065,,13.0
,,117228,[],CHEMBL673925,Inhibition of phosphorylation of a polyglutamic acid/tyrosine random copolymer by EGFR enzyme (from human A431 carcinoma cell vesicles),B,,,BAO_0000190,BAO_0000357,single protein format,CCN(CC)CCCNC(=O)/C=C/C(=O)Nc1cc2c(Nc3cccc(Br)c3)ncnc2cn1,,,CHEMBL1134843,J Med Chem,2001.0,"{'bei': '17.36', 'le': '0.37', 'lle': '5.27', 'sei': '8.15'}",,CHEMBL434827,,CHEMBL434827,9.14,0,http://www.openphacts.org/units/Nanomolar,265479,=,1,1,=,,IC50,nM,,0.73,CHEMBL203,Homo sapiens,Epidermal growth factor receptor,9606,,,IC50 app,nM,UO_0000065,,0.73
,,117229,[],CHEMBL677216,Inhibition of autophosphorylation of EGFR in A431 cells,B,,,BAO_0000190,BAO_0000219,cell-based format,CCN(CC)CCCNC(=O)/C=C/C(=O)Nc1cc2c(Nc3cccc(Br)c3)ncnc2cn1,,,CHEMBL1134843,J Med Chem,2001.0,"{'bei': '14.58', 'le': '0.31', 'lle': '3.81', 'sei': '6.85'}",,CHEMBL434827,,CHEMBL434827,7.68,0,http://www.openphacts.org/units/Nanomolar,265479,=,1,1,=,,IC50,nM,,21.0,CHEMBL203,Homo sapiens,Epidermal growth factor receptor,9606,,,IC50,nM,UO_0000065,,21.0
,,117231,[],CHEMBL679948,Inhibition of EGF-stimulated autophosphorylation of EGFR in A431 cells,B,,,BAO_0000190,BAO_0000219,cell-based format,CCN(CC)CCCNC(=O)/C=C/C(=O)Nc1cc2c(Nc3cccc(Br)c3)ncnc2cn1,,,CHEMBL1134843,J Med Chem,2001.0,"{'bei': '14.58', 'le': '0.31', 'lle': '3.81', 'sei': '6.85'}",,CHEMBL434827,,CHEMBL434827,7.68,0,http://www.openphacts.org/units/Nanomolar,265479,=,1,1,=,,IC50,nM,,21.0,CHEMBL203,Homo sapiens,Epidermal growth factor receptor,9606,,,IC50,nM,UO_0000065,,21.0
,,118165,[],CHEMBL677391,Inhibition of tyrosine phosphorylation activity of the epidermal growth factor receptor (EGFR) tyrosine kinase from human A-431 carcinoma cell-shed membrane vesicles,B,,,BAO_0000190,BAO_0000019,assay format,Cc1cccc2c1c(C(=O)Nc1ccccc1)c(SSc1c(C(=O)Nc3ccccc3)c3c(C)cccc3n1C)n2C,,,CHEMBL1127560,J Med Chem,1994.0,,,CHEMBL292287,,CHEMBL292287,,0,http://www.openphacts.org/units/Nanomolar,109059,>,1,1,>,,IC50,nM,,100000.0,CHEMBL203,Homo sapiens,Epidermal growth factor receptor,9606,,,IC50,uM,UO_0000065,,100.0
,,118168,[],CHEMBL677391,Inhibition of tyrosine phosphorylation activity of the epidermal growth factor receptor (EGFR) tyrosine kinase from human A-431 carcinoma cell-shed membrane vesicles,B,,,BAO_0000190,BAO_0000019,assay format,Cn1c(SSc2c(C(=O)Nc3ccccc3)c3cc([N+](=O)[O-])ccc3n2C)c(C(=O)Nc2ccccc2)c2cc([N+](=O)[O-])ccc21,,,CHEMBL1127560,J Med Chem,1994.0,"{'bei': '8.12', 'le': '0.16', 'lle': '-2.49', 'sei': '3.43'}",,CHEMBL64430,,CHEMBL64430,5.30,0,http://www.openphacts.org/units/Nanomolar,109039,=,1,1,=,,IC50,nM,,5000.0,CHEMBL203,Homo sapiens,Epidermal growth factor receptor,9606,,,IC50,uM,UO_0000065,,5.0
,,118170,[],CHEMBL677391,Inhibition of tyrosine phosphorylation activity of the epidermal growth factor receptor (EGFR) tyrosine kinase from human A-431 carcinoma cell-shed membrane vesicles,B,,,BAO_0000190,BAO_0000019,assay format,CC(=O)Oc1ccc2c(C(=O)Nc3ccccc3)c(SSc3c(C(=O)Nc4ccccc4)c4ccc(OC(C)=O)cc4n3C)n(C)c2c1,,,CHEMBL1127560,J Med Chem,1994.0,,,CHEMBL64068,,CHEMBL64068,,0,http://www.openphacts.org/units/Nanomolar,109035,>,1,1,>,,IC50,nM,,100000.0,CHEMBL203,Homo sapiens,Epidermal growth factor receptor,9606,,,IC50,uM,UO_0000065,,100.0
,,118172,[],CHEMBL677391,Inhibition of tyrosine phosphorylation activity of the epidermal growth factor receptor (EGFR) tyrosine kinase from human A-431 carcinoma cell-shed membrane vesicles,B,,,BAO_0000190,BAO_0000019,assay format,CN1C(=S)C(C(=O)Nc2ccccc2)c2cc(Cl)ccc21,,,CHEMBL1127560,J Med Chem,1994.0,,,CHEMBL62067,,CHEMBL62067,,0,http://www.openphacts.org/units/Nanomolar,109044,>,1,1,>,,IC50,nM,,100000.0,CHEMBL203,Homo sapiens,Epidermal growth factor receptor,9606,,,IC50,uM,UO_0000065,,100.0
,,118174,[],CHEMBL677391,Inhibition of tyrosine phosphorylation activity of the epidermal growth factor receptor (EGFR) tyrosine kinase from human A-431 carcinoma cell-shed membrane vesicles,B,,,BAO_0000190,BAO_0000019,assay format,CSc1c(C(=O)Nc2ccccc2)c2ccccc2n1C,,,CHEMBL1127560,J Med Chem,1994.0,,,CHEMBL64814,,CHEMBL64814,,0,http://www.openphacts.org/units/Nanomolar,109052,>,1,1,>,,IC50,nM,,100000.0,CHEMBL203,Homo sapiens,Epidermal growth factor receptor,9606,,,IC50,uM,UO_0000065,,100.0
,,118461,[],CHEMBL673925,Inhibition of phosphorylation of a polyglutamic acid/tyrosine random copolymer by EGFR enzyme (from human A431 carcinoma cell vesicles),B,,,BAO_0000190,BAO_0000357,single protein format,C=CC(=O)N(CCCN1CCOCC1)c1cc2c(Nc3cccc(Br)c3)ncnc2cn1,,,CHEMBL1134843,J Med Chem,2001.0,"{'bei': '17.23', 'le': '0.37', 'lle': '4.80', 'sei': '10.26'}",,CHEMBL137082,,CHEMBL137082,8.57,0,http://www.openphacts.org/units/Nanomolar,265484,=,1,1,=,,IC50,nM,,2.7,CHEMBL203,Homo sapiens,Epidermal growth factor receptor,9606,,,IC50 app,nM,UO_0000065,,2.7
,,118462,[],CHEMBL677216,Inhibition of autophosphorylation of EGFR in A431 cells,B,,,BAO_0000190,BAO_0000219,cell-based format,C=CC(=O)N(CCCN1CCOCC1)c1cc2c(Nc3cccc(Br)c3)ncnc2cn1,,,CHEMBL1134843,J Med Chem,2001.0,"{'bei': '13.68', 'le': '0.29', 'lle': '3.04', 'sei': '8.15'}",,CHEMBL137082,,CHEMBL137082,6.81,0,http://www.openphacts.org/units/Nanomolar,265484,=,1,1,=,,IC50,nM,,156.0,CHEMBL203,Homo sapiens,Epidermal growth factor receptor,9606,,,IC50,nM,UO_0000065,,156.0
,,118831,[],CHEMBL680019,Inhibitory concentration was evaluated against epidermal growth factor receptor (EGFr) tyrosine kinase,B,,,BAO_0000190,BAO_0000357,single protein format,CN(C)c1ncc2cc(-c3c(Cl)cccc3Cl)c(=O)n(C)c2n1,,,CHEMBL1131066,J Med Chem,1998.0,,,CHEMBL299347,,CHEMBL299347,,1,http://www.openphacts.org/units/Nanomolar,210164,>,1,1,>,,IC50,nM,,50000.0,CHEMBL203,Homo sapiens,Epidermal growth factor receptor,9606,,,IC50,uM,UO_0000065,,50.0
,,118835,[],CHEMBL680019,Inhibitory concentration was evaluated against epidermal growth factor receptor (EGFr) tyrosine kinase,B,,,BAO_0000190,BAO_0000357,single protein format,COc1cc(Nc2ncc3cc(-c4c(Cl)cccc4Cl)c(=O)n(C)c3n2)cc(OC)c1,,,CHEMBL1131066,J Med Chem,1998.0,"{'bei': '14.17', 'le': '0.29', 'lle': '1.42', 'sei': '8.28'}",,CHEMBL324926,,CHEMBL324926,6.48,0,http://www.openphacts.org/units/Nanomolar,210184,=,1,1,=,,IC50,nM,,330.0,CHEMBL203,Homo sapiens,Epidermal growth factor receptor,9606,,,IC50,uM,UO_0000065,,0.33
,,118874,[],CHEMBL679947,"Inhibition of phosphorylation of phospholipase C gamma1 by Epidermal growth factor receptor, from human A431 carcinoma cell vesicles",F,,,BAO_0000190,BAO_0000019,assay format,Clc1ncc2ncnc(Nc3cccc(Br)c3)c2n1,,,CHEMBL1130057,J Med Chem,1997.0,,,CHEMBL53311,,CHEMBL53311,7.09,0,http://www.openphacts.org/units/Nanomolar,89142,=,1,1,=,,IC50,nM,,82.0,CHEMBL203,Homo sapiens,Epidermal growth factor receptor,9606,,,IC50,nM,UO_0000065,,82.0
,,119381,[],CHEMBL677391,Inhibition of tyrosine phosphorylation activity of the epidermal growth factor receptor (EGFR) tyrosine kinase from human A-431 carcinoma cell-shed membrane vesicles,B,,,BAO_0000190,BAO_0000019,assay format,CN1C(=S)C(C(=O)Nc2ccccc2)c2ccccc21,,,CHEMBL1127560,J Med Chem,1994.0,"{'bei': '21.25', 'le': '0.41', 'lle': '2.81', 'sei': '18.55'}",,CHEMBL62176,,CHEMBL62176,6.00,0,http://www.openphacts.org/units/Nanomolar,109045,=,1,1,=,,IC50,nM,,1000.0,CHEMBL203,Homo sapiens,Epidermal growth factor receptor,9606,,,IC50,uM,UO_0000065,,1.0
,,119394,[],CHEMBL676146,Inhibition of EGF-dependent DNA synthesis in ER 22 cells incubated with [3H]TdR,F,,,BAO_0000190,BAO_0000219,cell-based format,O=C(O)c1cc(/N=C/c2ccccc2O)ccc1O,,,CHEMBL1127084,J Med Chem,1993.0,,,CHEMBL130694,,CHEMBL130694,,0,http://www.openphacts.org/units/Nanomolar,252386,>,1,1,>,,IC50,nM,,20000.0,CHEMBL203,Homo sapiens,Epidermal growth factor receptor,9606,,,IC50,uM,UO_0000065,,20.0
,,119396,[],CHEMBL676146,Inhibition of EGF-dependent DNA synthesis in ER 22 cells incubated with [3H]TdR,F,,,BAO_0000190,BAO_0000219,cell-based format,COC(=O)c1cc(NCc2cccc(O)c2)ccc1O,,,CHEMBL1127084,J Med Chem,1993.0,,,CHEMBL423159,,CHEMBL423159,4.68,0,http://www.openphacts.org/units/Nanomolar,252392,=,1,1,=,,IC50,nM,,21000.0,CHEMBL203,Homo sapiens,Epidermal growth factor receptor,9606,,,IC50,uM,UO_0000065,,21.0
,,119922,[],CHEMBL680019,Inhibitory concentration was evaluated against epidermal growth factor receptor (EGFr) tyrosine kinase,B,,,BAO_0000190,BAO_0000357,single protein format,CC(C)Nc1ncc2cc(-c3c(Cl)cccc3Cl)c(=O)n(C)c2n1,,,CHEMBL1131066,J Med Chem,1998.0,,,CHEMBL109759,,CHEMBL109759,,0,http://www.openphacts.org/units/Nanomolar,210151,>,1,1,>,,IC50,nM,,5000.0,CHEMBL203,Homo sapiens,Epidermal growth factor receptor,9606,,,IC50,uM,UO_0000065,,5.0
,,119990,[],CHEMBL679947,"Inhibition of phosphorylation of phospholipase C gamma1 by Epidermal growth factor receptor, from human A431 carcinoma cell vesicles",F,,,BAO_0000190,BAO_0000019,assay format,CNc1ncc2ncnc(Nc3cccc(Br)c3)c2n1,,,CHEMBL1130057,J Med Chem,1997.0,,,CHEMBL299622,,CHEMBL299622,9.12,0,http://www.openphacts.org/units/Nanomolar,89169,=,1,1,=,,IC50,nM,,0.76,CHEMBL203,Homo sapiens,Epidermal growth factor receptor,9606,,,IC50,nM,UO_0000065,,0.76
,,119991,[],CHEMBL680026,Tested for ability to inhibit autophosphorylation of the Epidermal growth factor receptor in human epidermoid carcinoma cells,F,,,BAO_0000190,BAO_0000019,assay format,CNc1ncc2ncnc(Nc3cccc(Br)c3)c2n1,,,CHEMBL1130057,J Med Chem,1997.0,,,CHEMBL299622,,CHEMBL299622,7.52,0,http://www.openphacts.org/units/Nanomolar,89169,=,1,1,=,,IC50,nM,,30.0,CHEMBL203,Homo sapiens,Epidermal growth factor receptor,9606,,,IC50,nM,UO_0000065,,30.0
,,120871,[],CHEMBL673925,Inhibition of phosphorylation of a polyglutamic acid/tyrosine random copolymer by EGFR enzyme (from human A431 carcinoma cell vesicles),B,,,BAO_0000190,BAO_0000357,single protein format,C=C(C)C(=O)Nc1cc2c(Nc3cccc(Br)c3)ncnc2cn1,,,CHEMBL1134843,J Med Chem,2001.0,"{'bei': '22.89', 'le': '0.50', 'lle': '4.75', 'sei': '11.02'}",,CHEMBL138363,,CHEMBL138363,8.80,0,http://www.openphacts.org/units/Nanomolar,265489,=,1,1,=,,IC50,nM,,1.6,CHEMBL203,Homo sapiens,Epidermal growth factor receptor,9606,,,IC50 app,nM,UO_0000065,,1.6
,,120872,[],CHEMBL677216,Inhibition of autophosphorylation of EGFR in A431 cells,B,,,BAO_0000190,BAO_0000219,cell-based format,C=C(C)C(=O)Nc1cc2c(Nc3cccc(Br)c3)ncnc2cn1,,,CHEMBL1134843,J Med Chem,2001.0,"{'bei': '19.15', 'le': '0.42', 'lle': '3.31', 'sei': '9.22'}",,CHEMBL138363,,CHEMBL138363,7.36,0,http://www.openphacts.org/units/Nanomolar,265489,=,1,1,=,,IC50,nM,,44.0,CHEMBL203,Homo sapiens,Epidermal growth factor receptor,9606,,,IC50,nM,UO_0000065,,44.0
,,120874,[],CHEMBL673925,Inhibition of phosphorylation of a polyglutamic acid/tyrosine random copolymer by EGFR enzyme (from human A431 carcinoma cell vesicles),B,,,BAO_0000190,BAO_0000357,single protein format,C/C=C/C(=O)Nc1ccc2ncnc(Nc3cccc(Br)c3)c2c1,,,CHEMBL1134843,J Med Chem,2001.0,"{'bei': '24.16', 'le': '0.53', 'lle': '4.61', 'sei': '13.84'}",,CHEMBL93464,,CHEMBL93464,9.26,0,http://www.openphacts.org/units/Nanomolar,265460,=,1,1,=,,IC50,nM,,0.55,CHEMBL203,Homo sapiens,Epidermal growth factor receptor,9606,,,IC50 app,nM,UO_0000065,,0.55
,,120875,[],CHEMBL677216,Inhibition of autophosphorylation of EGFR in A431 cells,B,,,BAO_0000190,BAO_0000219,cell-based format,C/C=C/C(=O)Nc1ccc2ncnc(Nc3cccc(Br)c3)c2c1,,,CHEMBL1134843,J Med Chem,2001.0,"{'bei': '21.03', 'le': '0.46', 'lle': '3.41', 'sei': '12.05'}",,CHEMBL93464,,CHEMBL93464,8.06,0,http://www.openphacts.org/units/Nanomolar,265460,=,1,1,=,,IC50,nM,,8.7,CHEMBL203,Homo sapiens,Epidermal growth factor receptor,9606,,,IC50,nM,UO_0000065,,8.7
,Not Determined,121283,[],CHEMBL680020,Inhibition of epidermal growth factor receptor (EGFr) tyrosine kinase activity,B,,,BAO_0000190,BAO_0000357,single protein format,CN(C)CCOc1ccc(Nc2ncc3cc(-c4c(Cl)cccc4Cl)c(=O)n(C)c3n2)cc1,,,CHEMBL1131066,J Med Chem,1998.0,,,CHEMBL112080,,CHEMBL112080,,0,http://www.openphacts.org/units/Nanomolar,210178,,1,0,,,IC50,nM,,,CHEMBL203,Homo sapiens,Epidermal growth factor receptor,9606,,,IC50,uM,UO_0000065,,
,,121309,[],CHEMBL679947,"Inhibition of phosphorylation of phospholipase C gamma1 by Epidermal growth factor receptor, from human A431 carcinoma cell vesicles",F,,,BAO_0000190,BAO_0000019,assay format,Nc1ncc2ncnc(Nc3cccc(Br)c3)c2n1,,,CHEMBL1130057,J Med Chem,1997.0,,,CHEMBL53831,,CHEMBL53831,8.82,0,http://www.openphacts.org/units/Nanomolar,89143,=,1,1,=,,IC50,nM,,1.5,CHEMBL203,Homo sapiens,Epidermal growth factor receptor,9606,,,IC50,nM,UO_0000065,,1.5
,,121310,[],CHEMBL679947,"Inhibition of phosphorylation of phospholipase C gamma1 by Epidermal growth factor receptor, from human A431 carcinoma cell vesicles",F,,,BAO_0000190,BAO_0000019,assay format,Cc1cccc(Nc2ncnc3cnc(NCCN4CCOCC4)nc23)c1,,,CHEMBL1130057,J Med Chem,1997.0,,,CHEMBL299881,,CHEMBL299881,8.64,0,http://www.openphacts.org/units/Nanomolar,89147,=,1,1,=,,IC50,nM,,2.3,CHEMBL203,Homo sapiens,Epidermal growth factor receptor,9606,,,IC50,nM,UO_0000065,,2.3
,,121311,[],CHEMBL679947,"Inhibition of phosphorylation of phospholipase C gamma1 by Epidermal growth factor receptor, from human A431 carcinoma cell vesicles",F,,,BAO_0000190,BAO_0000019,assay format,Clc1ncc2ncnc(Nc3ccccc3)c2n1,,,CHEMBL1130057,J Med Chem,1997.0,,,CHEMBL50027,,CHEMBL50027,5.59,0,http://www.openphacts.org/units/Nanomolar,89163,=,1,1,=,,IC50,nM,,2550.0,CHEMBL203,Homo sapiens,Epidermal growth factor receptor,9606,,,IC50,nM,UO_0000065,,2550.0
,,121735,[],CHEMBL683041,Inhibition of Epidermal Growth Factor Receptor (EGFR) autophosphorylation,B,,,BAO_0000190,BAO_0000357,single protein format,C=CC(=O)Nc1cc2c(Nc3ccc(F)c(Cl)c3)ncnc2cc1OCCCN1CCOCC1,,,CHEMBL1135208,Bioorg Med Chem Lett,2002.0,"{'bei': '14.67', 'le': '0.29', 'lle': '2.74', 'sei': '8.05'}",,CHEMBL31965,CANERTINIB,CHEMBL31965,7.13,0,http://www.openphacts.org/units/Nanomolar,182229,=,1,1,=,,IC50,nM,,74.0,CHEMBL203,Homo sapiens,Epidermal growth factor receptor,9606,,,IC50,uM,UO_0000065,,0.074
,,122056,[],CHEMBL673925,Inhibition of phosphorylation of a polyglutamic acid/tyrosine random copolymer by EGFR enzyme (from human A431 carcinoma cell vesicles),B,,,BAO_0000190,BAO_0000357,single protein format,CCOC(=O)/C=C/C(=O)Nc1ccc2ncnc(Nc3cccc(Br)c3)c2c1,,,CHEMBL1134843,J Med Chem,2001.0,"{'bei': '19.42', 'le': '0.42', 'lle': '4.38', 'sei': '9.19'}",,CHEMBL344486,,CHEMBL344486,8.57,0,http://www.openphacts.org/units/Nanomolar,265462,=,1,1,=,,IC50,nM,,2.7,CHEMBL203,Homo sapiens,Epidermal growth factor receptor,9606,,,IC50 app,nM,UO_0000065,,2.7
,,122057,[],CHEMBL677216,Inhibition of autophosphorylation of EGFR in A431 cells,B,,,BAO_0000190,BAO_0000219,cell-based format,CCOC(=O)/C=C/C(=O)Nc1ccc2ncnc(Nc3cccc(Br)c3)c2c1,,,CHEMBL1134843,J Med Chem,2001.0,"{'bei': '16.30', 'le': '0.35', 'lle': '3.00', 'sei': '7.72'}",,CHEMBL344486,,CHEMBL344486,7.19,0,http://www.openphacts.org/units/Nanomolar,265462,=,1,1,=,,IC50,nM,,64.0,CHEMBL203,Homo sapiens,Epidermal growth factor receptor,9606,,,IC50,nM,UO_0000065,,64.0
,,122059,[],CHEMBL673925,Inhibition of phosphorylation of a polyglutamic acid/tyrosine random copolymer by EGFR enzyme (from human A431 carcinoma cell vesicles),B,,,BAO_0000190,BAO_0000357,single protein format,O=C(/C=C/C(=O)Nc1cc2c(Nc3ccc(F)c(Cl)c3)ncnc2cn1)NCCCN1CCOCC1,,,CHEMBL1134843,J Med Chem,2001.0,"{'bei': '17.93', 'le': '0.35', 'lle': '6.32', 'sei': '7.59'}",,CHEMBL138940,,CHEMBL138940,9.21,0,http://www.openphacts.org/units/Nanomolar,265475,=,1,1,=,,IC50,nM,,0.61,CHEMBL203,Homo sapiens,Epidermal growth factor receptor,9606,,,IC50 app,nM,UO_0000065,,0.61
,,122060,[],CHEMBL677216,Inhibition of autophosphorylation of EGFR in A431 cells,B,,,BAO_0000190,BAO_0000219,cell-based format,O=C(/C=C/C(=O)Nc1cc2c(Nc3ccc(F)c(Cl)c3)ncnc2cn1)NCCCN1CCOCC1,,,CHEMBL1134843,J Med Chem,2001.0,"{'bei': '15.28', 'le': '0.30', 'lle': '4.96', 'sei': '6.47'}",,CHEMBL138940,,CHEMBL138940,7.85,0,http://www.openphacts.org/units/Nanomolar,265475,=,1,1,=,,IC50,nM,,14.0,CHEMBL203,Homo sapiens,Epidermal growth factor receptor,9606,,,IC50,nM,UO_0000065,,14.0
,,122062,[],CHEMBL677213,Inhibition of EGF-stimulated autophosphorylation of EGFR in A431 cells,B,,,BAO_0000190,BAO_0000219,cell-based format,O=C(/C=C/C(=O)Nc1cc2c(Nc3ccc(F)c(Cl)c3)ncnc2cn1)NCCCN1CCOCC1,,,CHEMBL1134843,J Med Chem,2001.0,"{'bei': '15.28', 'le': '0.30', 'lle': '4.96', 'sei': '6.47'}",,CHEMBL138940,,CHEMBL138940,7.85,0,http://www.openphacts.org/units/Nanomolar,265475,=,1,1,=,,IC50,nM,,14.0,CHEMBL203,Homo sapiens,Epidermal growth factor receptor,9606,,,IC50,nM,UO_0000065,,14.0
,Not Determined,122505,[],CHEMBL680020,Inhibition of epidermal growth factor receptor (EGFr) tyrosine kinase activity,B,,,BAO_0000190,BAO_0000357,single protein format,CN1CCN(Cc2ccc(Nc3ncc4cc(-c5c(Cl)cccc5Cl)c(=O)n(C)c4n3)cc2)CC1,,,CHEMBL1131066,J Med Chem,1998.0,,,CHEMBL112706,,CHEMBL112706,,0,http://www.openphacts.org/units/Nanomolar,210196,,1,0,,,IC50,nM,,,CHEMBL203,Homo sapiens,Epidermal growth factor receptor,9606,,,IC50,uM,UO_0000065,,
,,122509,[],CHEMBL680019,Inhibitory concentration was evaluated against epidermal growth factor receptor (EGFr) tyrosine kinase,B,,,BAO_0000190,BAO_0000357,single protein format,Cn1c(=O)c(-c2c(Cl)cccc2Cl)cc2cnc(Nc3cccc(O)c3)nc21,,,CHEMBL1131066,J Med Chem,1998.0,"{'bei': '16.51', 'le': '0.33', 'lle': '2.07', 'sei': '8.53'}",,CHEMBL321193,,CHEMBL321193,6.82,0,http://www.openphacts.org/units/Nanomolar,210188,=,1,1,=,,IC50,nM,,150.0,CHEMBL203,Homo sapiens,Epidermal growth factor receptor,9606,,,IC50,uM,UO_0000065,,0.15
,,122513,[],CHEMBL680019,Inhibitory concentration was evaluated against epidermal growth factor receptor (EGFr) tyrosine kinase,B,,,BAO_0000190,BAO_0000357,single protein format,CCOC(=O)CCCc1ccc(Nc2ncc3cc(-c4c(Cl)cccc4Cl)c(=O)n(C)c3n2)cc1,,,CHEMBL1131066,J Med Chem,1998.0,"{'bei': '12.04', 'le': '0.24', 'lle': '0.22', 'sei': '7.15'}",,CHEMBL419022,,CHEMBL419022,6.16,0,http://www.openphacts.org/units/Nanomolar,210181,=,1,1,=,,IC50,nM,,700.0,CHEMBL203,Homo sapiens,Epidermal growth factor receptor,9606,,,IC50,uM,UO_0000065,,0.7
,,122535,[],CHEMBL679947,"Inhibition of phosphorylation of phospholipase C gamma1 by Epidermal growth factor receptor, from human A431 carcinoma cell vesicles",F,,,BAO_0000190,BAO_0000019,assay format,Brc1cccc(Nc2ncnc3cnc(NCCc4c[nH]cn4)nc23)c1,,,CHEMBL1130057,J Med Chem,1997.0,,,CHEMBL53426,,CHEMBL53426,9.60,0,http://www.openphacts.org/units/Nanomolar,89140,=,1,1,=,,IC50,nM,,0.25,CHEMBL203,Homo sapiens,Epidermal growth factor receptor,9606,,,IC50,nM,UO_0000065,,0.25
,,122536,[],CHEMBL680026,Tested for ability to inhibit autophosphorylation of the Epidermal growth factor receptor in human epidermoid carcinoma cells,F,,,BAO_0000190,BAO_0000019,assay format,Brc1cccc(Nc2ncnc3cnc(NCCc4c[nH]cn4)nc23)c1,,,CHEMBL1130057,J Med Chem,1997.0,,,CHEMBL53426,,CHEMBL53426,8.29,0,http://www.openphacts.org/units/Nanomolar,89140,=,1,1,=,,IC50,nM,,5.1,CHEMBL203,Homo sapiens,Epidermal growth factor receptor,9606,,,IC50,nM,UO_0000065,,5.1
,,122537,[],CHEMBL680030,Tested for inhibition of PLC gamma-derived substrate in Epidermal growth factor receptor stimulated A431 cells,F,,,BAO_0000190,BAO_0000219,cell-based format,CN(C)c1cc2c(Nc3cccc(Br)c3)ncnc2cn1,,,CHEMBL1130057,J Med Chem,1997.0,,,CHEMBL53711,,CHEMBL53711,8.59,0,http://www.openphacts.org/units/Nanomolar,89164,=,1,1,=,,IC50,nM,,2.6,CHEMBL203,Homo sapiens,Epidermal growth factor receptor,9606,,,IC50,nM,UO_0000065,,2.6
,,122538,[],CHEMBL680031,Tested for inhibition of autophosphorylation in Epidermal growth factor receptor stimulated A431 cells,F,,,BAO_0000190,BAO_0000219,cell-based format,CN(C)c1cc2c(Nc3cccc(Br)c3)ncnc2cn1,,,CHEMBL1130057,J Med Chem,1997.0,,,CHEMBL53711,,CHEMBL53711,7.92,0,http://www.openphacts.org/units/Nanomolar,89164,=,1,1,=,,IC50,nM,,12.0,CHEMBL203,Homo sapiens,Epidermal growth factor receptor,9606,,,IC50,nM,UO_0000065,,12.0
,,123349,[],CHEMBL673925,Inhibition of phosphorylation of a polyglutamic acid/tyrosine random copolymer by EGFR enzyme (from human A431 carcinoma cell vesicles),B,,,BAO_0000190,BAO_0000357,single protein format,O=C(/C=C/Cl)Nc1cc2c(Nc3cccc(Br)c3)ncnc2cn1,,,CHEMBL1134843,J Med Chem,2001.0,"{'bei': '22.64', 'le': '0.52', 'lle': '4.94', 'sei': '11.48'}",,CHEMBL344177,,CHEMBL344177,9.16,0,http://www.openphacts.org/units/Nanomolar,265469,=,1,1,=,,IC50,nM,,0.69,CHEMBL203,Homo sapiens,Epidermal growth factor receptor,9606,,,IC50 app,nM,UO_0000065,,0.69
,,123350,[],CHEMBL677216,Inhibition of autophosphorylation of EGFR in A431 cells,B,,,BAO_0000190,BAO_0000219,cell-based format,O=C(/C=C/Cl)Nc1cc2c(Nc3cccc(Br)c3)ncnc2cn1,,,CHEMBL1134843,J Med Chem,2001.0,"{'bei': '19.03', 'le': '0.44', 'lle': '3.48', 'sei': '9.65'}",,CHEMBL344177,,CHEMBL344177,7.70,0,http://www.openphacts.org/units/Nanomolar,265469,=,1,1,=,,IC50,nM,,20.0,CHEMBL203,Homo sapiens,Epidermal growth factor receptor,9606,,,IC50,nM,UO_0000065,,20.0
,,123352,[],CHEMBL673925,Inhibition of phosphorylation of a polyglutamic acid/tyrosine random copolymer by EGFR enzyme (from human A431 carcinoma cell vesicles),B,,,BAO_0000190,BAO_0000357,single protein format,CC(=O)/C=C/C(=O)Nc1ccc2ncnc(Nc3cccc(Br)c3)c2c1,,,CHEMBL1134843,J Med Chem,2001.0,"{'bei': '21.69', 'le': '0.47', 'lle': '4.70', 'sei': '10.62'}",,CHEMBL136178,,CHEMBL136178,8.92,0,http://www.openphacts.org/units/Nanomolar,265464,=,1,1,=,,IC50,nM,,1.2,CHEMBL203,Homo sapiens,Epidermal growth factor receptor,9606,,,IC50 app,nM,UO_0000065,,1.2
,,123353,[],CHEMBL677216,Inhibition of autophosphorylation of EGFR in A431 cells,B,,,BAO_0000190,BAO_0000219,cell-based format,CC(=O)/C=C/C(=O)Nc1ccc2ncnc(Nc3cccc(Br)c3)c2c1,,,CHEMBL1134843,J Med Chem,2001.0,"{'bei': '14.55', 'le': '0.31', 'lle': '1.76', 'sei': '7.12'}",,CHEMBL136178,,CHEMBL136178,5.98,0,http://www.openphacts.org/units/Nanomolar,265464,=,1,1,=,,IC50,nM,,1039.0,CHEMBL203,Homo sapiens,Epidermal growth factor receptor,9606,,,IC50,nM,UO_0000065,,1039.0
,,123355,[],CHEMBL673925,Inhibition of phosphorylation of a polyglutamic acid/tyrosine random copolymer by EGFR enzyme (from human A431 carcinoma cell vesicles),B,,,BAO_0000190,BAO_0000357,single protein format,C=CS(=O)(=O)Nc1ccc2ncnc(Nc3cccc(Br)c3)c2c1,,,CHEMBL1134843,J Med Chem,2001.0,"{'bei': '21.85', 'le': '0.50', 'lle': '4.83', 'sei': '10.54'}",,CHEMBL136511,,CHEMBL136511,8.85,0,http://www.openphacts.org/units/Nanomolar,265473,=,1,1,=,,IC50,nM,,1.4,CHEMBL203,Homo sapiens,Epidermal growth factor receptor,9606,,,IC50 app,nM,UO_0000065,,1.4
,,123356,[],CHEMBL677216,Inhibition of autophosphorylation of EGFR in A431 cells,B,,,BAO_0000190,BAO_0000219,cell-based format,C=CS(=O)(=O)Nc1ccc2ncnc(Nc3cccc(Br)c3)c2c1,,,CHEMBL1134843,J Med Chem,2001.0,"{'bei': '21.14', 'le': '0.49', 'lle': '4.55', 'sei': '10.20'}",,CHEMBL136511,,CHEMBL136511,8.57,0,http://www.openphacts.org/units/Nanomolar,265473,=,1,1,=,,IC50,nM,,2.7,CHEMBL203,Homo sapiens,Epidermal growth factor receptor,9606,,,IC50,nM,UO_0000065,,2.7
,Not Determined,123751,[],CHEMBL680020,Inhibition of epidermal growth factor receptor (EGFr) tyrosine kinase activity,B,,,BAO_0000190,BAO_0000357,single protein format,CC[N+]([O-])(CC)CCOc1ccc(Nc2ncc3cc(-c4c(Cl)cccc4Cl)c(=O)n(C)c3n2)cc1,,,CHEMBL1131066,J Med Chem,1998.0,,,CHEMBL320339,,CHEMBL320339,,0,http://www.openphacts.org/units/Nanomolar,210146,,1,0,,,IC50,nM,,,CHEMBL203,Homo sapiens,Epidermal growth factor receptor,9606,,,IC50,uM,UO_0000065,,
,,123785,[],CHEMBL679947,"Inhibition of phosphorylation of phospholipase C gamma1 by Epidermal growth factor receptor, from human A431 carcinoma cell vesicles",F,,,BAO_0000190,BAO_0000019,assay format,Cc1cccc(Nc2ncnc3cnc(NCCc4c[nH]cn4)nc23)c1,,,CHEMBL1130057,J Med Chem,1997.0,,,CHEMBL416307,,CHEMBL416307,8.52,0,http://www.openphacts.org/units/Nanomolar,89151,=,1,1,=,,IC50,nM,,3.0,CHEMBL203,Homo sapiens,Epidermal growth factor receptor,9606,,,IC50,nM,UO_0000065,,3.0
,,124275,[],CHEMBL677391,Inhibition of tyrosine phosphorylation activity of the epidermal growth factor receptor (EGFR) tyrosine kinase from human A-431 carcinoma cell-shed membrane vesicles,B,,,BAO_0000190,BAO_0000019,assay format,Cc1cccc2c(C(=O)Nc3ccccc3)c(SSc3c(C(=O)Nc4ccccc4)c4cccc(C)c4n3C)n(C)c12,,,CHEMBL1127560,J Med Chem,1994.0,,,CHEMBL64165,,CHEMBL64165,,0,http://www.openphacts.org/units/Nanomolar,109050,>,1,1,>,,IC50,nM,,100000.0,CHEMBL203,Homo sapiens,Epidermal growth factor receptor,9606,,,IC50,uM,UO_0000065,,100.0
,,124308,[],CHEMBL676146,Inhibition of EGF-dependent DNA synthesis in ER 22 cells incubated with [3H]TdR,F,,,BAO_0000190,BAO_0000219,cell-based format,O=C(O)c1cccc(/N=C/c2cc(O)ccc2O)c1,,,CHEMBL1127084,J Med Chem,1993.0,,,CHEMBL130116,,CHEMBL130116,,0,http://www.openphacts.org/units/Nanomolar,252405,>,1,1,>,,IC50,nM,,20000.0,CHEMBL203,Homo sapiens,Epidermal growth factor receptor,9606,,,IC50,uM,UO_0000065,,20.0
,,124325,[],CHEMBL679549,Inhibitory activity against recombinant tyrosine kinase EGF-R (EGF-R ICD),B,,,BAO_0000190,BAO_0000357,single protein format,O=c1c(-c2ccc(O)cc2)coc2cc(O)cc(O)c12,,,CHEMBL1127678,J Med Chem,1994.0,"{'bei': '22.20', 'le': '0.41', 'lle': '3.42', 'sei': '6.60'}",,CHEMBL44,GENISTEIN,CHEMBL44,6.00,0,http://www.openphacts.org/units/Nanomolar,2996,=,1,1,=,,IC50,nM,,1000.0,CHEMBL203,Homo sapiens,Epidermal growth factor receptor,9606,,,IC50,uM,UO_0000065,,1.0
,,124595,[],CHEMBL673925,Inhibition of phosphorylation of a polyglutamic acid/tyrosine random copolymer by EGFR enzyme (from human A431 carcinoma cell vesicles),B,,,BAO_0000190,BAO_0000357,single protein format,CN(C)CCCNC(=O)/C=C/C(=O)N(C)c1cc2c(Nc3cccc(Br)c3)ncnc2cn1,,,CHEMBL1134843,J Med Chem,2001.0,"{'bei': '17.25', 'le': '0.37', 'lle': '5.72', 'sei': '8.55'}",,CHEMBL136102,,CHEMBL136102,8.84,0,http://www.openphacts.org/units/Nanomolar,265476,=,1,1,=,,IC50,nM,,1.45,CHEMBL203,Homo sapiens,Epidermal growth factor receptor,9606,,,IC50 app,nM,UO_0000065,,1.45
,,124596,[],CHEMBL677216,Inhibition of autophosphorylation of EGFR in A431 cells,B,,,BAO_0000190,BAO_0000219,cell-based format,CN(C)CCCNC(=O)/C=C/C(=O)N(C)c1cc2c(Nc3cccc(Br)c3)ncnc2cn1,,,CHEMBL1134843,J Med Chem,2001.0,"{'bei': '13.10', 'le': '0.28', 'lle': '3.59', 'sei': '6.50'}",,CHEMBL136102,,CHEMBL136102,6.71,0,http://www.openphacts.org/units/Nanomolar,265476,=,1,1,=,,IC50,nM,,193.0,CHEMBL203,Homo sapiens,Epidermal growth factor receptor,9606,,,IC50,nM,UO_0000065,,193.0
,,124598,[],CHEMBL673925,Inhibition of phosphorylation of a polyglutamic acid/tyrosine random copolymer by EGFR enzyme (from human A431 carcinoma cell vesicles),B,,,BAO_0000190,BAO_0000357,single protein format,C=CS(=O)(=O)c1cc2c(Nc3cccc(Br)c3)ncnc2cn1,,,CHEMBL1134843,J Med Chem,2001.0,"{'bei': '23.94', 'le': '0.56', 'lle': '5.92', 'sei': '11.04'}",,CHEMBL336264,,CHEMBL336264,9.37,0,http://www.openphacts.org/units/Nanomolar,265471,=,1,1,=,,IC50,nM,,0.43,CHEMBL203,Homo sapiens,Epidermal growth factor receptor,9606,,,IC50 app,nM,UO_0000065,,0.43
,,124599,[],CHEMBL677216,Inhibition of autophosphorylation of EGFR in A431 cells,B,,,BAO_0000190,BAO_0000219,cell-based format,C=CS(=O)(=O)c1cc2c(Nc3cccc(Br)c3)ncnc2cn1,,,CHEMBL1134843,J Med Chem,2001.0,,,CHEMBL336264,,CHEMBL336264,,0,http://www.openphacts.org/units/Nanomolar,265471,>,1,1,>,,IC50,nM,,500.0,CHEMBL203,Homo sapiens,Epidermal growth factor receptor,9606,,,IC50,nM,UO_0000065,,500.0
,,125063,[],CHEMBL680019,Inhibitory concentration was evaluated against epidermal growth factor receptor (EGFr) tyrosine kinase,B,,,BAO_0000190,BAO_0000357,single protein format,COc1ccc(Nc2ncc3cc(-c4c(Cl)cccc4Cl)c(=O)n(C)c3n2)cc1,,,CHEMBL1131066,J Med Chem,1998.0,"{'bei': '15.58', 'le': '0.31', 'lle': '1.61', 'sei': '9.64'}",,CHEMBL104153,,CHEMBL104153,6.66,0,http://www.openphacts.org/units/Nanomolar,210189,=,1,1,=,,IC50,nM,,220.0,CHEMBL203,Homo sapiens,Epidermal growth factor receptor,9606,,,IC50,uM,UO_0000065,,0.22
,,125108,[],CHEMBL680030,Tested for inhibition of PLC gamma-derived substrate in Epidermal growth factor receptor stimulated A431 cells,F,,,BAO_0000190,BAO_0000219,cell-based format,CNc1ccc2ncnc(Nc3cccc(Br)c3)c2n1,,,CHEMBL1130057,J Med Chem,1997.0,,,CHEMBL53156,,CHEMBL53156,8.51,1,http://www.openphacts.org/units/Nanomolar,89157,=,1,1,=,,IC50,nM,,3.1,CHEMBL203,Homo sapiens,Epidermal growth factor receptor,9606,,,IC50,nM,UO_0000065,,3.1
,,125109,[],CHEMBL680031,Tested for inhibition of autophosphorylation in Epidermal growth factor receptor stimulated A431 cells,F,,,BAO_0000190,BAO_0000219,cell-based format,CNc1ccc2ncnc(Nc3cccc(Br)c3)c2n1,,,CHEMBL1130057,J Med Chem,1997.0,,,CHEMBL53156,,CHEMBL53156,7.70,1,http://www.openphacts.org/units/Nanomolar,89157,=,1,1,=,,IC50,nM,,20.0,CHEMBL203,Homo sapiens,Epidermal growth factor receptor,9606,,,IC50,nM,UO_0000065,,20.0
,,125565,[],CHEMBL683041,Inhibition of Epidermal Growth Factor Receptor (EGFR) autophosphorylation,B,,,BAO_0000190,BAO_0000357,single protein format,C=CC(=O)Nc1cc2c(Nc3ccc(F)c(Cl)c3)c(C#N)cnc2cc1OCCCN1CCOCC1,,,CHEMBL1135208,Bioorg Med Chem Lett,2002.0,"{'bei': '13.92', 'le': '0.27', 'lle': '2.23', 'sei': '7.13'}",,CHEMBL95774,,CHEMBL95774,7.10,0,http://www.openphacts.org/units/Nanomolar,182225,=,1,1,=,,IC50,nM,,80.0,CHEMBL203,Homo sapiens,Epidermal growth factor receptor,9606,,,IC50,uM,UO_0000065,,0.08
,,125659,[],CHEMBL676146,Inhibition of EGF-dependent DNA synthesis in ER 22 cells incubated with [3H]TdR,F,,,BAO_0000190,BAO_0000219,cell-based format,COC(=O)c1ccc(/N=C/c2cc(O)ccc2O)cc1O,,,CHEMBL1127084,J Med Chem,1993.0,,,CHEMBL130893,,CHEMBL130893,,0,http://www.openphacts.org/units/Nanomolar,252387,>,1,1,>,,IC50,nM,,10000.0,CHEMBL203,Homo sapiens,Epidermal growth factor receptor,9606,,,IC50,uM,UO_0000065,,10.0
,,125663,[],CHEMBL676146,Inhibition of EGF-dependent DNA synthesis in ER 22 cells incubated with [3H]TdR,F,,,BAO_0000190,BAO_0000219,cell-based format,O=C(O)c1cccc(NCc2cc(O)ccc2O)c1,,,CHEMBL1127084,J Med Chem,1993.0,,,CHEMBL129907,,CHEMBL129907,,0,http://www.openphacts.org/units/Nanomolar,252389,>,1,1,>,,IC50,nM,,20000.0,CHEMBL203,Homo sapiens,Epidermal growth factor receptor,9606,,,IC50,uM,UO_0000065,,20.0
,,125665,[],CHEMBL676146,Inhibition of EGF-dependent DNA synthesis in ER 22 cells incubated with [3H]TdR,F,,,BAO_0000190,BAO_0000219,cell-based format,COC(=O)c1cc(NCc2cc(O)ccc2O)ccc1O,,,CHEMBL1127084,J Med Chem,1993.0,,,CHEMBL131653,,CHEMBL131653,5.05,0,http://www.openphacts.org/units/Nanomolar,252399,=,1,1,=,,IC50,nM,,9000.0,CHEMBL203,Homo sapiens,Epidermal growth factor receptor,9606,,,IC50,uM,UO_0000065,,9.0
,,125676,[],CHEMBL679549,Inhibitory activity against recombinant tyrosine kinase EGF-R (EGF-R ICD),B,,,BAO_0000190,BAO_0000357,single protein format,O=C1NC(=O)c2cc(Nc3ccccc3)c(Nc3ccccc3)cc21,,,CHEMBL1127678,J Med Chem,1994.0,"{'bei': '19.80', 'le': '0.36', 'lle': '2.46', 'sei': '9.29'}",,CHEMBL268868,DAPH,CHEMBL268868,6.52,0,http://www.openphacts.org/units/Nanomolar,2988,=,1,1,=,,IC50,nM,,300.0,CHEMBL203,Homo sapiens,Epidermal growth factor receptor,9606,,,IC50,uM,UO_0000065,,0.3
,,125682,[],CHEMBL621149,Inhibition of EGF-dependent autophosphorylation of EGF-R in human A431 cells,F,,,BAO_0000190,BAO_0000219,cell-based format,O=C1NC(=O)c2cc(Nc3ccccc3)c(Nc3ccccc3)cc21,,,CHEMBL1127678,J Med Chem,1994.0,,,CHEMBL268868,DAPH,CHEMBL268868,,0,http://www.openphacts.org/units/Nanomolar,2988,>,1,1,>,,IC50,nM,,4500.0,CHEMBL203,Homo sapiens,Epidermal growth factor receptor,9606,,,IC50,uM,UO_0000065,,4.5
,,125685,[],CHEMBL679549,Inhibitory activity against recombinant tyrosine kinase EGF-R (EGF-R ICD),B,,,BAO_0000190,BAO_0000357,single protein format,COc1ccc(Nc2cc3c(cc2Nc2ccc(OC)cc2)C(=O)NC3=O)cc1,,,CHEMBL1127678,J Med Chem,1994.0,,,CHEMBL7352,,CHEMBL7352,,0,http://www.openphacts.org/units/Nanomolar,2990,>,1,1,>,,IC50,nM,,50000.0,CHEMBL203,Homo sapiens,Epidermal growth factor receptor,9606,,,IC50,uM,UO_0000065,,50.0
,,125689,[],CHEMBL621149,Inhibition of EGF-dependent autophosphorylation of EGF-R in human A431 cells,F,,,BAO_0000190,BAO_0000219,cell-based format,COc1ccc(Nc2cc3c(cc2Nc2ccc(OC)cc2)C(=O)NC3=O)cc1,,,CHEMBL1127678,J Med Chem,1994.0,,,CHEMBL7352,,CHEMBL7352,,0,http://www.openphacts.org/units/Nanomolar,2990,>,1,1,>,,IC50,nM,,100000.0,CHEMBL203,Homo sapiens,Epidermal growth factor receptor,9606,,,IC50,uM,UO_0000065,,100.0
,,125800,[],CHEMBL679549,Inhibitory activity against recombinant tyrosine kinase EGF-R (EGF-R ICD),B,,,BAO_0000190,BAO_0000357,single protein format,CN(c1ccccc1)c1cc2c(cc1Nc1ccccc1)C(=O)NC2=O,,,CHEMBL1127678,J Med Chem,1994.0,"{'bei': '14.74', 'le': '0.27', 'lle': '0.98', 'sei': '8.24'}",,CHEMBL7775,,CHEMBL7775,5.06,0,http://www.openphacts.org/units/Nanomolar,3010,=,1,1,=,,IC50,nM,,8700.0,CHEMBL203,Homo sapiens,Epidermal growth factor receptor,9606,,,IC50,uM,UO_0000065,,8.7
,,125805,[],CHEMBL621149,Inhibition of EGF-dependent autophosphorylation of EGF-R in human A431 cells,F,,,BAO_0000190,BAO_0000219,cell-based format,CN(c1ccccc1)c1cc2c(cc1Nc1ccccc1)C(=O)NC2=O,,,CHEMBL1127678,J Med Chem,1994.0,,,CHEMBL7775,,CHEMBL7775,,0,http://www.openphacts.org/units/Nanomolar,3010,>,1,1,>,,IC50,nM,,100000.0,CHEMBL203,Homo sapiens,Epidermal growth factor receptor,9606,,,IC50,uM,UO_0000065,,100.0
,,125815,[],CHEMBL679549,Inhibitory activity against recombinant tyrosine kinase EGF-R (EGF-R ICD),B,,,BAO_0000190,BAO_0000357,single protein format,COC(=O)c1cc(Nc2ccccc2)c(Nc2ccccc2)cc1C(=O)OC,,,CHEMBL1127678,J Med Chem,1994.0,,,CHEMBL8222,,CHEMBL8222,,0,http://www.openphacts.org/units/Nanomolar,3009,>,1,1,>,,IC50,nM,,100000.0,CHEMBL203,Homo sapiens,Epidermal growth factor receptor,9606,,,IC50,uM,UO_0000065,,100.0
,,126489,[],CHEMBL680030,Tested for inhibition of PLC gamma-derived substrate in Epidermal growth factor receptor stimulated A431 cells,F,,,BAO_0000190,BAO_0000219,cell-based format,CN(C)c1cc2c(Nc3cccc(Br)c3)ncnc2cn1,Outside typical range,"Values for this activity type are unusually large/small, so may not be accurate",CHEMBL1130057,J Med Chem,1997.0,,,CHEMBL53711,,CHEMBL53711,,1,http://www.openphacts.org/units/Nanomolar,89165,=,1,1,=,,IC50,nM,,0.006,CHEMBL203,Homo sapiens,Epidermal growth factor receptor,9606,,,IC50,nM,UO_0000065,,0.006
,,126490,[],CHEMBL680031,Tested for inhibition of autophosphorylation in Epidermal growth factor receptor stimulated A431 cells,F,,,BAO_0000190,BAO_0000219,cell-based format,CN(C)c1cc2c(Nc3cccc(Br)c3)ncnc2cn1,,,CHEMBL1130057,J Med Chem,1997.0,,,CHEMBL53711,,CHEMBL53711,7.68,1,http://www.openphacts.org/units/Nanomolar,89165,=,1,1,=,,IC50,nM,,21.0,CHEMBL203,Homo sapiens,Epidermal growth factor receptor,9606,,,IC50,nM,UO_0000065,,21.0
,,127172,[],CHEMBL677391,Inhibition of tyrosine phosphorylation activity of the epidermal growth factor receptor (EGFR) tyrosine kinase from human A-431 carcinoma cell-shed membrane vesicles,B,,,BAO_0000190,BAO_0000019,assay format,Cc1ccc2c(c1)c(C(=O)Nc1ccccc1)c(SSc1c(C(=O)Nc3ccccc3)c3cc(C)ccc3n1C)n2C,,,CHEMBL1127560,J Med Chem,1994.0,,,CHEMBL60200,,CHEMBL60200,,0,http://www.openphacts.org/units/Nanomolar,109054,>,1,1,>,,IC50,nM,,100000.0,CHEMBL203,Homo sapiens,Epidermal growth factor receptor,9606,,,IC50,uM,UO_0000065,,100.0
,,127175,[],CHEMBL677391,Inhibition of tyrosine phosphorylation activity of the epidermal growth factor receptor (EGFR) tyrosine kinase from human A-431 carcinoma cell-shed membrane vesicles,B,,,BAO_0000190,BAO_0000019,assay format,CC(=O)Oc1ccc2c(c1)c(C(=O)Nc1ccccc1)c(SSc1c(C(=O)Nc3ccccc3)c3cc(OC(C)=O)ccc3n1C)n2C,,,CHEMBL1127560,J Med Chem,1994.0,"{'bei': '7.77', 'le': '0.15', 'lle': '-2.54', 'sei': '4.37'}",,CHEMBL61119,,CHEMBL61119,5.28,0,http://www.openphacts.org/units/Nanomolar,109053,=,1,1,=,,IC50,nM,,5300.0,CHEMBL203,Homo sapiens,Epidermal growth factor receptor,9606,,,IC50,uM,UO_0000065,,5.3
,,127318,[],CHEMBL677391,Inhibition of tyrosine phosphorylation activity of the epidermal growth factor receptor (EGFR) tyrosine kinase from human A-431 carcinoma cell-shed membrane vesicles,B,,,BAO_0000190,BAO_0000019,assay format,Cn1c(SSCc2ccccc2)c(C(=O)Nc2ccccc2)c2ccccc21,,,CHEMBL1127560,J Med Chem,1994.0,,,CHEMBL64231,,CHEMBL64231,,0,http://www.openphacts.org/units/Nanomolar,109060,>,1,1,>,,IC50,nM,,100000.0,CHEMBL203,Homo sapiens,Epidermal growth factor receptor,9606,,,IC50,uM,UO_0000065,,100.0
,,127421,[],CHEMBL673925,Inhibition of phosphorylation of a polyglutamic acid/tyrosine random copolymer by EGFR enzyme (from human A431 carcinoma cell vesicles),B,,,BAO_0000190,BAO_0000357,single protein format,O=S(=O)(CCO)c1cc2c(Nc3cccc(Br)c3)ncnc2cn1,,,CHEMBL1134843,J Med Chem,2001.0,"{'bei': '17.18', 'le': '0.40', 'lle': '4.73', 'sei': '6.69'}",,CHEMBL335440,,CHEMBL335440,7.03,0,http://www.openphacts.org/units/Nanomolar,265472,=,1,1,=,,IC50,nM,,93.5,CHEMBL203,Homo sapiens,Epidermal growth factor receptor,9606,,,IC50 app,nM,UO_0000065,,93.5
,,127736,[],CHEMBL680019,Inhibitory concentration was evaluated against epidermal growth factor receptor (EGFr) tyrosine kinase,B,,,BAO_0000190,BAO_0000357,single protein format,Cn1c(=O)c(-c2c(Cl)cccc2Cl)cc2cnc(Nc3ccc(CC(=O)O)cc3)nc21,,,CHEMBL1131066,J Med Chem,1998.0,"{'bei': '14.62', 'le': '0.29', 'lle': '1.99', 'sei': '6.86'}",,CHEMBL50647,,CHEMBL50647,6.66,0,http://www.openphacts.org/units/Nanomolar,210158,=,1,1,=,,IC50,nM,,220.0,CHEMBL203,Homo sapiens,Epidermal growth factor receptor,9606,,,IC50,uM,UO_0000065,,0.22
,,127740,[],CHEMBL680019,Inhibitory concentration was evaluated against epidermal growth factor receptor (EGFr) tyrosine kinase,B,,,BAO_0000190,BAO_0000357,single protein format,COc1ccccc1Nc1ncc2cc(-c3c(Cl)cccc3Cl)c(=O)n(C)c2n1,,,CHEMBL1131066,J Med Chem,1998.0,"{'bei': '16.80', 'le': '0.34', 'lle': '2.13', 'sei': '10.40'}",,CHEMBL320705,,CHEMBL320705,7.18,0,http://www.openphacts.org/units/Nanomolar,210191,=,1,1,=,,IC50,nM,,66.0,CHEMBL203,Homo sapiens,Epidermal growth factor receptor,9606,,,IC50,uM,UO_0000065,,0.066
,,127787,[],CHEMBL679947,"Inhibition of phosphorylation of phospholipase C gamma1 by Epidermal growth factor receptor, from human A431 carcinoma cell vesicles",F,,,BAO_0000190,BAO_0000019,assay format,Brc1cccc(Nc2ncnc3cnc(NCCCn4ccnc4)nc23)c1,,,CHEMBL1130057,J Med Chem,1997.0,,,CHEMBL51228,,CHEMBL51228,8.64,0,http://www.openphacts.org/units/Nanomolar,89152,=,1,1,=,,IC50,nM,,2.3,CHEMBL203,Homo sapiens,Epidermal growth factor receptor,9606,,,IC50,nM,UO_0000065,,2.3
,,128253,[],CHEMBL676147,Inhibition of EGF-dependent DNA synthesis in EGF-receptor expressing ER22 cells,F,,,BAO_0000190,BAO_0000219,cell-based format,COC(=O)c1cc(/N=C/c2ccc(O)cc2)ccc1O,,,CHEMBL1127084,J Med Chem,1993.0,,,CHEMBL130117,,CHEMBL130117,,0,http://www.openphacts.org/units/Nanomolar,252406,>,1,1,>,,IC50,nM,,10000.0,CHEMBL203,Homo sapiens,Epidermal growth factor receptor,9606,,,IC50,uM,UO_0000065,,10.0
,,128255,[],CHEMBL676146,Inhibition of EGF-dependent DNA synthesis in ER 22 cells incubated with [3H]TdR,F,,,BAO_0000190,BAO_0000219,cell-based format,COC(=O)c1cc(NCc2cc(O)ccc2O)ccc1OC,,,CHEMBL1127084,J Med Chem,1993.0,,,CHEMBL129930,,CHEMBL129930,5.02,0,http://www.openphacts.org/units/Nanomolar,252403,=,1,1,=,,IC50,nM,,9500.0,CHEMBL203,Homo sapiens,Epidermal growth factor receptor,9606,,,IC50,uM,UO_0000065,,9.5
,,128843,[],CHEMBL680019,Inhibitory concentration was evaluated against epidermal growth factor receptor (EGFr) tyrosine kinase,B,,,BAO_0000190,BAO_0000357,single protein format,Cn1c(=O)c(-c2c(Cl)cccc2Cl)cc2cnc(NCCCN3CCOCC3)nc21,,,CHEMBL1131066,J Med Chem,1998.0,,,CHEMBL48172,,CHEMBL48172,,0,http://www.openphacts.org/units/Nanomolar,210162,>,1,1,>,,IC50,nM,,5000.0,CHEMBL203,Homo sapiens,Epidermal growth factor receptor,9606,,,IC50,uM,UO_0000065,,5.0
,,128847,[],CHEMBL680019,Inhibitory concentration was evaluated against epidermal growth factor receptor (EGFr) tyrosine kinase,B,,,BAO_0000190,BAO_0000357,single protein format,Cn1c(=O)c(-c2c(Cl)cccc2Cl)cc2cnc(NCCCCCC(=O)O)nc21,,,CHEMBL1131066,J Med Chem,1998.0,"{'bei': '13.78', 'le': '0.28', 'lle': '1.64', 'sei': '6.18'}",,CHEMBL113863,,CHEMBL113863,6.00,0,http://www.openphacts.org/units/Nanomolar,210173,=,1,1,=,,IC50,nM,,1000.0,CHEMBL203,Homo sapiens,Epidermal growth factor receptor,9606,,,IC50,uM,UO_0000065,,1.0
,,129395,[],CHEMBL683041,Inhibition of Epidermal Growth Factor Receptor (EGFR) autophosphorylation,B,,,BAO_0000190,BAO_0000357,single protein format,C#Cc1cccc(Nc2ncnc3cc(OCCOC)c(OCCOC)cc23)c1,,,CHEMBL1135208,Bioorg Med Chem Lett,2002.0,"{'bei': '14.84', 'le': '0.27', 'lle': '2.43', 'sei': '7.81'}",,CHEMBL553,ERLOTINIB,CHEMBL553,5.84,0,http://www.openphacts.org/units/Nanomolar,182228,=,1,1,=,,IC50,nM,,1450.0,CHEMBL203,Homo sapiens,Epidermal growth factor receptor,9606,,,IC50,uM,UO_0000065,,1.45
,,129504,[],CHEMBL677391,Inhibition of tyrosine phosphorylation activity of the epidermal growth factor receptor (EGFR) tyrosine kinase from human A-431 carcinoma cell-shed membrane vesicles,B,,,BAO_0000190,BAO_0000019,assay format,CN1C(=S)C(C(=O)Nc2ccccc2)c2cccnc21,,,CHEMBL1127560,J Med Chem,1994.0,,,CHEMBL62699,,CHEMBL62699,,0,http://www.openphacts.org/units/Nanomolar,109043,>,1,1,>,,IC50,nM,,100000.0,CHEMBL203,Homo sapiens,Epidermal growth factor receptor,9606,,,IC50,uM,UO_0000065,,100.0
,,129764,[],CHEMBL673925,Inhibition of phosphorylation of a polyglutamic acid/tyrosine random copolymer by EGFR enzyme (from human A431 carcinoma cell vesicles),B,,,BAO_0000190,BAO_0000357,single protein format,C=C(C)C(=O)Nc1ccc2ncnc(Nc3cccc(Br)c3)c2c1,,,CHEMBL1134843,J Med Chem,2001.0,"{'bei': '23.28', 'le': '0.51', 'lle': '4.27', 'sei': '13.33'}",,CHEMBL92086,,CHEMBL92086,8.92,0,http://www.openphacts.org/units/Nanomolar,265490,=,1,1,=,,IC50,nM,,1.2,CHEMBL203,Homo sapiens,Epidermal growth factor receptor,9606,,,IC50 app,nM,UO_0000065,,1.2
,,129765,[],CHEMBL677216,Inhibition of autophosphorylation of EGFR in A431 cells,B,,,BAO_0000190,BAO_0000219,cell-based format,C=C(C)C(=O)Nc1ccc2ncnc(Nc3cccc(Br)c3)c2c1,,,CHEMBL1134843,J Med Chem,2001.0,"{'bei': '20.34', 'le': '0.44', 'lle': '3.15', 'sei': '11.65'}",,CHEMBL92086,,CHEMBL92086,7.80,0,http://www.openphacts.org/units/Nanomolar,265490,=,1,1,=,,IC50,nM,,16.0,CHEMBL203,Homo sapiens,Epidermal growth factor receptor,9606,,,IC50,nM,UO_0000065,,16.0
,,130156,[],CHEMBL680019,Inhibitory concentration was evaluated against epidermal growth factor receptor (EGFr) tyrosine kinase,B,,,BAO_0000190,BAO_0000357,single protein format,Cn1c(=O)c(-c2c(Cl)cccc2Cl)cc2cnc(Nc3cccc(C(=O)O)c3)nc21,,,CHEMBL1131066,J Med Chem,1998.0,"{'bei': '15.23', 'le': '0.31', 'lle': '1.98', 'sei': '6.92'}",,CHEMBL109631,,CHEMBL109631,6.72,0,http://www.openphacts.org/units/Nanomolar,210148,=,1,1,=,,IC50,nM,,190.0,CHEMBL203,Homo sapiens,Epidermal growth factor receptor,9606,,,IC50,uM,UO_0000065,,0.19
,,130236,[],CHEMBL680030,Tested for inhibition of PLC gamma-derived substrate in Epidermal growth factor receptor stimulated A431 cells,F,,,BAO_0000190,BAO_0000219,cell-based format,CN(C)c1ccc2ncnc(Nc3cccc(Br)c3)c2c1,,,CHEMBL1130057,J Med Chem,1997.0,,,CHEMBL52015,,CHEMBL52015,7.08,1,http://www.openphacts.org/units/Nanomolar,89159,=,1,1,=,,IC50,nM,,84.0,CHEMBL203,Homo sapiens,Epidermal growth factor receptor,9606,,,IC50,nM,UO_0000065,,84.0
,,130237,[],CHEMBL680030,Tested for inhibition of PLC gamma-derived substrate in Epidermal growth factor receptor stimulated A431 cells,F,,,BAO_0000190,BAO_0000219,cell-based format,CN(C)c1ccc2ncnc(Nc3cccc(Br)c3)c2n1,,,CHEMBL1130057,J Med Chem,1997.0,,,CHEMBL53796,,CHEMBL53796,8.02,1,http://www.openphacts.org/units/Nanomolar,89156,=,1,1,=,,IC50,nM,,9.6,CHEMBL203,Homo sapiens,Epidermal growth factor receptor,9606,,,IC50,nM,UO_0000065,,9.6
,,130238,[],CHEMBL680031,Tested for inhibition of autophosphorylation in Epidermal growth factor receptor stimulated A431 cells,F,,,BAO_0000190,BAO_0000219,cell-based format,CN(C)c1ccc2ncnc(Nc3cccc(Br)c3)c2n1,,,CHEMBL1130057,J Med Chem,1997.0,,,CHEMBL53796,,CHEMBL53796,7.50,1,http://www.openphacts.org/units/Nanomolar,89156,=,1,1,=,,IC50,nM,,32.0,CHEMBL203,Homo sapiens,Epidermal growth factor receptor,9606,,,IC50,nM,UO_0000065,,32.0
,,130239,[],CHEMBL680030,Tested for inhibition of PLC gamma-derived substrate in Epidermal growth factor receptor stimulated A431 cells,F,,,BAO_0000190,BAO_0000219,cell-based format,Nc1cc2c(Nc3cccc(Br)c3)ncnc2cn1,,,CHEMBL1130057,J Med Chem,1997.0,,,CHEMBL51853,,CHEMBL51853,9.89,1,http://www.openphacts.org/units/Nanomolar,89167,=,1,1,=,,IC50,nM,,0.13,CHEMBL203,Homo sapiens,Epidermal growth factor receptor,9606,,,IC50,nM,UO_0000065,,0.13
,,130240,[],CHEMBL680031,Tested for inhibition of autophosphorylation in Epidermal growth factor receptor stimulated A431 cells,F,,,BAO_0000190,BAO_0000219,cell-based format,Nc1cc2c(Nc3cccc(Br)c3)ncnc2cn1,,,CHEMBL1130057,J Med Chem,1997.0,,,CHEMBL51853,,CHEMBL51853,7.80,1,http://www.openphacts.org/units/Nanomolar,89167,=,1,1,=,,IC50,nM,,16.0,CHEMBL203,Homo sapiens,Epidermal growth factor receptor,9606,,,IC50,nM,UO_0000065,,16.0
,,130896,[],CHEMBL677391,Inhibition of tyrosine phosphorylation activity of the epidermal growth factor receptor (EGFR) tyrosine kinase from human A-431 carcinoma cell-shed membrane vesicles,B,,,BAO_0000190,BAO_0000019,assay format,COc1cccc2c1c(C(=O)Nc1ccccc1)c(SSc1c(C(=O)Nc3ccccc3)c3c(OC)cccc3n1C)n2C,,,CHEMBL1127560,J Med Chem,1994.0,,,CHEMBL294205,,CHEMBL294205,,0,http://www.openphacts.org/units/Nanomolar,109058,>,1,1,>,,IC50,nM,,100000.0,CHEMBL203,Homo sapiens,Epidermal growth factor receptor,9606,,,IC50,uM,UO_0000065,,100.0
,,130899,[],CHEMBL677391,Inhibition of tyrosine phosphorylation activity of the epidermal growth factor receptor (EGFR) tyrosine kinase from human A-431 carcinoma cell-shed membrane vesicles,B,,,BAO_0000190,BAO_0000019,assay format,Cn1c(SSc2c(C(=O)Nc3ccccc3)c3ccc(O)cc3n2C)c(C(=O)Nc2ccccc2)c2ccc(O)cc21,,,CHEMBL1127560,J Med Chem,1994.0,"{'bei': '7.33', 'le': '0.14', 'lle': '-3.03', 'sei': '4.01'}",,CHEMBL293913,,CHEMBL293913,4.36,0,http://www.openphacts.org/units/Nanomolar,109034,=,1,1,=,,IC50,nM,,44000.0,CHEMBL203,Homo sapiens,Epidermal growth factor receptor,9606,,,IC50,uM,UO_0000065,,44.0
,,130926,[],CHEMBL676146,Inhibition of EGF-dependent DNA synthesis in ER 22 cells incubated with [3H]TdR,F,,,BAO_0000190,BAO_0000219,cell-based format,COC(=O)c1ccc(NCc2cc(O)ccc2O)cc1O,,,CHEMBL1127084,J Med Chem,1993.0,,,CHEMBL133283,,CHEMBL133283,5.00,0,http://www.openphacts.org/units/Nanomolar,252390,=,1,1,=,,IC50,nM,,10000.0,CHEMBL203,Homo sapiens,Epidermal growth factor receptor,9606,,,IC50,uM,UO_0000065,,10.0
,,130930,[],CHEMBL679549,Inhibitory activity against recombinant tyrosine kinase EGF-R (EGF-R ICD),B,,,BAO_0000190,BAO_0000357,single protein format,Cc1ccc(Nc2cc3c(cc2Nc2ccc(C)cc2)C(=O)NC3=O)cc1,,,CHEMBL1127678,J Med Chem,1994.0,"{'bei': '15.67', 'le': '0.28', 'lle': '0.93', 'sei': '7.98'}",,CHEMBL7914,,CHEMBL7914,5.60,0,http://www.openphacts.org/units/Nanomolar,2994,=,1,1,=,,IC50,nM,,2500.0,CHEMBL203,Homo sapiens,Epidermal growth factor receptor,9606,,,IC50,uM,UO_0000065,,2.5
,,130935,[],CHEMBL621149,Inhibition of EGF-dependent autophosphorylation of EGF-R in human A431 cells,F,,,BAO_0000190,BAO_0000219,cell-based format,Cc1ccc(Nc2cc3c(cc2Nc2ccc(C)cc2)C(=O)NC3=O)cc1,,,CHEMBL1127678,J Med Chem,1994.0,,,CHEMBL7914,,CHEMBL7914,5.35,0,http://www.openphacts.org/units/Nanomolar,2994,=,1,1,=,,IC50,nM,,4500.0,CHEMBL203,Homo sapiens,Epidermal growth factor receptor,9606,,,IC50,uM,UO_0000065,,4.5
,,130938,[],CHEMBL679549,Inhibitory activity against recombinant tyrosine kinase EGF-R (EGF-R ICD),B,,,BAO_0000190,BAO_0000357,single protein format,O=C1NC(=O)c2cc(Nc3ccc(-c4ccccc4)cc3)c(Nc3ccc(-c4ccccc4)cc3)cc21,,,CHEMBL1127678,J Med Chem,1994.0,,,CHEMBL7929,,CHEMBL7929,,0,http://www.openphacts.org/units/Nanomolar,3003,>,1,1,>,,IC50,nM,,50000.0,CHEMBL203,Homo sapiens,Epidermal growth factor receptor,9606,,,IC50,uM,UO_0000065,,50.0
,,130941,[],CHEMBL621149,Inhibition of EGF-dependent autophosphorylation of EGF-R in human A431 cells,F,,,BAO_0000190,BAO_0000219,cell-based format,O=C1NC(=O)c2cc(Nc3ccc(-c4ccccc4)cc3)c(Nc3ccc(-c4ccccc4)cc3)cc21,,,CHEMBL1127678,J Med Chem,1994.0,,,CHEMBL7929,,CHEMBL7929,,0,http://www.openphacts.org/units/Nanomolar,3003,>,1,1,>,,IC50,nM,,100000.0,CHEMBL203,Homo sapiens,Epidermal growth factor receptor,9606,,,IC50,uM,UO_0000065,,100.0
,,131068,[],CHEMBL673925,Inhibition of phosphorylation of a polyglutamic acid/tyrosine random copolymer by EGFR enzyme (from human A431 carcinoma cell vesicles),B,,,BAO_0000190,BAO_0000357,single protein format,CN(C)CCCNC(=O)/C=C/C(=O)Nc1cc2c(Nc3cccc(Br)c3)ncnc2cn1,,,CHEMBL1134843,J Med Chem,2001.0,"{'bei': '17.98', 'le': '0.38', 'lle': '5.87', 'sei': '7.99'}",,CHEMBL334801,,CHEMBL334801,8.96,0,http://www.openphacts.org/units/Nanomolar,265480,=,1,1,=,,IC50,nM,,1.1,CHEMBL203,Homo sapiens,Epidermal growth factor receptor,9606,,,IC50 app,nM,UO_0000065,,1.1
,,131069,[],CHEMBL677216,Inhibition of autophosphorylation of EGFR in A431 cells,B,,,BAO_0000190,BAO_0000219,cell-based format,CN(C)CCCNC(=O)/C=C/C(=O)Nc1cc2c(Nc3cccc(Br)c3)ncnc2cn1,,,CHEMBL1134843,J Med Chem,2001.0,"{'bei': '14.54', 'le': '0.31', 'lle': '4.15', 'sei': '6.46'}",,CHEMBL334801,,CHEMBL334801,7.24,0,http://www.openphacts.org/units/Nanomolar,265480,=,1,1,=,,IC50,nM,,57.0,CHEMBL203,Homo sapiens,Epidermal growth factor receptor,9606,,,IC50,nM,UO_0000065,,57.0
,,131071,[],CHEMBL679948,Inhibition of EGF-stimulated autophosphorylation of EGFR in A431 cells,B,,,BAO_0000190,BAO_0000219,cell-based format,CN(C)CCCNC(=O)/C=C/C(=O)Nc1cc2c(Nc3cccc(Br)c3)ncnc2cn1,,,CHEMBL1134843,J Med Chem,2001.0,"{'bei': '14.54', 'le': '0.31', 'lle': '4.15', 'sei': '6.46'}",,CHEMBL334801,,CHEMBL334801,7.24,0,http://www.openphacts.org/units/Nanomolar,265480,=,1,1,=,,IC50,nM,,57.0,CHEMBL203,Homo sapiens,Epidermal growth factor receptor,9606,,,IC50,nM,UO_0000065,,57.0
,,131441,[],CHEMBL680019,Inhibitory concentration was evaluated against epidermal growth factor receptor (EGFr) tyrosine kinase,B,,,BAO_0000190,BAO_0000357,single protein format,Cn1c(=O)c(-c2c(Cl)cccc2Cl)cc2cnc(NCCO)nc21,,,CHEMBL1131066,J Med Chem,1998.0,,,CHEMBL111618,,CHEMBL111618,,0,http://www.openphacts.org/units/Nanomolar,210166,>,1,1,>,,IC50,nM,,5000.0,CHEMBL203,Homo sapiens,Epidermal growth factor receptor,9606,,,IC50,uM,UO_0000065,,5.0
,,131445,[],CHEMBL680019,Inhibitory concentration was evaluated against epidermal growth factor receptor (EGFr) tyrosine kinase,B,,,BAO_0000190,BAO_0000357,single protein format,Cn1c(=O)c(-c2c(Cl)cccc2Cl)cc2cnc(Nc3cccnc3)nc21,,,CHEMBL1131066,J Med Chem,1998.0,"{'bei': '15.80', 'le': '0.32', 'lle': '1.85', 'sei': '8.66'}",,CHEMBL325589,,CHEMBL325589,6.29,0,http://www.openphacts.org/units/Nanomolar,210170,=,1,1,=,,IC50,nM,,510.0,CHEMBL203,Homo sapiens,Epidermal growth factor receptor,9606,,,IC50,uM,UO_0000065,,0.51
,,132037,[],CHEMBL683041,Inhibition of Epidermal Growth Factor Receptor (EGFR) autophosphorylation,B,,,BAO_0000190,BAO_0000357,single protein format,COc1cc2ncc(C#N)c(Nc3ccc(F)c(Cl)c3)c2cc1OCCCN1CCOCC1,,,CHEMBL1135208,Bioorg Med Chem Lett,2002.0,"{'bei': '12.70', 'le': '0.25', 'lle': '1.23', 'sei': '7.51'}",,CHEMBL99024,,CHEMBL99024,5.98,0,http://www.openphacts.org/units/Nanomolar,182224,=,1,1,=,,IC50,nM,,1040.0,CHEMBL203,Homo sapiens,Epidermal growth factor receptor,9606,,,IC50,uM,UO_0000065,,1.04
,,132094,[],CHEMBL677391,Inhibition of tyrosine phosphorylation activity of the epidermal growth factor receptor (EGFR) tyrosine kinase from human A-431 carcinoma cell-shed membrane vesicles,B,,,BAO_0000190,BAO_0000019,assay format,CC(=O)Oc1cccc2c1c(C(=O)Nc1ccccc1)c(SSc1c(C(=O)Nc3ccccc3)c3c(OC(C)=O)cccc3n1C)n2C,,,CHEMBL1127560,J Med Chem,1994.0,"{'bei': '6.92', 'le': '0.13', 'lle': '-3.12', 'sei': '3.89'}",,CHEMBL59812,,CHEMBL59812,4.70,0,http://www.openphacts.org/units/Nanomolar,109056,=,1,1,=,,IC50,nM,,20000.0,CHEMBL203,Homo sapiens,Epidermal growth factor receptor,9606,,,IC50,uM,UO_0000065,,20.0
,,132136,[],CHEMBL676146,Inhibition of EGF-dependent DNA synthesis in ER 22 cells incubated with [3H]TdR,F,,,BAO_0000190,BAO_0000219,cell-based format,COC(=O)c1cc(NCc2ccc(O)cc2)ccc1O,,,CHEMBL1127084,J Med Chem,1993.0,,,CHEMBL130337,,CHEMBL130337,,0,http://www.openphacts.org/units/Nanomolar,252391,>,1,1,>,,IC50,nM,,10000.0,CHEMBL203,Homo sapiens,Epidermal growth factor receptor,9606,,,IC50,uM,UO_0000065,,10.0
,,132358,[],CHEMBL673925,Inhibition of phosphorylation of a polyglutamic acid/tyrosine random copolymer by EGFR enzyme (from human A431 carcinoma cell vesicles),B,,,BAO_0000190,BAO_0000357,single protein format,O=C(/C=C/c1ccccc1)Nc1cc2c(Nc3cccc(Br)c3)ncnc2cn1,,,CHEMBL1134843,J Med Chem,2001.0,"{'bei': '18.02', 'le': '0.38', 'lle': '2.86', 'sei': '10.08'}",,CHEMBL434828,,CHEMBL434828,8.04,0,http://www.openphacts.org/units/Nanomolar,265465,=,1,1,=,,IC50,nM,,9.1,CHEMBL203,Homo sapiens,Epidermal growth factor receptor,9606,,,IC50 app,nM,UO_0000065,,9.1
,,132359,[],CHEMBL677216,Inhibition of autophosphorylation of EGFR in A431 cells,B,,,BAO_0000190,BAO_0000219,cell-based format,O=C(/C=C/c1ccccc1)Nc1cc2c(Nc3cccc(Br)c3)ncnc2cn1,,,CHEMBL1134843,J Med Chem,2001.0,"{'bei': '15.94', 'le': '0.34', 'lle': '1.93', 'sei': '8.91'}",,CHEMBL434828,,CHEMBL434828,7.11,0,http://www.openphacts.org/units/Nanomolar,265465,=,1,1,=,,IC50,nM,,77.0,CHEMBL203,Homo sapiens,Epidermal growth factor receptor,9606,,,IC50,nM,UO_0000065,,77.0
,,132779,[],CHEMBL680019,Inhibitory concentration was evaluated against epidermal growth factor receptor (EGFr) tyrosine kinase,B,,,BAO_0000190,BAO_0000357,single protein format,Cn1c(=O)c(-c2c(Cl)cccc2Cl)cc2cnc(N)nc21,,,CHEMBL1131066,J Med Chem,1998.0,"{'bei': '16.35', 'le': '0.34', 'lle': '2.37', 'sei': '7.12'}",,CHEMBL49596,,CHEMBL49596,5.25,1,http://www.openphacts.org/units/Nanomolar,210157,=,1,1,=,,IC50,nM,,5600.0,CHEMBL203,Homo sapiens,Epidermal growth factor receptor,9606,,,IC50,uM,UO_0000065,,5.6
,,132844,[],CHEMBL680030,Tested for inhibition of PLC gamma-derived substrate in Epidermal growth factor receptor stimulated A431 cells,F,,,BAO_0000190,BAO_0000219,cell-based format,COc1ccc2ncnc(Nc3cccc(Br)c3)c2n1,,,CHEMBL1130057,J Med Chem,1997.0,,,CHEMBL50519,,CHEMBL50519,8.37,1,http://www.openphacts.org/units/Nanomolar,89155,=,1,1,=,,IC50,nM,,4.3,CHEMBL203,Homo sapiens,Epidermal growth factor receptor,9606,,,IC50,nM,UO_0000065,,4.3
,,133312,[],CHEMBL677391,Inhibition of tyrosine phosphorylation activity of the epidermal growth factor receptor (EGFR) tyrosine kinase from human A-431 carcinoma cell-shed membrane vesicles,B,,,BAO_0000190,BAO_0000019,assay format,Cn1c(SSc2c(C(=O)Nc3ccccc3)c3cc(F)ccc3n2C)c(C(=O)Nc2ccccc2)c2cc(F)ccc21,,,CHEMBL1127560,J Med Chem,1994.0,,,CHEMBL63455,,CHEMBL63455,,0,http://www.openphacts.org/units/Nanomolar,109029,>,1,1,>,,IC50,nM,,100000.0,CHEMBL203,Homo sapiens,Epidermal growth factor receptor,9606,,,IC50,uM,UO_0000065,,100.0
,,133314,[],CHEMBL677391,Inhibition of tyrosine phosphorylation activity of the epidermal growth factor receptor (EGFR) tyrosine kinase from human A-431 carcinoma cell-shed membrane vesicles,B,,,BAO_0000190,BAO_0000019,assay format,Cn1c(SSc2c(C(=O)Nc3ccccc3)c3cc(O)ccc3n2C)c(C(=O)Nc2ccccc2)c2cc(O)ccc21,,,CHEMBL1127560,J Med Chem,1994.0,"{'bei': '7.39', 'le': '0.14', 'lle': '-3.00', 'sei': '4.05'}",,CHEMBL293250,,CHEMBL293250,4.39,0,http://www.openphacts.org/units/Nanomolar,109032,=,1,1,=,,IC50,nM,,40500.0,CHEMBL203,Homo sapiens,Epidermal growth factor receptor,9606,,,IC50,uM,UO_0000065,,40.5
,,133316,[],CHEMBL677391,Inhibition of tyrosine phosphorylation activity of the epidermal growth factor receptor (EGFR) tyrosine kinase from human A-431 carcinoma cell-shed membrane vesicles,B,,,BAO_0000190,BAO_0000019,assay format,Cn1c(SSc2c(C(=O)Nc3ccccc3)c3cccnc3n2C)c(C(=O)Nc2ccccc2)c2cccnc21,,,CHEMBL1127560,J Med Chem,1994.0,"{'bei': '8.24', 'le': '0.16', 'lle': '-2.11', 'sei': '4.96'}",,CHEMBL62701,,CHEMBL62701,4.65,0,http://www.openphacts.org/units/Nanomolar,109046,=,1,1,=,,IC50,nM,,22300.0,CHEMBL203,Homo sapiens,Epidermal growth factor receptor,9606,,,IC50,uM,UO_0000065,,22.3
,,133541,[],CHEMBL673925,Inhibition of phosphorylation of a polyglutamic acid/tyrosine random copolymer by EGFR enzyme (from human A431 carcinoma cell vesicles),B,,,BAO_0000190,BAO_0000357,single protein format,C=CC(=O)Nc1cc2c(Nc3cccc(Br)c3)ncnc2cn1,,,CHEMBL1134843,J Med Chem,2001.0,"{'bei': '24.42', 'le': '0.54', 'lle': '5.38', 'sei': '11.33'}",,CHEMBL51659,,CHEMBL51659,9.04,1,http://www.openphacts.org/units/Nanomolar,265459,=,1,1,=,,IC50,nM,,0.91,CHEMBL203,Homo sapiens,Epidermal growth factor receptor,9606,,,IC50 app,nM,UO_0000065,,0.91
,,133542,[],CHEMBL677216,Inhibition of autophosphorylation of EGFR in A431 cells,B,,,BAO_0000190,BAO_0000219,cell-based format,C=CC(=O)Nc1cc2c(Nc3cccc(Br)c3)ncnc2cn1,,,CHEMBL1134843,J Med Chem,2001.0,"{'bei': '22.87', 'le': '0.50', 'lle': '4.81', 'sei': '10.61'}",,CHEMBL51659,,CHEMBL51659,8.47,1,http://www.openphacts.org/units/Nanomolar,265459,=,1,1,=,,IC50,nM,,3.4,CHEMBL203,Homo sapiens,Epidermal growth factor receptor,9606,,,IC50,nM,UO_0000065,,3.4
,,133544,[],CHEMBL673925,Inhibition of phosphorylation of a polyglutamic acid/tyrosine random copolymer by EGFR enzyme (from human A431 carcinoma cell vesicles),B,,,BAO_0000190,BAO_0000357,single protein format,O=C(/C=C/C(F)(F)F)Nc1ccc2ncnc(Nc3cccc(Br)c3)c2c1,,,CHEMBL1134843,J Med Chem,2001.0,"{'bei': '20.03', 'le': '0.44', 'lle': '3.57', 'sei': '13.09'}",,CHEMBL135142,,CHEMBL135142,8.76,0,http://www.openphacts.org/units/Nanomolar,265468,=,1,1,=,,IC50,nM,,1.75,CHEMBL203,Homo sapiens,Epidermal growth factor receptor,9606,,,IC50 app,nM,UO_0000065,,1.75
,,133545,[],CHEMBL677216,Inhibition of autophosphorylation of EGFR in A431 cells,B,,,BAO_0000190,BAO_0000219,cell-based format,O=C(/C=C/C(F)(F)F)Nc1ccc2ncnc(Nc3cccc(Br)c3)c2c1,,,CHEMBL1134843,J Med Chem,2001.0,"{'bei': '17.05', 'le': '0.38', 'lle': '2.27', 'sei': '11.14'}",,CHEMBL135142,,CHEMBL135142,7.46,0,http://www.openphacts.org/units/Nanomolar,265468,=,1,1,=,,IC50,nM,,35.0,CHEMBL203,Homo sapiens,Epidermal growth factor receptor,9606,,,IC50,nM,UO_0000065,,35.0
,,133547,[],CHEMBL673925,Inhibition of phosphorylation of a polyglutamic acid/tyrosine random copolymer by EGFR enzyme (from human A431 carcinoma cell vesicles),B,,,BAO_0000190,BAO_0000357,single protein format,C=C=CC(=O)Nc1ccc2ncnc(Nc3cccc(Br)c3)c2c1,,,CHEMBL1134843,J Med Chem,2001.0,"{'bei': '23.07', 'le': '0.50', 'lle': '4.38', 'sei': '13.15'}",,CHEMBL343722,,CHEMBL343722,8.80,0,http://www.openphacts.org/units/Nanomolar,265466,=,1,1,=,,IC50,nM,,1.6,CHEMBL203,Homo sapiens,Epidermal growth factor receptor,9606,,,IC50 app,nM,UO_0000065,,1.6
,,133548,[],CHEMBL677216,Inhibition of autophosphorylation of EGFR in A431 cells,B,,,BAO_0000190,BAO_0000219,cell-based format,C=C=CC(=O)Nc1ccc2ncnc(Nc3cccc(Br)c3)c2c1,,,CHEMBL1134843,J Med Chem,2001.0,"{'bei': '18.15', 'le': '0.39', 'lle': '2.50', 'sei': '10.34'}",,CHEMBL343722,,CHEMBL343722,6.92,0,http://www.openphacts.org/units/Nanomolar,265466,=,1,1,=,,IC50,nM,,120.0,CHEMBL203,Homo sapiens,Epidermal growth factor receptor,9606,,,IC50,nM,UO_0000065,,120.0
,,133984,[],CHEMBL680019,Inhibitory concentration was evaluated against epidermal growth factor receptor (EGFr) tyrosine kinase,B,,,BAO_0000190,BAO_0000357,single protein format,CCn1c(=O)c(-c2c(Cl)cccc2Cl)cc2cnc(Nc3ccncc3)nc21,,,CHEMBL1131066,J Med Chem,1998.0,"{'bei': '15.30', 'le': '0.31', 'lle': '1.39', 'sei': '8.68'}",,CHEMBL448154,,CHEMBL448154,6.31,0,http://www.openphacts.org/units/Nanomolar,210195,=,1,1,=,,IC50,nM,,490.0,CHEMBL203,Homo sapiens,Epidermal growth factor receptor,9606,,,IC50,uM,UO_0000065,,0.49
,,134564,[],CHEMBL677391,Inhibition of tyrosine phosphorylation activity of the epidermal growth factor receptor (EGFR) tyrosine kinase from human A-431 carcinoma cell-shed membrane vesicles,B,,,BAO_0000190,BAO_0000019,assay format,Cn1c(SSc2c(C(=O)Nc3ccccc3)c3ccc(Cl)cc3n2C)c(C(=O)Nc2ccccc2)c2ccc(Cl)cc21,,,CHEMBL1127560,J Med Chem,1994.0,,,CHEMBL303127,,CHEMBL303127,,0,http://www.openphacts.org/units/Nanomolar,109038,>,1,1,>,,IC50,nM,,100000.0,CHEMBL203,Homo sapiens,Epidermal growth factor receptor,9606,,,IC50,uM,UO_0000065,,100.0
,,135131,[],CHEMBL680019,Inhibitory concentration was evaluated against epidermal growth factor receptor (EGFr) tyrosine kinase,B,,,BAO_0000190,BAO_0000357,single protein format,CCN(CC)CCCNc1ncc2cc(-c3c(Cl)cccc3Cl)c(=O)n(C)c2n1,,,CHEMBL1131066,J Med Chem,1998.0,"{'bei': '13.48', 'le': '0.28', 'lle': '1.40', 'sei': '9.28'}",,CHEMBL50470,,CHEMBL50470,5.85,1,http://www.openphacts.org/units/Nanomolar,210163,=,1,1,=,,IC50,nM,,1400.0,CHEMBL203,Homo sapiens,Epidermal growth factor receptor,9606,,,IC50,uM,UO_0000065,,1.4
,,135135,[],CHEMBL680019,Inhibitory concentration was evaluated against epidermal growth factor receptor (EGFr) tyrosine kinase,B,,,BAO_0000190,BAO_0000357,single protein format,CN1CCN(CCCCNc2ncc3cc(-c4c(Cl)cccc4Cl)c(=O)n(C)c3n2)CC1,,,CHEMBL1131066,J Med Chem,1998.0,"{'bei': '14.05', 'le': '0.29', 'lle': '2.94', 'sei': '10.07'}",,CHEMBL104244,,CHEMBL104244,6.68,0,http://www.openphacts.org/units/Nanomolar,210160,=,1,1,=,,IC50,nM,,210.0,CHEMBL203,Homo sapiens,Epidermal growth factor receptor,9606,,,IC50,uM,UO_0000065,,0.21
,,135211,[],CHEMBL679947,"Inhibition of phosphorylation of phospholipase C gamma1 by Epidermal growth factor receptor, from human A431 carcinoma cell vesicles",F,,,BAO_0000190,BAO_0000019,assay format,CN(C)c1ncc2ncnc(Nc3cccc(Br)c3)c2n1,,,CHEMBL1130057,J Med Chem,1997.0,,,CHEMBL53777,,CHEMBL53777,9.02,0,http://www.openphacts.org/units/Nanomolar,89144,=,1,1,=,,IC50,nM,,0.95,CHEMBL203,Homo sapiens,Epidermal growth factor receptor,9606,,,IC50,nM,UO_0000065,,0.95
,,135212,[],CHEMBL680026,Tested for ability to inhibit autophosphorylation of the Epidermal growth factor receptor in human epidermoid carcinoma cells,F,,,BAO_0000190,BAO_0000019,assay format,CN(C)c1ncc2ncnc(Nc3cccc(Br)c3)c2n1,,,CHEMBL1130057,J Med Chem,1997.0,,,CHEMBL53777,,CHEMBL53777,7.66,0,http://www.openphacts.org/units/Nanomolar,89144,=,1,1,=,,IC50,nM,,22.0,CHEMBL203,Homo sapiens,Epidermal growth factor receptor,9606,,,IC50,nM,UO_0000065,,22.0
,,135765,[],CHEMBL677391,Inhibition of tyrosine phosphorylation activity of the epidermal growth factor receptor (EGFR) tyrosine kinase from human A-431 carcinoma cell-shed membrane vesicles,B,,,BAO_0000190,BAO_0000019,assay format,Cn1c(SSc2c(C(=O)Nc3ccccc3)c3cc(Cl)ccc3n2C)c(C(=O)Nc2ccccc2)c2cc(Cl)ccc21,,,CHEMBL1127560,J Med Chem,1994.0,"{'bei': '8.50', 'le': '0.17', 'lle': '-3.91', 'sei': '7.89'}",,CHEMBL293889,,CHEMBL293889,5.37,0,http://www.openphacts.org/units/Nanomolar,109055,=,1,1,=,,IC50,nM,,4300.0,CHEMBL203,Homo sapiens,Epidermal growth factor receptor,9606,,,IC50,uM,UO_0000065,,4.3
,,135767,[],CHEMBL677391,Inhibition of tyrosine phosphorylation activity of the epidermal growth factor receptor (EGFR) tyrosine kinase from human A-431 carcinoma cell-shed membrane vesicles,B,,,BAO_0000190,BAO_0000019,assay format,Cn1c(SSc2c(C(=O)Nc3ccccc3)c3cc(C(F)(F)F)ccc3n2C)c(C(=O)Nc2ccccc2)c2cc(C(F)(F)F)ccc21,,,CHEMBL1127560,J Med Chem,1994.0,,,CHEMBL61278,,CHEMBL61278,,0,http://www.openphacts.org/units/Nanomolar,109041,>,1,1,>,,IC50,nM,,100000.0,CHEMBL203,Homo sapiens,Epidermal growth factor receptor,9606,,,IC50,uM,UO_0000065,,100.0
,,135801,[],CHEMBL679549,Inhibitory activity against recombinant tyrosine kinase EGF-R (EGF-R ICD),B,,,BAO_0000190,BAO_0000357,single protein format,N#Cc1ccc(Nc2cc3c(cc2Nc2ccc(C#N)cc2)C(=O)NC3=O)cc1,,,CHEMBL1127678,J Med Chem,1994.0,,,CHEMBL267869,,CHEMBL267869,,0,http://www.openphacts.org/units/Nanomolar,2995,>,1,1,>,,IC50,nM,,100000.0,CHEMBL203,Homo sapiens,Epidermal growth factor receptor,9606,,,IC50,uM,UO_0000065,,100.0
,,136079,[],CHEMBL673925,Inhibition of phosphorylation of a polyglutamic acid/tyrosine random copolymer by EGFR enzyme (from human A431 carcinoma cell vesicles),B,,,BAO_0000190,BAO_0000357,single protein format,CN(C)CCCOC(=O)/C=C/C(=O)Nc1ccc2ncnc(Nc3cccc(Br)c3)c2c1,,,CHEMBL1134843,J Med Chem,2001.0,"{'bei': '17.30', 'le': '0.37', 'lle': '4.49', 'sei': '8.94'}",,CHEMBL140561,,CHEMBL140561,8.62,0,http://www.openphacts.org/units/Nanomolar,265482,=,1,1,=,,IC50,nM,,2.4,CHEMBL203,Homo sapiens,Epidermal growth factor receptor,9606,,,IC50 app,nM,UO_0000065,,2.4
,,136080,[],CHEMBL677216,Inhibition of autophosphorylation of EGFR in A431 cells,B,,,BAO_0000190,BAO_0000219,cell-based format,CN(C)CCCOC(=O)/C=C/C(=O)Nc1ccc2ncnc(Nc3cccc(Br)c3)c2c1,,,CHEMBL1134843,J Med Chem,2001.0,"{'bei': '13.98', 'le': '0.30', 'lle': '2.84', 'sei': '7.22'}",,CHEMBL140561,,CHEMBL140561,6.97,0,http://www.openphacts.org/units/Nanomolar,265482,=,1,1,=,,IC50,nM,,108.0,CHEMBL203,Homo sapiens,Epidermal growth factor receptor,9606,,,IC50,nM,UO_0000065,,108.0
,,136082,[],CHEMBL679948,Inhibition of EGF-stimulated autophosphorylation of EGFR in A431 cells,B,,,BAO_0000190,BAO_0000219,cell-based format,CN(C)CCCOC(=O)/C=C/C(=O)Nc1ccc2ncnc(Nc3cccc(Br)c3)c2c1,,,CHEMBL1134843,J Med Chem,2001.0,"{'bei': '13.98', 'le': '0.30', 'lle': '2.84', 'sei': '7.22'}",,CHEMBL140561,,CHEMBL140561,6.97,0,http://www.openphacts.org/units/Nanomolar,265482,=,1,1,=,,IC50,nM,,108.0,CHEMBL203,Homo sapiens,Epidermal growth factor receptor,9606,,,IC50,nM,UO_0000065,,108.0
,,136084,[],CHEMBL673925,Inhibition of phosphorylation of a polyglutamic acid/tyrosine random copolymer by EGFR enzyme (from human A431 carcinoma cell vesicles),B,,,BAO_0000190,BAO_0000357,single protein format,C=C[S+]([O-])c1cc2c(Nc3cccc(Br)c3)ncnc2cn1,,,CHEMBL1134843,J Med Chem,2001.0,"{'bei': '22.22', 'le': '0.52', 'lle': '4.56', 'sei': '11.30'}",,CHEMBL345077,,CHEMBL345077,8.34,0,http://www.openphacts.org/units/Nanomolar,265470,=,1,1,=,,IC50,nM,,4.6,CHEMBL203,Homo sapiens,Epidermal growth factor receptor,9606,,,IC50 app,nM,UO_0000065,,4.6
,,136085,[],CHEMBL677216,Inhibition of autophosphorylation of EGFR in A431 cells,B,,,BAO_0000190,BAO_0000219,cell-based format,C=C[S+]([O-])c1cc2c(Nc3cccc(Br)c3)ncnc2cn1,,,CHEMBL1134843,J Med Chem,2001.0,"{'bei': '17.24', 'le': '0.40', 'lle': '2.69', 'sei': '8.77'}",,CHEMBL345077,,CHEMBL345077,6.47,0,http://www.openphacts.org/units/Nanomolar,265470,=,1,1,=,,IC50,nM,,340.0,CHEMBL203,Homo sapiens,Epidermal growth factor receptor,9606,,,IC50,nM,UO_0000065,,340.0
,,136425,[],CHEMBL680019,Inhibitory concentration was evaluated against epidermal growth factor receptor (EGFr) tyrosine kinase,B,,,BAO_0000190,BAO_0000357,single protein format,CNc1ncc2cc(-c3c(Cl)cccc3Cl)c(=O)n(C)c2n1,,,CHEMBL1131066,J Med Chem,1998.0,"{'bei': '15.29', 'le': '0.32', 'lle': '1.78', 'sei': '8.57'}",,CHEMBL107472,,CHEMBL107472,5.12,0,http://www.openphacts.org/units/Nanomolar,210153,=,1,1,=,,IC50,nM,,7500.0,CHEMBL203,Homo sapiens,Epidermal growth factor receptor,9606,,,IC50,uM,UO_0000065,,7.5
,,136429,[],CHEMBL680019,Inhibitory concentration was evaluated against epidermal growth factor receptor (EGFr) tyrosine kinase,B,,,BAO_0000190,BAO_0000357,single protein format,Cn1c(=O)c(-c2c(Cl)cccc2Cl)cc2cnc(NCc3ccccn3)nc21,,,CHEMBL1131066,J Med Chem,1998.0,,,CHEMBL326041,,CHEMBL326041,,0,http://www.openphacts.org/units/Nanomolar,210176,>,1,1,>,,IC50,nM,,5000.0,CHEMBL203,Homo sapiens,Epidermal growth factor receptor,9606,,,IC50,uM,UO_0000065,,5.0
,,136433,[],CHEMBL680019,Inhibitory concentration was evaluated against epidermal growth factor receptor (EGFr) tyrosine kinase,B,,,BAO_0000190,BAO_0000357,single protein format,Cn1c(=O)c(-c2c(Cl)cccc2Cl)cc2cnc(Nc3ccc(Cl)cc3)nc21,,,CHEMBL1131066,J Med Chem,1998.0,,,CHEMBL111247,,CHEMBL111247,,0,http://www.openphacts.org/units/Nanomolar,210194,>,1,1,>,,IC50,nM,,5000.0,CHEMBL203,Homo sapiens,Epidermal growth factor receptor,9606,,,IC50,uM,UO_0000065,,5.0
,,137102,[],CHEMBL673925,Inhibition of phosphorylation of a polyglutamic acid/tyrosine random copolymer by EGFR enzyme (from human A431 carcinoma cell vesicles),B,,,BAO_0000190,BAO_0000357,single protein format,C=C/C=C/C(=O)Nc1cc2c(Nc3cccc(Br)c3)ncnc2cn1,,,CHEMBL1134843,J Med Chem,2001.0,"{'bei': '22.61', 'le': '0.49', 'lle': '4.75', 'sei': '11.23'}",,CHEMBL139044,,CHEMBL139044,8.96,0,http://www.openphacts.org/units/Nanomolar,265467,=,1,1,=,,IC50,nM,,1.1,CHEMBL203,Homo sapiens,Epidermal growth factor receptor,9606,,,IC50 app,nM,UO_0000065,,1.1
,,137103,[],CHEMBL677216,Inhibition of autophosphorylation of EGFR in A431 cells,B,,,BAO_0000190,BAO_0000219,cell-based format,C=C/C=C/C(=O)Nc1cc2c(Nc3cccc(Br)c3)ncnc2cn1,,,CHEMBL1134843,J Med Chem,2001.0,"{'bei': '19.10', 'le': '0.41', 'lle': '3.36', 'sei': '9.48'}",,CHEMBL139044,,CHEMBL139044,7.57,0,http://www.openphacts.org/units/Nanomolar,265467,=,1,1,=,,IC50,nM,,27.0,CHEMBL203,Homo sapiens,Epidermal growth factor receptor,9606,,,IC50,nM,UO_0000065,,27.0
,,137105,[],CHEMBL673925,Inhibition of phosphorylation of a polyglutamic acid/tyrosine random copolymer by EGFR enzyme (from human A431 carcinoma cell vesicles),B,,,BAO_0000190,BAO_0000357,single protein format,C=CS(=O)(=O)Nc1cc2c(Nc3cccc(Br)c3)ncnc2cn1,,,CHEMBL1134843,J Med Chem,2001.0,"{'bei': '22.45', 'le': '0.52', 'lle': '5.70', 'sei': '9.41'}",,CHEMBL139095,,CHEMBL139095,9.12,0,http://www.openphacts.org/units/Nanomolar,265474,=,1,1,=,,IC50,nM,,0.76,CHEMBL203,Homo sapiens,Epidermal growth factor receptor,9606,,,IC50 app,nM,UO_0000065,,0.76
,,137106,[],CHEMBL677216,Inhibition of autophosphorylation of EGFR in A431 cells,B,,,BAO_0000190,BAO_0000219,cell-based format,C=CS(=O)(=O)Nc1cc2c(Nc3cccc(Br)c3)ncnc2cn1,,,CHEMBL1134843,J Med Chem,2001.0,"{'bei': '21.22', 'le': '0.49', 'lle': '5.20', 'sei': '8.90'}",,CHEMBL139095,,CHEMBL139095,8.62,0,http://www.openphacts.org/units/Nanomolar,265474,=,1,1,=,,IC50,nM,,2.4,CHEMBL203,Homo sapiens,Epidermal growth factor receptor,9606,,,IC50,nM,UO_0000065,,2.4
,Not Determined,137440,[],CHEMBL680020,Inhibition of epidermal growth factor receptor (EGFr) tyrosine kinase activity,B,,,BAO_0000190,BAO_0000357,single protein format,CC[N+](C)(CC)CCOc1ccc(Nc2ncc3cc(-c4c(Cl)cccc4Cl)c(=O)n(C)c3n2)cc1.[I-],,,CHEMBL1131066,J Med Chem,1998.0,,,CHEMBL324543,,CHEMBL1183923,,0,http://www.openphacts.org/units/Nanomolar,210144,,1,0,,,IC50,nM,,,CHEMBL203,Homo sapiens,Epidermal growth factor receptor,9606,,,IC50,uM,UO_0000065,,
,,137444,[],CHEMBL680019,Inhibitory concentration was evaluated against epidermal growth factor receptor (EGFr) tyrosine kinase,B,,,BAO_0000190,BAO_0000357,single protein format,Cn1c(=O)c(-c2c(Cl)cccc2Cl)cc2cnc(Nc3ccc(CCCC(=O)O)cc3)nc21,,,CHEMBL1131066,J Med Chem,1998.0,"{'bei': '14.68', 'le': '0.29', 'lle': '1.65', 'sei': '7.31'}",,CHEMBL113070,,CHEMBL113070,7.10,0,http://www.openphacts.org/units/Nanomolar,210149,=,1,1,=,,IC50,nM,,80.0,CHEMBL203,Homo sapiens,Epidermal growth factor receptor,9606,,,IC50,uM,UO_0000065,,0.08
,Not Determined,137448,[],CHEMBL680020,Inhibition of epidermal growth factor receptor (EGFr) tyrosine kinase activity,B,,,BAO_0000190,BAO_0000357,single protein format,Cn1c(=O)c(-c2c(Cl)cccc2Cl)cc2cnc(O)nc21,,,CHEMBL1131066,J Med Chem,1998.0,,,CHEMBL109725,,CHEMBL109725,,0,http://www.openphacts.org/units/Nanomolar,210154,,1,0,,,IC50,nM,,,CHEMBL203,Homo sapiens,Epidermal growth factor receptor,9606,,,IC50,uM,UO_0000065,,
,,137455,[],CHEMBL680019,Inhibitory concentration was evaluated against epidermal growth factor receptor (EGFr) tyrosine kinase,B,,,BAO_0000190,BAO_0000357,single protein format,Cn1c(=O)c(-c2c(Cl)cccc2Cl)cc2cnc(Nc3ccncc3)nc21,,,CHEMBL1131066,J Med Chem,1998.0,"{'bei': '15.17', 'le': '0.31', 'lle': '1.60', 'sei': '8.31'}",,CHEMBL104779,,CHEMBL104779,6.04,0,http://www.openphacts.org/units/Nanomolar,210168,=,1,1,=,,IC50,nM,,910.0,CHEMBL203,Homo sapiens,Epidermal growth factor receptor,9606,,,IC50,uM,UO_0000065,,0.91
,,138225,[],CHEMBL677391,Inhibition of tyrosine phosphorylation activity of the epidermal growth factor receptor (EGFR) tyrosine kinase from human A-431 carcinoma cell-shed membrane vesicles,B,,,BAO_0000190,BAO_0000019,assay format,Cn1c(SSc2ccccc2)c(C(=O)Nc2ccccc2)c2ccccc21,,,CHEMBL1127560,J Med Chem,1994.0,,,CHEMBL64781,,CHEMBL64781,,0,http://www.openphacts.org/units/Nanomolar,109051,>,1,1,>,,IC50,nM,,100000.0,CHEMBL203,Homo sapiens,Epidermal growth factor receptor,9606,,,IC50,uM,UO_0000065,,100.0
,,138233,[],CHEMBL676146,Inhibition of EGF-dependent DNA synthesis in ER 22 cells incubated with [3H]TdR,F,,,BAO_0000190,BAO_0000219,cell-based format,O=C(O)c1cc(NCc2cc(O)ccc2O)ccc1O,,,CHEMBL1127084,J Med Chem,1993.0,,,CHEMBL319620,LAVENDUSTIN C,CHEMBL319620,4.04,0,http://www.openphacts.org/units/Nanomolar,252400,=,1,1,=,,IC50,nM,,92000.0,CHEMBL203,Homo sapiens,Epidermal growth factor receptor,9606,,,IC50,uM,UO_0000065,,92.0
,,138375,[],CHEMBL679549,Inhibitory activity against recombinant tyrosine kinase EGF-R (EGF-R ICD),B,,,BAO_0000190,BAO_0000357,single protein format,O=C1NC(=O)c2cc3c(cc21)N(c1ccccc1)CCN3c1ccccc1,,,CHEMBL1127678,J Med Chem,1994.0,,,CHEMBL266255,,CHEMBL266255,,0,http://www.openphacts.org/units/Nanomolar,3004,>,1,1,>,,IC50,nM,,100000.0,CHEMBL203,Homo sapiens,Epidermal growth factor receptor,9606,,,IC50,uM,UO_0000065,,100.0
,,138492,[],CHEMBL673925,Inhibition of phosphorylation of a polyglutamic acid/tyrosine random copolymer by EGFR enzyme (from human A431 carcinoma cell vesicles),B,,,BAO_0000190,BAO_0000357,single protein format,O=C(O)/C=C/C(=O)Nc1ccc2ncnc(Nc3cccc(Br)c3)c2c1,,,CHEMBL1134843,J Med Chem,2001.0,"{'bei': '22.82', 'le': '0.50', 'lle': '5.71', 'sei': '9.05'}",,CHEMBL134371,,CHEMBL134371,9.43,0,http://www.openphacts.org/units/Nanomolar,265463,=,1,1,=,,IC50,nM,,0.37,CHEMBL203,Homo sapiens,Epidermal growth factor receptor,9606,,,IC50 app,nM,UO_0000065,,0.37
,,138493,[],CHEMBL677216,Inhibition of autophosphorylation of EGFR in A431 cells,B,,,BAO_0000190,BAO_0000219,cell-based format,O=C(O)/C=C/C(=O)Nc1ccc2ncnc(Nc3cccc(Br)c3)c2c1,,,CHEMBL1134843,J Med Chem,2001.0,,,CHEMBL134371,,CHEMBL134371,,0,http://www.openphacts.org/units/Nanomolar,265463,>,1,1,>,,IC50,nM,,500.0,CHEMBL203,Homo sapiens,Epidermal growth factor receptor,9606,,,IC50,nM,UO_0000065,,500.0
,,138953,[],CHEMBL680019,Inhibitory concentration was evaluated against epidermal growth factor receptor (EGFr) tyrosine kinase,B,,,BAO_0000190,BAO_0000357,single protein format,Cn1c(=O)c(-c2c(Cl)cccc2Cl)cc2cnc(Nc3ccccc3)nc21,,,CHEMBL1131066,J Med Chem,1998.0,"{'bei': '16.58', 'le': '0.33', 'lle': '1.54', 'sei': '11.01'}",,CHEMBL301612,,CHEMBL301612,6.58,0,http://www.openphacts.org/units/Nanomolar,210172,=,1,1,=,,IC50,nM,,260.0,CHEMBL203,Homo sapiens,Epidermal growth factor receptor,9606,,,IC50,uM,UO_0000065,,0.26
,,139013,[],CHEMBL680030,Tested for inhibition of PLC gamma-derived substrate in Epidermal growth factor receptor stimulated A431 cells,F,,,BAO_0000190,BAO_0000219,cell-based format,Nc1ccc2ncnc(Nc3cccc(Br)c3)c2c1,,,CHEMBL1130057,J Med Chem,1997.0,,,CHEMBL52765,,CHEMBL52765,9.11,1,http://www.openphacts.org/units/Nanomolar,89161,=,1,1,=,,IC50,nM,,0.78,CHEMBL203,Homo sapiens,Epidermal growth factor receptor,9606,,,IC50,nM,UO_0000065,,0.78
,,139014,[],CHEMBL680030,Tested for inhibition of PLC gamma-derived substrate in Epidermal growth factor receptor stimulated A431 cells,F,,,BAO_0000190,BAO_0000219,cell-based format,CNc1ccc2ncnc(Nc3cccc(Br)c3)c2c1,,,CHEMBL1130057,J Med Chem,1997.0,,,CHEMBL50344,,CHEMBL50344,7.96,0,http://www.openphacts.org/units/Nanomolar,89160,=,1,1,=,,IC50,nM,,11.0,CHEMBL203,Homo sapiens,Epidermal growth factor receptor,9606,,,IC50,nM,UO_0000065,,11.0
,,139390,[],CHEMBL677391,Inhibition of tyrosine phosphorylation activity of the epidermal growth factor receptor (EGFR) tyrosine kinase from human A-431 carcinoma cell-shed membrane vesicles,B,,,BAO_0000190,BAO_0000019,assay format,Cn1c(SSc2c(C(=O)Nc3ccccc3)c3cc(Br)ccc3n2C)c(C(=O)Nc2ccccc2)c2cc(Br)ccc21,,,CHEMBL1127560,J Med Chem,1994.0,"{'bei': '6.86', 'le': '0.16', 'lle': '-4.56', 'sei': '7.26'}",,CHEMBL293251,,CHEMBL293251,4.94,0,http://www.openphacts.org/units/Nanomolar,109030,=,1,1,=,,IC50,nM,,11400.0,CHEMBL203,Homo sapiens,Epidermal growth factor receptor,9606,,,IC50,uM,UO_0000065,,11.4
,,139392,[],CHEMBL677391,Inhibition of tyrosine phosphorylation activity of the epidermal growth factor receptor (EGFR) tyrosine kinase from human A-431 carcinoma cell-shed membrane vesicles,B,,,BAO_0000190,BAO_0000019,assay format,COc1ccc2c(c1)c(C(=O)Nc1ccccc1)c(SSc1c(C(=O)Nc3ccccc3)c3cc(OC)ccc3n1C)n2C,,,CHEMBL1127560,J Med Chem,1994.0,,,CHEMBL294341,,CHEMBL294341,,0,http://www.openphacts.org/units/Nanomolar,109031,>,1,1,>,,IC50,nM,,100000.0,CHEMBL203,Homo sapiens,Epidermal growth factor receptor,9606,,,IC50,uM,UO_0000065,,100.0
,,139395,[],CHEMBL677391,Inhibition of tyrosine phosphorylation activity of the epidermal growth factor receptor (EGFR) tyrosine kinase from human A-431 carcinoma cell-shed membrane vesicles,B,,,BAO_0000190,BAO_0000019,assay format,COc1ccc2c(C(=O)Nc3ccccc3)c(SSc3c(C(=O)Nc4ccccc4)c4ccc(OC)cc4n3C)n(C)c2c1,,,CHEMBL1127560,J Med Chem,1994.0,"{'bei': '8.74', 'le': '0.17', 'lle': '-2.55', 'sei': '6.29'}",,CHEMBL60472,,CHEMBL60472,5.44,0,http://www.openphacts.org/units/Nanomolar,109036,=,1,1,=,,IC50,nM,,3600.0,CHEMBL203,Homo sapiens,Epidermal growth factor receptor,9606,,,IC50,uM,UO_0000065,,3.6
,,139439,[],CHEMBL676146,Inhibition of EGF-dependent DNA synthesis in ER 22 cells incubated with [3H]TdR,F,,,BAO_0000190,BAO_0000219,cell-based format,O=C(O)c1cc(NCc2ccccc2O)ccc1O,,,CHEMBL1127084,J Med Chem,1993.0,,,CHEMBL131407,,CHEMBL131407,,0,http://www.openphacts.org/units/Nanomolar,252394,>,1,1,>,,IC50,nM,,20000.0,CHEMBL203,Homo sapiens,Epidermal growth factor receptor,9606,,,IC50,uM,UO_0000065,,20.0
,,139593,[],CHEMBL673925,Inhibition of phosphorylation of a polyglutamic acid/tyrosine random copolymer by EGFR enzyme (from human A431 carcinoma cell vesicles),B,,,BAO_0000190,BAO_0000357,single protein format,O=C(/C=C/C(=O)Nc1cc2c(Nc3cccc(Br)c3)ncnc2cn1)NCCCn1ccnc1,,,CHEMBL1134843,J Med Chem,2001.0,"{'bei': '17.74', 'le': '0.37', 'lle': '5.82', 'sei': '7.30'}",,CHEMBL342828,,CHEMBL342828,9.25,0,http://www.openphacts.org/units/Nanomolar,265477,=,1,1,=,,IC50,nM,,0.56,CHEMBL203,Homo sapiens,Epidermal growth factor receptor,9606,,,IC50 app,nM,UO_0000065,,0.56
,,139594,[],CHEMBL677216,Inhibition of autophosphorylation of EGFR in A431 cells,B,,,BAO_0000190,BAO_0000219,cell-based format,O=C(/C=C/C(=O)Nc1cc2c(Nc3cccc(Br)c3)ncnc2cn1)NCCCn1ccnc1,,,CHEMBL1134843,J Med Chem,2001.0,"{'bei': '15.06', 'le': '0.32', 'lle': '4.42', 'sei': '6.20'}",,CHEMBL342828,,CHEMBL342828,7.85,0,http://www.openphacts.org/units/Nanomolar,265477,=,1,1,=,,IC50,nM,,14.0,CHEMBL203,Homo sapiens,Epidermal growth factor receptor,9606,,,IC50,nM,UO_0000065,,14.0
,,139596,[],CHEMBL677213,Inhibition of EGF-stimulated autophosphorylation of EGFR in A431 cells,B,,,BAO_0000190,BAO_0000219,cell-based format,O=C(/C=C/C(=O)Nc1cc2c(Nc3cccc(Br)c3)ncnc2cn1)NCCCn1ccnc1,,,CHEMBL1134843,J Med Chem,2001.0,"{'bei': '15.06', 'le': '0.32', 'lle': '4.42', 'sei': '6.20'}",,CHEMBL342828,,CHEMBL342828,7.85,0,http://www.openphacts.org/units/Nanomolar,265477,=,1,1,=,,IC50,nM,,14.0,CHEMBL203,Homo sapiens,Epidermal growth factor receptor,9606,,,IC50,nM,UO_0000065,,14.0
,,139961,[],CHEMBL680019,Inhibitory concentration was evaluated against epidermal growth factor receptor (EGFr) tyrosine kinase,B,,,BAO_0000190,BAO_0000357,single protein format,CN1CCN(CCCNc2ncc3cc(-c4c(Cl)cccc4Cl)c(=O)n(C)c3n2)CC1,,,CHEMBL1131066,J Med Chem,1998.0,"{'bei': '10.97', 'le': '0.22', 'lle': '1.71', 'sei': '7.63'}",,CHEMBL299194,,CHEMBL299194,5.06,1,http://www.openphacts.org/units/Nanomolar,210161,=,1,1,=,,IC50,nM,,8700.0,CHEMBL203,Homo sapiens,Epidermal growth factor receptor,9606,,,IC50,uM,UO_0000065,,8.7
,,139965,[],CHEMBL680019,Inhibitory concentration was evaluated against epidermal growth factor receptor (EGFr) tyrosine kinase,B,,,BAO_0000190,BAO_0000357,single protein format,Cn1c(=O)c(-c2c(Cl)cccc2Cl)cc2cnc(NCCc3ccccn3)nc21,,,CHEMBL1131066,J Med Chem,1998.0,,,CHEMBL323699,,CHEMBL323699,,0,http://www.openphacts.org/units/Nanomolar,210174,>,1,1,>,,IC50,nM,,5000.0,CHEMBL203,Homo sapiens,Epidermal growth factor receptor,9606,,,IC50,uM,UO_0000065,,5.0
,,140014,[],CHEMBL679947,"Inhibition of phosphorylation of phospholipase C gamma1 by Epidermal growth factor receptor, from human A431 carcinoma cell vesicles",F,,,BAO_0000190,BAO_0000019,assay format,CN(C)CCNc1ncc2ncnc(Nc3cccc(Br)c3)c2n1,,,CHEMBL1130057,J Med Chem,1997.0,,,CHEMBL54067,,CHEMBL54067,7.46,0,http://www.openphacts.org/units/Nanomolar,89145,=,1,1,=,,IC50,nM,,35.0,CHEMBL203,Homo sapiens,Epidermal growth factor receptor,9606,,,IC50,nM,UO_0000065,,35.0
,,140478,[],CHEMBL677391,Inhibition of tyrosine phosphorylation activity of the epidermal growth factor receptor (EGFR) tyrosine kinase from human A-431 carcinoma cell-shed membrane vesicles,B,,,BAO_0000190,BAO_0000019,assay format,CC(=O)Oc1cccc2c(C(=O)Nc3ccccc3)c(SSc3c(C(=O)Nc4ccccc4)c4cccc(OC(C)=O)c4n3C)n(C)c12,,,CHEMBL1127560,J Med Chem,1994.0,"{'bei': '7.37', 'le': '0.14', 'lle': '-2.82', 'sei': '4.15'}",,CHEMBL291359,,CHEMBL291359,5.00,0,http://www.openphacts.org/units/Nanomolar,109048,=,1,1,=,,IC50,nM,,9900.0,CHEMBL203,Homo sapiens,Epidermal growth factor receptor,9606,,,IC50,uM,UO_0000065,,9.9
,,140517,[],CHEMBL676146,Inhibition of EGF-dependent DNA synthesis in ER 22 cells incubated with [3H]TdR,F,,,BAO_0000190,BAO_0000219,cell-based format,COC(=O)c1cc(/N=C/c2ccccc2O)ccc1O,,,CHEMBL1127084,J Med Chem,1993.0,,,CHEMBL335074,,CHEMBL335074,,0,http://www.openphacts.org/units/Nanomolar,252407,>,1,1,>,,IC50,nM,,10000.0,CHEMBL203,Homo sapiens,Epidermal growth factor receptor,9606,,,IC50,uM,UO_0000065,,10.0
,,141071,[],CHEMBL680019,Inhibitory concentration was evaluated against epidermal growth factor receptor (EGFr) tyrosine kinase,B,,,BAO_0000190,BAO_0000357,single protein format,CCNc1ncc2cc(-c3c(Cl)cccc3Cl)c(=O)n(C)c2n1,,,CHEMBL1131066,J Med Chem,1998.0,"{'bei': '15.31', 'le': '0.32', 'lle': '1.62', 'sei': '8.94'}",,CHEMBL109296,,CHEMBL109296,5.35,0,http://www.openphacts.org/units/Nanomolar,210152,=,1,1,=,,IC50,nM,,4500.0,CHEMBL203,Homo sapiens,Epidermal growth factor receptor,9606,,,IC50,uM,UO_0000065,,4.5
,,141079,[],CHEMBL680019,Inhibitory concentration was evaluated against epidermal growth factor receptor (EGFr) tyrosine kinase,B,,,BAO_0000190,BAO_0000357,single protein format,Cc1ccc(Nc2ncc3cc(-c4c(Cl)cccc4Cl)c(=O)n(C)c3n2)cc1,,,CHEMBL1131066,J Med Chem,1998.0,"{'bei': '15.36', 'le': '0.31', 'lle': '0.97', 'sei': '10.56'}",,CHEMBL111339,,CHEMBL111339,6.32,0,http://www.openphacts.org/units/Nanomolar,210192,=,1,1,=,,IC50,nM,,480.0,CHEMBL203,Homo sapiens,Epidermal growth factor receptor,9606,,,IC50,uM,UO_0000065,,0.48
,,141112,[],CHEMBL680030,Tested for inhibition of PLC gamma-derived substrate in Epidermal growth factor receptor stimulated A431 cells,F,,,BAO_0000190,BAO_0000219,cell-based format,COc1ccc2ncnc(Nc3cccc(Br)c3)c2c1,,,CHEMBL1130057,J Med Chem,1997.0,,,CHEMBL52197,,CHEMBL52197,7.52,1,http://www.openphacts.org/units/Nanomolar,89146,=,1,1,=,,IC50,nM,,30.0,CHEMBL203,Homo sapiens,Epidermal growth factor receptor,9606,,,IC50,nM,UO_0000065,,30.0
,,142383,[],CHEMBL680019,Inhibitory concentration was evaluated against epidermal growth factor receptor (EGFr) tyrosine kinase,B,,,BAO_0000190,BAO_0000357,single protein format,CCOC(=O)c1ccc(Nc2ncc3cc(-c4c(Cl)cccc4Cl)c(=O)n(C)c3n2)cc1,,,CHEMBL1131066,J Med Chem,1998.0,,,CHEMBL109525,,CHEMBL109525,,0,http://www.openphacts.org/units/Nanomolar,210182,>,1,1,>,,IC50,nM,,50000.0,CHEMBL203,Homo sapiens,Epidermal growth factor receptor,9606,,,IC50,uM,UO_0000065,,50.0
,,142994,[],CHEMBL679549,Inhibitory activity against recombinant tyrosine kinase EGF-R (EGF-R ICD),B,,,BAO_0000190,BAO_0000357,single protein format,O=C1NC(=O)c2cc(Nc3ccc(F)cc3)c(Nc3ccc(F)cc3)cc21,,,CHEMBL1127678,J Med Chem,1994.0,"{'bei': '16.85', 'le': '0.31', 'lle': '1.81', 'sei': '8.76'}",,CHEMBL7939,CGP-53353,CHEMBL7939,6.16,0,http://www.openphacts.org/units/Nanomolar,2989,=,1,1,=,,IC50,nM,,700.0,CHEMBL203,Homo sapiens,Epidermal growth factor receptor,9606,,,IC50,uM,UO_0000065,,0.7
,,142999,[],CHEMBL621149,Inhibition of EGF-dependent autophosphorylation of EGF-R in human A431 cells,F,,,BAO_0000190,BAO_0000219,cell-based format,O=C1NC(=O)c2cc(Nc3ccc(F)cc3)c(Nc3ccc(F)cc3)cc21,,,CHEMBL1127678,J Med Chem,1994.0,,,CHEMBL7939,CGP-53353,CHEMBL7939,5.66,0,http://www.openphacts.org/units/Nanomolar,2989,=,1,1,=,,IC50,nM,,2200.0,CHEMBL203,Homo sapiens,Epidermal growth factor receptor,9606,,,IC50,uM,UO_0000065,,2.2
,,143002,[],CHEMBL679549,Inhibitory activity against recombinant tyrosine kinase EGF-R (EGF-R ICD),B,,,BAO_0000190,BAO_0000357,single protein format,O=C1NC(=O)c2cc(Nc3ccc(I)cc3)c(Nc3ccc(I)cc3)cc21,,,CHEMBL1127678,J Med Chem,1994.0,,,CHEMBL8163,,CHEMBL8163,,0,http://www.openphacts.org/units/Nanomolar,2991,>,1,1,>,,IC50,nM,,50000.0,CHEMBL203,Homo sapiens,Epidermal growth factor receptor,9606,,,IC50,uM,UO_0000065,,50.0
,,143005,[],CHEMBL679549,Inhibitory activity against recombinant tyrosine kinase EGF-R (EGF-R ICD),B,,,BAO_0000190,BAO_0000357,single protein format,COc1ccc(Nc2cc3c(cc2Nc2ccccc2)C(=O)NC3=O)cc1,,,CHEMBL1127678,J Med Chem,1994.0,"{'bei': '15.86', 'le': '0.29', 'lle': '1.63', 'sei': '7.17'}",,CHEMBL8095,,CHEMBL8095,5.70,0,http://www.openphacts.org/units/Nanomolar,3002,=,1,1,=,,IC50,nM,,2000.0,CHEMBL203,Homo sapiens,Epidermal growth factor receptor,9606,,,IC50,uM,UO_0000065,,2.0
,,143010,[],CHEMBL621149,Inhibition of EGF-dependent autophosphorylation of EGF-R in human A431 cells,F,,,BAO_0000190,BAO_0000219,cell-based format,COc1ccc(Nc2cc3c(cc2Nc2ccccc2)C(=O)NC3=O)cc1,,,CHEMBL1127678,J Med Chem,1994.0,,,CHEMBL8095,,CHEMBL8095,4.75,0,http://www.openphacts.org/units/Nanomolar,3002,=,1,1,=,,IC50,nM,,18000.0,CHEMBL203,Homo sapiens,Epidermal growth factor receptor,9606,,,IC50,uM,UO_0000065,,18.0
,,143066,[],CHEMBL679549,Inhibitory activity against recombinant tyrosine kinase EGF-R (EGF-R ICD),B,,,BAO_0000190,BAO_0000357,single protein format,CC(=O)N(c1ccccc1)c1cc2c(cc1Nc1ccccc1)C(=O)NC2=O,,,CHEMBL1127678,J Med Chem,1994.0,,,CHEMBL268441,,CHEMBL268441,,0,http://www.openphacts.org/units/Nanomolar,3007,>,1,1,>,,IC50,nM,,50000.0,CHEMBL203,Homo sapiens,Epidermal growth factor receptor,9606,,,IC50,uM,UO_0000065,,50.0
,,143069,[],CHEMBL621149,Inhibition of EGF-dependent autophosphorylation of EGF-R in human A431 cells,F,,,BAO_0000190,BAO_0000219,cell-based format,CC(=O)N(c1ccccc1)c1cc2c(cc1Nc1ccccc1)C(=O)NC2=O,,,CHEMBL1127678,J Med Chem,1994.0,,,CHEMBL268441,,CHEMBL268441,,0,http://www.openphacts.org/units/Nanomolar,3007,>,1,1,>,,IC50,nM,,50000.0,CHEMBL203,Homo sapiens,Epidermal growth factor receptor,9606,,,IC50,uM,UO_0000065,,50.0
,,143211,[],CHEMBL673925,Inhibition of phosphorylation of a polyglutamic acid/tyrosine random copolymer by EGFR enzyme (from human A431 carcinoma cell vesicles),B,,,BAO_0000190,BAO_0000357,single protein format,CN(C)CCCNC(=O)/C=C/C(=O)Nc1ccc2ncnc(Nc3cccc(Br)c3)c2c1,,,CHEMBL1134843,J Med Chem,2001.0,"{'bei': '18.81', 'le': '0.40', 'lle': '5.66', 'sei': '9.43'}",,CHEMBL345109,,CHEMBL345109,9.36,0,http://www.openphacts.org/units/Nanomolar,265481,=,1,1,=,,IC50,nM,,0.44,CHEMBL203,Homo sapiens,Epidermal growth factor receptor,9606,,,IC50 app,nM,UO_0000065,,0.44
,,143212,[],CHEMBL677216,Inhibition of autophosphorylation of EGFR in A431 cells,B,,,BAO_0000190,BAO_0000219,cell-based format,CN(C)CCCNC(=O)/C=C/C(=O)Nc1ccc2ncnc(Nc3cccc(Br)c3)c2c1,,,CHEMBL1134843,J Med Chem,2001.0,"{'bei': '14.53', 'le': '0.31', 'lle': '3.53', 'sei': '7.28'}",,CHEMBL345109,,CHEMBL345109,7.23,0,http://www.openphacts.org/units/Nanomolar,265481,=,1,1,=,,IC50,nM,,59.0,CHEMBL203,Homo sapiens,Epidermal growth factor receptor,9606,,,IC50,nM,UO_0000065,,59.0
,,143214,[],CHEMBL679948,Inhibition of EGF-stimulated autophosphorylation of EGFR in A431 cells,B,,,BAO_0000190,BAO_0000219,cell-based format,CN(C)CCCNC(=O)/C=C/C(=O)Nc1ccc2ncnc(Nc3cccc(Br)c3)c2c1,,,CHEMBL1134843,J Med Chem,2001.0,"{'bei': '14.53', 'le': '0.31', 'lle': '3.53', 'sei': '7.28'}",,CHEMBL345109,,CHEMBL345109,7.23,0,http://www.openphacts.org/units/Nanomolar,265481,=,1,1,=,,IC50,nM,,59.0,CHEMBL203,Homo sapiens,Epidermal growth factor receptor,9606,,,IC50,nM,UO_0000065,,59.0
,Not Determined,143687,[],CHEMBL680020,Inhibition of epidermal growth factor receptor (EGFr) tyrosine kinase activity,B,,,BAO_0000190,BAO_0000357,single protein format,CN(C)CCCOc1ccc(Nc2ncc3cc(-c4c(Cl)cccc4Cl)c(=O)n(C)c3n2)cc1,,,CHEMBL1131066,J Med Chem,1998.0,,,CHEMBL110905,,CHEMBL110905,,0,http://www.openphacts.org/units/Nanomolar,210177,,1,0,,,IC50,nM,,,CHEMBL203,Homo sapiens,Epidermal growth factor receptor,9606,,,IC50,uM,UO_0000065,,
,,144108,[],CHEMBL683041,Inhibition of Epidermal Growth Factor Receptor (EGFR) autophosphorylation,B,,,BAO_0000190,BAO_0000357,single protein format,CCOc1cc2ncc(C#N)c(Nc3ccc(F)c(Cl)c3)c2cc1NC(=O)/C=C/CN(C)C,,,CHEMBL1135208,Bioorg Med Chem Lett,2002.0,"{'bei': '15.13', 'le': '0.29', 'lle': '1.98', 'sei': '7.84'}",,CHEMBL607707,PELITINIB,CHEMBL607707,7.08,0,http://www.openphacts.org/units/Nanomolar,182227,=,1,1,=,,IC50,nM,,83.0,CHEMBL203,Homo sapiens,Epidermal growth factor receptor,9606,,,IC50,uM,UO_0000065,,0.083
,,144215,[],CHEMBL677391,Inhibition of tyrosine phosphorylation activity of the epidermal growth factor receptor (EGFR) tyrosine kinase from human A-431 carcinoma cell-shed membrane vesicles,B,,,BAO_0000190,BAO_0000019,assay format,Cn1c(SSc2c(C(=O)Nc3ccccc3)c3c(Cl)cccc3n2C)c(C(=O)Nc2ccccc2)c2c(Cl)cccc21,,,CHEMBL1127560,J Med Chem,1994.0,"{'bei': '6.33', 'le': '0.13', 'lle': '-5.28', 'sei': '5.88'}",,CHEMBL293986,,CHEMBL293986,4.00,0,http://www.openphacts.org/units/Nanomolar,109057,=,1,1,=,,IC50,nM,,100000.0,CHEMBL203,Homo sapiens,Epidermal growth factor receptor,9606,,,IC50,uM,UO_0000065,,100.0
,,144234,[],CHEMBL679549,Inhibitory activity against recombinant tyrosine kinase EGF-R (EGF-R ICD),B,,,BAO_0000190,BAO_0000357,single protein format,CCN(CC)c1ccc(Nc2cc3c(cc2Nc2ccc(N(CC)CC)cc2)C(=O)NC3=O)cc1,,,CHEMBL1127678,J Med Chem,1994.0,"{'bei': '9.12', 'le': '0.17', 'lle': '-1.45', 'sei': '5.61'}",,CHEMBL8223,,CHEMBL8223,4.30,0,http://www.openphacts.org/units/Nanomolar,2992,=,1,1,=,,IC50,nM,,50000.0,CHEMBL203,Homo sapiens,Epidermal growth factor receptor,9606,,,IC50,uM,UO_0000065,,50.0
,,144239,[],CHEMBL679549,Inhibitory activity against recombinant tyrosine kinase EGF-R (EGF-R ICD),B,,,BAO_0000190,BAO_0000357,single protein format,CN1C(=O)c2cc(Nc3ccccc3)c(Nc3ccccc3)cc2C1=O,,,CHEMBL1127678,J Med Chem,1994.0,,,CHEMBL8036,,CHEMBL8036,,0,http://www.openphacts.org/units/Nanomolar,3000,>,1,1,>,,IC50,nM,,50000.0,CHEMBL203,Homo sapiens,Epidermal growth factor receptor,9606,,,IC50,uM,UO_0000065,,50.0
,,144242,[],CHEMBL621149,Inhibition of EGF-dependent autophosphorylation of EGF-R in human A431 cells,F,,,BAO_0000190,BAO_0000219,cell-based format,CN1C(=O)c2cc(Nc3ccccc3)c(Nc3ccccc3)cc2C1=O,,,CHEMBL1127678,J Med Chem,1994.0,,,CHEMBL8036,,CHEMBL8036,,0,http://www.openphacts.org/units/Nanomolar,3000,>,1,1,>,,IC50,nM,,50000.0,CHEMBL203,Homo sapiens,Epidermal growth factor receptor,9606,,,IC50,uM,UO_0000065,,50.0
,,144667,[],CHEMBL680019,Inhibitory concentration was evaluated against epidermal growth factor receptor (EGFr) tyrosine kinase,B,,,BAO_0000190,BAO_0000357,single protein format,CCCCNc1ncc2cc(-c3c(Cl)cccc3Cl)c(=O)n(C)c2n1,,,CHEMBL1131066,J Med Chem,1998.0,"{'bei': '14.20', 'le': '0.29', 'lle': '0.85', 'sei': '8.96'}",,CHEMBL332269,,CHEMBL332269,5.36,0,http://www.openphacts.org/units/Nanomolar,210150,=,1,1,=,,IC50,nM,,4400.0,CHEMBL203,Homo sapiens,Epidermal growth factor receptor,9606,,,IC50,uM,UO_0000065,,4.4
,,144687,[],CHEMBL680030,Tested for inhibition of PLC gamma-derived substrate in Epidermal growth factor receptor stimulated A431 cells,F,,,BAO_0000190,BAO_0000219,cell-based format,Nc1ccc2ncnc(Nc3cccc(Br)c3)c2n1,,,CHEMBL1130057,J Med Chem,1997.0,,,CHEMBL300217,,CHEMBL300217,8.12,1,http://www.openphacts.org/units/Nanomolar,89158,=,1,1,=,,IC50,nM,,7.6,CHEMBL203,Homo sapiens,Epidermal growth factor receptor,9606,,,IC50,nM,UO_0000065,,7.6
,,144688,[],CHEMBL680031,Tested for inhibition of autophosphorylation in Epidermal growth factor receptor stimulated A431 cells,F,,,BAO_0000190,BAO_0000219,cell-based format,Nc1ccc2ncnc(Nc3cccc(Br)c3)c2n1,,,CHEMBL1130057,J Med Chem,1997.0,,,CHEMBL300217,,CHEMBL300217,7.28,1,http://www.openphacts.org/units/Nanomolar,89158,=,1,1,=,,IC50,nM,,53.0,CHEMBL203,Homo sapiens,Epidermal growth factor receptor,9606,,,IC50,nM,UO_0000065,,53.0
,,144689,[],CHEMBL680030,Tested for inhibition of PLC gamma-derived substrate in Epidermal growth factor receptor stimulated A431 cells,F,,,BAO_0000190,BAO_0000219,cell-based format,CNc1cc2c(Nc3cccc(Br)c3)ncnc2cn1,Outside typical range,"Values for this activity type are unusually large/small, so may not be accurate",CHEMBL1130057,J Med Chem,1997.0,,,CHEMBL53753,,CHEMBL53753,,1,http://www.openphacts.org/units/Nanomolar,89166,=,1,1,=,,IC50,nM,,0.008,CHEMBL203,Homo sapiens,Epidermal growth factor receptor,9606,,,IC50,nM,UO_0000065,,0.008
,,144690,[],CHEMBL680031,Tested for inhibition of autophosphorylation in Epidermal growth factor receptor stimulated A431 cells,F,,,BAO_0000190,BAO_0000219,cell-based format,CNc1cc2c(Nc3cccc(Br)c3)ncnc2cn1,,,CHEMBL1130057,J Med Chem,1997.0,,,CHEMBL53753,,CHEMBL53753,7.82,1,http://www.openphacts.org/units/Nanomolar,89166,=,1,1,=,,IC50,nM,,15.0,CHEMBL203,Homo sapiens,Epidermal growth factor receptor,9606,,,IC50,nM,UO_0000065,,15.0
,,161214,[],CHEMBL677888,Inhibition of Epidermal growth factor receptor (Her1/ErbB1),B,,,BAO_0000190,BAO_0000357,single protein format,CC(C)(C)c1cnc(CSc2cnc(NC(=O)Cc3ccc(CNC(CO)CO)cc3)s2)o1,,,CHEMBL1135763,J Med Chem,2002.0,,,CHEMBL300936,,CHEMBL300936,,0,http://www.openphacts.org/units/Nanomolar,243873,>,1,1,>,,IC50,nM,,25000.0,CHEMBL203,Homo sapiens,Epidermal growth factor receptor,9606,,,IC50,nM,UO_0000065,,25000.0
,,182065,[],CHEMBL677888,Inhibition of Epidermal growth factor receptor (Her1/ErbB1),B,,,BAO_0000190,BAO_0000357,single protein format,CN1CC[C@H](c2c(O)cc(O)c3c(=O)cc(-c4ccccc4Cl)oc23)[C@H](O)C1,,,CHEMBL1135763,J Med Chem,2002.0,"{'bei': '12.74', 'le': '0.25', 'lle': '1.82', 'sei': '5.44'}",,CHEMBL428690,ALVOCIDIB,CHEMBL428690,5.12,0,http://www.openphacts.org/units/Nanomolar,243847,=,1,1,=,,IC50,nM,,7600.0,CHEMBL203,Homo sapiens,Epidermal growth factor receptor,9606,,,IC50,nM,UO_0000065,,7600.0
,,183887,[],CHEMBL674106,Inhibitory activity against epidermal growth factor receptor,B,,,BAO_0000190,BAO_0000357,single protein format,Oc1ccc2ncnc(Nc3ccc(OCc4ccccc4)cc3)c2c1,,,CHEMBL1146682,Bioorg Med Chem Lett,2004.0,"{'bei': '20.41', 'le': '0.37', 'lle': '2.35', 'sei': '10.42'}",,CHEMBL14932,,CHEMBL14932,7.01,0,http://www.openphacts.org/units/Nanomolar,15404,=,1,1,=,,IC50,nM,,98.0,CHEMBL203,Homo sapiens,Epidermal growth factor receptor,9606,,,IC50,nM,UO_0000065,,98.0
,,184317,[],CHEMBL814059,Cytotoxic effect on EGF-receptor overexpressing HN5 squamous carcinoma cells,F,,,BAO_0000190,BAO_0000219,cell-based format,Oc1cc(O)c2nc(-c3ccc(O)c(O)c3)sc2c1,Outside typical range,"Values for this activity type are unusually large/small, so may not be accurate",CHEMBL1127530,J Med Chem,1994.0,,,CHEMBL48085,,CHEMBL48085,,0,http://www.openphacts.org/units/Nanomolar,76271,=,1,1,=,,IC50,nM,,130000.0,CHEMBL203,Homo sapiens,Epidermal growth factor receptor,9606,,,IC50,uM,UO_0000065,,130.0
,,185100,[],CHEMBL677389,Inhibition of the phosphorylation of a random polyglutamic acid/tyrosine copolymer by human epidermal growth factor receptor(EGFR) prepared from human A431 carcinoma cells,B,,,BAO_0000190,BAO_0000219,cell-based format,Brc1cccc(Nc2ncnc3cc4c(cnn4CCN4CCOCC4)cc23)c1,,,CHEMBL1130030,J Med Chem,1997.0,"{'bei': '18.60', 'le': '0.40', 'lle': '4.61', 'sei': '12.38'}",,CHEMBL38199,,CHEMBL38199,8.43,0,http://www.openphacts.org/units/Nanomolar,60189,=,1,1,=,,IC50,nM,,3.7,CHEMBL203,Homo sapiens,Epidermal growth factor receptor,9606,,,IC50,nM,UO_0000065,,3.7
,,185101,[],CHEMBL676156,Inhibition of autophosphorylation of epidermal growth factor receptor prepared from human A431 carcinoma cells.,B,,,BAO_0000190,BAO_0000219,cell-based format,Brc1cccc(Nc2ncnc3cc4c(cnn4CCN4CCOCC4)cc23)c1,,,CHEMBL1130030,J Med Chem,1997.0,"{'bei': '14.82', 'le': '0.32', 'lle': '2.90', 'sei': '9.86'}",,CHEMBL38199,,CHEMBL38199,6.72,0,http://www.openphacts.org/units/Nanomolar,60189,=,1,1,=,,IC50,nM,,192.0,CHEMBL203,Homo sapiens,Epidermal growth factor receptor,9606,,,IC50,nM,UO_0000065,,192.0
,,186628,[],CHEMBL674106,Inhibitory activity against epidermal growth factor receptor,B,,,BAO_0000190,BAO_0000357,single protein format,C#Cc1cccc(Nc2ncnc3cc(OCCOC)c(OCCOC)cc23)c1,,,CHEMBL1146682,Bioorg Med Chem Lett,2004.0,"{'bei': '22.88', 'le': '0.42', 'lle': '5.59', 'sei': '12.04'}",,CHEMBL553,ERLOTINIB,CHEMBL553,9.00,1,http://www.openphacts.org/units/Nanomolar,15410,=,1,1,=,,IC50,nM,,1.0,CHEMBL203,Homo sapiens,Epidermal growth factor receptor,9606,,,IC50,uM,UO_0000065,,0.001
,,186630,[],CHEMBL674106,Inhibitory activity against epidermal growth factor receptor,B,,,BAO_0000190,BAO_0000357,single protein format,COc1cc2ncnc(Nc3ccc(F)c(Cl)c3)c2cc1OCCCN1CCOCC1,,,CHEMBL1146682,Bioorg Med Chem Lett,2004.0,"{'bei': '20.14', 'le': '0.40', 'lle': '4.72', 'sei': '13.09'}",,CHEMBL939,GEFITINIB,CHEMBL939,9.00,0,http://www.openphacts.org/units/Nanomolar,15409,=,1,1,=,,IC50,nM,,1.0,CHEMBL203,Homo sapiens,Epidermal growth factor receptor,9606,,,IC50,uM,UO_0000065,,0.001
,,187807,[],CHEMBL677389,Inhibition of the phosphorylation of a random polyglutamic acid/tyrosine copolymer by human epidermal growth factor receptor(EGFR) prepared from human A431 carcinoma cells,B,,,BAO_0000190,BAO_0000219,cell-based format,COc1cc2ncnc(Nc3cccc(Br)c3)c2cc1OC,,,CHEMBL1130030,J Med Chem,1997.0,"{'bei': '29.43', 'le': '0.66', 'lle': '6.45', 'sei': '18.84'}",,CHEMBL29197,,CHEMBL29197,10.60,1,http://www.openphacts.org/units/Nanomolar,60203,=,1,1,=,,IC50,nM,,0.025,CHEMBL203,Homo sapiens,Epidermal growth factor receptor,9606,,,IC50,nM,UO_0000065,,0.025
,,189000,[],CHEMBL677389,Inhibition of the phosphorylation of a random polyglutamic acid/tyrosine copolymer by human epidermal growth factor receptor(EGFR) prepared from human A431 carcinoma cells,B,,,BAO_0000190,BAO_0000219,cell-based format,CN(C)Cc1c[nH]c2cc3ncnc(Nc4cccc(Br)c4)c3cc12,,,CHEMBL1130030,J Med Chem,1997.0,"{'bei': '21.66', 'le': '0.47', 'lle': '3.91', 'sei': '15.10'}",,CHEMBL287007,,CHEMBL287007,8.59,0,http://www.openphacts.org/units/Nanomolar,60191,=,1,1,=,,IC50,nM,,2.6,CHEMBL203,Homo sapiens,Epidermal growth factor receptor,9606,,,IC50,nM,UO_0000065,,2.6
,,189001,[],CHEMBL676156,Inhibition of autophosphorylation of epidermal growth factor receptor prepared from human A431 carcinoma cells.,B,,,BAO_0000190,BAO_0000219,cell-based format,CN(C)Cc1c[nH]c2cc3ncnc(Nc4cccc(Br)c4)c3cc12,,,CHEMBL1130030,J Med Chem,1997.0,"{'bei': '20.22', 'le': '0.44', 'lle': '3.33', 'sei': '14.10'}",,CHEMBL287007,,CHEMBL287007,8.01,0,http://www.openphacts.org/units/Nanomolar,60191,=,1,1,=,,IC50,nM,,9.7,CHEMBL203,Homo sapiens,Epidermal growth factor receptor,9606,,,IC50,nM,UO_0000065,,9.7
,,189002,[],CHEMBL677389,Inhibition of the phosphorylation of a random polyglutamic acid/tyrosine copolymer by human epidermal growth factor receptor(EGFR) prepared from human A431 carcinoma cells,B,,,BAO_0000190,BAO_0000219,cell-based format,Brc1cccc(Nc2ccnc3ccccc23)c1,,,CHEMBL1130030,J Med Chem,1997.0,"{'bei': '17.58', 'le': '0.40', 'lle': '0.52', 'sei': '21.11'}",,CHEMBL37346,,CHEMBL37346,5.26,1,http://www.openphacts.org/units/Nanomolar,60205,=,1,1,=,,IC50,nM,,5500.0,CHEMBL203,Homo sapiens,Epidermal growth factor receptor,9606,,,IC50,nM,UO_0000065,,5500.0
,,189003,[],CHEMBL677389,Inhibition of the phosphorylation of a random polyglutamic acid/tyrosine copolymer by human epidermal growth factor receptor(EGFR) prepared from human A431 carcinoma cells,B,,,BAO_0000190,BAO_0000219,cell-based format,Brc1cccc(Nc2nccc3ccccc23)c1,,,CHEMBL1130030,J Med Chem,1997.0,,,CHEMBL39563,,CHEMBL39563,,1,http://www.openphacts.org/units/Nanomolar,60200,>,1,1,>,,IC50,nM,,100000.0,CHEMBL203,Homo sapiens,Epidermal growth factor receptor,9606,,,IC50,nM,UO_0000065,,100000.0
,,189082,[],CHEMBL674106,Inhibitory activity against epidermal growth factor receptor,B,,,BAO_0000190,BAO_0000357,single protein format,CS(=O)(=O)CCNCCCCOc1ccc2ncnc(Nc3ccc(OCc4ccccc4)cc3)c2c1,,,CHEMBL1146682,Bioorg Med Chem Lett,2004.0,"{'bei': '13.70', 'le': '0.26', 'lle': '2.38', 'sei': '6.96'}",,CHEMBL15346,,CHEMBL15346,7.13,0,http://www.openphacts.org/units/Nanomolar,15418,=,1,1,=,,IC50,nM,,74.0,CHEMBL203,Homo sapiens,Epidermal growth factor receptor,9606,,,IC50,nM,UO_0000065,,74.0
,,189084,[],CHEMBL674106,Inhibitory activity against epidermal growth factor receptor,B,,,BAO_0000190,BAO_0000357,single protein format,COc1ccc2ncnc(Nc3ccc(OCc4ccccc4)cc3)c2c1,,,CHEMBL1146682,Bioorg Med Chem Lett,2004.0,"{'bei': '20.05', 'le': '0.36', 'lle': '2.21', 'sei': '12.74'}",,CHEMBL15202,,CHEMBL15202,7.17,0,http://www.openphacts.org/units/Nanomolar,15405,=,1,1,=,,IC50,nM,,68.0,CHEMBL203,Homo sapiens,Epidermal growth factor receptor,9606,,,IC50,nM,UO_0000065,,68.0
,,190221,[],CHEMBL674106,Inhibitory activity against epidermal growth factor receptor,B,,,BAO_0000190,BAO_0000357,single protein format,CS(=O)(=O)CCNCc1ccc(-c2ccc3ncnc(Nc4ccc(OCc5cccc(F)c5)c(Cl)c4)c3c2)o1,,,CHEMBL1146682,Bioorg Med Chem Lett,2004.0,"{'bei': '13.77', 'le': '0.27', 'lle': '1.86', 'sei': '7.52'}",,CHEMBL554,LAPATINIB,CHEMBL554,8.00,0,http://www.openphacts.org/units/Nanomolar,15408,=,1,1,=,,IC50,nM,,10.0,CHEMBL203,Homo sapiens,Epidermal growth factor receptor,9606,,,IC50,uM,UO_0000065,,0.01
,,191433,[],CHEMBL677389,Inhibition of the phosphorylation of a random polyglutamic acid/tyrosine copolymer by human epidermal growth factor receptor(EGFR) prepared from human A431 carcinoma cells,B,,,BAO_0000190,BAO_0000219,cell-based format,O=C(O)Cn1ncc2cc3c(Nc4cccc(Br)c4)ncnc3cc21,,,CHEMBL1130030,J Med Chem,1997.0,"{'bei': '18.27', 'le': '0.40', 'lle': '3.71', 'sei': '7.83'}",,CHEMBL36819,,CHEMBL36819,7.28,0,http://www.openphacts.org/units/Nanomolar,60211,=,1,1,=,,IC50,nM,,53.0,CHEMBL203,Homo sapiens,Epidermal growth factor receptor,9606,,,IC50,nM,UO_0000065,,53.0
,,191434,[],CHEMBL676156,Inhibition of autophosphorylation of epidermal growth factor receptor prepared from human A431 carcinoma cells.,B,,,BAO_0000190,BAO_0000219,cell-based format,O=C(O)Cn1ncc2cc3c(Nc4cccc(Br)c4)ncnc3cc21,,,CHEMBL1130030,J Med Chem,1997.0,"{'bei': '14.87', 'le': '0.32', 'lle': '2.35', 'sei': '6.37'}",,CHEMBL36819,,CHEMBL36819,5.92,0,http://www.openphacts.org/units/Nanomolar,60211,=,1,1,=,,IC50,nM,,1196.0,CHEMBL203,Homo sapiens,Epidermal growth factor receptor,9606,,,IC50,nM,UO_0000065,,1196.0
,,191435,[],CHEMBL677389,Inhibition of the phosphorylation of a random polyglutamic acid/tyrosine copolymer by human epidermal growth factor receptor(EGFR) prepared from human A431 carcinoma cells,B,,,BAO_0000190,BAO_0000219,cell-based format,Brc1cccc(Nc2ncnc3cc4c(ccn4CCN4CCOCC4)cc23)c1,,,CHEMBL1130030,J Med Chem,1997.0,"{'bei': '18.64', 'le': '0.40', 'lle': '4.01', 'sei': '15.27'}",,CHEMBL40130,,CHEMBL40130,8.43,0,http://www.openphacts.org/units/Nanomolar,60195,=,1,1,=,,IC50,nM,,3.7,CHEMBL203,Homo sapiens,Epidermal growth factor receptor,9606,,,IC50,nM,UO_0000065,,3.7
,,191436,[],CHEMBL676156,Inhibition of autophosphorylation of epidermal growth factor receptor prepared from human A431 carcinoma cells.,B,,,BAO_0000190,BAO_0000219,cell-based format,Brc1cccc(Nc2ncnc3cc4c(ccn4CCN4CCOCC4)cc23)c1,,,CHEMBL1130030,J Med Chem,1997.0,"{'bei': '17.23', 'le': '0.37', 'lle': '3.38', 'sei': '14.12'}",,CHEMBL40130,,CHEMBL40130,7.80,0,http://www.openphacts.org/units/Nanomolar,60195,=,1,1,=,,IC50,nM,,16.0,CHEMBL203,Homo sapiens,Epidermal growth factor receptor,9606,,,IC50,nM,UO_0000065,,16.0
,,191437,[],CHEMBL677389,Inhibition of the phosphorylation of a random polyglutamic acid/tyrosine copolymer by human epidermal growth factor receptor(EGFR) prepared from human A431 carcinoma cells,B,,,BAO_0000190,BAO_0000219,cell-based format,CCOc1cc2ncnc(Nc3cccc(Br)c3)c2cc1OCC,Outside typical range,"Values for this activity type are unusually large/small, so may not be accurate",CHEMBL1130030,J Med Chem,1997.0,,,CHEMBL35820,,CHEMBL35820,,1,http://www.openphacts.org/units/Nanomolar,60204,=,1,1,=,,IC50,nM,,0.006,CHEMBL203,Homo sapiens,Epidermal growth factor receptor,9606,,,IC50,nM,UO_0000065,,0.006
,,191495,[],CHEMBL674106,Inhibitory activity against epidermal growth factor receptor,B,,,BAO_0000190,BAO_0000357,single protein format,O=C(NCCCCOc1ccc2ncnc(Nc3ccc(OCc4ccccc4)cc3)c2c1)C(F)(F)F,,,CHEMBL1146682,Bioorg Med Chem Lett,2004.0,"{'bei': '13.97', 'le': '0.26', 'lle': '1.34', 'sei': '8.35'}",,CHEMBL14627,,CHEMBL14627,7.13,0,http://www.openphacts.org/units/Nanomolar,15407,=,1,1,=,,IC50,nM,,74.0,CHEMBL203,Homo sapiens,Epidermal growth factor receptor,9606,,,IC50,nM,UO_0000065,,74.0
,,192570,[],CHEMBL677389,Inhibition of the phosphorylation of a random polyglutamic acid/tyrosine copolymer by human epidermal growth factor receptor(EGFR) prepared from human A431 carcinoma cells,B,,,BAO_0000190,BAO_0000219,cell-based format,Brc1cccc(Nc2ncnc3ccccc23)c1,,,CHEMBL1130030,J Med Chem,1997.0,"{'bei': '25.22', 'le': '0.57', 'lle': '3.43', 'sei': '20.02'}",,CHEMBL290096,,CHEMBL290096,7.57,1,http://www.openphacts.org/units/Nanomolar,60206,=,1,1,=,,IC50,nM,,27.0,CHEMBL203,Homo sapiens,Epidermal growth factor receptor,9606,,,IC50,nM,UO_0000065,,27.0
,,192571,[],CHEMBL677389,Inhibition of the phosphorylation of a random polyglutamic acid/tyrosine copolymer by human epidermal growth factor receptor(EGFR) prepared from human A431 carcinoma cells,B,,,BAO_0000190,BAO_0000219,cell-based format,COc1cccc2c(Nc3cccc(Br)c3)ncnc12,,,CHEMBL1130030,J Med Chem,1997.0,,,CHEMBL289787,,CHEMBL289787,,0,http://www.openphacts.org/units/Nanomolar,60201,>,1,1,>,,IC50,nM,,10000.0,CHEMBL203,Homo sapiens,Epidermal growth factor receptor,9606,,,IC50,nM,UO_0000065,,10000.0
,,193127,[],CHEMBL814059,Cytotoxic effect on EGF-receptor overexpressing HN5 squamous carcinoma cells,F,,,BAO_0000190,BAO_0000219,cell-based format,Oc1ccc(-c2nc3c(O)cc(O)cc3s2)cc1,Outside typical range,"Values for this activity type are unusually large/small, so may not be accurate",CHEMBL1127530,J Med Chem,1994.0,,,CHEMBL45564,,CHEMBL45564,,0,http://www.openphacts.org/units/Nanomolar,76261,=,1,1,=,,IC50,nM,,300000.0,CHEMBL203,Homo sapiens,Epidermal growth factor receptor,9606,,,IC50,uM,UO_0000065,,300.0
,,196098,[],CHEMBL677389,Inhibition of the phosphorylation of a random polyglutamic acid/tyrosine copolymer by human epidermal growth factor receptor(EGFR) prepared from human A431 carcinoma cells,B,,,BAO_0000190,BAO_0000219,cell-based format,Cc1nc(Nc2cccc(Br)c2)c2ccccc2n1,,,CHEMBL1130030,J Med Chem,1997.0,,,CHEMBL37099,,CHEMBL37099,,0,http://www.openphacts.org/units/Nanomolar,60202,>,1,1,>,,IC50,nM,,10000.0,CHEMBL203,Homo sapiens,Epidermal growth factor receptor,9606,,,IC50,nM,UO_0000065,,10000.0
,,198300,[],CHEMBL674106,Inhibitory activity against epidermal growth factor receptor,B,,,BAO_0000190,BAO_0000357,single protein format,CS(=O)(=O)CCNCCCCOc1ccc2ncnc(Nc3ccc(F)c(Cl)c3)c2c1,,,CHEMBL1146682,Bioorg Med Chem Lett,2004.0,"{'bei': '16.49', 'le': '0.34', 'lle': '3.74', 'sei': '8.26'}",,CHEMBL460731,,CHEMBL460731,7.70,0,http://www.openphacts.org/units/Nanomolar,15414,=,1,1,=,,IC50,nM,,20.0,CHEMBL203,Homo sapiens,Epidermal growth factor receptor,9606,,,IC50,nM,UO_0000065,,20.0
,,198302,[],CHEMBL690547,Inhibition of EGFR overexpressing HN5 (head/neck carcinoma) cell line proliferation,F,,,BAO_0000190,BAO_0000219,cell-based format,CS(=O)(=O)CCNCCCCOc1ccc2ncnc(Nc3ccc(F)c(Cl)c3)c2c1,,,CHEMBL1146682,Bioorg Med Chem Lett,2004.0,,,CHEMBL460731,,CHEMBL460731,7.15,0,http://www.openphacts.org/units/Nanomolar,15414,=,1,1,=,,IC50,nM,,71.0,CHEMBL203,Homo sapiens,Epidermal growth factor receptor,9606,,,IC50,uM,UO_0000065,,0.071
,,198799,[],CHEMBL676234,Cytotoxic effect on EGF-receptor overexpressing HN5 squamous carcinoma cells,F,,,BAO_0000190,BAO_0000219,cell-based format,O=c1c(O)c(-c2ccc(O)c(O)c2)oc2cc(O)cc(O)c12,Outside typical range,"Values for this activity type are unusually large/small, so may not be accurate",CHEMBL1127530,J Med Chem,1994.0,,,CHEMBL50,QUERCETIN,CHEMBL50,,0,http://www.openphacts.org/units/Nanomolar,76260,=,1,1,=,,IC50,nM,,190000.0,CHEMBL203,Homo sapiens,Epidermal growth factor receptor,9606,,,IC50,uM,UO_0000065,,190.0
,,199602,[],CHEMBL677389,Inhibition of the phosphorylation of a random polyglutamic acid/tyrosine copolymer by human epidermal growth factor receptor(EGFR) prepared from human A431 carcinoma cells,B,,,BAO_0000190,BAO_0000219,cell-based format,OCC(O)Cn1ncc2cc3c(Nc4cccc(Br)c4)ncnc3cc21,,,CHEMBL1130030,J Med Chem,1997.0,"{'bei': '19.12', 'le': '0.42', 'lle': '5.08', 'sei': '8.24'}",,CHEMBL37543,,CHEMBL37543,7.92,0,http://www.openphacts.org/units/Nanomolar,60215,=,1,1,=,,IC50,nM,,12.0,CHEMBL203,Homo sapiens,Epidermal growth factor receptor,9606,,,IC50,nM,UO_0000065,,12.0
,,199603,[],CHEMBL676156,Inhibition of autophosphorylation of epidermal growth factor receptor prepared from human A431 carcinoma cells.,B,,,BAO_0000190,BAO_0000219,cell-based format,OCC(O)Cn1ncc2cc3c(Nc4cccc(Br)c4)ncnc3cc21,,,CHEMBL1130030,J Med Chem,1997.0,"{'bei': '15.68', 'le': '0.34', 'lle': '3.66', 'sei': '6.76'}",,CHEMBL37543,,CHEMBL37543,6.50,0,http://www.openphacts.org/units/Nanomolar,60215,=,1,1,=,,IC50,nM,,318.0,CHEMBL203,Homo sapiens,Epidermal growth factor receptor,9606,,,IC50,nM,UO_0000065,,318.0
,,199604,[],CHEMBL677389,Inhibition of the phosphorylation of a random polyglutamic acid/tyrosine copolymer by human epidermal growth factor receptor(EGFR) prepared from human A431 carcinoma cells,B,,,BAO_0000190,BAO_0000219,cell-based format,CN(C)CCCn1ccc2cc3c(Nc4cccc(Br)c4)ncnc3cc21,,,CHEMBL1130030,J Med Chem,1997.0,"{'bei': '18.09', 'le': '0.39', 'lle': '2.64', 'sei': '16.70'}",,CHEMBL287289,,CHEMBL287289,7.68,0,http://www.openphacts.org/units/Nanomolar,60196,=,1,1,=,,IC50,nM,,21.0,CHEMBL203,Homo sapiens,Epidermal growth factor receptor,9606,,,IC50,nM,UO_0000065,,21.0
,,199605,[],CHEMBL676156,Inhibition of autophosphorylation of epidermal growth factor receptor prepared from human A431 carcinoma cells.,B,,,BAO_0000190,BAO_0000219,cell-based format,CN(C)CCCn1ccc2cc3c(Nc4cccc(Br)c4)ncnc3cc21,,,CHEMBL1130030,J Med Chem,1997.0,"{'bei': '15.64', 'le': '0.34', 'lle': '1.60', 'sei': '14.44'}",,CHEMBL287289,,CHEMBL287289,6.64,0,http://www.openphacts.org/units/Nanomolar,60196,=,1,1,=,,IC50,nM,,230.0,CHEMBL203,Homo sapiens,Epidermal growth factor receptor,9606,,,IC50,nM,UO_0000065,,230.0
,,199646,[],CHEMBL674106,Inhibitory activity against epidermal growth factor receptor,B,,,BAO_0000190,BAO_0000357,single protein format,CS(=O)(=O)CCNCCCCOc1ccc2ncnc(Nc3ccc(OCc4cccc(F)c4)c(Cl)c3)c2c1,,,CHEMBL1146682,Bioorg Med Chem Lett,2004.0,"{'bei': '13.21', 'le': '0.27', 'lle': '2.03', 'sei': '7.39'}",,CHEMBL514436,,CHEMBL514436,7.57,0,http://www.openphacts.org/units/Nanomolar,15412,=,1,1,=,,IC50,nM,,27.0,CHEMBL203,Homo sapiens,Epidermal growth factor receptor,9606,,,IC50,nM,UO_0000065,,27.0
,,200768,[],CHEMBL677389,Inhibition of the phosphorylation of a random polyglutamic acid/tyrosine copolymer by human epidermal growth factor receptor(EGFR) prepared from human A431 carcinoma cells,B,,,BAO_0000190,BAO_0000219,cell-based format,Cn1ncc2cc3c(Nc4cccc(Br)c4)ncnc3cc21,,,CHEMBL1130030,J Med Chem,1997.0,"{'bei': '26.63', 'le': '0.59', 'lle': '5.41', 'sei': '16.95'}",,CHEMBL39320,,CHEMBL39320,9.43,0,http://www.openphacts.org/units/Nanomolar,60214,=,1,1,=,,IC50,nM,,0.37,CHEMBL203,Homo sapiens,Epidermal growth factor receptor,9606,,,IC50,nM,UO_0000065,,0.37
,,200769,[],CHEMBL676156,Inhibition of autophosphorylation of epidermal growth factor receptor prepared from human A431 carcinoma cells.,B,,,BAO_0000190,BAO_0000219,cell-based format,Cn1ncc2cc3c(Nc4cccc(Br)c4)ncnc3cc21,,,CHEMBL1130030,J Med Chem,1997.0,"{'bei': '22.26', 'le': '0.49', 'lle': '3.87', 'sei': '14.18'}",,CHEMBL39320,,CHEMBL39320,7.89,0,http://www.openphacts.org/units/Nanomolar,60214,=,1,1,=,,IC50,nM,,13.0,CHEMBL203,Homo sapiens,Epidermal growth factor receptor,9606,,,IC50,nM,UO_0000065,,13.0
,,200770,[],CHEMBL677389,Inhibition of the phosphorylation of a random polyglutamic acid/tyrosine copolymer by human epidermal growth factor receptor(EGFR) prepared from human A431 carcinoma cells,B,,,BAO_0000190,BAO_0000219,cell-based format,O=C(O)Cn1ccc2cc3c(Nc4cccc(Br)c4)ncnc3cc21,,,CHEMBL1130030,J Med Chem,1997.0,"{'bei': '20.88', 'le': '0.45', 'lle': '4.11', 'sei': '10.36'}",,CHEMBL289162,,CHEMBL289162,8.29,0,http://www.openphacts.org/units/Nanomolar,60193,=,1,1,=,,IC50,nM,,5.1,CHEMBL203,Homo sapiens,Epidermal growth factor receptor,9606,,,IC50,nM,UO_0000065,,5.1
,,200771,[],CHEMBL676156,Inhibition of autophosphorylation of epidermal growth factor receptor prepared from human A431 carcinoma cells.,B,,,BAO_0000190,BAO_0000219,cell-based format,O=C(O)Cn1ccc2cc3c(Nc4cccc(Br)c4)ncnc3cc21,,,CHEMBL1130030,J Med Chem,1997.0,"{'bei': '14.47', 'le': '0.31', 'lle': '1.57', 'sei': '7.18'}",,CHEMBL289162,,CHEMBL289162,5.75,0,http://www.openphacts.org/units/Nanomolar,60193,=,1,1,=,,IC50,nM,,1780.0,CHEMBL203,Homo sapiens,Epidermal growth factor receptor,9606,,,IC50,nM,UO_0000065,,1780.0
,,200875,[],CHEMBL674106,Inhibitory activity against epidermal growth factor receptor,B,,,BAO_0000190,BAO_0000357,single protein format,CS(=O)(=O)CCNCCCOc1ccc2ncnc(Nc3ccc(OCc4ccccc4)cc3)c2c1,,,CHEMBL1146682,Bioorg Med Chem Lett,2004.0,"{'bei': '13.78', 'le': '0.26', 'lle': '2.62', 'sei': '6.82'}",,CHEMBL14952,,CHEMBL14952,6.98,0,http://www.openphacts.org/units/Nanomolar,15406,=,1,1,=,,IC50,nM,,104.0,CHEMBL203,Homo sapiens,Epidermal growth factor receptor,9606,,,IC50,nM,UO_0000065,,104.0
,,202120,[],CHEMBL677389,Inhibition of the phosphorylation of a random polyglutamic acid/tyrosine copolymer by human epidermal growth factor receptor(EGFR) prepared from human A431 carcinoma cells,B,,,BAO_0000190,BAO_0000219,cell-based format,CN(C)CCn1ccc2cc3c(Nc4cccc(Br)c4)ncnc3cc21,,,CHEMBL1130030,J Med Chem,1997.0,"{'bei': '18.00', 'le': '0.39', 'lle': '2.74', 'sei': '16.07'}",,CHEMBL37373,,CHEMBL37373,7.39,0,http://www.openphacts.org/units/Nanomolar,60197,=,1,1,=,,IC50,nM,,41.0,CHEMBL203,Homo sapiens,Epidermal growth factor receptor,9606,,,IC50,nM,UO_0000065,,41.0
,,202121,[],CHEMBL676156,Inhibition of autophosphorylation of epidermal growth factor receptor prepared from human A431 carcinoma cells.,B,,,BAO_0000190,BAO_0000219,cell-based format,CN(C)CCn1ccc2cc3c(Nc4cccc(Br)c4)ncnc3cc21,,,CHEMBL1130030,J Med Chem,1997.0,"{'bei': '16.67', 'le': '0.36', 'lle': '2.19', 'sei': '14.87'}",,CHEMBL37373,,CHEMBL37373,6.84,0,http://www.openphacts.org/units/Nanomolar,60197,=,1,1,=,,IC50,nM,,145.0,CHEMBL203,Homo sapiens,Epidermal growth factor receptor,9606,,,IC50,nM,UO_0000065,,145.0
,,202122,[],CHEMBL677389,Inhibition of the phosphorylation of a random polyglutamic acid/tyrosine copolymer by human epidermal growth factor receptor(EGFR) prepared from human A431 carcinoma cells,B,,,BAO_0000190,BAO_0000219,cell-based format,COC(=O)CN(C)Cc1c[nH]c2cc3ncnc(Nc4cccc(Br)c4)c3cc12,,,CHEMBL1130030,J Med Chem,1997.0,"{'bei': '18.64', 'le': '0.40', 'lle': '4.25', 'sei': '10.19'}",,CHEMBL39715,,CHEMBL39715,8.47,0,http://www.openphacts.org/units/Nanomolar,60208,=,1,1,=,,IC50,nM,,3.4,CHEMBL203,Homo sapiens,Epidermal growth factor receptor,9606,,,IC50,nM,UO_0000065,,3.4
,,202123,[],CHEMBL676156,Inhibition of autophosphorylation of epidermal growth factor receptor prepared from human A431 carcinoma cells.,B,,,BAO_0000190,BAO_0000219,cell-based format,COC(=O)CN(C)Cc1c[nH]c2cc3ncnc(Nc4cccc(Br)c4)c3cc12,,,CHEMBL1130030,J Med Chem,1997.0,"{'bei': '17.65', 'le': '0.38', 'lle': '3.80', 'sei': '9.64'}",,CHEMBL39715,,CHEMBL39715,8.02,0,http://www.openphacts.org/units/Nanomolar,60208,=,1,1,=,,IC50,nM,,9.6,CHEMBL203,Homo sapiens,Epidermal growth factor receptor,9606,,,IC50,nM,UO_0000065,,9.6
,,202124,[],CHEMBL677389,Inhibition of the phosphorylation of a random polyglutamic acid/tyrosine copolymer by human epidermal growth factor receptor(EGFR) prepared from human A431 carcinoma cells,B,,,BAO_0000190,BAO_0000219,cell-based format,CN(CC(=O)O)Cc1c[nH]c2cc3ncnc(Nc4cccc(Br)c4)c3cc12,,,CHEMBL1130030,J Med Chem,1997.0,"{'bei': '20.76', 'le': '0.45', 'lle': '5.01', 'sei': '9.71'}",,CHEMBL289213,,CHEMBL289213,9.14,0,http://www.openphacts.org/units/Nanomolar,60207,=,1,1,=,,IC50,nM,,0.72,CHEMBL203,Homo sapiens,Epidermal growth factor receptor,9606,,,IC50,nM,UO_0000065,,0.72
,,202125,[],CHEMBL676156,Inhibition of autophosphorylation of epidermal growth factor receptor prepared from human A431 carcinoma cells.,B,,,BAO_0000190,BAO_0000219,cell-based format,CN(CC(=O)O)Cc1c[nH]c2cc3ncnc(Nc4cccc(Br)c4)c3cc12,,,CHEMBL1130030,J Med Chem,1997.0,"{'bei': '14.16', 'le': '0.30', 'lle': '2.10', 'sei': '6.62'}",,CHEMBL289213,,CHEMBL289213,6.23,0,http://www.openphacts.org/units/Nanomolar,60207,=,1,1,=,,IC50,nM,,584.0,CHEMBL203,Homo sapiens,Epidermal growth factor receptor,9606,,,IC50,nM,UO_0000065,,584.0
,,203323,[],CHEMBL674106,Inhibitory activity against epidermal growth factor receptor,B,,,BAO_0000190,BAO_0000357,single protein format,CS(=O)(=O)CCN(CCCCOc1ccc2ncnc(Nc3ccc(OCc4ccccc4)cc3)c2c1)C(=O)C(F)(F)F,,,CHEMBL1146682,Bioorg Med Chem Lett,2004.0,"{'bei': '10.67', 'le': '0.21', 'lle': '1.03', 'sei': '5.94'}",,CHEMBL273789,,CHEMBL273789,6.58,0,http://www.openphacts.org/units/Nanomolar,15419,=,1,1,=,,IC50,nM,,263.0,CHEMBL203,Homo sapiens,Epidermal growth factor receptor,9606,,,IC50,nM,UO_0000065,,263.0
,,203325,[],CHEMBL674106,Inhibitory activity against epidermal growth factor receptor,B,,,BAO_0000190,BAO_0000357,single protein format,C#Cc1cccc(Nc2ncnc3ccc(OCCCCNCCS(C)(=O)=O)cc23)c1,,,CHEMBL1146682,Bioorg Med Chem Lett,2004.0,"{'bei': '18.15', 'le': '0.35', 'lle': '4.81', 'sei': '8.54'}",,CHEMBL517907,GW680191X,CHEMBL517907,7.96,0,http://www.openphacts.org/units/Nanomolar,15415,=,1,1,=,,IC50,nM,,11.0,CHEMBL203,Homo sapiens,Epidermal growth factor receptor,9606,,,IC50,nM,UO_0000065,,11.0
,,203327,[],CHEMBL690547,Inhibition of EGFR overexpressing HN5 (head/neck carcinoma) cell line proliferation,F,,,BAO_0000190,BAO_0000219,cell-based format,C#Cc1cccc(Nc2ncnc3ccc(OCCCCNCCS(C)(=O)=O)cc23)c1,,,CHEMBL1146682,Bioorg Med Chem Lett,2004.0,,,CHEMBL517907,GW680191X,CHEMBL517907,7.35,0,http://www.openphacts.org/units/Nanomolar,15415,=,1,1,=,,IC50,nM,,45.0,CHEMBL203,Homo sapiens,Epidermal growth factor receptor,9606,,,IC50,uM,UO_0000065,,0.045
,,203329,[],CHEMBL674106,Inhibitory activity against epidermal growth factor receptor,B,,,BAO_0000190,BAO_0000357,single protein format,CS(=O)(=O)CCNCCCCOc1ccc2ncnc(Nc3ccc(S(=O)(=O)c4ccccc4)cc3)c2c1,,,CHEMBL1146682,Bioorg Med Chem Lett,2004.0,"{'bei': '12.68', 'le': '0.25', 'lle': '3.03', 'sei': '5.52'}",,CHEMBL460732,,CHEMBL460732,7.03,0,http://www.openphacts.org/units/Nanomolar,15413,=,1,1,=,,IC50,nM,,93.0,CHEMBL203,Homo sapiens,Epidermal growth factor receptor,9606,,,IC50,nM,UO_0000065,,93.0
,,204578,[],CHEMBL674106,Inhibitory activity against epidermal growth factor receptor,B,,,BAO_0000190,BAO_0000357,single protein format,C=CCOc1ccc2ncnc(Nc3ccc(OCc4ccccc4)cc3)c2c1,,,CHEMBL1146682,Bioorg Med Chem Lett,2004.0,"{'bei': '18.52', 'le': '0.33', 'lle': '1.58', 'sei': '12.62'}",,CHEMBL540701,,CHEMBL540701,7.10,0,http://www.openphacts.org/units/Nanomolar,15417,=,1,1,=,,IC50,nM,,79.0,CHEMBL203,Homo sapiens,Epidermal growth factor receptor,9606,,,IC50,nM,UO_0000065,,79.0
,,205655,[],CHEMBL677389,Inhibition of the phosphorylation of a random polyglutamic acid/tyrosine copolymer by human epidermal growth factor receptor(EGFR) prepared from human A431 carcinoma cells,B,,,BAO_0000190,BAO_0000219,cell-based format,CN(C)CCn1ncc2cc3c(Nc4cccc(Br)c4)ncnc3cc21,,,CHEMBL1130030,J Med Chem,1997.0,"{'bei': '17.99', 'le': '0.39', 'lle': '3.35', 'sei': '12.57'}",,CHEMBL287832,,CHEMBL287832,7.40,0,http://www.openphacts.org/units/Nanomolar,60212,=,1,1,=,,IC50,nM,,40.0,CHEMBL203,Homo sapiens,Epidermal growth factor receptor,9606,,,IC50,nM,UO_0000065,,40.0
,,205656,[],CHEMBL676156,Inhibition of autophosphorylation of epidermal growth factor receptor prepared from human A431 carcinoma cells.,B,,,BAO_0000190,BAO_0000219,cell-based format,CN(C)CCn1ncc2cc3c(Nc4cccc(Br)c4)ncnc3cc21,,,CHEMBL1130030,J Med Chem,1997.0,"{'bei': '16.00', 'le': '0.35', 'lle': '2.53', 'sei': '11.18'}",,CHEMBL287832,,CHEMBL287832,6.58,0,http://www.openphacts.org/units/Nanomolar,60212,=,1,1,=,,IC50,nM,,262.0,CHEMBL203,Homo sapiens,Epidermal growth factor receptor,9606,,,IC50,nM,UO_0000065,,262.0
,,208007,[],CHEMBL677389,Inhibition of the phosphorylation of a random polyglutamic acid/tyrosine copolymer by human epidermal growth factor receptor(EGFR) prepared from human A431 carcinoma cells,B,,,BAO_0000190,BAO_0000219,cell-based format,Brc1cccc(Nc2ncnc3cc4[nH]ncc4cc23)c1,,,CHEMBL1130030,J Med Chem,1997.0,"{'bei': '27.50', 'le': '0.61', 'lle': '5.35', 'sei': '14.07'}",,CHEMBL39337,,CHEMBL39337,9.36,1,http://www.openphacts.org/units/Nanomolar,60213,=,1,1,=,,IC50,nM,,0.44,CHEMBL203,Homo sapiens,Epidermal growth factor receptor,9606,,,IC50,nM,UO_0000065,,0.44
,,208008,[],CHEMBL676156,Inhibition of autophosphorylation of epidermal growth factor receptor prepared from human A431 carcinoma cells.,B,,,BAO_0000190,BAO_0000219,cell-based format,Brc1cccc(Nc2ncnc3cc4[nH]ncc4cc23)c1,,,CHEMBL1130030,J Med Chem,1997.0,"{'bei': '22.63', 'le': '0.50', 'lle': '3.69', 'sei': '11.58'}",,CHEMBL39337,,CHEMBL39337,7.70,0,http://www.openphacts.org/units/Nanomolar,60213,=,1,1,=,,IC50,nM,,20.0,CHEMBL203,Homo sapiens,Epidermal growth factor receptor,9606,,,IC50,nM,UO_0000065,,20.0
,,208009,[],CHEMBL676158,Inhibition of Epidermal growth factor receptor from human A431 carcinoma cell membranes,B,,,BAO_0000190,BAO_0000019,assay format,Brc1cccc(Nc2ncnc3cc4[nH]ncc4cc23)c1,,,CHEMBL1130030,J Med Chem,1997.0,"{'bei': '27.50', 'le': '0.61', 'lle': '5.35', 'sei': '14.07'}",,CHEMBL39337,,CHEMBL39337,9.36,1,http://www.openphacts.org/units/Nanomolar,60213,=,1,1,=,,IC50,nM,,0.44,CHEMBL203,Homo sapiens,Epidermal growth factor receptor,9606,,,IC50,nM,UO_0000065,,0.44
,,208010,[],CHEMBL677389,Inhibition of the phosphorylation of a random polyglutamic acid/tyrosine copolymer by human epidermal growth factor receptor(EGFR) prepared from human A431 carcinoma cells,B,,,BAO_0000190,BAO_0000219,cell-based format,Brc1cccc(Nc2ncnc3cc4[nH]ccc4cc23)c1,,,CHEMBL1130030,J Med Chem,1997.0,"{'bei': '27.58', 'le': '0.61', 'lle': '4.74', 'sei': '17.46'}",,CHEMBL40734,,CHEMBL40734,9.36,1,http://www.openphacts.org/units/Nanomolar,60190,=,1,1,=,,IC50,nM,,0.44,CHEMBL203,Homo sapiens,Epidermal growth factor receptor,9606,,,IC50,nM,UO_0000065,,0.44
,,208011,[],CHEMBL676156,Inhibition of autophosphorylation of epidermal growth factor receptor prepared from human A431 carcinoma cells.,B,,,BAO_0000190,BAO_0000219,cell-based format,Brc1cccc(Nc2ncnc3cc4[nH]ccc4cc23)c1,,,CHEMBL1130030,J Med Chem,1997.0,"{'bei': '22.58', 'le': '0.50', 'lle': '3.04', 'sei': '14.29'}",,CHEMBL40734,,CHEMBL40734,7.66,0,http://www.openphacts.org/units/Nanomolar,60190,=,1,1,=,,IC50,nM,,22.0,CHEMBL203,Homo sapiens,Epidermal growth factor receptor,9606,,,IC50,nM,UO_0000065,,22.0
,,208012,[],CHEMBL676158,Inhibition of Epidermal growth factor receptor from human A431 carcinoma cell membranes,B,,,BAO_0000190,BAO_0000019,assay format,Brc1cccc(Nc2ncnc3cc4[nH]ccc4cc23)c1,,,CHEMBL1130030,J Med Chem,1997.0,"{'bei': '27.58', 'le': '0.61', 'lle': '4.74', 'sei': '17.46'}",,CHEMBL40734,,CHEMBL40734,9.36,1,http://www.openphacts.org/units/Nanomolar,60190,=,1,1,=,,IC50,nM,,0.44,CHEMBL203,Homo sapiens,Epidermal growth factor receptor,9606,,,IC50,nM,UO_0000065,,0.44
,,209193,[],CHEMBL677389,Inhibition of the phosphorylation of a random polyglutamic acid/tyrosine copolymer by human epidermal growth factor receptor(EGFR) prepared from human A431 carcinoma cells,B,,,BAO_0000190,BAO_0000219,cell-based format,CN(C)CCN(C)Cc1c[nH]c2cc3ncnc(Nc4cccc(Br)c4)c3cc12,,,CHEMBL1130030,J Med Chem,1997.0,"{'bei': '17.92', 'le': '0.38', 'lle': '3.51', 'sei': '13.52'}",,CHEMBL39811,,CHEMBL39811,8.12,0,http://www.openphacts.org/units/Nanomolar,60209,=,1,1,=,,IC50,nM,,7.5,CHEMBL203,Homo sapiens,Epidermal growth factor receptor,9606,,,IC50,nM,UO_0000065,,7.5
,,209194,[],CHEMBL676156,Inhibition of autophosphorylation of epidermal growth factor receptor prepared from human A431 carcinoma cells.,B,,,BAO_0000190,BAO_0000219,cell-based format,CN(C)CCN(C)Cc1c[nH]c2cc3ncnc(Nc4cccc(Br)c4)c3cc12,,,CHEMBL1130030,J Med Chem,1997.0,"{'bei': '15.64', 'le': '0.33', 'lle': '2.48', 'sei': '11.80'}",,CHEMBL39811,,CHEMBL39811,7.09,0,http://www.openphacts.org/units/Nanomolar,60209,=,1,1,=,,IC50,nM,,81.0,CHEMBL203,Homo sapiens,Epidermal growth factor receptor,9606,,,IC50,nM,UO_0000065,,81.0
,,210398,[],CHEMBL677389,Inhibition of the phosphorylation of a random polyglutamic acid/tyrosine copolymer by human epidermal growth factor receptor(EGFR) prepared from human A431 carcinoma cells,B,,,BAO_0000190,BAO_0000219,cell-based format,Cn1ccc2cc3c(Nc4cccc(Br)c4)ncnc3cc21,,,CHEMBL1130030,J Med Chem,1997.0,"{'bei': '25.75', 'le': '0.56', 'lle': '4.47', 'sei': '21.28'}",,CHEMBL36727,,CHEMBL36727,9.10,0,http://www.openphacts.org/units/Nanomolar,60199,=,1,1,=,,IC50,nM,,0.8,CHEMBL203,Homo sapiens,Epidermal growth factor receptor,9606,,,IC50,nM,UO_0000065,,0.8
,,210399,[],CHEMBL676156,Inhibition of autophosphorylation of epidermal growth factor receptor prepared from human A431 carcinoma cells.,B,,,BAO_0000190,BAO_0000219,cell-based format,Cn1ccc2cc3c(Nc4cccc(Br)c4)ncnc3cc21,,,CHEMBL1130030,J Med Chem,1997.0,"{'bei': '21.68', 'le': '0.48', 'lle': '3.03', 'sei': '17.92'}",,CHEMBL36727,,CHEMBL36727,7.66,0,http://www.openphacts.org/units/Nanomolar,60199,=,1,1,=,,IC50,nM,,22.0,CHEMBL203,Homo sapiens,Epidermal growth factor receptor,9606,,,IC50,nM,UO_0000065,,22.0
,,210400,[],CHEMBL677389,Inhibition of the phosphorylation of a random polyglutamic acid/tyrosine copolymer by human epidermal growth factor receptor(EGFR) prepared from human A431 carcinoma cells,B,,,BAO_0000190,BAO_0000219,cell-based format,Brc1cccc(Nc2ncnc3cc4c(cnn4CCCN4CCOCC4)cc23)c1,,,CHEMBL1130030,J Med Chem,1997.0,"{'bei': '17.24', 'le': '0.37', 'lle': '3.85', 'sei': '11.83'}",,CHEMBL39355,,CHEMBL39355,8.06,0,http://www.openphacts.org/units/Nanomolar,60194,=,1,1,=,,IC50,nM,,8.8,CHEMBL203,Homo sapiens,Epidermal growth factor receptor,9606,,,IC50,nM,UO_0000065,,8.8
,,210401,[],CHEMBL676156,Inhibition of autophosphorylation of epidermal growth factor receptor prepared from human A431 carcinoma cells.,B,,,BAO_0000190,BAO_0000219,cell-based format,Brc1cccc(Nc2ncnc3cc4c(cnn4CCCN4CCOCC4)cc23)c1,,,CHEMBL1130030,J Med Chem,1997.0,"{'bei': '15.22', 'le': '0.32', 'lle': '2.90', 'sei': '10.45'}",,CHEMBL39355,,CHEMBL39355,7.11,0,http://www.openphacts.org/units/Nanomolar,60194,=,1,1,=,,IC50,nM,,77.0,CHEMBL203,Homo sapiens,Epidermal growth factor receptor,9606,,,IC50,nM,UO_0000065,,77.0
,,210448,[],CHEMBL674106,Inhibitory activity against epidermal growth factor receptor,B,,,BAO_0000190,BAO_0000357,single protein format,CS(=O)(=O)CCNCCCCOc1ccc2ncnc(Nc3ccc4c(cnn4Cc4cccc(F)c4)c3)c2c1,,,CHEMBL1146682,Bioorg Med Chem Lett,2004.0,"{'bei': '13.54', 'le': '0.26', 'lle': '2.92', 'sei': '6.86'}",,CHEMBL493428,,CHEMBL493428,7.62,0,http://www.openphacts.org/units/Nanomolar,15411,=,1,1,=,,IC50,nM,,24.0,CHEMBL203,Homo sapiens,Epidermal growth factor receptor,9606,,,IC50,nM,UO_0000065,,24.0
,,210450,[],CHEMBL690547,Inhibition of EGFR overexpressing HN5 (head/neck carcinoma) cell line proliferation,F,,,BAO_0000190,BAO_0000219,cell-based format,CS(=O)(=O)CCNCCCCOc1ccc2ncnc(Nc3ccc4c(cnn4Cc4cccc(F)c4)c3)c2c1,,,CHEMBL1146682,Bioorg Med Chem Lett,2004.0,,,CHEMBL493428,,CHEMBL493428,6.20,0,http://www.openphacts.org/units/Nanomolar,15411,=,1,1,=,,IC50,nM,,630.0,CHEMBL203,Homo sapiens,Epidermal growth factor receptor,9606,,,IC50,uM,UO_0000065,,0.63
,,213204,[],CHEMBL814059,Cytotoxic effect on EGF-receptor overexpressing HN5 squamous carcinoma cells,F,,,BAO_0000190,BAO_0000219,cell-based format,Oc1ccc(-c2nc3ccc(O)cc3s2)cc1,Outside typical range,"Values for this activity type are unusually large/small, so may not be accurate",CHEMBL1127530,J Med Chem,1994.0,,,CHEMBL44227,,CHEMBL44227,,0,http://www.openphacts.org/units/Nanomolar,76267,=,1,1,=,,IC50,nM,,130000.0,CHEMBL203,Homo sapiens,Epidermal growth factor receptor,9606,,,IC50,uM,UO_0000065,,130.0
,,214991,[],CHEMBL677389,Inhibition of the phosphorylation of a random polyglutamic acid/tyrosine copolymer by human epidermal growth factor receptor(EGFR) prepared from human A431 carcinoma cells,B,,,BAO_0000190,BAO_0000219,cell-based format,c1ccc(Nc2ncnc3ccccc23)cc1,,,CHEMBL1130030,J Med Chem,1997.0,"{'bei': '29.20', 'le': '0.52', 'lle': '3.09', 'sei': '17.09'}",,CHEMBL289959,,CHEMBL289959,6.46,1,http://www.openphacts.org/units/Nanomolar,60188,=,1,1,=,,IC50,nM,,346.0,CHEMBL203,Homo sapiens,Epidermal growth factor receptor,9606,,,IC50,nM,UO_0000065,,346.0
,,215556,[],CHEMBL814060,Cytotoxic effect on EGF-receptor overexpressing HN5 squamous carcinoma cells,F,,,BAO_0000190,BAO_0000219,cell-based format,Oc1ccc(/N=N/c2ccc(O)cc2O)cc1,,,CHEMBL1127530,J Med Chem,1994.0,,,CHEMBL47966,,CHEMBL47966,4.24,0,http://www.openphacts.org/units/Nanomolar,76265,=,1,1,=,,IC50,nM,,58000.0,CHEMBL203,Homo sapiens,Epidermal growth factor receptor,9606,,,IC50,uM,UO_0000065,,58.0
,,216291,[],CHEMBL674106,Inhibitory activity against epidermal growth factor receptor,B,,,BAO_0000190,BAO_0000357,single protein format,CN(CCCOc1ccc2ncnc(Nc3ccc(OCc4ccccc4)cc3)c2c1)CCS(C)(=O)=O,,,CHEMBL1146682,Bioorg Med Chem Lett,2004.0,"{'bei': '11.68', 'le': '0.22', 'lle': '1.38', 'sei': '6.49'}",,CHEMBL14874,,CHEMBL14874,6.08,0,http://www.openphacts.org/units/Nanomolar,15416,=,1,1,=,,IC50,nM,,830.0,CHEMBL203,Homo sapiens,Epidermal growth factor receptor,9606,,,IC50,nM,UO_0000065,,830.0
,,218693,[],CHEMBL677389,Inhibition of the phosphorylation of a random polyglutamic acid/tyrosine copolymer by human epidermal growth factor receptor(EGFR) prepared from human A431 carcinoma cells,B,,,BAO_0000190,BAO_0000219,cell-based format,OCC(O)Cn1ccc2cc3c(Nc4cccc(Br)c4)ncnc3cc21,,,CHEMBL1130030,J Med Chem,1997.0,"{'bei': '21.28', 'le': '0.46', 'lle': '5.36', 'sei': '10.57'}",,CHEMBL416611,,CHEMBL416611,8.80,0,http://www.openphacts.org/units/Nanomolar,60198,=,1,1,=,,IC50,nM,,1.6,CHEMBL203,Homo sapiens,Epidermal growth factor receptor,9606,,,IC50,nM,UO_0000065,,1.6
,,218694,[],CHEMBL676156,Inhibition of autophosphorylation of epidermal growth factor receptor prepared from human A431 carcinoma cells.,B,,,BAO_0000190,BAO_0000219,cell-based format,OCC(O)Cn1ccc2cc3c(Nc4cccc(Br)c4)ncnc3cc21,,,CHEMBL1130030,J Med Chem,1997.0,"{'bei': '17.69', 'le': '0.38', 'lle': '3.87', 'sei': '8.79'}",,CHEMBL416611,,CHEMBL416611,7.31,0,http://www.openphacts.org/units/Nanomolar,60198,=,1,1,=,,IC50,nM,,49.0,CHEMBL203,Homo sapiens,Epidermal growth factor receptor,9606,,,IC50,nM,UO_0000065,,49.0
,,219940,[],CHEMBL677389,Inhibition of the phosphorylation of a random polyglutamic acid/tyrosine copolymer by human epidermal growth factor receptor(EGFR) prepared from human A431 carcinoma cells,B,,,BAO_0000190,BAO_0000219,cell-based format,Brc1cccc(Nc2ncnc3cc4[nH]cc(CN5CCOCC5)c4cc23)c1,,,CHEMBL1130030,J Med Chem,1997.0,"{'bei': '18.98', 'le': '0.41', 'lle': '3.87', 'sei': '12.59'}",,CHEMBL36967,,CHEMBL36967,8.32,0,http://www.openphacts.org/units/Nanomolar,60210,=,1,1,=,,IC50,nM,,4.8,CHEMBL203,Homo sapiens,Epidermal growth factor receptor,9606,,,IC50,nM,UO_0000065,,4.8
,,219941,[],CHEMBL676156,Inhibition of autophosphorylation of epidermal growth factor receptor prepared from human A431 carcinoma cells.,B,,,BAO_0000190,BAO_0000219,cell-based format,Brc1cccc(Nc2ncnc3cc4[nH]cc(CN5CCOCC5)c4cc23)c1,,,CHEMBL1130030,J Med Chem,1997.0,"{'bei': '18.29', 'le': '0.39', 'lle': '3.57', 'sei': '12.14'}",,CHEMBL36967,,CHEMBL36967,8.02,0,http://www.openphacts.org/units/Nanomolar,60210,=,1,1,=,,IC50,nM,,9.6,CHEMBL203,Homo sapiens,Epidermal growth factor receptor,9606,,,IC50,nM,UO_0000065,,9.6
,,220991,[],CHEMBL677389,Inhibition of the phosphorylation of a random polyglutamic acid/tyrosine copolymer by human epidermal growth factor receptor(EGFR) prepared from human A431 carcinoma cells,B,,,BAO_0000190,BAO_0000219,cell-based format,OCCN(CCO)Cc1c[nH]c2cc3ncnc(Nc4cccc(Br)c4)c3cc12,,,CHEMBL1130030,J Med Chem,1997.0,"{'bei': '18.53', 'le': '0.40', 'lle': '5.06', 'sei': '8.69'}",,CHEMBL36164,,CHEMBL36164,8.46,0,http://www.openphacts.org/units/Nanomolar,60192,=,1,1,=,,IC50,nM,,3.5,CHEMBL203,Homo sapiens,Epidermal growth factor receptor,9606,,,IC50,nM,UO_0000065,,3.5
,,220992,[],CHEMBL676156,Inhibition of autophosphorylation of epidermal growth factor receptor prepared from human A431 carcinoma cells.,B,,,BAO_0000190,BAO_0000219,cell-based format,OCCN(CCO)Cc1c[nH]c2cc3ncnc(Nc4cccc(Br)c4)c3cc12,,,CHEMBL1130030,J Med Chem,1997.0,"{'bei': '15.05', 'le': '0.32', 'lle': '3.47', 'sei': '7.06'}",,CHEMBL36164,,CHEMBL36164,6.87,0,http://www.openphacts.org/units/Nanomolar,60192,=,1,1,=,,IC50,nM,,135.0,CHEMBL203,Homo sapiens,Epidermal growth factor receptor,9606,,,IC50,nM,UO_0000065,,135.0
,,224609,[],CHEMBL873605,Inhibition of Epidermal growth factor receptor,B,,,BAO_0000190,BAO_0000357,single protein format,CN1CC[C@H](c2c(O)cc(O)c3c(=O)cc(-c4ccccc4Cl)oc23)[C@H](O)C1,,,CHEMBL1133502,J Med Chem,2000.0,"{'bei': '11.59', 'le': '0.23', 'lle': '1.36', 'sei': '4.95'}",,CHEMBL428690,ALVOCIDIB,CHEMBL428690,4.66,0,http://www.openphacts.org/units/Nanomolar,254265,=,1,1,=,,IC50,nM,,22000.0,CHEMBL203,Homo sapiens,Epidermal growth factor receptor,9606,,,IC50,uM,UO_0000065,,22.0
,,224620,[],CHEMBL873605,Inhibition of Epidermal growth factor receptor,B,,,BAO_0000190,BAO_0000357,single protein format,CN1CC[C@H](c2c(O)cc(O)c3c(=O)cc(Oc4ccccc4Cl)oc23)[C@H](O)C1,,,CHEMBL1133502,J Med Chem,2000.0,,,CHEMBL133498,,CHEMBL133498,,0,http://www.openphacts.org/units/Nanomolar,254273,>,1,1,>,,IC50,nM,,50000.0,CHEMBL203,Homo sapiens,Epidermal growth factor receptor,9606,,,IC50,uM,UO_0000065,,50.0
,,229600,[],CHEMBL873605,Inhibition of Epidermal growth factor receptor,B,,,BAO_0000190,BAO_0000357,single protein format,CN1CC[C@H](c2c(O)cc(O)c3c(=O)cc(Sc4ccccc4Cl)oc23)[C@H](O)C1,,,CHEMBL1133502,J Med Chem,2000.0,,,CHEMBL334881,,CHEMBL334881,,0,http://www.openphacts.org/units/Nanomolar,254276,>,1,1,>,,IC50,nM,,50000.0,CHEMBL203,Homo sapiens,Epidermal growth factor receptor,9606,,,IC50,uM,UO_0000065,,50.0
,,244114,[],CHEMBL873605,Inhibition of Epidermal growth factor receptor,B,,,BAO_0000190,BAO_0000357,single protein format,COC(=O)[C@@]1(Cc2ccc(O)c(CC=C(C)C)c2)OC(=O)C(O)=C1c1ccc(O)cc1,Outside typical range,"Values for this activity type are unusually large/small, so may not be accurate",CHEMBL1133502,J Med Chem,2000.0,,,CHEMBL1242973,BUTYROLACTONE I,CHEMBL1242973,,0,http://www.openphacts.org/units/Nanomolar,254267,=,1,1,=,,IC50,nM,,590000.0,CHEMBL203,Homo sapiens,Epidermal growth factor receptor,9606,,,IC50,uM,UO_0000065,,590.0
,,257864,[],CHEMBL873605,Inhibition of Epidermal growth factor receptor,B,,,BAO_0000190,BAO_0000357,single protein format,Cn1cnc2c(NCc3ccccc3)nc(NCCO)nc21,Outside typical range,"Values for this activity type are unusually large/small, so may not be accurate",CHEMBL1133502,J Med Chem,2000.0,,,CHEMBL280074,OLOMOUCINE,CHEMBL280074,,0,http://www.openphacts.org/units/Nanomolar,254268,=,1,1,=,,IC50,nM,,440000.0,CHEMBL203,Homo sapiens,Epidermal growth factor receptor,9606,,,IC50,uM,UO_0000065,,440.0
,,265169,[],CHEMBL677890,Inhibitory activity against protein tyrosine kinase of Epidermal growth factor receptor was determined,B,,,BAO_0000190,BAO_0000357,single protein format,CO[C@H]1[C@@H](N(C)C(=O)c2ccccc2)C[C@@H]2O[C@@]1(C)n1c3ccccc3c3c4c(c5c6ccccc6n2c5c31)C(=O)NC4,,,CHEMBL1127758,Bioorg Med Chem Lett,1994.0,"{'bei': '10.03', 'le': '0.18', 'lle': '-0.19', 'sei': '7.36'}",,CHEMBL338448,,CHEMBL338448,5.72,0,http://www.openphacts.org/units/Nanomolar,249318,=,1,1,=,,IC50,nM,,1900.0,CHEMBL203,Homo sapiens,Epidermal growth factor receptor,9606,,,IC50,uM,UO_0000065,,1.9
,,266495,[],CHEMBL677890,Inhibitory activity against protein tyrosine kinase of Epidermal growth factor receptor was determined,B,,,BAO_0000190,BAO_0000357,single protein format,CO[C@H]1[C@@H](N(C)C(=O)c2ccc(Cl)cc2)C[C@@H]2O[C@@]1(C)n1c3ccccc3c3c4c(c5c6ccccc6n2c5c31)C(=O)NC4,,,CHEMBL1127758,Bioorg Med Chem Lett,1994.0,"{'bei': '8.52', 'le': '0.16', 'lle': '-1.41', 'sei': '6.63'}",,CHEMBL131715,,CHEMBL131715,5.16,0,http://www.openphacts.org/units/Nanomolar,249312,=,1,1,=,,IC50,nM,,7000.0,CHEMBL203,Homo sapiens,Epidermal growth factor receptor,9606,,,IC50,uM,UO_0000065,,7.0
,,266500,[],CHEMBL677890,Inhibitory activity against protein tyrosine kinase of Epidermal growth factor receptor was determined,B,,,BAO_0000190,BAO_0000357,single protein format,CO[C@H]1[C@@H](N(C)C(=O)c2ccc(C(=O)O)cc2)C[C@@H]2O[C@@]1(C)n1c3ccccc3c3c4c(c5c6ccccc6n2c5c31)C(=O)NC4,,,CHEMBL1127758,Bioorg Med Chem Lett,1994.0,"{'bei': '11.32', 'le': '0.21', 'lle': '1.35', 'sei': '6.05'}",,CHEMBL435809,,CHEMBL435809,6.96,0,http://www.openphacts.org/units/Nanomolar,249292,=,1,1,=,,IC50,nM,,110.0,CHEMBL203,Homo sapiens,Epidermal growth factor receptor,9606,,,IC50,uM,UO_0000065,,0.11
,,271226,[],CHEMBL675521,Inhibition of Epidermal growth factor receptor (EGFr) tyrosine kinase,B,,,BAO_0000190,BAO_0000357,single protein format,Cc1cccc(C)c1-c1cc2cnc(N)nc2nc1NC(=O)NC(C)(C)C,,,CHEMBL1130094,J Med Chem,1997.0,"{'bei': '17.05', 'le': '0.31', 'lle': '2.40', 'sei': '5.87'}",,CHEMBL57323,,CHEMBL57323,6.21,0,http://www.openphacts.org/units/Nanomolar,133216,=,1,1,=,,IC50,nM,,610.0,CHEMBL203,Homo sapiens,Epidermal growth factor receptor,9606,,,IC50,uM,UO_0000065,,0.61
,,271231,[],CHEMBL675521,Inhibition of Epidermal growth factor receptor (EGFr) tyrosine kinase,B,,,BAO_0000190,BAO_0000357,single protein format,CN1CCN(CCCNc2ncc3cc(-c4c(Cl)cccc4Cl)c(NC(=O)NC(C)(C)C)nc3n2)CC1,,,CHEMBL1130094,J Med Chem,1997.0,"{'bei': '12.51', 'le': '0.25', 'lle': '1.85', 'sei': '6.94'}",,CHEMBL57347,,CHEMBL57347,6.82,0,http://www.openphacts.org/units/Nanomolar,133217,=,1,1,=,,IC50,nM,,150.0,CHEMBL203,Homo sapiens,Epidermal growth factor receptor,9606,,,IC50,uM,UO_0000065,,0.15
,,271238,[],CHEMBL675521,Inhibition of Epidermal growth factor receptor (EGFr) tyrosine kinase,B,,,BAO_0000190,BAO_0000357,single protein format,Cc1cc(C)c(C)c(-c2cc3cnc(NCCCN4CCN(C)CC4)nc3nc2NC(=O)NC(C)(C)C)c1C,,,CHEMBL1130094,J Med Chem,1997.0,"{'bei': '9.68', 'le': '0.18', 'lle': '0.26', 'sei': '5.24'}",,CHEMBL75188,,CHEMBL75188,5.16,0,http://www.openphacts.org/units/Nanomolar,133218,=,1,1,=,,IC50,nM,,7000.0,CHEMBL203,Homo sapiens,Epidermal growth factor receptor,9606,,,IC50,uM,UO_0000065,,7.0
,,271592,[],CHEMBL677890,Inhibitory activity against protein tyrosine kinase of Epidermal growth factor receptor was determined,B,,,BAO_0000190,BAO_0000357,single protein format,CO[C@H]1[C@@H](N(C)S(C)(=O)=O)C[C@@H]2O[C@@]1(C)n1c3ccccc3c3c4c(c5c6ccccc6n2c5c31)C(=O)NC4,,,CHEMBL1127758,Bioorg Med Chem Lett,1994.0,"{'bei': '10.94', 'le': '0.21', 'lle': '1.93', 'sei': '6.29'}",,CHEMBL131020,,CHEMBL131020,5.96,0,http://www.openphacts.org/units/Nanomolar,249306,=,1,1,=,,IC50,nM,,1100.0,CHEMBL203,Homo sapiens,Epidermal growth factor receptor,9606,,,IC50,uM,UO_0000065,,1.1
,,271596,[],CHEMBL677890,Inhibitory activity against protein tyrosine kinase of Epidermal growth factor receptor was determined,B,,,BAO_0000190,BAO_0000357,single protein format,CO[C@H]1[C@@H](N(C)C(=O)c2ccccc2Cl)C[C@@H]2O[C@@]1(C)n1c3ccccc3c3c4c(c5c6ccccc6n2c5c31)C(=O)NC4,,,CHEMBL1127758,Bioorg Med Chem Lett,1994.0,"{'bei': '8.81', 'le': '0.17', 'lle': '-1.23', 'sei': '6.85'}",,CHEMBL131590,,CHEMBL131590,5.33,0,http://www.openphacts.org/units/Nanomolar,249314,=,1,1,=,,IC50,nM,,4700.0,CHEMBL203,Homo sapiens,Epidermal growth factor receptor,9606,,,IC50,uM,UO_0000065,,4.7
,,272862,[],CHEMBL680015,Inhibition of EGFR,B,,,BAO_0000190,BAO_0000357,single protein format,CS(=O)(=O)CCNc1nc(-c2ccc3ncnc(Nc4ccc(OCc5ccccc5)c(Cl)c4)c3c2)cs1,,,CHEMBL1136583,Bioorg Med Chem Lett,2003.0,"{'bei': '14.30', 'le': '0.29', 'lle': '1.91', 'sei': '7.63'}",,CHEMBL160846,,CHEMBL160846,8.10,0,http://www.openphacts.org/units/Nanomolar,309600,=,1,1,=,,IC50,nM,,8.0,CHEMBL203,Homo sapiens,Epidermal growth factor receptor,9606,,,IC50,uM,UO_0000065,,0.008
,,272864,[],CHEMBL879468,Inhibition of EGFR overexpressing HN5 (Head and neck) tumor cell proliferation,F,,,BAO_0000190,BAO_0000019,assay format,CS(=O)(=O)CCNc1nc(-c2ccc3ncnc(Nc4ccc(OCc5ccccc5)c(Cl)c4)c3c2)cs1,,,CHEMBL1136583,Bioorg Med Chem Lett,2003.0,,,CHEMBL160846,,CHEMBL160846,6.64,0,http://www.openphacts.org/units/Nanomolar,309600,=,1,1,=,,IC50,nM,,230.0,CHEMBL203,Homo sapiens,Epidermal growth factor receptor,9606,,,IC50,uM,UO_0000065,,0.23
,,273532,[],CHEMBL675520,Inhibition of Epidermal growth factor receptor autophosphorylation in A431 cell membranes,B,,,BAO_0000190,BAO_0000219,cell-based format,O=P(O)(O)C(O)c1ccc2ccccc2c1,Outside typical range,"Values for this activity type are unusually large/small, so may not be accurate",CHEMBL1125830,J Med Chem,1991.0,,,CHEMBL26001,,CHEMBL26001,,0,http://www.openphacts.org/units/Nanomolar,64861,=,1,1,=,,IC50,nM,,250000.0,CHEMBL203,Homo sapiens,Epidermal growth factor receptor,9606,,,IC50,uM,UO_0000065,,250.0
,,274013,[],CHEMBL677890,Inhibitory activity against protein tyrosine kinase of Epidermal growth factor receptor was determined,B,,,BAO_0000190,BAO_0000357,single protein format,COC(=O)CN(C)[C@H]1C[C@@H]2O[C@](C)([C@H]1OC)n1c3ccccc3c3c4c(c5c6ccccc6n2c5c31)C(=O)NC4,,,CHEMBL1127758,Bioorg Med Chem Lett,1994.0,"{'bei': '10.93', 'le': '0.20', 'lle': '1.65', 'sei': '6.77'}",,CHEMBL444337,,CHEMBL444337,5.89,0,http://www.openphacts.org/units/Nanomolar,249286,=,1,1,=,,IC50,nM,,1300.0,CHEMBL203,Homo sapiens,Epidermal growth factor receptor,9606,,,IC50,uM,UO_0000065,,1.3
,,274082,[],CHEMBL680015,Inhibition of EGFR,B,,,BAO_0000190,BAO_0000357,single protein format,CS(=O)(=O)CCNc1nc(-c2ccc3ncnc(Nc4ccc(OCc5ccccc5)cc4)c3c2)cs1,,,CHEMBL1136583,Bioorg Med Chem Lett,2003.0,"{'bei': '13.33', 'le': '0.26', 'lle': '1.56', 'sei': '6.68'}",,CHEMBL422347,,CHEMBL422347,7.09,0,http://www.openphacts.org/units/Nanomolar,309598,=,1,1,=,,IC50,nM,,82.0,CHEMBL203,Homo sapiens,Epidermal growth factor receptor,9606,,,IC50,uM,UO_0000065,,0.082
,,274084,[],CHEMBL879468,Inhibition of EGFR overexpressing HN5 (Head and neck) tumor cell proliferation,F,,,BAO_0000190,BAO_0000019,assay format,CS(=O)(=O)CCNc1nc(-c2ccc3ncnc(Nc4ccc(OCc5ccccc5)cc4)c3c2)cs1,,,CHEMBL1136583,Bioorg Med Chem Lett,2003.0,,,CHEMBL422347,,CHEMBL422347,5.80,0,http://www.openphacts.org/units/Nanomolar,309598,=,1,1,=,,IC50,nM,,1600.0,CHEMBL203,Homo sapiens,Epidermal growth factor receptor,9606,,,IC50,uM,UO_0000065,,1.6
,,274423,[],CHEMBL688553,Inhibition of EGF-dependent proliferation of human and guinea pig keratinocytes; range 7-15 uM,F,,,BAO_0000190,BAO_0000019,assay format,N#C/C(=C\c1ccc(O)c(O)c1)C(N)=S,,,CHEMBL1134331,J Med Chem,2001.0,,,CHEMBL77030,TYRPHOSTIN 47,CHEMBL77030,5.16,0,http://www.openphacts.org/units/Nanomolar,187284,=,1,1,=,,IC50,nM,,7000.0,CHEMBL203,Homo sapiens,Epidermal growth factor receptor,9606,,,IC50,uM,UO_0000065,,7.0
,,469970,[],CHEMBL677878,Concentration required for inhibition of epidermal growth factor receptor (EGF-R) by tyrosine kinase enzyme activity,B,,,BAO_0000190,BAO_0000357,single protein format,COc1cccc(-c2cn(C3CCN(C(=O)OC(C)(C)C)C3)c3ncnc(N)c23)c1,,,CHEMBL1134003,Bioorg Med Chem Lett,2001.0,"{'bei': '13.87', 'le': '0.26', 'lle': '1.81', 'sei': '5.95'}",,CHEMBL168656,,CHEMBL168656,5.68,0,http://www.openphacts.org/units/Nanomolar,333587,=,1,1,=,,IC50,nM,,2100.0,CHEMBL203,Homo sapiens,Epidermal growth factor receptor,9606,,,IC50,uM,UO_0000065,,2.1
,,476108,[],CHEMBL674700,Inhibition of Epidermal growth factor receptor (EGFr),B,,,BAO_0000190,BAO_0000357,single protein format,COc1cc(Nc2nccc(-c3ccc(NCCN)nc3)n2)cc(OC)c1OC,,,CHEMBL1131898,Bioorg Med Chem Lett,1999.0,"{'bei': '13.35', 'le': '0.25', 'lle': '2.61', 'sei': '4.55'}",,CHEMBL113185,,CHEMBL113185,5.29,0,http://www.openphacts.org/units/Nanomolar,213836,=,1,1,=,,IC50,nM,,5100.0,CHEMBL203,Homo sapiens,Epidermal growth factor receptor,9606,,,IC50,nM,UO_0000065,,5100.0
,Not Determined,477350,[],CHEMBL676162,Inhibition of Epidermal growth factor receptor autophosphorylation (Not tested),B,,,BAO_0000190,BAO_0000357,single protein format,COc1cc(Nc2[nH]cnc3nncc2-3)cc(OC)c1OC.Cl,,,CHEMBL1129839,Bioorg Med Chem Lett,1997.0,,,CHEMBL539552,,CHEMBL1189830,,0,http://www.openphacts.org/units/Nanomolar,256880,,1,0,,,IC50,nM,,,CHEMBL203,Homo sapiens,Epidermal growth factor receptor,9606,,,IC50,uM,UO_0000065,,
,Not Determined,478713,[],CHEMBL676162,Inhibition of Epidermal growth factor receptor autophosphorylation (Not tested),B,,,BAO_0000190,BAO_0000357,single protein format,COc1cc2ncnc(Oc3cc(OC)c(OC)c(OC)c3)c2cc1OC,,,CHEMBL1129839,Bioorg Med Chem Lett,1997.0,,,CHEMBL335400,,CHEMBL335400,,0,http://www.openphacts.org/units/Nanomolar,256881,,1,0,,,IC50,nM,,,CHEMBL203,Homo sapiens,Epidermal growth factor receptor,9606,,,IC50,uM,UO_0000065,,
,,479781,[],CHEMBL676160,Inhibition of Epidermal growth factor receptor autophosphorylation.,B,,,BAO_0000190,BAO_0000357,single protein format,COc1cc(Nc2ncnc3cc(OC)c(OC)cc23)cc(OC)c1.Cl,,,CHEMBL1129839,Bioorg Med Chem Lett,1997.0,"{'bei': '16.18', 'le': '0.30', 'lle': '2.11', 'sei': '7.39'}",,CHEMBL543661,,CHEMBL1192428,5.52,0,http://www.openphacts.org/units/Nanomolar,256897,=,1,1,=,,IC50,nM,,3000.0,CHEMBL203,Homo sapiens,Epidermal growth factor receptor,9606,,,IC50,uM,UO_0000065,,3.0
,,479831,[],CHEMBL676160,Inhibition of Epidermal growth factor receptor autophosphorylation.,B,,,BAO_0000190,BAO_0000357,single protein format,COc1cc2ncnc(NCc3ccccc3)c2cc1OC.Cl,,,CHEMBL1129839,Bioorg Med Chem Lett,1997.0,"{'bei': '28.43', 'le': '0.52', 'lle': '5.14', 'sei': '14.92'}",,CHEMBL545541,,CHEMBL325245,8.40,0,http://www.openphacts.org/units/Nanomolar,256872,=,1,1,=,,IC50,nM,,4.0,CHEMBL203,Homo sapiens,Epidermal growth factor receptor,9606,,,IC50,uM,UO_0000065,,0.004
,,479833,[],CHEMBL676160,Inhibition of Epidermal growth factor receptor autophosphorylation.,B,,,BAO_0000190,BAO_0000357,single protein format,COc1cc2ncnc(Nc3cccc(F)c3)c2cc1OC.Cl,,,CHEMBL1129839,Bioorg Med Chem Lett,1997.0,"{'bei': '25.40', 'le': '0.47', 'lle': '4.07', 'sei': '13.51'}",,CHEMBL541586,,CHEMBL94431,7.60,0,http://www.openphacts.org/units/Nanomolar,256890,=,1,1,=,,IC50,nM,,25.0,CHEMBL203,Homo sapiens,Epidermal growth factor receptor,9606,,,IC50,uM,UO_0000065,,0.025
,,479835,[],CHEMBL676160,Inhibition of Epidermal growth factor receptor autophosphorylation.,B,,,BAO_0000190,BAO_0000357,single protein format,COc1cc2nc(Cl)nc(Nc3cc(OC)c(OC)c(OC)c3)c2cc1OC.Cl,,,CHEMBL1129839,Bioorg Med Chem Lett,1997.0,,,CHEMBL542237,,CHEMBL1191175,,0,http://www.openphacts.org/units/Nanomolar,256875,>,1,1,>,,IC50,nM,,20000.0,CHEMBL203,Homo sapiens,Epidermal growth factor receptor,9606,,,IC50,uM,UO_0000065,,20.0
,,479907,[],CHEMBL677886,Inhibition of Epidermal growth factor receptor kinase,B,,,BAO_0000190,BAO_0000357,single protein format,COc1cc(Nc2c(C#N)cnc3cc4c(cc23)ncn4CCN2CCOCC2)c(Br)cc1Cl,,,CHEMBL1135352,Bioorg Med Chem Lett,2002.0,,,CHEMBL327188,,CHEMBL327188,,0,http://www.openphacts.org/units/Nanomolar,171914,>,1,1,>,,IC50,nM,,1000.0,CHEMBL203,Homo sapiens,Epidermal growth factor receptor,9606,,,IC50,uM,UO_0000065,,1.0
,,481121,[],CHEMBL676160,Inhibition of Epidermal growth factor receptor autophosphorylation.,B,,,BAO_0000190,BAO_0000357,single protein format,COc1cc2ncnc(Nc3cccc(Cl)c3)c2cc1OC.Cl,,,CHEMBL1129839,Bioorg Med Chem Lett,1997.0,"{'bei': '23.82', 'le': '0.47', 'lle': '3.48', 'sei': '13.37'}",,CHEMBL540068,,CHEMBL7917,7.52,0,http://www.openphacts.org/units/Nanomolar,256892,=,1,1,=,,IC50,nM,,30.0,CHEMBL203,Homo sapiens,Epidermal growth factor receptor,9606,,,IC50,uM,UO_0000065,,0.03
,,481537,[],CHEMBL677382,Inhibition of epidermal growth factor receptor,B,,,BAO_0000190,BAO_0000357,single protein format,CCNC(=O)Nc1nc2nc(NCCCCN(CC)CC)ncc2cc1-c1c(Cl)cccc1Cl,,,CHEMBL1134497,J Med Chem,2001.0,"{'bei': '11.67', 'le': '0.24', 'lle': '0.22', 'sei': '6.19'}",,CHEMBL301483,,CHEMBL301483,5.89,1,http://www.openphacts.org/units/Nanomolar,98372,=,1,1,=,,IC50,nM,,1300.0,CHEMBL203,Homo sapiens,Epidermal growth factor receptor,9606,,,IC50,uM,UO_0000065,,1.3
,,482429,[],CHEMBL676160,Inhibition of Epidermal growth factor receptor autophosphorylation.,B,,,BAO_0000190,BAO_0000357,single protein format,COc1cc(Nc2ncnc3c(C)cc(C)cc23)cc(OC)c1OC.Cl,,,CHEMBL1129839,Bioorg Med Chem Lett,1997.0,,,CHEMBL544836,,CHEMBL1193431,,0,http://www.openphacts.org/units/Nanomolar,256874,>,1,1,>,,IC50,nM,,20000.0,CHEMBL203,Homo sapiens,Epidermal growth factor receptor,9606,,,IC50,uM,UO_0000065,,20.0
,,482446,[],CHEMBL677886,Inhibition of Epidermal growth factor receptor kinase,B,,,BAO_0000190,BAO_0000357,single protein format,COc1cc(Nc2c(C#N)cnc3cc4c(cc23)ncn4CCN2CCOCC2)cc(OC)c1OC,,,CHEMBL1135352,Bioorg Med Chem Lett,2002.0,,,CHEMBL96633,,CHEMBL96633,,0,http://www.openphacts.org/units/Nanomolar,171913,>,1,1,>,,IC50,nM,,1000.0,CHEMBL203,Homo sapiens,Epidermal growth factor receptor,9606,,,IC50,uM,UO_0000065,,1.0
,,484926,[],CHEMBL677886,Inhibition of Epidermal growth factor receptor kinase,B,,,BAO_0000190,BAO_0000357,single protein format,COc1cc(Nc2c(C#N)cnc3cc4[nH]c(NCCN5CCOCC5)nc4cc23)cc(OC)c1OC,,,CHEMBL1135352,Bioorg Med Chem Lett,2002.0,,,CHEMBL93262,,CHEMBL93262,,0,http://www.openphacts.org/units/Nanomolar,171918,>,1,1,>,,IC50,nM,,1000.0,CHEMBL203,Homo sapiens,Epidermal growth factor receptor,9606,,,IC50,uM,UO_0000065,,1.0
,,485904,[],CHEMBL676160,Inhibition of Epidermal growth factor receptor autophosphorylation.,B,,,BAO_0000190,BAO_0000357,single protein format,COc1cc2ncnc(Oc3cccc(Cl)c3)c2cc1OC,,,CHEMBL1129839,Bioorg Med Chem Lett,1997.0,"{'bei': '24.31', 'le': '0.48', 'lle': '3.61', 'sei': '14.40'}",,CHEMBL135853,,CHEMBL135853,7.70,0,http://www.openphacts.org/units/Nanomolar,256893,=,1,1,=,,IC50,nM,,20.0,CHEMBL203,Homo sapiens,Epidermal growth factor receptor,9606,,,IC50,uM,UO_0000065,,0.02
,,485981,[],CHEMBL676160,Inhibition of Epidermal growth factor receptor autophosphorylation.,B,,,BAO_0000190,BAO_0000357,single protein format,COc1ccc(Nc2ncnc3cc(OC)c(OC)cc23)cc1OC.Cl,,,CHEMBL1129839,Bioorg Med Chem Lett,1997.0,"{'bei': '18.91', 'le': '0.35', 'lle': '3.05', 'sei': '8.64'}",,CHEMBL544833,,CHEMBL100714,6.46,0,http://www.openphacts.org/units/Nanomolar,256873,=,1,1,=,,IC50,nM,,350.0,CHEMBL203,Homo sapiens,Epidermal growth factor receptor,9606,,,IC50,uM,UO_0000065,,0.35
,,487042,[],CHEMBL674700,Inhibition of Epidermal growth factor receptor (EGFr),B,,,BAO_0000190,BAO_0000357,single protein format,CC[C@H]1CN(c2ccc(-c3ccnc(Nc4cc(OC)c(OC)c(OC)c4)n3)cn2)CCN1,,,CHEMBL1131898,Bioorg Med Chem Lett,1999.0,,,CHEMBL112346,,CHEMBL112346,,0,http://www.openphacts.org/units/Nanomolar,213840,>,1,1,>,,IC50,nM,,10000.0,CHEMBL203,Homo sapiens,Epidermal growth factor receptor,9606,,,IC50,nM,UO_0000065,,10000.0
,,487116,[],CHEMBL676160,Inhibition of Epidermal growth factor receptor autophosphorylation.,B,,,BAO_0000190,BAO_0000357,single protein format,COc1cc2ncnc(Nc3ccc(O)cc3)c2cc1OC.Cl,,,CHEMBL1129839,Bioorg Med Chem Lett,1997.0,"{'bei': '23.54', 'le': '0.43', 'lle': '3.90', 'sei': '9.15'}",,CHEMBL555201,,CHEMBL405130,7.00,0,http://www.openphacts.org/units/Nanomolar,256888,=,1,1,=,,IC50,nM,,100.0,CHEMBL203,Homo sapiens,Epidermal growth factor receptor,9606,,,IC50,uM,UO_0000065,,0.1
,,488289,[],CHEMBL676160,Inhibition of Epidermal growth factor receptor autophosphorylation.,B,,,BAO_0000190,BAO_0000357,single protein format,COc1cc2ncnc(Nc3ccccc3)c2cc1OC.Cl,,,CHEMBL1129839,Bioorg Med Chem Lett,1997.0,"{'bei': '25.95', 'le': '0.47', 'lle': '3.91', 'sei': '12.97'}",,CHEMBL542484,,CHEMBL94191,7.30,1,http://www.openphacts.org/units/Nanomolar,256898,=,1,1,=,,IC50,nM,,50.0,CHEMBL203,Homo sapiens,Epidermal growth factor receptor,9606,,,IC50,uM,UO_0000065,,0.05
,,488409,[],CHEMBL677886,Inhibition of Epidermal growth factor receptor kinase,B,,,BAO_0000190,BAO_0000357,single protein format,COc1ccc(Cl)c(Nc2c(C#N)cnc3cc4[nH]cnc4cc23)c1,,,CHEMBL1135352,Bioorg Med Chem Lett,2002.0,,,CHEMBL92395,,CHEMBL92395,,0,http://www.openphacts.org/units/Nanomolar,171922,>,1,1,>,,IC50,nM,,1000.0,CHEMBL203,Homo sapiens,Epidermal growth factor receptor,9606,,,IC50,uM,UO_0000065,,1.0
,,728237,[],CHEMBL621853,Inhibition of autophosphorylation of epidermal growth factor receptor in A431 cells in culture,F,,,BAO_0000190,BAO_0000219,cell-based format,CN1CCN(c2cc3c(Nc4cccc(Br)c4)ncnc3cn2)CC1,,,CHEMBL1131301,J Med Chem,1998.0,,,CHEMBL162719,,CHEMBL162719,6.99,0,http://www.openphacts.org/units/Nanomolar,322295,=,1,1,=,,IC50,nM,,102.0,CHEMBL203,Homo sapiens,Epidermal growth factor receptor,9606,,,IC50,nM,UO_0000065,,102.0
,,729369,[],CHEMBL676233,Inhibition of tyrosine/glutamic acid copolymer phosphorylation by epidermal growth factor receptor prepared of human A431,B,,,BAO_0000190,BAO_0000357,single protein format,CNc1cc2c(Nc3cccc(C)c3)ncnc2cn1,,,CHEMBL1131301,J Med Chem,1998.0,"{'bei': '35.23', 'le': '0.64', 'lle': '6.23', 'sei': '14.90'}",,CHEMBL162821,,CHEMBL162821,9.35,0,http://www.openphacts.org/units/Nanomolar,322306,=,1,1,=,,IC50,nM,,0.45,CHEMBL203,Homo sapiens,Epidermal growth factor receptor,9606,,,IC50,nM,UO_0000065,,0.45
,,729370,[],CHEMBL621853,Inhibition of autophosphorylation of epidermal growth factor receptor in A431 cells in culture,F,,,BAO_0000190,BAO_0000219,cell-based format,CNc1cc2c(Nc3cccc(C)c3)ncnc2cn1,,,CHEMBL1131301,J Med Chem,1998.0,,,CHEMBL162821,,CHEMBL162821,7.64,0,http://www.openphacts.org/units/Nanomolar,322306,=,1,1,=,,IC50,nM,,23.0,CHEMBL203,Homo sapiens,Epidermal growth factor receptor,9606,,,IC50,nM,UO_0000065,,23.0
,,729938,[],CHEMBL674015,Tested in vitro for inhibition of EGF-receptor tyrosine kinase,B,,,BAO_0000190,BAO_0000357,single protein format,COc1cccc(-c2cn(-c3ccc(CCN(C)CCO)cc3)c3ncnc(N)c23)c1,,,CHEMBL1133080,Bioorg Med Chem Lett,2000.0,"{'bei': '15.62', 'le': '0.29', 'lle': '3.38', 'sei': '7.29'}",,CHEMBL105436,,CHEMBL105436,6.52,0,http://www.openphacts.org/units/Nanomolar,343961,=,1,1,=,,IC50,nM,,300.0,CHEMBL203,Homo sapiens,Epidermal growth factor receptor,9606,,,IC50,uM,UO_0000065,,0.3
,,729944,[],CHEMBL674012,Tested for inhibition of EGF-receptor tyrosine kinase in intact cells,B,,,BAO_0000190,BAO_0000219,cell-based format,COc1cccc(-c2cn(-c3ccc(CCN(C)CCO)cc3)c3ncnc(N)c23)c1,,,CHEMBL1133080,Bioorg Med Chem Lett,2000.0,"{'bei': '11.98', 'le': '0.22', 'lle': '1.86', 'sei': '5.59'}",,CHEMBL105436,,CHEMBL105436,5.00,0,http://www.openphacts.org/units/Nanomolar,343961,=,1,1,=,,IC50,nM,,10000.0,CHEMBL203,Homo sapiens,Epidermal growth factor receptor,9606,,,IC50,uM,UO_0000065,,10.0
,,730448,[],CHEMBL674648,Inhibit of phosphorylation of a tyrosine/glutamic acid copolymer by epidermal growth factor receptor prepared from human A431 carcinoma cell vesicles by immunoaffinity chromatography.,B,,,BAO_0000190,BAO_0000357,single protein format,CN(C)CCN(C)c1cc2c(Nc3cccc(Br)c3)ncnc2cn1,,,CHEMBL1131301,J Med Chem,1998.0,"{'bei': '20.16', 'le': '0.44', 'lle': '4.56', 'sei': '14.15'}",,CHEMBL162053,,CHEMBL162053,8.09,0,http://www.openphacts.org/units/Nanomolar,322324,=,1,1,=,,IC50,nM,,8.1,CHEMBL203,Homo sapiens,Epidermal growth factor receptor,9606,,,IC50,nM,UO_0000065,,8.1
,,730449,[],CHEMBL621853,Inhibition of autophosphorylation of epidermal growth factor receptor in A431 cells in culture,F,,,BAO_0000190,BAO_0000219,cell-based format,CN(C)CCN(C)c1cc2c(Nc3cccc(Br)c3)ncnc2cn1,,,CHEMBL1131301,J Med Chem,1998.0,,,CHEMBL162053,,CHEMBL162053,7.34,0,http://www.openphacts.org/units/Nanomolar,322324,=,1,1,=,,IC50,nM,,46.0,CHEMBL203,Homo sapiens,Epidermal growth factor receptor,9606,,,IC50,nM,UO_0000065,,46.0
,,730451,[],CHEMBL674648,Inhibit of phosphorylation of a tyrosine/glutamic acid copolymer by epidermal growth factor receptor prepared from human A431 carcinoma cell vesicles by immunoaffinity chromatography.,B,,,BAO_0000190,BAO_0000357,single protein format,Brc1cccc(Nc2ncnc3cnc(NCCCN4CCOCC4)cc23)c1,,,CHEMBL1131301,J Med Chem,1998.0,"{'bei': '20.30', 'le': '0.44', 'lle': '5.33', 'sei': '11.97'}",,CHEMBL165574,,CHEMBL165574,9.00,0,http://www.openphacts.org/units/Nanomolar,322318,=,1,1,=,,IC50,nM,,1.0,CHEMBL203,Homo sapiens,Epidermal growth factor receptor,9606,,,IC50,nM,UO_0000065,,1.0
,,730452,[],CHEMBL621853,Inhibition of autophosphorylation of epidermal growth factor receptor in A431 cells in culture,F,,,BAO_0000190,BAO_0000219,cell-based format,Brc1cccc(Nc2ncnc3cnc(NCCCN4CCOCC4)cc23)c1,,,CHEMBL1131301,J Med Chem,1998.0,,,CHEMBL165574,,CHEMBL165574,8.23,0,http://www.openphacts.org/units/Nanomolar,322318,=,1,1,=,,IC50,nM,,5.9,CHEMBL203,Homo sapiens,Epidermal growth factor receptor,9606,,,IC50,nM,UO_0000065,,5.9
,Not Determined,732291,[],CHEMBL674016,Inhibition of EGF-receptor tyrosine kinase (Not determined),B,,,BAO_0000190,BAO_0000357,single protein format,Clc1ncnc2c1c(-c1ccccc1)cn2-c1ccccc1,,,CHEMBL1133080,Bioorg Med Chem Lett,2000.0,,,CHEMBL426229,,CHEMBL426229,,0,http://www.openphacts.org/units/Nanomolar,343965,,1,0,,,IC50,nM,,,CHEMBL203,Homo sapiens,Epidermal growth factor receptor,9606,,,IC50,uM,UO_0000065,,
,,732757,[],CHEMBL674648,Inhibit of phosphorylation of a tyrosine/glutamic acid copolymer by epidermal growth factor receptor prepared from human A431 carcinoma cell vesicles by immunoaffinity chromatography.,B,,,BAO_0000190,BAO_0000357,single protein format,CNc1cc2c(Nc3ccccc3)ncnc2cn1,,,CHEMBL1131301,J Med Chem,1998.0,"{'bei': '32.02', 'le': '0.58', 'lle': '5.24', 'sei': '12.83'}",,CHEMBL53940,,CHEMBL53940,8.05,1,http://www.openphacts.org/units/Nanomolar,322291,=,1,1,=,,IC50,nM,,9.0,CHEMBL203,Homo sapiens,Epidermal growth factor receptor,9606,,,IC50,nM,UO_0000065,,9.0
,,732758,[],CHEMBL674648,Inhibit of phosphorylation of a tyrosine/glutamic acid copolymer by epidermal growth factor receptor prepared from human A431 carcinoma cell vesicles by immunoaffinity chromatography.,B,,,BAO_0000190,BAO_0000357,single protein format,CNc1cc2c(Nc3cccc(C(F)(F)F)c3)ncnc2cn1,,,CHEMBL1131301,J Med Chem,1998.0,"{'bei': '28.06', 'le': '0.53', 'lle': '5.13', 'sei': '14.28'}",,CHEMBL165788,,CHEMBL165788,8.96,0,http://www.openphacts.org/units/Nanomolar,322301,=,1,1,=,,IC50,nM,,1.1,CHEMBL203,Homo sapiens,Epidermal growth factor receptor,9606,,,IC50,nM,UO_0000065,,1.1
,,734069,[],CHEMBL674648,Inhibit of phosphorylation of a tyrosine/glutamic acid copolymer by epidermal growth factor receptor prepared from human A431 carcinoma cell vesicles by immunoaffinity chromatography.,B,,,BAO_0000190,BAO_0000357,single protein format,OCC(O)CNc1cc2c(Nc3cccc(Br)c3)ncnc2cn1,,,CHEMBL1131301,J Med Chem,1998.0,"{'bei': '24.97', 'le': '0.55', 'lle': '7.44', 'sei': '9.44'}",,CHEMBL166093,,CHEMBL166093,9.74,0,http://www.openphacts.org/units/Nanomolar,322314,=,1,1,=,,IC50,nM,,0.18,CHEMBL203,Homo sapiens,Epidermal growth factor receptor,9606,,,IC50,nM,UO_0000065,,0.18
,,735251,[],CHEMBL674648,Inhibit of phosphorylation of a tyrosine/glutamic acid copolymer by epidermal growth factor receptor prepared from human A431 carcinoma cell vesicles by immunoaffinity chromatography.,B,,,BAO_0000190,BAO_0000357,single protein format,CN(C)CCCCNc1cc2c(Nc3cccc(Br)c3)ncnc2cn1,,,CHEMBL1131301,J Med Chem,1998.0,"{'bei': '21.05', 'le': '0.46', 'lle': '4.46', 'sei': '13.26'}",,CHEMBL349070,,CHEMBL349070,8.74,0,http://www.openphacts.org/units/Nanomolar,322310,=,1,1,=,,IC50,nM,,1.8,CHEMBL203,Homo sapiens,Epidermal growth factor receptor,9606,,,IC50,nM,UO_0000065,,1.8
,,735252,[],CHEMBL621853,Inhibition of autophosphorylation of epidermal growth factor receptor in A431 cells in culture,F,,,BAO_0000190,BAO_0000219,cell-based format,CN(C)CCCCNc1cc2c(Nc3cccc(Br)c3)ncnc2cn1,,,CHEMBL1131301,J Med Chem,1998.0,,,CHEMBL349070,,CHEMBL349070,7.72,0,http://www.openphacts.org/units/Nanomolar,322310,=,1,1,=,,IC50,nM,,19.0,CHEMBL203,Homo sapiens,Epidermal growth factor receptor,9606,,,IC50,nM,UO_0000065,,19.0
,,735998,[],CHEMBL674015,Tested in vitro for inhibition of EGF-receptor tyrosine kinase,B,,,BAO_0000190,BAO_0000357,single protein format,COc1cccc(-c2cn(-c3ccc(CC(=O)NCCO)cc3)c3ncnc(N)c23)c1,,,CHEMBL1133080,Bioorg Med Chem Lett,2000.0,"{'bei': '14.60', 'le': '0.27', 'lle': '3.77', 'sei': '5.29'}",,CHEMBL175409,,CHEMBL175409,6.10,0,http://www.openphacts.org/units/Nanomolar,343962,=,1,1,=,,IC50,nM,,800.0,CHEMBL203,Homo sapiens,Epidermal growth factor receptor,9606,,,IC50,uM,UO_0000065,,0.8
,Not Determined,736004,[],CHEMBL674013,Inhibition of EGF-receptor tyrosine kinase (Not determined),B,,,BAO_0000190,BAO_0000357,single protein format,COc1cccc(-c2cn(-c3ccc(CC(=O)NCCO)cc3)c3ncnc(N)c23)c1,,,CHEMBL1133080,Bioorg Med Chem Lett,2000.0,,,CHEMBL175409,,CHEMBL175409,,0,http://www.openphacts.org/units/Nanomolar,343962,,1,0,,,IC50,nM,,,CHEMBL203,Homo sapiens,Epidermal growth factor receptor,9606,,,IC50,uM,UO_0000065,,
,,736015,[],CHEMBL674025,Inhibition of EGFR kinase,B,,,BAO_0000190,BAO_0000357,single protein format,CN1CCC(O)(c2nc(-c3ccc(F)cc3)c(-c3ccncc3)o2)CC1,,,CHEMBL1132910,Bioorg Med Chem Lett,2000.0,"{'bei': '17.26', 'le': '0.32', 'lle': '2.64', 'sei': '9.77'}",,CHEMBL22978,,CHEMBL22978,6.10,0,http://www.openphacts.org/units/Nanomolar,30832,=,1,1,=,,IC50,nM,,797.0,CHEMBL203,Homo sapiens,Epidermal growth factor receptor,9606,,,IC50,uM,UO_0000065,,0.797
,,736586,[],CHEMBL674648,Inhibit of phosphorylation of a tyrosine/glutamic acid copolymer by epidermal growth factor receptor prepared from human A431 carcinoma cell vesicles by immunoaffinity chromatography.,B,,,BAO_0000190,BAO_0000357,single protein format,Brc1cccc(Nc2ncnc3cnc(NCCc4c[nH]cn4)cc23)c1,,,CHEMBL1131301,J Med Chem,1998.0,"{'bei': '22.20', 'le': '0.48', 'lle': '5.20', 'sei': '9.96'}",,CHEMBL162142,,CHEMBL162142,9.11,0,http://www.openphacts.org/units/Nanomolar,322297,=,1,1,=,,IC50,nM,,0.78,CHEMBL203,Homo sapiens,Epidermal growth factor receptor,9606,,,IC50,nM,UO_0000065,,0.78
,,736587,[],CHEMBL621853,Inhibition of autophosphorylation of epidermal growth factor receptor in A431 cells in culture,F,,,BAO_0000190,BAO_0000219,cell-based format,Brc1cccc(Nc2ncnc3cnc(NCCc4c[nH]cn4)cc23)c1,,,CHEMBL1131301,J Med Chem,1998.0,,,CHEMBL162142,,CHEMBL162142,8.20,0,http://www.openphacts.org/units/Nanomolar,322297,=,1,1,=,,IC50,nM,,6.3,CHEMBL203,Homo sapiens,Epidermal growth factor receptor,9606,,,IC50,nM,UO_0000065,,6.3
,,949286,[],CHEMBL680029,Tested for inhibition of Epidermal growth factor receptor from A431 vulval squamous carcinoma cells,B,,,BAO_0000190,BAO_0000219,cell-based format,COc1cc2ncnc(NCc3cccc(C)c3)c2cc1OC,,,CHEMBL1129210,Bioorg Med Chem Lett,1997.0,"{'bei': '21.88', 'le': '0.40', 'lle': '3.20', 'sei': '12.03'}",,CHEMBL93173,,CHEMBL93173,6.77,0,http://www.openphacts.org/units/Nanomolar,168660,=,1,1,=,,IC50,nM,,170.0,CHEMBL203,Homo sapiens,Epidermal growth factor receptor,9606,,,IC50,uM,UO_0000065,,0.17
,,949287,[],CHEMBL705978,Inhibition of EGF-stimulated proliferation of KB cells in culture,F,,,BAO_0000190,BAO_0000219,cell-based format,COc1cc2ncnc(NCc3cccc(C)c3)c2cc1OC,,,CHEMBL1129210,Bioorg Med Chem Lett,1997.0,,,CHEMBL93173,,CHEMBL93173,5.80,0,http://www.openphacts.org/units/Nanomolar,168660,=,1,1,=,,IC50,nM,,1600.0,CHEMBL203,Homo sapiens,Epidermal growth factor receptor,9606,,,IC50,uM,UO_0000065,,1.6
,,952014,[],CHEMBL680029,Tested for inhibition of Epidermal growth factor receptor from A431 vulval squamous carcinoma cells,B,,,BAO_0000190,BAO_0000219,cell-based format,COc1cc2ncnc(Nc3nnc4ccccc4n3)c2cc1OC,,,CHEMBL1129210,Bioorg Med Chem Lett,1997.0,"{'bei': '18.20', 'le': '0.33', 'lle': '3.36', 'sei': '6.41'}",,CHEMBL90541,,CHEMBL90541,6.09,0,http://www.openphacts.org/units/Nanomolar,168670,=,1,1,=,,IC50,nM,,820.0,CHEMBL203,Homo sapiens,Epidermal growth factor receptor,9606,,,IC50,uM,UO_0000065,,0.82
,,952015,[],CHEMBL705978,Inhibition of EGF-stimulated proliferation of KB cells in culture,F,,,BAO_0000190,BAO_0000219,cell-based format,COc1cc2ncnc(Nc3nnc4ccccc4n3)c2cc1OC,,,CHEMBL1129210,Bioorg Med Chem Lett,1997.0,,,CHEMBL90541,,CHEMBL90541,,0,http://www.openphacts.org/units/Nanomolar,168670,>,1,1,>,,IC50,nM,,25000.0,CHEMBL203,Homo sapiens,Epidermal growth factor receptor,9606,,,IC50,uM,UO_0000065,,25.0
,,953326,[],CHEMBL680029,Tested for inhibition of Epidermal growth factor receptor from A431 vulval squamous carcinoma cells,B,,,BAO_0000190,BAO_0000219,cell-based format,COc1cc2ncnc(Nc3nccc4ccccc34)c2cc1OC,,,CHEMBL1129210,Bioorg Med Chem Lett,1997.0,"{'bei': '20.16', 'le': '0.37', 'lle': '2.76', 'sei': '9.69'}",,CHEMBL330323,,CHEMBL330323,6.70,0,http://www.openphacts.org/units/Nanomolar,168676,=,1,1,=,,IC50,nM,,200.0,CHEMBL203,Homo sapiens,Epidermal growth factor receptor,9606,,,IC50,uM,UO_0000065,,0.2
,,953327,[],CHEMBL705978,Inhibition of EGF-stimulated proliferation of KB cells in culture,F,,,BAO_0000190,BAO_0000219,cell-based format,COc1cc2ncnc(Nc3nccc4ccccc34)c2cc1OC,,,CHEMBL1129210,Bioorg Med Chem Lett,1997.0,,,CHEMBL330323,,CHEMBL330323,5.75,0,http://www.openphacts.org/units/Nanomolar,168676,=,1,1,=,,IC50,nM,,1800.0,CHEMBL203,Homo sapiens,Epidermal growth factor receptor,9606,,,IC50,uM,UO_0000065,,1.8
,,953382,[],CHEMBL873595,Inhibition of epidermal growth factor receptor (EGFR),B,,,BAO_0000190,BAO_0000357,single protein format,NC(=O)c1cc2ccc(O)c(O)c2cn1,,,CHEMBL1126211,Bioorg Med Chem Lett,1992.0,,,CHEMBL48384,,CHEMBL48384,,0,http://www.openphacts.org/units/Nanomolar,83801,>,1,1,>,,IC50,nM,,100000.0,CHEMBL203,Homo sapiens,Epidermal growth factor receptor,9606,,,IC50,uM,UO_0000065,,100.0
,,954660,[],CHEMBL873595,Inhibition of epidermal growth factor receptor (EGFR),B,,,BAO_0000190,BAO_0000357,single protein format,NC(=O)c1cc2cc(O)c(O)cc2cn1,,,CHEMBL1126211,Bioorg Med Chem Lett,1992.0,,,CHEMBL295939,,CHEMBL295939,,0,http://www.openphacts.org/units/Nanomolar,83802,>,1,1,>,,IC50,nM,,100000.0,CHEMBL203,Homo sapiens,Epidermal growth factor receptor,9606,,,IC50,uM,UO_0000065,,100.0
,,956081,[],CHEMBL680029,Tested for inhibition of Epidermal growth factor receptor from A431 vulval squamous carcinoma cells,B,,,BAO_0000190,BAO_0000219,cell-based format,COc1cc2ncnc(NNc3ccc(F)c(Cl)c3)c2cc1OC,,,CHEMBL1129210,Bioorg Med Chem Lett,1997.0,"{'bei': '18.25', 'le': '0.36', 'lle': '2.49', 'sei': '9.32'}",,CHEMBL422066,,CHEMBL422066,6.37,0,http://www.openphacts.org/units/Nanomolar,168663,=,1,1,=,,IC50,nM,,430.0,CHEMBL203,Homo sapiens,Epidermal growth factor receptor,9606,,,IC50,uM,UO_0000065,,0.43
,,956082,[],CHEMBL705978,Inhibition of EGF-stimulated proliferation of KB cells in culture,F,,,BAO_0000190,BAO_0000219,cell-based format,COc1cc2ncnc(NNc3ccc(F)c(Cl)c3)c2cc1OC,,,CHEMBL1129210,Bioorg Med Chem Lett,1997.0,,,CHEMBL422066,,CHEMBL422066,6.11,0,http://www.openphacts.org/units/Nanomolar,168663,=,1,1,=,,IC50,nM,,780.0,CHEMBL203,Homo sapiens,Epidermal growth factor receptor,9606,,,IC50,uM,UO_0000065,,0.78
,,956443,[],CHEMBL884002,Inhibition of EGF-induced Tyrosine phosphorylation in A431 cells expressing EGF-R,F,,,BAO_0000190,BAO_0000219,cell-based format,C[C@@H](Nc1[nH]cnc2c3ccccc3nc1-2)c1ccccc1,,,CHEMBL1134586,J Med Chem,2001.0,,,CHEMBL102651,,CHEMBL102651,6.38,0,http://www.openphacts.org/units/Nanomolar,192418,=,1,1,=,,IC50,nM,,419.0,CHEMBL203,Homo sapiens,Epidermal growth factor receptor,9606,,,IC50,nM,UO_0000065,,419.0
,,957261,[],CHEMBL680029,Tested for inhibition of Epidermal growth factor receptor from A431 vulval squamous carcinoma cells,B,,,BAO_0000190,BAO_0000219,cell-based format,COc1cc2ncnc(Nc3ccc(F)c(Cl)c3)c2cc1OC,,,CHEMBL1129210,Bioorg Med Chem Lett,1997.0,"{'bei': '24.11', 'le': '0.48', 'lle': '3.87', 'sei': '14.30'}",,CHEMBL301018,,CHEMBL301018,8.05,0,http://www.openphacts.org/units/Nanomolar,168655,=,1,1,=,,IC50,nM,,9.0,CHEMBL203,Homo sapiens,Epidermal growth factor receptor,9606,,,IC50,uM,UO_0000065,,0.009
,,957262,[],CHEMBL705978,Inhibition of EGF-stimulated proliferation of KB cells in culture,F,,,BAO_0000190,BAO_0000219,cell-based format,COc1cc2ncnc(Nc3ccc(F)c(Cl)c3)c2cc1OC,,,CHEMBL1129210,Bioorg Med Chem Lett,1997.0,,,CHEMBL301018,,CHEMBL301018,7.10,0,http://www.openphacts.org/units/Nanomolar,168655,=,1,1,=,,IC50,nM,,80.0,CHEMBL203,Homo sapiens,Epidermal growth factor receptor,9606,,,IC50,uM,UO_0000065,,0.08
,,958682,[],CHEMBL873595,Inhibition of epidermal growth factor receptor (EGFR),B,,,BAO_0000190,BAO_0000357,single protein format,N#C/C(=C\c1ccc(O)c(O)c1)C(N)=O,,,CHEMBL1126211,Bioorg Med Chem Lett,1992.0,"{'bei': '23.01', 'le': '0.43', 'lle': '4.21', 'sei': '4.38'}",,CHEMBL296407,,CHEMBL296407,4.70,0,http://www.openphacts.org/units/Nanomolar,83797,=,1,1,=,,IC50,nM,,20000.0,CHEMBL203,Homo sapiens,Epidermal growth factor receptor,9606,,,IC50,uM,UO_0000065,,20.0
,,959794,[],CHEMBL873595,Inhibition of epidermal growth factor receptor (EGFR),B,,,BAO_0000190,BAO_0000357,single protein format,O=C(NCc1ccccc1)c1cc2ccc(O)c(O)c2cn1,,,CHEMBL1126211,Bioorg Med Chem Lett,1992.0,"{'bei': '19.89', 'le': '0.36', 'lle': '3.27', 'sei': '7.10'}",,CHEMBL48436,,CHEMBL48436,5.85,0,http://www.openphacts.org/units/Nanomolar,83800,=,1,1,=,,IC50,nM,,1400.0,CHEMBL203,Homo sapiens,Epidermal growth factor receptor,9606,,,IC50,uM,UO_0000065,,1.4
,,962265,[],CHEMBL873595,Inhibition of epidermal growth factor receptor (EGFR),B,,,BAO_0000190,BAO_0000357,single protein format,O=C(Nc1ccccc1)c1cc2cc(O)c(O)cc2cn1,,,CHEMBL1126211,Bioorg Med Chem Lett,1992.0,"{'bei': '18.74', 'le': '0.34', 'lle': '2.35', 'sei': '6.37'}",,CHEMBL50415,,CHEMBL50415,5.25,0,http://www.openphacts.org/units/Nanomolar,83803,=,1,1,=,,IC50,nM,,5600.0,CHEMBL203,Homo sapiens,Epidermal growth factor receptor,9606,,,IC50,uM,UO_0000065,,5.6
,,963430,[],CHEMBL680029,Tested for inhibition of Epidermal growth factor receptor from A431 vulval squamous carcinoma cells,B,,,BAO_0000190,BAO_0000219,cell-based format,COc1cc2ncnc(NC3CCc4ccccc43)c2cc1OC,,,CHEMBL1129210,Bioorg Med Chem Lett,1997.0,"{'bei': '18.80', 'le': '0.34', 'lle': '2.29', 'sei': '10.74'}",,CHEMBL94019,,CHEMBL94019,6.04,0,http://www.openphacts.org/units/Nanomolar,168678,=,1,1,=,,IC50,nM,,910.0,CHEMBL203,Homo sapiens,Epidermal growth factor receptor,9606,,,IC50,uM,UO_0000065,,0.91
,,963431,[],CHEMBL705978,Inhibition of EGF-stimulated proliferation of KB cells in culture,F,,,BAO_0000190,BAO_0000219,cell-based format,COc1cc2ncnc(NC3CCc4ccccc43)c2cc1OC,,,CHEMBL1129210,Bioorg Med Chem Lett,1997.0,,,CHEMBL94019,,CHEMBL94019,5.76,0,http://www.openphacts.org/units/Nanomolar,168678,=,1,1,=,,IC50,nM,,1730.0,CHEMBL203,Homo sapiens,Epidermal growth factor receptor,9606,,,IC50,uM,UO_0000065,,1.73
,,963432,[],CHEMBL680029,Tested for inhibition of Epidermal growth factor receptor from A431 vulval squamous carcinoma cells,B,,,BAO_0000190,BAO_0000219,cell-based format,COc1cc2ncnc(NC3CC3c3ccccc3)c2cc1O,,,CHEMBL1129210,Bioorg Med Chem Lett,1997.0,"{'bei': '20.85', 'le': '0.38', 'lle': '3.10', 'sei': '9.53'}",,CHEMBL93423,,CHEMBL93423,6.41,0,http://www.openphacts.org/units/Nanomolar,168668,=,1,1,=,,IC50,nM,,390.0,CHEMBL203,Homo sapiens,Epidermal growth factor receptor,9606,,,IC50,uM,UO_0000065,,0.39
,,963433,[],CHEMBL705978,Inhibition of EGF-stimulated proliferation of KB cells in culture,F,,,BAO_0000190,BAO_0000219,cell-based format,COc1cc2ncnc(NC3CC3c3ccccc3)c2cc1O,,,CHEMBL1129210,Bioorg Med Chem Lett,1997.0,,,CHEMBL93423,,CHEMBL93423,,0,http://www.openphacts.org/units/Nanomolar,168668,>,1,1,>,,IC50,nM,,25000.0,CHEMBL203,Homo sapiens,Epidermal growth factor receptor,9606,,,IC50,uM,UO_0000065,,25.0
,,1145368,[],CHEMBL763200,Inhibition of polyGAT phosphorylation,B,,,BAO_0000190,BAO_0000357,single protein format,N#C/C(=C\c1ccc(O)c(O)c1)C(=O)c1ccc([N+](=O)[O-])cc1,,,CHEMBL1125266,J Med Chem,1991.0,"{'bei': '18.17', 'le': '0.33', 'lle': '2.84', 'sei': '4.53'}",,CHEMBL56879,,CHEMBL56879,5.64,0,http://www.openphacts.org/units/Nanomolar,96530,=,1,1,=,,IC50,nM,,2300.0,CHEMBL203,Homo sapiens,Epidermal growth factor receptor,9606,,,IC50,uM,UO_0000065,,2.3
,,1145369,[],CHEMBL676152,In vitro inhibition of HER1 autophosphorylation.,B,,,BAO_0000190,BAO_0000357,single protein format,N#C/C(=C\c1ccc(O)c(O)c1)C(=O)c1ccc([N+](=O)[O-])cc1,,,CHEMBL1125266,J Med Chem,1991.0,"{'bei': '15.98', 'le': '0.29', 'lle': '2.16', 'sei': '3.98'}",,CHEMBL56879,,CHEMBL56879,4.96,0,http://www.openphacts.org/units/Nanomolar,96530,=,1,1,=,,IC50,nM,,11000.0,CHEMBL203,Homo sapiens,Epidermal growth factor receptor,9606,,,IC50,uM,UO_0000065,,11.0
,,1145371,[],CHEMBL701406,Inhibition of HER14 (human EGFR overexpressing) cell proliferation.,F,,,BAO_0000190,BAO_0000019,assay format,N#C/C(=C\c1ccc(O)c(O)c1)C(=O)c1ccc([N+](=O)[O-])cc1,,,CHEMBL1125266,J Med Chem,1991.0,,,CHEMBL56879,,CHEMBL56879,,0,http://www.openphacts.org/units/Nanomolar,96530,<,1,1,<,,IC50,nM,,20000.0,CHEMBL203,Homo sapiens,Epidermal growth factor receptor,9606,,,IC50,uM,UO_0000065,,20.0
,,1145373,[],CHEMBL763200,Inhibition of polyGAT phosphorylation,B,,,BAO_0000190,BAO_0000357,single protein format,CC(NC(=O)/C(C#N)=C/c1ccc(O)c(O)c1)c1ccccc1,,,CHEMBL1125266,J Med Chem,1991.0,"{'bei': '20.75', 'le': '0.38', 'lle': '3.52', 'sei': '6.85'}",,CHEMBL55979,,CHEMBL55979,6.40,0,http://www.openphacts.org/units/Nanomolar,96527,=,1,1,=,,IC50,nM,,400.0,CHEMBL203,Homo sapiens,Epidermal growth factor receptor,9606,,,IC50,uM,UO_0000065,,0.4
,,1145374,[],CHEMBL676152,In vitro inhibition of HER1 autophosphorylation.,B,,,BAO_0000190,BAO_0000357,single protein format,CC(NC(=O)/C(C#N)=C/c1ccc(O)c(O)c1)c1ccccc1,,,CHEMBL1125266,J Med Chem,1991.0,"{'bei': '18.17', 'le': '0.33', 'lle': '2.72', 'sei': '6.00'}",,CHEMBL55979,,CHEMBL55979,5.60,0,http://www.openphacts.org/units/Nanomolar,96527,=,1,1,=,,IC50,nM,,2500.0,CHEMBL203,Homo sapiens,Epidermal growth factor receptor,9606,,,IC50,uM,UO_0000065,,2.5
,,1145376,[],CHEMBL701406,Inhibition of HER14 (human EGFR overexpressing) cell proliferation.,F,,,BAO_0000190,BAO_0000019,assay format,CC(NC(=O)/C(C#N)=C/c1ccc(O)c(O)c1)c1ccccc1,,,CHEMBL1125266,J Med Chem,1991.0,,,CHEMBL55979,,CHEMBL55979,5.46,0,http://www.openphacts.org/units/Nanomolar,96527,=,1,1,=,,IC50,nM,,3500.0,CHEMBL203,Homo sapiens,Epidermal growth factor receptor,9606,,,IC50,uM,UO_0000065,,3.5
,,1145378,[],CHEMBL763200,Inhibition of polyGAT phosphorylation,B,,,BAO_0000190,BAO_0000357,single protein format,COc1ccc(CCNC(=O)/C(C#N)=C/c2ccc(O)c(O)c2)cc1OC,,,CHEMBL1125266,J Med Chem,1991.0,"{'bei': '15.66', 'le': '0.29', 'lle': '3.39', 'sei': '5.16'}",,CHEMBL56455,,CHEMBL56455,5.77,0,http://www.openphacts.org/units/Nanomolar,96541,=,1,1,=,,IC50,nM,,1700.0,CHEMBL203,Homo sapiens,Epidermal growth factor receptor,9606,,,IC50,uM,UO_0000065,,1.7
,,1145604,[],CHEMBL677832,Inhibitory activity against epidermal growth factor receptor tyrosine kinase.,B,,,BAO_0000190,BAO_0000357,single protein format,c1ccc(Nc2nc[nH]c3nnc(Nc4ccccc4)c2-3)cc1,,,CHEMBL1130217,J Med Chem,1997.0,"{'bei': '23.94', 'le': '0.43', 'lle': '3.45', 'sei': '9.22'}",,CHEMBL332333,,CHEMBL332333,7.24,0,http://www.openphacts.org/units/Nanomolar,228533,=,1,1,=,,IC50,nM,,58.0,CHEMBL203,Homo sapiens,Epidermal growth factor receptor,9606,,,IC50,uM,UO_0000065,,0.058
,,1145609,[],CHEMBL621022,Inhibition of EGF-stimulated tyrosine phosphorylation in A431 cells.,F,,,BAO_0000190,BAO_0000219,cell-based format,c1ccc(Nc2nc[nH]c3nnc(Nc4ccccc4)c2-3)cc1,,,CHEMBL1130217,J Med Chem,1997.0,,,CHEMBL332333,,CHEMBL332333,4.92,0,http://www.openphacts.org/units/Nanomolar,228533,=,1,1,=,,IC50,nM,,12000.0,CHEMBL203,Homo sapiens,Epidermal growth factor receptor,9606,,,IC50,uM,UO_0000065,,12.0
,,1145611,[],CHEMBL677832,Inhibitory activity against epidermal growth factor receptor tyrosine kinase.,B,,,BAO_0000190,BAO_0000357,single protein format,Nc1cccc(-c2[nH]nc3ncnc(Nc4cccc(Cl)c4)c23)c1,,,CHEMBL1130217,J Med Chem,1997.0,"{'bei': '24.65', 'le': '0.47', 'lle': '4.30', 'sei': '8.97'}",,CHEMBL332882,,CHEMBL332882,8.30,0,http://www.openphacts.org/units/Nanomolar,228521,=,1,1,=,,IC50,nM,,5.0,CHEMBL203,Homo sapiens,Epidermal growth factor receptor,9606,,,IC50,uM,UO_0000065,,0.005
,,1145617,[],CHEMBL621022,Inhibition of EGF-stimulated tyrosine phosphorylation in A431 cells.,F,,,BAO_0000190,BAO_0000219,cell-based format,Nc1cccc(-c2[nH]nc3ncnc(Nc4cccc(Cl)c4)c23)c1,,,CHEMBL1130217,J Med Chem,1997.0,,,CHEMBL332882,,CHEMBL332882,6.10,0,http://www.openphacts.org/units/Nanomolar,228521,=,1,1,=,,IC50,nM,,800.0,CHEMBL203,Homo sapiens,Epidermal growth factor receptor,9606,,,IC50,uM,UO_0000065,,0.8
,,1146723,[],CHEMBL763200,Inhibition of polyGAT phosphorylation,B,,,BAO_0000190,BAO_0000357,single protein format,N#C/C(=C\c1ccc(O)c(O)c1)C(=O)c1ccccc1,,,CHEMBL1125266,J Med Chem,1991.0,"{'bei': '22.19', 'le': '0.40', 'lle': '3.00', 'sei': '7.24'}",,CHEMBL56132,,CHEMBL56132,5.89,0,http://www.openphacts.org/units/Nanomolar,96532,=,1,1,=,,IC50,nM,,1300.0,CHEMBL203,Homo sapiens,Epidermal growth factor receptor,9606,,,IC50,uM,UO_0000065,,1.3
,,1146724,[],CHEMBL676152,In vitro inhibition of HER1 autophosphorylation.,B,,,BAO_0000190,BAO_0000357,single protein format,N#C/C(=C\c1ccc(O)c(O)c1)C(=O)c1ccccc1,,,CHEMBL1125266,J Med Chem,1991.0,"{'bei': '18.30', 'le': '0.33', 'lle': '1.96', 'sei': '5.97'}",,CHEMBL56132,,CHEMBL56132,4.85,0,http://www.openphacts.org/units/Nanomolar,96532,=,1,1,=,,IC50,nM,,14000.0,CHEMBL203,Homo sapiens,Epidermal growth factor receptor,9606,,,IC50,uM,UO_0000065,,14.0
,,1146726,[],CHEMBL701406,Inhibition of HER14 (human EGFR overexpressing) cell proliferation.,F,,,BAO_0000190,BAO_0000019,assay format,N#C/C(=C\c1ccc(O)c(O)c1)C(=O)c1ccccc1,,,CHEMBL1125266,J Med Chem,1991.0,,,CHEMBL56132,,CHEMBL56132,4.82,0,http://www.openphacts.org/units/Nanomolar,96532,=,1,1,=,,IC50,nM,,15000.0,CHEMBL203,Homo sapiens,Epidermal growth factor receptor,9606,,,IC50,uM,UO_0000065,,15.0
,,1146728,[],CHEMBL763200,Inhibition of polyGAT phosphorylation,B,,,BAO_0000190,BAO_0000357,single protein format,N#C/C(=C\c1ccc(O)c(O)c1)C(=O)Nc1ccccc1Cl,,,CHEMBL1125266,J Med Chem,1991.0,"{'bei': '18.93', 'le': '0.37', 'lle': '2.66', 'sei': '6.38'}",,CHEMBL56219,,CHEMBL56219,5.96,0,http://www.openphacts.org/units/Nanomolar,96545,=,1,1,=,,IC50,nM,,1100.0,CHEMBL203,Homo sapiens,Epidermal growth factor receptor,9606,,,IC50,uM,UO_0000065,,1.1
,,1146729,[],CHEMBL676152,In vitro inhibition of HER1 autophosphorylation.,B,,,BAO_0000190,BAO_0000357,single protein format,N#C/C(=C\c1ccc(O)c(O)c1)C(=O)Nc1ccccc1Cl,,,CHEMBL1125266,J Med Chem,1991.0,"{'bei': '18.04', 'le': '0.35', 'lle': '2.38', 'sei': '6.08'}",,CHEMBL56219,,CHEMBL56219,5.68,0,http://www.openphacts.org/units/Nanomolar,96545,=,1,1,=,,IC50,nM,,2100.0,CHEMBL203,Homo sapiens,Epidermal growth factor receptor,9606,,,IC50,uM,UO_0000065,,2.1
,,1146731,[],CHEMBL701406,Inhibition of HER14 (human EGFR overexpressing) cell proliferation.,F,,,BAO_0000190,BAO_0000019,assay format,N#C/C(=C\c1ccc(O)c(O)c1)C(=O)Nc1ccccc1Cl,,,CHEMBL1125266,J Med Chem,1991.0,,,CHEMBL56219,,CHEMBL56219,4.46,0,http://www.openphacts.org/units/Nanomolar,96545,=,1,1,=,,IC50,nM,,35000.0,CHEMBL203,Homo sapiens,Epidermal growth factor receptor,9606,,,IC50,uM,UO_0000065,,35.0
,Not Determined,1146990,[],CHEMBL680014,Inhibition of human epidermal growth factor receptor (Not determined),B,,,BAO_0000190,BAO_0000357,single protein format,CN(C)c1cc(-c2cc3cnc(N)nc3nc2NC(=O)NC(C)(C)C)cc(N(C)C)c1,,,CHEMBL1131506,J Med Chem,1998.0,,,CHEMBL50371,,CHEMBL50371,,0,http://www.openphacts.org/units/Nanomolar,82943,,1,0,,,IC50,nM,,,CHEMBL203,Homo sapiens,Epidermal growth factor receptor,9606,,,IC50,uM,UO_0000065,,
,,1147073,[],CHEMBL677832,Inhibitory activity against epidermal growth factor receptor tyrosine kinase.,B,,,BAO_0000190,BAO_0000357,single protein format,Nc1ncnc2c1ncn2-c1ccccc1,,,CHEMBL1130217,J Med Chem,1997.0,"{'bei': '22.84', 'le': '0.41', 'lle': '3.42', 'sei': '6.93'}",,CHEMBL62756,,CHEMBL62756,4.82,0,http://www.openphacts.org/units/Nanomolar,228534,=,1,1,=,,IC50,nM,,15000.0,CHEMBL203,Homo sapiens,Epidermal growth factor receptor,9606,,,IC50,uM,UO_0000065,,15.0
,,1148095,[],CHEMBL763200,Inhibition of polyGAT phosphorylation,B,,,BAO_0000190,BAO_0000357,single protein format,COc1ccc(NC(=O)/C(C#N)=C/c2ccc(O)c(O)c2)c(OC)c1,,,CHEMBL1125266,J Med Chem,1991.0,"{'bei': '16.95', 'le': '0.32', 'lle': '3.11', 'sei': '5.16'}",,CHEMBL57251,,CHEMBL57251,5.77,0,http://www.openphacts.org/units/Nanomolar,96540,=,1,1,=,,IC50,nM,,1700.0,CHEMBL203,Homo sapiens,Epidermal growth factor receptor,9606,,,IC50,uM,UO_0000065,,1.7
,,1677868,[],CHEMBL862242,Inhibitory activity against EGFR kinase,B,,,BAO_0000190,BAO_0000357,single protein format,CCCOc1c(C(=O)OC)c2c3c(oc2c2ccccc12)C(=O)c1ccccc1C3=O,,,CHEMBL1149378,Bioorg Med Chem Lett,2006.0,,,CHEMBL202216,,CHEMBL202216,,0,http://www.openphacts.org/units/Nanomolar,421247,>,1,1,>,,IC50,nM,,50000.0,CHEMBL203,Homo sapiens,Epidermal growth factor receptor,9606,,,IC50,uM,UO_0000065,,50.0
,,1678204,[],CHEMBL860874,Inhibitory activity against EGFR,B,,,BAO_0000190,BAO_0000357,single protein format,COc1cc2c(Nc3ncc(CC(=O)Nc4cccc(F)c4)s3)ncnc2cc1OCCCN1CCC(CO)CC1,,,CHEMBL1149372,J Med Chem,2006.0,"{'bei': '10.50', 'le': '0.20', 'lle': '1.47', 'sei': '5.01'}",,CHEMBL201307,,CHEMBL201307,6.10,0,http://www.openphacts.org/units/Nanomolar,420774,=,1,1,=,,IC50,nM,,800.0,CHEMBL203,Homo sapiens,Epidermal growth factor receptor,9606,,,IC50,uM,UO_0000065,,0.8
,,1681964,[],CHEMBL862512,Inhibition of erbB1 fusion protein expressed in baculovirus by ELISA,B,,,BAO_0000190,BAO_0000019,assay format,C=CC(=O)Nc1cc2c(Nc3ccc(F)c(Cl)c3)ncnc2cc1OCCCN1CCOCC1.Cl.Cl,,,CHEMBL1138126,J Med Chem,2006.0,"{'bei': '17.54', 'le': '0.34', 'lle': '4.13', 'sei': '9.62'}",,CHEMBL545315,CANERTINIB DIHYDROCHLORIDE,CHEMBL31965,8.52,0,http://www.openphacts.org/units/Nanomolar,428492,=,1,1,=,,IC50,nM,,3.0,CHEMBL203,Homo sapiens,Epidermal growth factor receptor,9606,,,IC50,nM,UO_0000065,,3.0
,,1681967,[],CHEMBL862515,Inhibition of EGF stimulated human erbB1 autophosphorylation in NIH3T3 cells,F,,,BAO_0000190,BAO_0000219,cell-based format,C=CC(=O)Nc1cc2c(Nc3ccc(F)c(Cl)c3)ncnc2cc1OCCCN1CCOCC1.Cl.Cl,,,CHEMBL1138126,J Med Chem,2006.0,,,CHEMBL545315,CANERTINIB DIHYDROCHLORIDE,CHEMBL31965,8.77,1,http://www.openphacts.org/units/Nanomolar,428492,=,1,1,=,,IC50,nM,,1.7,CHEMBL203,Homo sapiens,Epidermal growth factor receptor,9606,,,IC50,nM,UO_0000065,,1.7
,,1681969,[],CHEMBL862512,Inhibition of erbB1 fusion protein expressed in baculovirus by ELISA,B,,,BAO_0000190,BAO_0000019,assay format,CN1CCN(CCC#CC(=O)Nc2cc3c(Nc4ccc(F)c(Br)c4)ncnc3cn2)CC1,,,CHEMBL1138126,J Med Chem,2006.0,"{'bei': '17.48', 'le': '0.37', 'lle': '5.71', 'sei': '10.38'}",,CHEMBL437890,,CHEMBL437890,8.96,0,http://www.openphacts.org/units/Nanomolar,428514,=,1,1,=,,IC50,nM,,1.1,CHEMBL203,Homo sapiens,Epidermal growth factor receptor,9606,,,IC50,nM,UO_0000065,,1.1
,,1681970,[],CHEMBL862512,Inhibition of erbB1 fusion protein expressed in baculovirus by ELISA,B,,,BAO_0000190,BAO_0000019,assay format,CN1CCN(CCC#CC(=O)Nc2cc3c(Nc4ccc(F)c(Cl)c4)ncnc3cn2)CC1,,,CHEMBL1138126,J Med Chem,2006.0,"{'bei': '19.88', 'le': '0.38', 'lle': '6.16', 'sei': '10.78'}",,CHEMBL203599,,CHEMBL203599,9.30,0,http://www.openphacts.org/units/Nanomolar,428513,=,1,1,=,,IC50,nM,,0.5,CHEMBL203,Homo sapiens,Epidermal growth factor receptor,9606,,,IC50,nM,UO_0000065,,0.5
,,1681971,[],CHEMBL862512,Inhibition of erbB1 fusion protein expressed in baculovirus by ELISA,B,,,BAO_0000190,BAO_0000019,assay format,O=C(C#CCCN1CCCCC1)Nc1cc2c(Nc3ccc(F)c(Cl)c3)ncnc2cn1,,,CHEMBL1138126,J Med Chem,2006.0,"{'bei': '19.97', 'le': '0.39', 'lle': '4.67', 'sei': '10.89'}",,CHEMBL205059,,CHEMBL205059,9.05,0,http://www.openphacts.org/units/Nanomolar,428512,=,1,1,=,,IC50,nM,,0.9,CHEMBL203,Homo sapiens,Epidermal growth factor receptor,9606,,,IC50,nM,UO_0000065,,0.9
,,1681972,[],CHEMBL862512,Inhibition of erbB1 fusion protein expressed in baculovirus by ELISA,B,,,BAO_0000190,BAO_0000019,assay format,O=C(C#CCCN1CCOCC1)Nc1cc2c(Nc3ccc(F)c(Br)c3)ncnc2cn1,,,CHEMBL1138126,J Med Chem,2006.0,"{'bei': '17.67', 'le': '0.38', 'lle': '5.49', 'sei': '9.56'}",,CHEMBL204638,,CHEMBL204638,8.82,0,http://www.openphacts.org/units/Nanomolar,428511,=,1,1,=,,IC50,nM,,1.5,CHEMBL203,Homo sapiens,Epidermal growth factor receptor,9606,,,IC50,nM,UO_0000065,,1.5
,,1681973,[],CHEMBL862512,Inhibition of erbB1 fusion protein expressed in baculovirus by ELISA,B,,,BAO_0000190,BAO_0000019,assay format,O=C(C#CCCN1CCOCC1)Nc1cc2c(Nc3ccc(F)c(Cl)c3)ncnc2cn1,,,CHEMBL1138126,J Med Chem,2006.0,"{'bei': '19.53', 'le': '0.38', 'lle': '5.66', 'sei': '9.63'}",,CHEMBL203661,,CHEMBL203661,8.89,0,http://www.openphacts.org/units/Nanomolar,428510,=,1,1,=,,IC50,nM,,1.3,CHEMBL203,Homo sapiens,Epidermal growth factor receptor,9606,,,IC50,nM,UO_0000065,,1.3
,,1681974,[],CHEMBL862512,Inhibition of erbB1 fusion protein expressed in baculovirus by ELISA,B,,,BAO_0000190,BAO_0000019,assay format,O=C(C#CCN1CCOCC1)Nc1cc2c(Nc3ccc(F)c(Cl)c3)ncnc2cn1,,,CHEMBL1138126,J Med Chem,2006.0,"{'bei': '19.30', 'le': '0.37', 'lle': '5.67', 'sei': '9.22'}",,CHEMBL202556,,CHEMBL202556,8.51,0,http://www.openphacts.org/units/Nanomolar,428509,=,1,1,=,,IC50,nM,,3.1,CHEMBL203,Homo sapiens,Epidermal growth factor receptor,9606,,,IC50,nM,UO_0000065,,3.1
,,1681975,[],CHEMBL862512,Inhibition of erbB1 fusion protein expressed in baculovirus by ELISA,B,,,BAO_0000190,BAO_0000019,assay format,CCCCN(CC#CC(=O)Nc1cc2c(Nc3ccc(F)c(Cl)c3)ncnc2cn1)CCCC,,,CHEMBL1138126,J Med Chem,2006.0,"{'bei': '16.09', 'le': '0.31', 'lle': '2.36', 'sei': '9.36'}",,CHEMBL202421,,CHEMBL202421,7.77,0,http://www.openphacts.org/units/Nanomolar,428508,=,1,1,=,,IC50,nM,,17.0,CHEMBL203,Homo sapiens,Epidermal growth factor receptor,9606,,,IC50,nM,UO_0000065,,17.0
,,1681976,[],CHEMBL862512,Inhibition of erbB1 fusion protein expressed in baculovirus by ELISA,B,,,BAO_0000190,BAO_0000019,assay format,CC(C)N(CC#CC(=O)Nc1cc2c(Nc3ccc(F)c(Cl)c3)ncnc2cn1)C(C)C,,,CHEMBL1138126,J Med Chem,2006.0,"{'bei': '16.17', 'le': '0.31', 'lle': '2.74', 'sei': '8.86'}",,CHEMBL383499,,CHEMBL383499,7.36,0,http://www.openphacts.org/units/Nanomolar,428507,=,1,1,=,,IC50,nM,,44.0,CHEMBL203,Homo sapiens,Epidermal growth factor receptor,9606,,,IC50,nM,UO_0000065,,44.0
,,1681977,[],CHEMBL862512,Inhibition of erbB1 fusion protein expressed in baculovirus by ELISA,B,,,BAO_0000190,BAO_0000019,assay format,CCN(CC)CC#CC(=O)Nc1cc2c(Nc3ccc(F)c(Cl)c3)ncnc2cn1,,,CHEMBL1138126,J Med Chem,2006.0,"{'bei': '18.33', 'le': '0.36', 'lle': '3.98', 'sei': '9.42'}",,CHEMBL202425,,CHEMBL202425,7.82,0,http://www.openphacts.org/units/Nanomolar,428506,=,1,1,=,,IC50,nM,,15.0,CHEMBL203,Homo sapiens,Epidermal growth factor receptor,9606,,,IC50,nM,UO_0000065,,15.0
,,1681978,[],CHEMBL862512,Inhibition of erbB1 fusion protein expressed in baculovirus by ELISA,B,,,BAO_0000190,BAO_0000019,assay format,CCCCC#CC(=O)Nc1cc2c(Nc3ccc(F)c(Cl)c3)ncnc2cn1,,,CHEMBL1138126,J Med Chem,2006.0,"{'bei': '19.67', 'le': '0.38', 'lle': '3.13', 'sei': '9.80'}",,CHEMBL202424,,CHEMBL202424,7.82,0,http://www.openphacts.org/units/Nanomolar,428505,=,1,1,=,,IC50,nM,,15.0,CHEMBL203,Homo sapiens,Epidermal growth factor receptor,9606,,,IC50,nM,UO_0000065,,15.0
,,1681979,[],CHEMBL862512,Inhibition of erbB1 fusion protein expressed in baculovirus by ELISA,B,,,BAO_0000190,BAO_0000019,assay format,CCCC#CC(=O)Nc1cc2c(Nc3ccc(F)c(Cl)c3)ncnc2cn1,,,CHEMBL1138126,J Med Chem,2006.0,"{'bei': '22.85', 'le': '0.44', 'lle': '4.47', 'sei': '10.99'}",,CHEMBL203645,,CHEMBL203645,8.77,0,http://www.openphacts.org/units/Nanomolar,428504,=,1,1,=,,IC50,nM,,1.7,CHEMBL203,Homo sapiens,Epidermal growth factor receptor,9606,,,IC50,nM,UO_0000065,,1.7
,,1681980,[],CHEMBL862512,Inhibition of erbB1 fusion protein expressed in baculovirus by ELISA,B,,,BAO_0000190,BAO_0000019,assay format,CC#CC(=O)Nc1cc2c(Nc3ccc(F)c(Cl)c3)ncnc2cn1,,,CHEMBL1138126,J Med Chem,2006.0,"{'bei': '26.77', 'le': '0.52', 'lle': '6.00', 'sei': '11.93'}",,CHEMBL203644,,CHEMBL203644,9.52,0,http://www.openphacts.org/units/Nanomolar,428503,=,1,1,=,,IC50,nM,,0.3,CHEMBL203,Homo sapiens,Epidermal growth factor receptor,9606,,,IC50,nM,UO_0000065,,0.3
,,1681981,[],CHEMBL862512,Inhibition of erbB1 fusion protein expressed in baculovirus by ELISA,B,,,BAO_0000190,BAO_0000019,assay format,C#CC(=O)Nc1cc2c(Nc3cccc(Br)c3)ncnc2cn1,,,CHEMBL1138126,J Med Chem,2006.0,"{'bei': '25.05', 'le': '0.55', 'lle': '6.12', 'sei': '11.56'}",,CHEMBL378144,,CHEMBL378144,9.22,0,http://www.openphacts.org/units/Nanomolar,428502,=,1,1,=,,IC50,nM,,0.6,CHEMBL203,Homo sapiens,Epidermal growth factor receptor,9606,,,IC50,nM,UO_0000065,,0.6
,,1681982,[],CHEMBL862512,Inhibition of erbB1 fusion protein expressed in baculovirus by ELISA,B,,,BAO_0000190,BAO_0000019,assay format,O=C(C#CCCN1CCOCC1)Nc1ccc2ncnc(Nc3ccc(F)c(Cl)c3)c2c1,,,CHEMBL1138126,J Med Chem,2006.0,"{'bei': '19.32', 'le': '0.37', 'lle': '4.94', 'sei': '11.05'}",,CHEMBL204085,,CHEMBL204085,8.77,0,http://www.openphacts.org/units/Nanomolar,428501,=,1,1,=,,IC50,nM,,1.7,CHEMBL203,Homo sapiens,Epidermal growth factor receptor,9606,,,IC50,nM,UO_0000065,,1.7
,,1681983,[],CHEMBL862512,Inhibition of erbB1 fusion protein expressed in baculovirus by ELISA,B,,,BAO_0000190,BAO_0000019,assay format,CCN(CC)CCC#CC(=O)Nc1ccc2ncnc(Nc3ccc(F)c(Cl)c3)c2c1,,,CHEMBL1138126,J Med Chem,2006.0,"{'bei': '19.88', 'le': '0.39', 'lle': '3.90', 'sei': '12.47'}",,CHEMBL382073,,CHEMBL382073,8.74,0,http://www.openphacts.org/units/Nanomolar,428500,=,1,1,=,,IC50,nM,,1.8,CHEMBL203,Homo sapiens,Epidermal growth factor receptor,9606,,,IC50,nM,UO_0000065,,1.8
,,1681984,[],CHEMBL862512,Inhibition of erbB1 fusion protein expressed in baculovirus by ELISA,B,,,BAO_0000190,BAO_0000019,assay format,O=C(C#CCN1CCOCC1)Nc1ccc2ncnc(Nc3ccc(F)c(Cl)c3)c2c1,,,CHEMBL1138126,J Med Chem,2006.0,"{'bei': '16.06', 'le': '0.31', 'lle': '3.63', 'sei': '8.90'}",,CHEMBL202621,,CHEMBL202621,7.07,0,http://www.openphacts.org/units/Nanomolar,428499,=,1,1,=,,IC50,nM,,86.0,CHEMBL203,Homo sapiens,Epidermal growth factor receptor,9606,,,IC50,nM,UO_0000065,,86.0
,,1943194,[],CHEMBL892951,Inhibition of human EGFR in presence of 1 uM ATP,B,,,BAO_0000190,BAO_0000357,single protein format,CCOc1cc2ncnc(NC3=CC(=O)C(OC)=CC3=O)c2cc1NC(=O)/C=C/CN(C)C,,,CHEMBL1147965,Bioorg Med Chem,2007.0,"{'bei': '13.51', 'le': '0.25', 'lle': '4.04', 'sei': '4.97'}",,CHEMBL428039,,CHEMBL428039,6.10,0,http://www.openphacts.org/units/Nanomolar,651772,=,1,1,=,,IC50,nM,,799.3,CHEMBL203,Homo sapiens,Epidermal growth factor receptor,9606,,,IC50,nM,UO_0000065,,799.3
,,1943195,[],CHEMBL892951,Inhibition of human EGFR in presence of 1 uM ATP,B,,,BAO_0000190,BAO_0000357,single protein format,CCOc1cc2ncc(C#N)c(Nc3ccc(OCc4ccccn4)c(Cl)c3)c2cc1NC(=O)/C=C/CN(C)C,,,CHEMBL1147965,Bioorg Med Chem,2007.0,"{'bei': '18.13', 'le': '0.34', 'lle': '4.17', 'sei': '8.98'}",,CHEMBL180022,NERATINIB,CHEMBL180022,10.10,0,http://www.openphacts.org/units/Nanomolar,651771,=,1,1,=,,IC50,nM,,0.08,CHEMBL203,Homo sapiens,Epidermal growth factor receptor,9606,,,IC50,nM,UO_0000065,,0.08
,,1943196,[],CHEMBL892954,Inhibition of human EGFR in presence of 1 mM ATP,B,,,BAO_0000190,BAO_0000357,single protein format,COCCOc1cc2ncnc(NC3=CC(=O)C(OCc4cccc(F)c4)=CC3=O)c2cc1OC,,,CHEMBL1147965,Bioorg Med Chem,2007.0,,,CHEMBL396472,,CHEMBL396472,,0,http://www.openphacts.org/units/Nanomolar,651789,>,1,1,>,,IC50,nM,,10000.0,CHEMBL203,Homo sapiens,Epidermal growth factor receptor,9606,,,IC50,nM,UO_0000065,,10000.0
,,1943197,[],CHEMBL892954,Inhibition of human EGFR in presence of 1 mM ATP,B,,,BAO_0000190,BAO_0000357,single protein format,COCCOc1cc2ncnc(NC3=CC(=O)C(OCc4ccccc4)=CC3=O)c2cc1OC,,,CHEMBL1147965,Bioorg Med Chem,2007.0,,,CHEMBL242555,,CHEMBL242555,,0,http://www.openphacts.org/units/Nanomolar,651788,>,1,1,>,,IC50,nM,,10000.0,CHEMBL203,Homo sapiens,Epidermal growth factor receptor,9606,,,IC50,nM,UO_0000065,,10000.0
,,1943198,[],CHEMBL892954,Inhibition of human EGFR in presence of 1 mM ATP,B,,,BAO_0000190,BAO_0000357,single protein format,COCCOc1cc2ncnc(NC3=CC(=O)C(OCc4cccc(OC)c4)=CC3=O)c2cc1OC,,,CHEMBL1147965,Bioorg Med Chem,2007.0,,,CHEMBL242349,,CHEMBL242349,,0,http://www.openphacts.org/units/Nanomolar,651787,>,1,1,>,,IC50,nM,,10000.0,CHEMBL203,Homo sapiens,Epidermal growth factor receptor,9606,,,IC50,nM,UO_0000065,,10000.0
,,1943199,[],CHEMBL892954,Inhibition of human EGFR in presence of 1 mM ATP,B,,,BAO_0000190,BAO_0000357,single protein format,COc1cc2/c(=N/c3ccc(Br)cc3F)nc[nH]c2cc1OCC1CCN(C)CC1,,,CHEMBL1147965,Bioorg Med Chem,2007.0,,,CHEMBL24828,VANDETANIB,CHEMBL24828,,0,http://www.openphacts.org/units/Nanomolar,651786,>,1,1,>,,IC50,nM,,10000.0,CHEMBL203,Homo sapiens,Epidermal growth factor receptor,9606,,,IC50,nM,UO_0000065,,10000.0
,,1943200,[],CHEMBL892954,Inhibition of human EGFR in presence of 1 mM ATP,B,,,BAO_0000190,BAO_0000357,single protein format,Clc1ccc(Nc2nnc(Cc3ccncc3)c3ccccc23)cc1,,,CHEMBL1147965,Bioorg Med Chem,2007.0,,,CHEMBL101253,VATALANIB,CHEMBL101253,,1,http://www.openphacts.org/units/Nanomolar,651785,>,1,1,>,,IC50,nM,,10000.0,CHEMBL203,Homo sapiens,Epidermal growth factor receptor,9606,,,IC50,nM,UO_0000065,,10000.0
,,1943201,[],CHEMBL892954,Inhibition of human EGFR in presence of 1 mM ATP,B,,,BAO_0000190,BAO_0000357,single protein format,COc1cc2ncnc(Nc3ccc(F)c(Cl)c3)c2cc1OCCCN1CCOCC1,,,CHEMBL1147965,Bioorg Med Chem,2007.0,"{'bei': '12.44', 'le': '0.24', 'lle': '1.28', 'sei': '8.09'}",,CHEMBL939,GEFITINIB,CHEMBL939,5.56,0,http://www.openphacts.org/units/Nanomolar,651784,=,1,1,=,,IC50,nM,,2753.0,CHEMBL203,Homo sapiens,Epidermal growth factor receptor,9606,,,IC50,nM,UO_0000065,,2753.0
,,1943202,[],CHEMBL892954,Inhibition of human EGFR in presence of 1 mM ATP,B,,,BAO_0000190,BAO_0000357,single protein format,COc1cc2ncnc(Nc3cccc(Br)c3)c2cc1OC,,,CHEMBL1147965,Bioorg Med Chem,2007.0,,,CHEMBL29197,,CHEMBL29197,,0,http://www.openphacts.org/units/Nanomolar,651783,>,1,1,>,,IC50,nM,,100.0,CHEMBL203,Homo sapiens,Epidermal growth factor receptor,9606,,,IC50,nM,UO_0000065,,100.0
,,1943203,[],CHEMBL892954,Inhibition of human EGFR in presence of 1 mM ATP,B,,,BAO_0000190,BAO_0000357,single protein format,CN(C)C/C=C/C(=O)Nc1ccc2ncnc(Nc3ccc(Br)cc3F)c2c1,,,CHEMBL1147965,Bioorg Med Chem,2007.0,"{'bei': '13.85', 'le': '0.30', 'lle': '1.82', 'sei': '8.77'}",,CHEMBL242131,,CHEMBL242131,6.15,0,http://www.openphacts.org/units/Nanomolar,651782,=,1,1,=,,IC50,nM,,704.0,CHEMBL203,Homo sapiens,Epidermal growth factor receptor,9606,,,IC50,nM,UO_0000065,,704.0
,,1943204,[],CHEMBL892954,Inhibition of human EGFR in presence of 1 mM ATP,B,,,BAO_0000190,BAO_0000357,single protein format,CCOc1cc2ncnc(NC3=CC(=O)C(OCc4cccc(C)c4)=CC3=O)c2cc1NC(=O)/C=C/CN(C)C,,,CHEMBL1147965,Bioorg Med Chem,2007.0,"{'bei': '12.48', 'le': '0.23', 'lle': '2.82', 'sei': '5.51'}",,CHEMBL241919,,CHEMBL241919,6.76,0,http://www.openphacts.org/units/Nanomolar,651781,=,1,1,=,,IC50,nM,,173.1,CHEMBL203,Homo sapiens,Epidermal growth factor receptor,9606,,,IC50,nM,UO_0000065,,173.1
,,1943205,[],CHEMBL892954,Inhibition of human EGFR in presence of 1 mM ATP,B,,,BAO_0000190,BAO_0000357,single protein format,CCOc1cc2ncnc(NC3=CC(=O)C(OCc4cccc(OC)c4)=CC3=O)c2cc1NC(=O)/C=C/CN(C)C,,,CHEMBL1147965,Bioorg Med Chem,2007.0,"{'bei': '11.58', 'le': '0.22', 'lle': '2.82', 'sei': '4.89'}",,CHEMBL241918,,CHEMBL241918,6.46,0,http://www.openphacts.org/units/Nanomolar,651780,=,1,1,=,,IC50,nM,,346.9,CHEMBL203,Homo sapiens,Epidermal growth factor receptor,9606,,,IC50,nM,UO_0000065,,346.9
,,1943206,[],CHEMBL892954,Inhibition of human EGFR in presence of 1 mM ATP,B,,,BAO_0000190,BAO_0000357,single protein format,CCOc1cc2ncnc(NC3=CC(=O)C(OCc4cccs4)=CC3=O)c2cc1NC(=O)/C=C/CN(C)C,,,CHEMBL1147965,Bioorg Med Chem,2007.0,"{'bei': '12.24', 'le': '0.23', 'lle': '2.84', 'sei': '5.32'}",,CHEMBL243839,,CHEMBL243839,6.53,0,http://www.openphacts.org/units/Nanomolar,651779,=,1,1,=,,IC50,nM,,295.2,CHEMBL203,Homo sapiens,Epidermal growth factor receptor,9606,,,IC50,nM,UO_0000065,,295.2
,,1943207,[],CHEMBL892954,Inhibition of human EGFR in presence of 1 mM ATP,B,,,BAO_0000190,BAO_0000357,single protein format,CCOc1cc2ncnc(NC3=CC(=O)C(OCc4cccc(Cl)c4)=CC3=O)c2cc1NC(=O)/C=C/CN(C)C,,,CHEMBL1147965,Bioorg Med Chem,2007.0,"{'bei': '13.25', 'le': '0.25', 'lle': '3.16', 'sei': '6.07'}",,CHEMBL243837,,CHEMBL243837,7.45,0,http://www.openphacts.org/units/Nanomolar,651778,=,1,1,=,,IC50,nM,,35.6,CHEMBL203,Homo sapiens,Epidermal growth factor receptor,9606,,,IC50,nM,UO_0000065,,35.6
,,1943208,[],CHEMBL892954,Inhibition of human EGFR in presence of 1 mM ATP,B,,,BAO_0000190,BAO_0000357,single protein format,CCOc1cc2ncnc(NC3=CC(=O)C(OCc4ccccn4)=CC3=O)c2cc1NC(=O)/C=C/CN(C)C,,,CHEMBL1147965,Bioorg Med Chem,2007.0,"{'bei': '11.54', 'le': '0.21', 'lle': '3.07', 'sei': '4.50'}",,CHEMBL398154,,CHEMBL398154,6.10,0,http://www.openphacts.org/units/Nanomolar,651777,=,1,1,=,,IC50,nM,,791.9,CHEMBL203,Homo sapiens,Epidermal growth factor receptor,9606,,,IC50,nM,UO_0000065,,791.9
,,1943209,[],CHEMBL892954,Inhibition of human EGFR in presence of 1 mM ATP,B,,,BAO_0000190,BAO_0000357,single protein format,CCOc1cc2ncnc(NC3=CC(=O)C(OCc4ccccc4)=CC3=O)c2cc1NC(=O)/C=C/CN(C)C,,,CHEMBL1147965,Bioorg Med Chem,2007.0,"{'bei': '12.63', 'le': '0.23', 'lle': '3.04', 'sei': '5.43'}",,CHEMBL243629,,CHEMBL243629,6.67,0,http://www.openphacts.org/units/Nanomolar,651776,=,1,1,=,,IC50,nM,,216.2,CHEMBL203,Homo sapiens,Epidermal growth factor receptor,9606,,,IC50,nM,UO_0000065,,216.2
,,1943210,[],CHEMBL892954,Inhibition of human EGFR in presence of 1 mM ATP,B,,,BAO_0000190,BAO_0000357,single protein format,CCOc1cc2ncnc(NC3=CC(=O)C(OCc4ccc(F)c(F)c4)=CC3=O)c2cc1NC(=O)/C=C/CN(C)C,,,CHEMBL1147965,Bioorg Med Chem,2007.0,"{'bei': '10.73', 'le': '0.20', 'lle': '2.14', 'sei': '4.93'}",,CHEMBL243628,,CHEMBL243628,6.05,0,http://www.openphacts.org/units/Nanomolar,651775,=,1,1,=,,IC50,nM,,894.3,CHEMBL203,Homo sapiens,Epidermal growth factor receptor,9606,,,IC50,nM,UO_0000065,,894.3
,,1943211,[],CHEMBL892954,Inhibition of human EGFR in presence of 1 mM ATP,B,,,BAO_0000190,BAO_0000357,single protein format,CCOc1cc2ncnc(NC3=CC(=O)C(OCc4cccc(F)c4)=CC3=O)c2cc1NC(=O)/C=C/CN(C)C,,,CHEMBL1147965,Bioorg Med Chem,2007.0,"{'bei': '13.50', 'le': '0.25', 'lle': '3.60', 'sei': '6.00'}",,CHEMBL428741,,CHEMBL428741,7.37,0,http://www.openphacts.org/units/Nanomolar,651774,=,1,1,=,,IC50,nM,,43.1,CHEMBL203,Homo sapiens,Epidermal growth factor receptor,9606,,,IC50,nM,UO_0000065,,43.1
,,1943212,[],CHEMBL892954,Inhibition of human EGFR in presence of 1 mM ATP,B,,,BAO_0000190,BAO_0000357,single protein format,CCOc1cc2ncnc(NC3=CC(=O)C(OC(CF)CF)=CC3=O)c2cc1NC(=O)/C=C/CN(C)C,,,CHEMBL1147965,Bioorg Med Chem,2007.0,"{'bei': '11.02', 'le': '0.21', 'lle': '2.94', 'sei': '4.63'}",,CHEMBL243410,,CHEMBL243410,5.68,0,http://www.openphacts.org/units/Nanomolar,651773,=,1,1,=,,IC50,nM,,2089.0,CHEMBL203,Homo sapiens,Epidermal growth factor receptor,9606,,,IC50,nM,UO_0000065,,2089.0
,,1943213,[],CHEMBL892954,Inhibition of human EGFR in presence of 1 mM ATP,B,,,BAO_0000190,BAO_0000357,single protein format,CCOc1cc2ncnc(NC3=CC(=O)C(OC)=CC3=O)c2cc1NC(=O)/C=C/CN(C)C,,,CHEMBL1147965,Bioorg Med Chem,2007.0,,,CHEMBL428039,,CHEMBL428039,,0,http://www.openphacts.org/units/Nanomolar,651772,>,1,1,>,,IC50,nM,,10000.0,CHEMBL203,Homo sapiens,Epidermal growth factor receptor,9606,,,IC50,nM,UO_0000065,,10000.0
,,2202748,[],CHEMBL941404,Inhibition of EGFR in human A431 cells,B,,,BAO_0000190,BAO_0000219,cell-based format,N#C/C(=C\c1ccc(O)c(O)c1)C(=O)c1ccc(O)c(O)c1,,,CHEMBL1150213,J Nat Prod,1992.0,"{'bei': '21.52', 'le': '0.40', 'lle': '4.10', 'sei': '5.25'}",,CHEMBL56393,,CHEMBL56393,6.40,0,http://www.openphacts.org/units/Nanomolar,764318,=,1,1,=,,IC50,nM,,400.0,CHEMBL203,Homo sapiens,Epidermal growth factor receptor,9606,,,IC50,10'-1microM,UO_0000065,,4.0
,,2202749,[],CHEMBL941404,Inhibition of EGFR in human A431 cells,B,,,BAO_0000190,BAO_0000219,cell-based format,N#CC(C#N)=C(C#N)c1cccc(O)c1,Outside typical range,"Values for this activity type are unusually large/small, so may not be accurate",CHEMBL1150213,J Nat Prod,1992.0,,,CHEMBL449114,,CHEMBL449114,,0,http://www.openphacts.org/units/Nanomolar,764183,=,1,1,=,,IC50,nM,,400000.0,CHEMBL203,Homo sapiens,Epidermal growth factor receptor,9606,,,IC50,10'2 uM,UO_0000065,,4.0
,,2202750,[],CHEMBL941404,Inhibition of EGFR in human A431 cells,B,,,BAO_0000190,BAO_0000219,cell-based format,O=C(O)c1cc(N(Cc2ccccc2O)Cc2cc(O)ccc2O)ccc1O,,,CHEMBL1150213,J Nat Prod,1992.0,,,CHEMBL103552,LAVENDUSTIN A,CHEMBL103552,,0,http://www.openphacts.org/units/MicrogramPerMilliliter,764430,=,1,1,=,,IC50,ug.mL-1,,0.004,CHEMBL203,Homo sapiens,Epidermal growth factor receptor,9606,,,IC50,10'-3 ug/ml,UO_0000274,,4.0
,,2202751,[],CHEMBL941404,Inhibition of EGFR in human A431 cells,B,,,BAO_0000190,BAO_0000219,cell-based format,COc1ccc(-c2cc(=O)c3c(O)cc(O)cc3o2)cc1,,,CHEMBL1150213,J Nat Prod,1992.0,,,CHEMBL243664,ACACETIN,CHEMBL243664,,0,http://www.openphacts.org/units/MicrogramPerMilliliter,764317,=,1,1,=,,IC50,ug.mL-1,,40.0,CHEMBL203,Homo sapiens,Epidermal growth factor receptor,9606,,,IC50,10'1 ug/ml,UO_0000274,,4.0
,,2202752,[],CHEMBL941404,Inhibition of EGFR in human A431 cells,B,,,BAO_0000190,BAO_0000219,cell-based format,COc1cc(O)c2c(=O)c(-c3ccc(O)cc3)coc2c1,,,CHEMBL1150213,J Nat Prod,1992.0,,,CHEMBL491174,PRUNETIN,CHEMBL491174,,0,http://www.openphacts.org/units/MicrogramPerMilliliter,764178,=,1,1,=,,IC50,ug.mL-1,,4.0,CHEMBL203,Homo sapiens,Epidermal growth factor receptor,9606,,,IC50,ug ml-1,UO_0000274,,4.0
,,2202753,[],CHEMBL941404,Inhibition of EGFR in human A431 cells,B,,,BAO_0000190,BAO_0000219,cell-based format,Cl.NCCNC(=O)c1ccc(S(=O)(=O)Oc2ccc(/C=C/[N+](=O)[O-])cc2)cc1,,,CHEMBL1150213,J Nat Prod,1992.0,"{'bei': '13.54', 'le': '0.27', 'lle': '3.91', 'sei': '3.74'}",,CHEMBL485065,,CHEMBL309075,5.30,0,http://www.openphacts.org/units/Nanomolar,764191,=,1,1,=,,IC50,nM,,5000.0,CHEMBL203,Homo sapiens,Epidermal growth factor receptor,9606,,,IC50,uM,UO_0000065,,5.0
,,2202754,[],CHEMBL941404,Inhibition of EGFR in human A431 cells,B,,,BAO_0000190,BAO_0000219,cell-based format,C[C@H](NC(=O)c1ccc(S(=O)(=O)Oc2ccc(/C=C/[N+](=O)[O-])cc2)cc1)C(=O)N[C@@H](C)C(=O)NCCNC(=O)OC(C)(C)C,,,CHEMBL1150213,J Nat Prod,1992.0,,,CHEMBL444470,,CHEMBL444470,,0,http://www.openphacts.org/units/Nanomolar,764273,>,1,1,>,,IC50,nM,,50000.0,CHEMBL203,Homo sapiens,Epidermal growth factor receptor,9606,,,IC50,10'1 uM,UO_0000065,,5.0
,,2202755,[],CHEMBL941404,Inhibition of EGFR in human A431 cells,B,,,BAO_0000190,BAO_0000219,cell-based format,CCCCNC(=O)c1ccc(S(=O)(=O)Oc2ccc(/C=C/[N+](=O)[O-])cc2)cc1,,,CHEMBL1150213,J Nat Prod,1992.0,"{'bei': '13.11', 'le': '0.26', 'lle': '2.07', 'sei': '4.59'}",,CHEMBL77100,,CHEMBL77100,5.30,1,http://www.openphacts.org/units/Nanomolar,764158,=,1,1,=,,IC50,nM,,5000.0,CHEMBL203,Homo sapiens,Epidermal growth factor receptor,9606,,,IC50,uM,UO_0000065,,5.0
,,2202756,[],CHEMBL941404,Inhibition of EGFR in human A431 cells,B,,,BAO_0000190,BAO_0000219,cell-based format,COc1cc(/C=C/[N+](=O)[O-])ccc1OS(=O)(=O)c1ccc(C(=O)OC[C@H]2O[C@@H](n3cnc4c(N)ncnc43)[C@H](O)[C@@H]2O)cc1,,,CHEMBL1150213,J Nat Prod,1992.0,"{'bei': '10.02', 'le': '0.20', 'lle': '5.39', 'sei': '2.61'}",,CHEMBL453502,,CHEMBL453502,6.30,1,http://www.openphacts.org/units/Nanomolar,764156,=,1,1,=,,IC50,nM,,500.0,CHEMBL203,Homo sapiens,Epidermal growth factor receptor,9606,,,IC50,10'-1microM,UO_0000065,,5.0
,,2202757,[],CHEMBL941404,Inhibition of EGFR in human A431 cells,B,,,BAO_0000190,BAO_0000219,cell-based format,O=C(O)c1ccc(S(=O)(=O)Oc2ccc(/C=C/[N+](=O)[O-])cc2)cc1O,,,CHEMBL1150213,J Nat Prod,1992.0,"{'bei': '19.99', 'le': '0.40', 'lle': '5.19', 'sei': '5.07'}",,CHEMBL449093,,CHEMBL449093,7.30,0,http://www.openphacts.org/units/Nanomolar,764108,=,1,1,=,,IC50,nM,,50.0,CHEMBL203,Homo sapiens,Epidermal growth factor receptor,9606,,,IC50,10'-2microM,UO_0000065,,5.0
,,2202758,[],CHEMBL941404,Inhibition of EGFR in human A431 cells,B,,,BAO_0000190,BAO_0000219,cell-based format,N#CC(C#N)=C(O)c1ccc(O)cc1,Outside typical range,"Values for this activity type are unusually large/small, so may not be accurate",CHEMBL1150213,J Nat Prod,1992.0,,,CHEMBL79064,,CHEMBL79064,,0,http://www.openphacts.org/units/Nanomolar,764207,=,1,1,=,,IC50,nM,,500000.0,CHEMBL203,Homo sapiens,Epidermal growth factor receptor,9606,,,IC50,10'2 uM,UO_0000065,,5.0
,,2202759,[],CHEMBL941404,Inhibition of EGFR in human A431 cells,B,,,BAO_0000190,BAO_0000219,cell-based format,N#CC(C#N)=C(N)/C(C#N)=C/c1cc(O)c(O)c(Br)c1,,,CHEMBL1150213,J Nat Prod,1992.0,"{'bei': '19.03', 'le': '0.43', 'lle': '4.27', 'sei': '4.57'}",,CHEMBL77803,,CHEMBL77803,6.30,1,http://www.openphacts.org/units/Nanomolar,764211,=,1,1,=,,IC50,nM,,500.0,CHEMBL203,Homo sapiens,Epidermal growth factor receptor,9606,,,IC50,10'-1microM,UO_0000065,,5.0
,,2202760,[],CHEMBL941404,Inhibition of EGFR in human A431 cells,B,,,BAO_0000190,BAO_0000219,cell-based format,O=C(O)c1cc(N(Cc2ccccc2O)Cc2ccccc2O)ccc1O,,,CHEMBL1150213,J Nat Prod,1992.0,,,CHEMBL485258,LAVENDUSTIN B,CHEMBL485258,,0,http://www.openphacts.org/units/MicrogramPerMilliliter,764479,=,1,1,=,,IC50,ug.mL-1,,0.5,CHEMBL203,Homo sapiens,Epidermal growth factor receptor,9606,,,IC50,10'-1 ug/ml,UO_0000274,,5.0
,,2202761,[],CHEMBL941404,Inhibition of EGFR in human A431 cells,B,,,BAO_0000190,BAO_0000219,cell-based format,O=c1cc(-c2ccccc2)oc2ccccc12,,,CHEMBL1150213,J Nat Prod,1992.0,,,CHEMBL275638,FLAVONE,CHEMBL275638,,0,http://www.openphacts.org/units/MicrogramPerMilliliter,764410,=,1,1,=,,IC50,ug.mL-1,,50.0,CHEMBL203,Homo sapiens,Epidermal growth factor receptor,9606,,,IC50,10'1 ug/ml,UO_0000274,,5.0
,,2202762,[],CHEMBL941404,Inhibition of EGFR in human A431 cells,B,,,BAO_0000190,BAO_0000219,cell-based format,Nc1ncnc2c1ncn2[C@@H]1O[C@H](COC(=O)c2ccc(S(=O)(=O)Oc3ccc(/C=C/[N+](=O)[O-])cc3)cc2)[C@@H](O)[C@H]1O,,,CHEMBL1150213,J Nat Prod,1992.0,"{'bei': '10.39', 'le': '0.20', 'lle': '5.32', 'sei': '2.68'}",,CHEMBL505705,,CHEMBL505705,6.22,1,http://www.openphacts.org/units/Nanomolar,764155,=,1,1,=,,IC50,nM,,600.0,CHEMBL203,Homo sapiens,Epidermal growth factor receptor,9606,,,IC50,10'-1microM,UO_0000065,,6.0
,,2202763,[],CHEMBL941404,Inhibition of EGFR in human A431 cells,B,,,BAO_0000190,BAO_0000219,cell-based format,N#C/C(=C\c1ccc(O)c(O)c1)C(=O)c1ccc(F)cc1,,,CHEMBL1150213,J Nat Prod,1992.0,"{'bei': '21.97', 'le': '0.40', 'lle': '3.19', 'sei': '7.65'}",,CHEMBL55204,,CHEMBL55204,6.22,0,http://www.openphacts.org/units/Nanomolar,764294,=,1,1,=,,IC50,nM,,600.0,CHEMBL203,Homo sapiens,Epidermal growth factor receptor,9606,,,IC50,10'-1microM,UO_0000065,,6.0
,,2202764,[],CHEMBL941404,Inhibition of EGFR in human A431 cells,B,,,BAO_0000190,BAO_0000219,cell-based format,N#CC(C#N)=C(C#N)c1ccc(C=O)cc1,Outside typical range,"Values for this activity type are unusually large/small, so may not be accurate",CHEMBL1150213,J Nat Prod,1992.0,,,CHEMBL489349,,CHEMBL489349,,0,http://www.openphacts.org/units/Nanomolar,764185,=,1,1,=,,IC50,nM,,600000.0,CHEMBL203,Homo sapiens,Epidermal growth factor receptor,9606,,,IC50,10'2 uM,UO_0000065,,6.0
,,2202765,[],CHEMBL941404,Inhibition of EGFR in human A431 cells,B,,,BAO_0000190,BAO_0000219,cell-based format,N#CC(C#N)=C(C#N)c1ccc(O)cc1,Outside typical range,"Values for this activity type are unusually large/small, so may not be accurate",CHEMBL1150213,J Nat Prod,1992.0,,,CHEMBL450319,,CHEMBL450319,,0,http://www.openphacts.org/units/Nanomolar,764184,=,1,1,=,,IC50,nM,,600000.0,CHEMBL203,Homo sapiens,Epidermal growth factor receptor,9606,,,IC50,10'2 uM,UO_0000065,,6.0
,,2202766,[],CHEMBL941404,Inhibition of EGFR in human A431 cells,B,,,BAO_0000190,BAO_0000219,cell-based format,COc1cc(C(C#N)=C(C#N)C#N)cc(O)c1O,,,CHEMBL1150213,J Nat Prod,1992.0,"{'bei': '21.65', 'le': '0.40', 'lle': '3.79', 'sei': '4.31'}",,CHEMBL489147,,CHEMBL489147,5.22,0,http://www.openphacts.org/units/Nanomolar,764179,=,1,1,=,,IC50,nM,,6000.0,CHEMBL203,Homo sapiens,Epidermal growth factor receptor,9606,,,IC50,uM,UO_0000065,,6.0
,,2202767,[],CHEMBL941404,Inhibition of EGFR in human A431 cells,B,,,BAO_0000190,BAO_0000219,cell-based format,C[C@H](NC(=O)[C@H](C)NC(=O)c1ccc(S(=O)(=O)Oc2ccc(/C=C/[N+](=O)[O-])cc2)cc1)C(=O)O,,,CHEMBL1150213,J Nat Prod,1992.0,"{'bei': '10.49', 'le': '0.21', 'lle': '3.74', 'sei': '2.83'}",,CHEMBL490775,,CHEMBL490775,5.16,0,http://www.openphacts.org/units/Nanomolar,764272,=,1,1,=,,IC50,nM,,7000.0,CHEMBL203,Homo sapiens,Epidermal growth factor receptor,9606,,,IC50,uM,UO_0000065,,7.0
,,2528132,[],CHEMBL985021,Inhibition of EGFR,B,,,BAO_0000190,BAO_0000357,single protein format,c1ccc(-c2cc3ccncc3cc2OC2CCNCC2)cc1,,,CHEMBL1138455,J Med Chem,2009.0,,,CHEMBL484968,,CHEMBL484968,,0,http://www.openphacts.org/units/Nanomolar,808836,<,1,1,>,,IC50,nM,,10000.0,CHEMBL203,Homo sapiens,Epidermal growth factor receptor,9606,,,pIC50,,UO_0000065,,5.0
,,2547490,[],CHEMBL970971,Inhibition of EGFR,B,,,BAO_0000190,BAO_0000357,single protein format,O=C(/C=C/c1ccc(O)c(O)c1)c1ccc(O)cc1O,,,CHEMBL1157216,J Nat Prod,2006.0,"{'bei': '18.72', 'le': '0.35', 'lle': '2.69', 'sei': '5.20'}",,CHEMBL128000,BUTEIN,CHEMBL128000,5.10,0,http://www.openphacts.org/units/Nanomolar,736146,=,1,1,=,,IC50,nM,,8000.0,CHEMBL203,Homo sapiens,Epidermal growth factor receptor,9606,,,IC50,uM,UO_0000065,,8.0
,,2547492,[],CHEMBL970971,Inhibition of EGFR,B,,,BAO_0000190,BAO_0000357,single protein format,O=C(/C=C/c1ccc(O)c(O)c1)c1ccc(O[C@@H]2O[C@H](CO)[C@@H](O)[C@H](O)[C@H]2O)c(O)c1O,Outside typical range,"Values for this activity type are unusually large/small, so may not be accurate",CHEMBL1157216,J Nat Prod,2006.0,,,CHEMBL490510,MAREIN,CHEMBL490510,,0,http://www.openphacts.org/units/Nanomolar,736162,=,1,1,=,,IC50,nM,,19000000.0,CHEMBL203,Homo sapiens,Epidermal growth factor receptor,9606,,,IC50,mM,UO_0000065,,19.0
,,2547493,[],CHEMBL970971,Inhibition of EGFR,B,,,BAO_0000190,BAO_0000357,single protein format,O=C(CCc1ccc(O)cc1)c1c(O)cc(O)cc1O,Outside typical range,"Values for this activity type are unusually large/small, so may not be accurate",CHEMBL1157216,J Nat Prod,2006.0,,,CHEMBL45068,PHLORETIN,CHEMBL45068,,0,http://www.openphacts.org/units/Nanomolar,736163,=,1,1,=,,IC50,nM,,25000000.0,CHEMBL203,Homo sapiens,Epidermal growth factor receptor,9606,,,IC50,mM,UO_0000065,,25.0
,,2547504,[],CHEMBL970971,Inhibition of EGFR,B,,,BAO_0000190,BAO_0000357,single protein format,O=c1c(-c2ccc(O)cc2)coc2cc(O)cc(O)c12,,,CHEMBL1157216,J Nat Prod,2006.0,,,CHEMBL44,GENISTEIN,CHEMBL44,,1,http://www.openphacts.org/units/MicrogramPerMilliliter,736166,=,1,1,=,,IC50,ug.mL-1,,0.2,CHEMBL203,Homo sapiens,Epidermal growth factor receptor,9606,,,IC50,ug ml-1,UO_0000274,,0.2
,,2547512,[],CHEMBL970971,Inhibition of EGFR,B,,,BAO_0000190,BAO_0000357,single protein format,COc1c(O)cc2occ(-c3ccc(O)cc3)c(=O)c2c1O,,,CHEMBL1157216,J Nat Prod,2006.0,"{'bei': '18.26', 'le': '0.34', 'lle': '2.89', 'sei': '5.47'}",,CHEMBL242740,TECTORIGENIN,CHEMBL242740,5.48,0,http://www.openphacts.org/units/Nanomolar,736187,=,1,1,=,,IC50,nM,,3300.0,CHEMBL203,Homo sapiens,Epidermal growth factor receptor,9606,,,IC50,uM,UO_0000065,,3.3
,,2560138,[],CHEMBL986505,Inhibition of EGFR by ELISA,B,,,BAO_0000190,BAO_0000357,single protein format,Oc1cc2c(cc1O)[C@@H]1c3ccc(O)c(O)c3OC[C@]1(O)C2,,,CHEMBL1155833,J Med Chem,2008.0,"{'bei': '18.09', 'le': '0.34', 'lle': '4.15', 'sei': '4.95'}",,CHEMBL477197,HEMATOXYLIN,CHEMBL477197,5.47,0,http://www.openphacts.org/units/Nanomolar,771444,=,1,1,=,,IC50,nM,,3400.0,CHEMBL203,Homo sapiens,Epidermal growth factor receptor,9606,,,IC50,uM,UO_0000065,,3.4
,,2567844,[],CHEMBL1007322,Inhibition of human EGFR expressed in SF9 cells,B,,,BAO_0000190,BAO_0000219,cell-based format,CO/N=C/c1c(N)ncnc1Nc1ccc2c(cnn2Cc2cccc(F)c2)c1,,,CHEMBL1155952,Bioorg Med Chem Lett,2008.0,"{'bei': '20.69', 'le': '0.38', 'lle': '4.78', 'sei': '7.84'}",,CHEMBL255871,,CHEMBL255871,8.10,1,http://www.openphacts.org/units/Nanomolar,797982,=,1,1,=,,IC50,nM,,8.0,CHEMBL203,Homo sapiens,Epidermal growth factor receptor,9606,,,IC50,uM,UO_0000065,,0.008
,,2567849,[],CHEMBL1007322,Inhibition of human EGFR expressed in SF9 cells,B,,,BAO_0000190,BAO_0000219,cell-based format,COc1ccc(/N=C/c2c(N)ncnc2Nc2ccc3c(cnn3Cc3cccc(F)c3)c2)cc1,,,CHEMBL1155952,Bioorg Med Chem Lett,2008.0,"{'bei': '15.64', 'le': '0.29', 'lle': '2.21', 'sei': '7.08'}",,CHEMBL525725,,CHEMBL525725,7.31,0,http://www.openphacts.org/units/Nanomolar,797985,=,1,1,=,,IC50,nM,,49.0,CHEMBL203,Homo sapiens,Epidermal growth factor receptor,9606,,,IC50,uM,UO_0000065,,0.049
,,2567850,[],CHEMBL1007322,Inhibition of human EGFR expressed in SF9 cells,B,,,BAO_0000190,BAO_0000219,cell-based format,Nc1ncnc(Nc2ccc3c(cnn3Cc3cccc(F)c3)c2)c1/C=N/NCC(F)(F)F,,,CHEMBL1155952,Bioorg Med Chem Lett,2008.0,"{'bei': '15.89', 'le': '0.30', 'lle': '3.45', 'sei': '6.87'}",,CHEMBL497863,,CHEMBL497863,7.28,0,http://www.openphacts.org/units/Nanomolar,797984,=,1,1,=,,IC50,nM,,52.0,CHEMBL203,Homo sapiens,Epidermal growth factor receptor,9606,,,IC50,uM,UO_0000065,,0.052
,,2567851,[],CHEMBL1007322,Inhibition of human EGFR expressed in SF9 cells,B,,,BAO_0000190,BAO_0000219,cell-based format,CN/N=C/c1c(N)ncnc1Nc1ccc2c(cnn2Cc2cccc(F)c2)c1,,,CHEMBL1155952,Bioorg Med Chem Lett,2008.0,"{'bei': '20.29', 'le': '0.37', 'lle': '5.03', 'sei': '7.47'}",,CHEMBL497697,,CHEMBL497697,7.92,0,http://www.openphacts.org/units/Nanomolar,797983,=,1,1,=,,IC50,nM,,12.0,CHEMBL203,Homo sapiens,Epidermal growth factor receptor,9606,,,IC50,uM,UO_0000065,,0.012
,,2567862,[],CHEMBL1007322,Inhibition of human EGFR expressed in SF9 cells,B,,,BAO_0000190,BAO_0000219,cell-based format,COC[C@H]1CCCN1/N=C/c1c(N)ncnc1Nc1ccc2c(cnn2Cc2cccc(F)c2)c1,,,CHEMBL1155952,Bioorg Med Chem Lett,2008.0,"{'bei': '15.82', 'le': '0.29', 'lle': '3.73', 'sei': '7.05'}",,CHEMBL515664,,CHEMBL515664,7.51,0,http://www.openphacts.org/units/Nanomolar,798148,=,1,1,=,,IC50,nM,,31.0,CHEMBL203,Homo sapiens,Epidermal growth factor receptor,9606,,,IC50,uM,UO_0000065,,0.031
,,2567863,[],CHEMBL1007322,Inhibition of human EGFR expressed in SF9 cells,B,,,BAO_0000190,BAO_0000219,cell-based format,COC[C@@H]1CCCN1/N=C/c1c(N)ncnc1Nc1ccc2c(cnn2Cc2cccc(F)c2)c1,,,CHEMBL1155952,Bioorg Med Chem Lett,2008.0,"{'bei': '15.98', 'le': '0.30', 'lle': '3.81', 'sei': '7.12'}",,CHEMBL456758,,CHEMBL456758,7.58,0,http://www.openphacts.org/units/Nanomolar,798147,=,1,1,=,,IC50,nM,,26.0,CHEMBL203,Homo sapiens,Epidermal growth factor receptor,9606,,,IC50,uM,UO_0000065,,0.026
,,2567864,[],CHEMBL1007322,Inhibition of human EGFR expressed in SF9 cells,B,,,BAO_0000190,BAO_0000219,cell-based format,Nc1ncnc(Nc2ccc3c(cnn3Cc3cccc(F)c3)c2)c1/C=N/N1CCN(CCO)CC1,,,CHEMBL1155952,Bioorg Med Chem Lett,2008.0,"{'bei': '16.43', 'le': '0.31', 'lle': '5.77', 'sei': '6.66'}",,CHEMBL514566,,CHEMBL514566,8.05,0,http://www.openphacts.org/units/Nanomolar,798146,=,1,1,=,,IC50,nM,,9.0,CHEMBL203,Homo sapiens,Epidermal growth factor receptor,9606,,,IC50,uM,UO_0000065,,0.009
,,2567865,[],CHEMBL1007322,Inhibition of human EGFR expressed in SF9 cells,B,,,BAO_0000190,BAO_0000219,cell-based format,CN1CCN(/N=C/c2c(N)ncnc2Nc2ccc3c(cnn3Cc3cccc(F)c3)c2)CC1,,,CHEMBL1155952,Bioorg Med Chem Lett,2008.0,"{'bei': '16.96', 'le': '0.31', 'lle': '4.88', 'sei': '7.76'}",,CHEMBL498134,,CHEMBL498134,7.80,0,http://www.openphacts.org/units/Nanomolar,798072,=,1,1,=,,IC50,nM,,16.0,CHEMBL203,Homo sapiens,Epidermal growth factor receptor,9606,,,IC50,uM,UO_0000065,,0.016
,,2567866,[],CHEMBL1007322,Inhibition of human EGFR expressed in SF9 cells,B,,,BAO_0000190,BAO_0000219,cell-based format,Nc1ncnc(Nc2ccc3c(cnn3Cc3cccc(F)c3)c2)c1/C=N/N1CCCCC1,,,CHEMBL1155952,Bioorg Med Chem Lett,2008.0,"{'bei': '16.92', 'le': '0.31', 'lle': '3.36', 'sei': '7.74'}",,CHEMBL524457,,CHEMBL524457,7.52,0,http://www.openphacts.org/units/Nanomolar,798071,=,1,1,=,,IC50,nM,,30.0,CHEMBL203,Homo sapiens,Epidermal growth factor receptor,9606,,,IC50,uM,UO_0000065,,0.03
,,2567867,[],CHEMBL1007322,Inhibition of human EGFR expressed in SF9 cells,B,,,BAO_0000190,BAO_0000219,cell-based format,Nc1ncnc(Nc2ccc3c(cnn3Cc3cccc(F)c3)c2)c1/C=N/N1CCOCC1,,,CHEMBL1155952,Bioorg Med Chem Lett,2008.0,"{'bei': '17.46', 'le': '0.32', 'lle': '4.79', 'sei': '7.32'}",,CHEMBL498133,,CHEMBL498133,7.80,0,http://www.openphacts.org/units/Nanomolar,798070,=,1,1,=,,IC50,nM,,16.0,CHEMBL203,Homo sapiens,Epidermal growth factor receptor,9606,,,IC50,uM,UO_0000065,,0.016
,,2567868,[],CHEMBL1007322,Inhibition of human EGFR expressed in SF9 cells,B,,,BAO_0000190,BAO_0000219,cell-based format,CN(C)/N=C/c1c(N)ncnc1Nc1ccc2c(cnn2Cc2cccc(F)c2)c1,,,CHEMBL1155952,Bioorg Med Chem Lett,2008.0,"{'bei': '20.02', 'le': '0.37', 'lle': '4.86', 'sei': '8.33'}",,CHEMBL497459,,CHEMBL497459,8.10,0,http://www.openphacts.org/units/Nanomolar,798069,=,1,1,=,,IC50,nM,,8.0,CHEMBL203,Homo sapiens,Epidermal growth factor receptor,9606,,,IC50,uM,UO_0000065,,0.008
,,2573374,[],CHEMBL984786,Inhibition of EGF-tyrosine kinase,B,,,BAO_0000190,BAO_0000357,single protein format,COc1cc2ncnc(Nc3cccc(Br)c3)c2cc1OC,,,CHEMBL1155111,J Med Chem,2008.0,"{'bei': '22.97', 'le': '0.51', 'lle': '4.13', 'sei': '14.71'}",,CHEMBL29197,,CHEMBL29197,8.28,0,http://www.openphacts.org/units/Nanomolar,743544,=,1,1,=,,IC50,nM,,5.3,CHEMBL203,Homo sapiens,Epidermal growth factor receptor,9606,,,IC50,uM,UO_0000065,,0.0053
,,2582012,[],CHEMBL962243,Inhibition of human EGFR,B,,,BAO_0000190,BAO_0000357,single protein format,N=C(Nc1ccccc1)SCCCN1C(=O)C2=C(C1=O)n1ccc3cccc(c31)C1Cc3ccccc3N21,,,CHEMBL1151764,J Med Chem,2008.0,"{'bei': '9.67', 'le': '0.18', 'lle': '-0.45', 'sei': '6.17'}",,CHEMBL487254,,CHEMBL487254,5.02,0,http://www.openphacts.org/units/Nanomolar,726373,=,1,1,=,,IC50,nM,,9500.0,CHEMBL203,Homo sapiens,Epidermal growth factor receptor,9606,,,IC50,uM,UO_0000065,,9.5
,,3299619,[],CHEMBL1112818,Inhibition of EGFR phosphorylation in human A431 cells after 10 mins by FLISA,B,,,BAO_0000190,BAO_0000219,cell-based format,Nc1nc(Nc2ccc(Br)cc2Cl)c2cc(Cc3ccc(Cl)cc3Cl)[nH]c2n1,Outside typical range,"Values for this activity type are unusually large/small, so may not be accurate",CHEMBL1157126,Bioorg Med Chem,2010.0,,,CHEMBL1095762,,CHEMBL1095762,,0,http://www.openphacts.org/units/Nanomolar,907411,>,1,1,>,,IC50,nM,,300000.0,CHEMBL203,Homo sapiens,Epidermal growth factor receptor,9606,,,IC50,uM,UO_0000065,,300.0
,,3299620,[],CHEMBL1112818,Inhibition of EGFR phosphorylation in human A431 cells after 10 mins by FLISA,B,,,BAO_0000190,BAO_0000219,cell-based format,Nc1nc(Nc2ccc(Cl)cc2F)c2cc(Cc3ccc(Cl)cc3Cl)[nH]c2n1,,,CHEMBL1157126,Bioorg Med Chem,2010.0,"{'bei': '12.83', 'le': '0.27', 'lle': '-0.37', 'sei': '7.04'}",,CHEMBL1095130,,CHEMBL1095130,5.60,0,http://www.openphacts.org/units/Nanomolar,907550,=,1,1,=,,IC50,nM,,2500.0,CHEMBL203,Homo sapiens,Epidermal growth factor receptor,9606,,,IC50,uM,UO_0000065,,2.5
,,3299621,[],CHEMBL1112818,Inhibition of EGFR phosphorylation in human A431 cells after 10 mins by FLISA,B,,,BAO_0000190,BAO_0000219,cell-based format,Nc1nc(Nc2cccc(F)c2)c2cc(Cc3ccc(Cl)cc3Cl)[nH]c2n1,Outside typical range,"Values for this activity type are unusually large/small, so may not be accurate",CHEMBL1157126,Bioorg Med Chem,2010.0,,,CHEMBL1095131,,CHEMBL1095131,,0,http://www.openphacts.org/units/Nanomolar,907551,=,1,1,=,,IC50,nM,,161600.0,CHEMBL203,Homo sapiens,Epidermal growth factor receptor,9606,,,IC50,uM,UO_0000065,,161.6
,,3299622,[],CHEMBL1112818,Inhibition of EGFR phosphorylation in human A431 cells after 10 mins by FLISA,B,,,BAO_0000190,BAO_0000219,cell-based format,Nc1nc(Nc2cccc(C(F)(F)F)c2)c2cc(Cc3ccc(Cl)cc3Cl)[nH]c2n1,,,CHEMBL1157126,Bioorg Med Chem,2010.0,"{'bei': '10.09', 'le': '0.21', 'lle': '-1.63', 'sei': '5.73'}",,CHEMBL1095445,,CHEMBL1095445,4.57,0,http://www.openphacts.org/units/Nanomolar,907552,=,1,1,=,,IC50,nM,,27200.0,CHEMBL203,Homo sapiens,Epidermal growth factor receptor,9606,,,IC50,uM,UO_0000065,,27.2
,,3299623,[],CHEMBL1112818,Inhibition of EGFR phosphorylation in human A431 cells after 10 mins by FLISA,B,,,BAO_0000190,BAO_0000219,cell-based format,C#Cc1cccc(Nc2nc(N)nc3[nH]c(Cc4ccc(Cl)cc4Cl)cc23)c1,,,CHEMBL1157126,Bioorg Med Chem,2010.0,"{'bei': '10.43', 'le': '0.21', 'lle': '-0.90', 'sei': '5.35'}",,CHEMBL1094475,,CHEMBL1094475,4.26,0,http://www.openphacts.org/units/Nanomolar,907553,=,1,1,=,,IC50,nM,,55200.0,CHEMBL203,Homo sapiens,Epidermal growth factor receptor,9606,,,IC50,uM,UO_0000065,,55.2
,,3299624,[],CHEMBL1112818,Inhibition of EGFR phosphorylation in human A431 cells after 10 mins by FLISA,B,,,BAO_0000190,BAO_0000219,cell-based format,Nc1nc(Nc2ccc(C(F)(F)F)c(F)c2)c2cc(Cc3ccc(Cl)cc3Cl)[nH]c2n1,,,CHEMBL1157126,Bioorg Med Chem,2010.0,"{'bei': '8.59', 'le': '0.18', 'lle': '-2.30', 'sei': '5.07'}",,CHEMBL1094808,,CHEMBL1094808,4.04,0,http://www.openphacts.org/units/Nanomolar,907554,=,1,1,=,,IC50,nM,,91700.0,CHEMBL203,Homo sapiens,Epidermal growth factor receptor,9606,,,IC50,uM,UO_0000065,,91.7
,,3299625,[],CHEMBL1112818,Inhibition of EGFR phosphorylation in human A431 cells after 10 mins by FLISA,B,,,BAO_0000190,BAO_0000219,cell-based format,CC(C)c1ccc(Nc2nc(N)nc3[nH]c(Cc4ccc(Cl)cc4Cl)cc23)cc1,,,CHEMBL1157126,Bioorg Med Chem,2010.0,"{'bei': '10.18', 'le': '0.20', 'lle': '-1.96', 'sei': '5.45'}",,CHEMBL1095463,,CHEMBL1095463,4.34,0,http://www.openphacts.org/units/Nanomolar,907670,=,1,1,=,,IC50,nM,,45600.0,CHEMBL203,Homo sapiens,Epidermal growth factor receptor,9606,,,IC50,uM,UO_0000065,,45.6
,,3299626,[],CHEMBL1112818,Inhibition of EGFR phosphorylation in human A431 cells after 10 mins by FLISA,B,,,BAO_0000190,BAO_0000219,cell-based format,CC(C)c1ccccc1Nc1nc(N)nc2[nH]c(Cc3ccc(Cl)cc3Cl)cc12,,,CHEMBL1157126,Bioorg Med Chem,2010.0,"{'bei': '9.42', 'le': '0.19', 'lle': '-2.28', 'sei': '5.04'}",,CHEMBL1095776,,CHEMBL1095776,4.02,0,http://www.openphacts.org/units/Nanomolar,907671,=,1,1,=,,IC50,nM,,96400.0,CHEMBL203,Homo sapiens,Epidermal growth factor receptor,9606,,,IC50,uM,UO_0000065,,96.4
,,3299627,[],CHEMBL1112818,Inhibition of EGFR phosphorylation in human A431 cells after 10 mins by FLISA,B,,,BAO_0000190,BAO_0000219,cell-based format,COc1cc2ncnc(Nc3cccc(Br)c3)c2cc1OC,,,CHEMBL1157126,Bioorg Med Chem,2010.0,"{'bei': '18.60', 'le': '0.42', 'lle': '2.55', 'sei': '11.91'}",,CHEMBL29197,,CHEMBL29197,6.70,1,http://www.openphacts.org/units/Nanomolar,907674,=,1,1,=,,IC50,nM,,200.0,CHEMBL203,Homo sapiens,Epidermal growth factor receptor,9606,,,IC50,uM,UO_0000065,,0.2
,,3299628,[],CHEMBL1112818,Inhibition of EGFR phosphorylation in human A431 cells after 10 mins by FLISA,B,,,BAO_0000190,BAO_0000219,cell-based format,C#Cc1cccc(Nc2ncnc3cc(OCCOC)c(OCCOC)cc23)c1,,,CHEMBL1157126,Bioorg Med Chem,2010.0,"{'bei': '15.05', 'le': '0.28', 'lle': '2.51', 'sei': '7.92'}",,CHEMBL553,ERLOTINIB,CHEMBL553,5.92,0,http://www.openphacts.org/units/Nanomolar,907759,=,1,1,=,,IC50,nM,,1200.0,CHEMBL203,Homo sapiens,Epidermal growth factor receptor,9606,,,IC50,uM,UO_0000065,,1.2
,,3299629,[],CHEMBL1112818,Inhibition of EGFR phosphorylation in human A431 cells after 10 mins by FLISA,B,,,BAO_0000190,BAO_0000219,cell-based format,CCN(CC)CCNC(=O)c1c(C)[nH]c(/C=C2\C(=O)Nc3ccc(F)cc32)c1C,Outside typical range,"Values for this activity type are unusually large/small, so may not be accurate",CHEMBL1157126,Bioorg Med Chem,2010.0,,,CHEMBL535,SUNITINIB,CHEMBL535,,0,http://www.openphacts.org/units/Nanomolar,907760,=,1,1,=,,IC50,nM,,172100.0,CHEMBL203,Homo sapiens,Epidermal growth factor receptor,9606,,,IC50,uM,UO_0000065,,172.1
,,3299692,[],CHEMBL1112818,Inhibition of EGFR phosphorylation in human A431 cells after 10 mins by FLISA,B,,,BAO_0000190,BAO_0000219,cell-based format,Cc1ccccc1Cc1cc2c(Nc3cccc(Br)c3)nc(N)nc2[nH]1,,,CHEMBL1157126,Bioorg Med Chem,2010.0,"{'bei': '12.35', 'le': '0.26', 'lle': '0.09', 'sei': '6.33'}",,CHEMBL1095464,,CHEMBL1095464,5.04,0,http://www.openphacts.org/units/Nanomolar,907761,=,1,1,=,,IC50,nM,,9100.0,CHEMBL203,Homo sapiens,Epidermal growth factor receptor,9606,,,IC50,uM,UO_0000065,,9.1
,,3299693,[],CHEMBL1112818,Inhibition of EGFR phosphorylation in human A431 cells after 10 mins by FLISA,B,,,BAO_0000190,BAO_0000219,cell-based format,COc1ccc(OC)c(Cc2cc3c(Nc4cccc(Br)c4)nc(N)nc3[nH]2)c1,,,CHEMBL1157126,Bioorg Med Chem,2010.0,"{'bei': '10.78', 'le': '0.23', 'lle': '0.25', 'sei': '5.00'}",,CHEMBL1095465,,CHEMBL1095465,4.90,0,http://www.openphacts.org/units/Nanomolar,907762,=,1,1,=,,IC50,nM,,12600.0,CHEMBL203,Homo sapiens,Epidermal growth factor receptor,9606,,,IC50,uM,UO_0000065,,12.6
,,3299694,[],CHEMBL1112818,Inhibition of EGFR phosphorylation in human A431 cells after 10 mins by FLISA,B,,,BAO_0000190,BAO_0000219,cell-based format,Cc1ccccc1Cc1cc2c(Nc3cccc(Br)c3)ncnc2[nH]1,Outside typical range,"Values for this activity type are unusually large/small, so may not be accurate",CHEMBL1157126,Bioorg Med Chem,2010.0,,,CHEMBL1095466,,CHEMBL1095466,,0,http://www.openphacts.org/units/Nanomolar,907763,>,1,1,>,,IC50,nM,,300000.0,CHEMBL203,Homo sapiens,Epidermal growth factor receptor,9606,,,IC50,uM,UO_0000065,,300.0
,,3299695,[],CHEMBL1112818,Inhibition of EGFR phosphorylation in human A431 cells after 10 mins by FLISA,B,,,BAO_0000190,BAO_0000219,cell-based format,COc1ccc(OC)c(Cc2cc3c(Nc4cccc(Br)c4)ncnc3[nH]2)c1,Outside typical range,"Values for this activity type are unusually large/small, so may not be accurate",CHEMBL1157126,Bioorg Med Chem,2010.0,,,CHEMBL1094782,,CHEMBL1094782,,0,http://www.openphacts.org/units/Nanomolar,907839,>,1,1,>,,IC50,nM,,300000.0,CHEMBL203,Homo sapiens,Epidermal growth factor receptor,9606,,,IC50,uM,UO_0000065,,300.0
,,3299696,[],CHEMBL1112818,Inhibition of EGFR phosphorylation in human A431 cells after 10 mins by FLISA,B,,,BAO_0000190,BAO_0000219,cell-based format,Clc1ccc(Cc2cc3c(Nc4cccc(Br)c4)ncnc3[nH]2)c(Cl)c1,Outside typical range,"Values for this activity type are unusually large/small, so may not be accurate",CHEMBL1157126,Bioorg Med Chem,2010.0,,,CHEMBL1094783,,CHEMBL1094783,,0,http://www.openphacts.org/units/Nanomolar,907840,>,1,1,>,,IC50,nM,,300000.0,CHEMBL203,Homo sapiens,Epidermal growth factor receptor,9606,,,IC50,uM,UO_0000065,,300.0
,,3299697,[],CHEMBL1112818,Inhibition of EGFR phosphorylation in human A431 cells after 10 mins by FLISA,B,,,BAO_0000190,BAO_0000219,cell-based format,FC(F)(F)c1cccc(Nc2ncnc3[nH]c(Cc4ccc(Cl)cc4Cl)cc23)c1,,,CHEMBL1157126,Bioorg Med Chem,2010.0,"{'bei': '10.25', 'le': '0.21', 'lle': '-2.14', 'sei': '8.36'}",,CHEMBL1094784,,CHEMBL1094784,4.48,0,http://www.openphacts.org/units/Nanomolar,907841,=,1,1,=,,IC50,nM,,33100.0,CHEMBL203,Homo sapiens,Epidermal growth factor receptor,9606,,,IC50,uM,UO_0000065,,33.1
,,3299698,[],CHEMBL1112818,Inhibition of EGFR phosphorylation in human A431 cells after 10 mins by FLISA,B,,,BAO_0000190,BAO_0000219,cell-based format,C#Cc1cccc(Nc2ncnc3[nH]c(Cc4ccc(Cl)cc4Cl)cc23)c1,Outside typical range,"Values for this activity type are unusually large/small, so may not be accurate",CHEMBL1157126,Bioorg Med Chem,2010.0,,,CHEMBL1098440,,CHEMBL1098440,,0,http://www.openphacts.org/units/Nanomolar,907842,>,1,1,>,,IC50,nM,,300000.0,CHEMBL203,Homo sapiens,Epidermal growth factor receptor,9606,,,IC50,uM,UO_0000065,,300.0
,,3308367,[],CHEMBL1119644,Inhibition of EGFR,B,,,BAO_0000190,BAO_0000357,single protein format,CCCCn1c2ccc(C3CCCCO3)cc2c2c3c(c4c(c21)CCc1nn(C)cc1-4)C(=O)NC3,,,CHEMBL1155474,Bioorg Med Chem Lett,2010.0,,,CHEMBL1082829,,CHEMBL1082829,,0,http://www.openphacts.org/units/Nanomolar,914556,>,1,1,>,,IC50,nM,,1000.0,CHEMBL203,Homo sapiens,Epidermal growth factor receptor,9606,,,IC50,uM,UO_0000065,,1.0
,,3308368,[],CHEMBL1119644,Inhibition of EGFR,B,,,BAO_0000190,BAO_0000357,single protein format,CC(C)Cn1c2ccc(C3CCCCO3)cc2c2c3c(c4c(c21)CCc1nn(C)cc1-4)C(=O)NC3,,,CHEMBL1155474,Bioorg Med Chem Lett,2010.0,,,CHEMBL1084337,,CHEMBL1084337,,0,http://www.openphacts.org/units/Nanomolar,914635,>,1,1,>,,IC50,nM,,1000.0,CHEMBL203,Homo sapiens,Epidermal growth factor receptor,9606,,,IC50,uM,UO_0000065,,1.0
,,6154018,[],CHEMBL1763554,Inhibition of human EGFR-mediated poly(Glu4Tyr) phosphorylation after 1 hr,B,,,BAO_0000190,BAO_0000357,single protein format,COc1cc2ncnc(Nc3ccc(NC(C)=O)cc3)c2cc1OC,,,CHEMBL1759979,Bioorg Med Chem Lett,2011.0,,,CHEMBL1761927,,CHEMBL1761927,,0,http://www.openphacts.org/units/Nanomolar,1414202,>,1,1,>,,IC50,nM,,10000.0,CHEMBL203,Homo sapiens,Epidermal growth factor receptor,9606,,,IC50,uM,UO_0000065,,10.0
,,6154019,[],CHEMBL1763554,Inhibition of human EGFR-mediated poly(Glu4Tyr) phosphorylation after 1 hr,B,,,BAO_0000190,BAO_0000357,single protein format,COc1cc2ncnc(Oc3ccc(NC(C)=O)cc3)c2cc1OC,,,CHEMBL1759979,Bioorg Med Chem Lett,2011.0,,,CHEMBL1761928,,CHEMBL1761928,,0,http://www.openphacts.org/units/Nanomolar,1414203,>,1,1,>,,IC50,nM,,10000.0,CHEMBL203,Homo sapiens,Epidermal growth factor receptor,9606,,,IC50,uM,UO_0000065,,10.0
,,6154020,[],CHEMBL1763554,Inhibition of human EGFR-mediated poly(Glu4Tyr) phosphorylation after 1 hr,B,,,BAO_0000190,BAO_0000357,single protein format,COC(=O)Nc1ccc(Nc2ncnc3cc(OC)c(OC)cc23)cc1,,,CHEMBL1759979,Bioorg Med Chem Lett,2011.0,"{'bei': '14.56', 'le': '0.27', 'lle': '1.59', 'sei': '5.46'}",,CHEMBL1761929,,CHEMBL1761929,5.16,1,http://www.openphacts.org/units/Nanomolar,1414204,=,1,1,=,,IC50,nM,,6900.0,CHEMBL203,Homo sapiens,Epidermal growth factor receptor,9606,,,IC50,uM,UO_0000065,,6.9
,,6154021,[],CHEMBL1763554,Inhibition of human EGFR-mediated poly(Glu4Tyr) phosphorylation after 1 hr,B,,,BAO_0000190,BAO_0000357,single protein format,COC(=O)Nc1ccc(Oc2ncnc3cc(OC)c(OC)cc23)cc1,,,CHEMBL1759979,Bioorg Med Chem Lett,2011.0,,,CHEMBL1761930,,CHEMBL1761930,,0,http://www.openphacts.org/units/Nanomolar,1414205,>,1,1,>,,IC50,nM,,10000.0,CHEMBL203,Homo sapiens,Epidermal growth factor receptor,9606,,,IC50,uM,UO_0000065,,10.0
,,6154022,[],CHEMBL1763554,Inhibition of human EGFR-mediated poly(Glu4Tyr) phosphorylation after 1 hr,B,,,BAO_0000190,BAO_0000357,single protein format,CCOC(=O)Nc1ccc(Nc2ncnc3cc(OC)c(OC)cc23)cc1,,,CHEMBL1759979,Bioorg Med Chem Lett,2011.0,,,CHEMBL1761931,,CHEMBL1761931,,0,http://www.openphacts.org/units/Nanomolar,1414206,>,1,1,>,,IC50,nM,,10000.0,CHEMBL203,Homo sapiens,Epidermal growth factor receptor,9606,,,IC50,uM,UO_0000065,,10.0
,,6154023,[],CHEMBL1763554,Inhibition of human EGFR-mediated poly(Glu4Tyr) phosphorylation after 1 hr,B,,,BAO_0000190,BAO_0000357,single protein format,CCOC(=O)Nc1ccc(Oc2ncnc3cc(OC)c(OC)cc23)cc1,,,CHEMBL1759979,Bioorg Med Chem Lett,2011.0,,,CHEMBL1761932,,CHEMBL1761932,,0,http://www.openphacts.org/units/Nanomolar,1414207,>,1,1,>,,IC50,nM,,10000.0,CHEMBL203,Homo sapiens,Epidermal growth factor receptor,9606,,,IC50,uM,UO_0000065,,10.0
,,6154024,[],CHEMBL1763554,Inhibition of human EGFR-mediated poly(Glu4Tyr) phosphorylation after 1 hr,B,,,BAO_0000190,BAO_0000357,single protein format,COc1cc2ncnc(Nc3ccc(NC(=O)Nc4ccccc4)cc3)c2cc1OC,,,CHEMBL1759979,Bioorg Med Chem Lett,2011.0,,,CHEMBL1761933,,CHEMBL1761933,,0,http://www.openphacts.org/units/Nanomolar,1414208,>,1,1,>,,IC50,nM,,10000.0,CHEMBL203,Homo sapiens,Epidermal growth factor receptor,9606,,,IC50,uM,UO_0000065,,10.0
,,6154025,[],CHEMBL1763554,Inhibition of human EGFR-mediated poly(Glu4Tyr) phosphorylation after 1 hr,B,,,BAO_0000190,BAO_0000357,single protein format,COc1cc2ncnc(N(C)c3ccc(NC(=O)Nc4ccccc4)cc3)c2cc1OC,,,CHEMBL1759979,Bioorg Med Chem Lett,2011.0,,,CHEMBL1278235,,CHEMBL1278235,,0,http://www.openphacts.org/units/Nanomolar,1414209,>,1,1,>,,IC50,nM,,10000.0,CHEMBL203,Homo sapiens,Epidermal growth factor receptor,9606,,,IC50,uM,UO_0000065,,10.0
,,6154026,[],CHEMBL1763554,Inhibition of human EGFR-mediated poly(Glu4Tyr) phosphorylation after 1 hr,B,,,BAO_0000190,BAO_0000357,single protein format,COc1cc2ncnc(Oc3ccc(NC(=O)Nc4ccccc4)cc3)c2cc1OC,,,CHEMBL1759979,Bioorg Med Chem Lett,2011.0,,,CHEMBL1277162,,CHEMBL1277162,,0,http://www.openphacts.org/units/Nanomolar,1414210,>,1,1,>,,IC50,nM,,10000.0,CHEMBL203,Homo sapiens,Epidermal growth factor receptor,9606,,,IC50,uM,UO_0000065,,10.0
,,6154027,[],CHEMBL1763554,Inhibition of human EGFR-mediated poly(Glu4Tyr) phosphorylation after 1 hr,B,,,BAO_0000190,BAO_0000357,single protein format,COc1ccc(NC(=O)Nc2ccc(Nc3ncnc4cc(OC)c(OC)cc34)cc2)cc1,,,CHEMBL1759979,Bioorg Med Chem Lett,2011.0,,,CHEMBL1761934,,CHEMBL1761934,,0,http://www.openphacts.org/units/Nanomolar,1414211,>,1,1,>,,IC50,nM,,10000.0,CHEMBL203,Homo sapiens,Epidermal growth factor receptor,9606,,,IC50,uM,UO_0000065,,10.0
,,6154028,[],CHEMBL1763554,Inhibition of human EGFR-mediated poly(Glu4Tyr) phosphorylation after 1 hr,B,,,BAO_0000190,BAO_0000357,single protein format,COc1ccc(NC(=O)Nc2ccc(N(C)c3ncnc4cc(OC)c(OC)cc34)cc2)cc1,,,CHEMBL1759979,Bioorg Med Chem Lett,2011.0,,,CHEMBL1761935,,CHEMBL1761935,,0,http://www.openphacts.org/units/Nanomolar,1414212,>,1,1,>,,IC50,nM,,10000.0,CHEMBL203,Homo sapiens,Epidermal growth factor receptor,9606,,,IC50,uM,UO_0000065,,10.0
,,6154029,[],CHEMBL1763554,Inhibition of human EGFR-mediated poly(Glu4Tyr) phosphorylation after 1 hr,B,,,BAO_0000190,BAO_0000357,single protein format,COc1ccc(NC(=O)Nc2ccc(Oc3ncnc4cc(OC)c(OC)cc34)cc2)cc1,,,CHEMBL1759979,Bioorg Med Chem Lett,2011.0,,,CHEMBL179603,,CHEMBL179603,,0,http://www.openphacts.org/units/Nanomolar,1414213,>,1,1,>,,IC50,nM,,10000.0,CHEMBL203,Homo sapiens,Epidermal growth factor receptor,9606,,,IC50,uM,UO_0000065,,10.0
,,6154030,[],CHEMBL1763554,Inhibition of human EGFR-mediated poly(Glu4Tyr) phosphorylation after 1 hr,B,,,BAO_0000190,BAO_0000357,single protein format,COc1cc2ncnc(N(C)c3cccc(NC(=O)Nc4ccccc4)c3)c2cc1OC,,,CHEMBL1759979,Bioorg Med Chem Lett,2011.0,,,CHEMBL1276892,,CHEMBL1276892,,0,http://www.openphacts.org/units/Nanomolar,1414214,>,1,1,>,,IC50,nM,,10000.0,CHEMBL203,Homo sapiens,Epidermal growth factor receptor,9606,,,IC50,uM,UO_0000065,,10.0
,,6154031,[],CHEMBL1763554,Inhibition of human EGFR-mediated poly(Glu4Tyr) phosphorylation after 1 hr,B,,,BAO_0000190,BAO_0000357,single protein format,COc1cc2ncnc(Oc3cccc(NC(=O)Nc4ccccc4)c3)c2cc1OC,,,CHEMBL1759979,Bioorg Med Chem Lett,2011.0,,,CHEMBL1277253,,CHEMBL1277253,,0,http://www.openphacts.org/units/Nanomolar,1414215,>,1,1,>,,IC50,nM,,10000.0,CHEMBL203,Homo sapiens,Epidermal growth factor receptor,9606,,,IC50,uM,UO_0000065,,10.0
,,6154032,[],CHEMBL1763554,Inhibition of human EGFR-mediated poly(Glu4Tyr) phosphorylation after 1 hr,B,,,BAO_0000190,BAO_0000357,single protein format,COc1ccc(NC(=O)Nc2cccc(N(C)c3ncnc4cc(OC)c(OC)cc34)c2)cc1,,,CHEMBL1759979,Bioorg Med Chem Lett,2011.0,,,CHEMBL1276893,,CHEMBL1276893,,0,http://www.openphacts.org/units/Nanomolar,1414216,>,1,1,>,,IC50,nM,,10000.0,CHEMBL203,Homo sapiens,Epidermal growth factor receptor,9606,,,IC50,uM,UO_0000065,,10.0
,,6154033,[],CHEMBL1763554,Inhibition of human EGFR-mediated poly(Glu4Tyr) phosphorylation after 1 hr,B,,,BAO_0000190,BAO_0000357,single protein format,COc1ccc(NC(=O)Nc2cccc(Oc3ncnc4cc(OC)c(OC)cc34)c2)cc1,,,CHEMBL1759979,Bioorg Med Chem Lett,2011.0,,,CHEMBL1277254,,CHEMBL1277254,,0,http://www.openphacts.org/units/Nanomolar,1414217,>,1,1,>,,IC50,nM,,10000.0,CHEMBL203,Homo sapiens,Epidermal growth factor receptor,9606,,,IC50,uM,UO_0000065,,10.0
,,6154034,[],CHEMBL1763554,Inhibition of human EGFR-mediated poly(Glu4Tyr) phosphorylation after 1 hr,B,,,BAO_0000190,BAO_0000357,single protein format,CCCCNC(=O)Nc1ccc(Oc2ncnc3cc(OC)c(OC)cc23)cc1,,,CHEMBL1759979,Bioorg Med Chem Lett,2011.0,,,CHEMBL1761936,,CHEMBL1761936,,0,http://www.openphacts.org/units/Nanomolar,1414218,>,1,1,>,,IC50,nM,,10000.0,CHEMBL203,Homo sapiens,Epidermal growth factor receptor,9606,,,IC50,uM,UO_0000065,,10.0
,,6154035,[],CHEMBL1763554,Inhibition of human EGFR-mediated poly(Glu4Tyr) phosphorylation after 1 hr,B,,,BAO_0000190,BAO_0000357,single protein format,COc1cc2ncnc(Oc3ccc(NC(=O)Nc4ccc(Br)cc4)cc3)c2cc1OC,,,CHEMBL1759979,Bioorg Med Chem Lett,2011.0,,,CHEMBL1761937,,CHEMBL1761937,,0,http://www.openphacts.org/units/Nanomolar,1414219,>,1,1,>,,IC50,nM,,10000.0,CHEMBL203,Homo sapiens,Epidermal growth factor receptor,9606,,,IC50,uM,UO_0000065,,10.0
,,6154036,[],CHEMBL1763554,Inhibition of human EGFR-mediated poly(Glu4Tyr) phosphorylation after 1 hr,B,,,BAO_0000190,BAO_0000357,single protein format,COc1cc2ncnc(Oc3ccc(NC(=O)Nc4ccc(F)cc4F)cc3)c2cc1OC,,,CHEMBL1759979,Bioorg Med Chem Lett,2011.0,,,CHEMBL1761938,,CHEMBL1761938,,0,http://www.openphacts.org/units/Nanomolar,1414220,>,1,1,>,,IC50,nM,,10000.0,CHEMBL203,Homo sapiens,Epidermal growth factor receptor,9606,,,IC50,uM,UO_0000065,,10.0
,,6154037,[],CHEMBL1763554,Inhibition of human EGFR-mediated poly(Glu4Tyr) phosphorylation after 1 hr,B,,,BAO_0000190,BAO_0000357,single protein format,COc1cc2ncnc(Oc3ccc(NC(=O)Nc4ccc(F)c(Cl)c4)cc3)c2cc1OC,,,CHEMBL1759979,Bioorg Med Chem Lett,2011.0,,,CHEMBL1761939,,CHEMBL1761939,,0,http://www.openphacts.org/units/Nanomolar,1414221,>,1,1,>,,IC50,nM,,10000.0,CHEMBL203,Homo sapiens,Epidermal growth factor receptor,9606,,,IC50,uM,UO_0000065,,10.0
,Inhibition < 50% @ 10 uM and thus dose-reponse curve not measured,7657860,[],CHEMBL1909203,"DRUGMATRIX: Protein Tyrosine Kinase, EGF Receptor enzyme inhibition (substrate: Poly(Glu:Tyr))",B,,,BAO_0000190,BAO_0000219,cell-based format,N=C(N)N/N=C/c1c(Cl)cccc1Cl,,,CHEMBL1909046,,,,,CHEMBL420,GUANABENZ,CHEMBL420,,0,,1539821,,15,0,,Not active,IC50,,,,CHEMBL203,Homo sapiens,Epidermal growth factor receptor,9606,Not Active,,IC50,,,,
,Inhibition < 50% @ 10 uM and thus dose-reponse curve not measured,7658339,[],CHEMBL1909203,"DRUGMATRIX: Protein Tyrosine Kinase, EGF Receptor enzyme inhibition (substrate: Poly(Glu:Tyr))",B,,,BAO_0000190,BAO_0000219,cell-based format,C[C@H]1O[C@@H](n2cc(F)c(=O)[nH]c2=O)[C@H](O)[C@@H]1O,,,CHEMBL1909046,,,,,CHEMBL1130,DOXIFLURIDINE,CHEMBL1130,,0,,1539717,,15,0,,Not active,IC50,,,,CHEMBL203,Homo sapiens,Epidermal growth factor receptor,9606,Not Active,,IC50,,,,
,Inhibition < 50% @ 10 uM and thus dose-reponse curve not measured,7659045,[],CHEMBL1909203,"DRUGMATRIX: Protein Tyrosine Kinase, EGF Receptor enzyme inhibition (substrate: Poly(Glu:Tyr))",B,,,BAO_0000190,BAO_0000219,cell-based format,CC(C)(C(=O)O)c1ccc(C(O)CCCN2CCC(C(O)(c3ccccc3)c3ccccc3)CC2)cc1,,,CHEMBL1909046,,,,,CHEMBL914,FEXOFENADINE,CHEMBL914,,0,,1539765,,15,0,,Not active,IC50,,,,CHEMBL203,Homo sapiens,Epidermal growth factor receptor,9606,Not Active,,IC50,,,,
,Inhibition < 50% @ 10 uM and thus dose-reponse curve not measured,7659186,[],CHEMBL1909203,"DRUGMATRIX: Protein Tyrosine Kinase, EGF Receptor enzyme inhibition (substrate: Poly(Glu:Tyr))",B,,,BAO_0000190,BAO_0000219,cell-based format,CC(=O)OCC(=O)[C@@]1(O)CC[C@H]2[C@@H]3CCC4=CC(=O)CC[C@]4(C)[C@@]3(F)[C@@H](O)C[C@@]21C,,,CHEMBL1909046,,,,,CHEMBL1201010,FLUDROCORTISONE ACETATE,CHEMBL1201010,,0,,1539773,,15,0,,Not active,IC50,,,,CHEMBL203,Homo sapiens,Epidermal growth factor receptor,9606,Not Active,,IC50,,,,
,Inhibition < 50% @ 10 uM and thus dose-reponse curve not measured,7660147,[],CHEMBL1909203,"DRUGMATRIX: Protein Tyrosine Kinase, EGF Receptor enzyme inhibition (substrate: Poly(Glu:Tyr))",B,,,BAO_0000190,BAO_0000219,cell-based format,Br.CN1[C@@H]2CC[C@H]1C[C@@H](OC(=O)C(O)c1ccccc1)C2,,,CHEMBL1909046,,,,,CHEMBL1319362,HOMATROPINE HYDROBROMIDE,CHEMBL1618018,,0,,1539830,,15,0,,Not active,IC50,,,,CHEMBL203,Homo sapiens,Epidermal growth factor receptor,9606,Not Active,,IC50,,,,
,Inhibition < 50% @ 10 uM and thus dose-reponse curve not measured,7660280,[],CHEMBL1909203,"DRUGMATRIX: Protein Tyrosine Kinase, EGF Receptor enzyme inhibition (substrate: Poly(Glu:Tyr))",B,,,BAO_0000190,BAO_0000219,cell-based format,NC(=O)NO,,,CHEMBL1909046,,,,,CHEMBL467,HYDROXYUREA,CHEMBL467,,0,,1539838,,15,0,,Not active,IC50,,,,CHEMBL203,Homo sapiens,Epidermal growth factor receptor,9606,Not Active,,IC50,,,,
,Inhibition < 50% @ 10 uM and thus dose-reponse curve not measured,7660582,[],CHEMBL1909203,"DRUGMATRIX: Protein Tyrosine Kinase, EGF Receptor enzyme inhibition (substrate: Poly(Glu:Tyr))",B,,,BAO_0000190,BAO_0000219,cell-based format,CC[C@H]1CN2CCc3cc(OC)c(OC)cc3[C@@H]2C[C@@H]1C[C@H]1NCCc2cc(OC)c(OC)cc21,,,CHEMBL1909046,,,,,CHEMBL50588,EMETINE,CHEMBL50588,,0,,1539726,,15,0,,Not active,IC50,,,,CHEMBL203,Homo sapiens,Epidermal growth factor receptor,9606,Not Active,,IC50,,,,
,Inhibition < 50% @ 10 uM and thus dose-reponse curve not measured,7660708,[],CHEMBL1909203,"DRUGMATRIX: Protein Tyrosine Kinase, EGF Receptor enzyme inhibition (substrate: Poly(Glu:Tyr))",B,,,BAO_0000190,BAO_0000219,cell-based format,C=C1CC[C@H](O)C/C1=C/C=C1\CCC[C@]2(C)[C@@H]([C@H](C)/C=C/[C@H](C)C(C)C)CC[C@@H]12,,,CHEMBL1909046,,,,,CHEMBL1536,ERGOCALCIFEROL,CHEMBL1536,,0,,1539734,,15,0,,Not active,IC50,,,,CHEMBL203,Homo sapiens,Epidermal growth factor receptor,9606,Not Active,,IC50,,,,
,Inhibition < 50% @ 10 uM and thus dose-reponse curve not measured,7660782,[],CHEMBL1909203,"DRUGMATRIX: Protein Tyrosine Kinase, EGF Receptor enzyme inhibition (substrate: Poly(Glu:Tyr))",B,,,BAO_0000190,BAO_0000219,cell-based format,C[C@]12CC[C@@H]3c4ccc(O)cc4CC[C@H]3[C@@H]1CCC2=O,,,CHEMBL1909046,,,,,CHEMBL1405,ESTRONE,CHEMBL1405,,0,,1539742,,15,0,,Not active,IC50,,,,CHEMBL203,Homo sapiens,Epidermal growth factor receptor,9606,Not Active,,IC50,,,,
,Inhibition < 50% @ 10 uM and thus dose-reponse curve not measured,7660898,[],CHEMBL1909203,"DRUGMATRIX: Protein Tyrosine Kinase, EGF Receptor enzyme inhibition (substrate: Poly(Glu:Tyr))",B,,,BAO_0000190,BAO_0000219,cell-based format,CC[C@]1(O)CC[C@H]2[C@@H]3CCC4=CCCC[C@@H]4[C@H]3CC[C@@]21C,,,CHEMBL1909046,,,,,CHEMBL1200623,ETHYLESTRENOL,CHEMBL1200623,,0,,1539750,,15,0,,Not active,IC50,,,,CHEMBL203,Homo sapiens,Epidermal growth factor receptor,9606,Not Active,,IC50,,,,
,Inhibition < 50% @ 10 uM and thus dose-reponse curve not measured,7661036,[],CHEMBL1909203,"DRUGMATRIX: Protein Tyrosine Kinase, EGF Receptor enzyme inhibition (substrate: Poly(Glu:Tyr))",B,,,BAO_0000190,BAO_0000219,cell-based format,NC(N)=Nc1nc(CSCC/C(N)=N/S(N)(=O)=O)cs1,,,CHEMBL1909046,,,,,CHEMBL902,FAMOTIDINE,CHEMBL902,,0,,1539758,,15,0,,Not active,IC50,,,,CHEMBL203,Homo sapiens,Epidermal growth factor receptor,9606,Not Active,,IC50,,,,
,Inhibition < 50% @ 10 uM and thus dose-reponse curve not measured,7661527,[],CHEMBL1909203,"DRUGMATRIX: Protein Tyrosine Kinase, EGF Receptor enzyme inhibition (substrate: Poly(Glu:Tyr))",B,,,BAO_0000190,BAO_0000219,cell-based format,O=c1[nH]cc(F)c(=O)[nH]1,,,CHEMBL1909046,,,,,CHEMBL185,FLUOROURACIL,CHEMBL185,,0,,1539782,,15,0,,Not active,IC50,,,,CHEMBL203,Homo sapiens,Epidermal growth factor receptor,9606,Not Active,,IC50,,,,
,Inhibition < 50% @ 10 uM and thus dose-reponse curve not measured,7661591,[],CHEMBL1909203,"DRUGMATRIX: Protein Tyrosine Kinase, EGF Receptor enzyme inhibition (substrate: Poly(Glu:Tyr))",B,,,BAO_0000190,BAO_0000219,cell-based format,O=C1OCCN1/N=C/c1ccc([N+](=O)[O-])o1,,,CHEMBL1909046,,,,,CHEMBL1103,FURAZOLIDONE,CHEMBL1103,,0,,1539790,,15,0,,Not active,IC50,,,,CHEMBL203,Homo sapiens,Epidermal growth factor receptor,9606,Not Active,,IC50,,,,
,Inhibition < 50% @ 10 uM and thus dose-reponse curve not measured,7661735,[],CHEMBL1909203,"DRUGMATRIX: Protein Tyrosine Kinase, EGF Receptor enzyme inhibition (substrate: Poly(Glu:Tyr))",B,,,BAO_0000190,BAO_0000219,cell-based format,COc1c(N2CCNC(C)C2)c(F)cc2c(=O)c(C(=O)O)cn(C3CC3)c12,,,CHEMBL1909046,,,,,CHEMBL31,GATIFLOXACIN,CHEMBL31,,0,,1539798,,15,0,,Not active,IC50,,,,CHEMBL203,Homo sapiens,Epidermal growth factor receptor,9606,Not Active,,IC50,,,,
,Inhibition < 50% @ 10 uM and thus dose-reponse curve not measured,7661831,[],CHEMBL1909203,"DRUGMATRIX: Protein Tyrosine Kinase, EGF Receptor enzyme inhibition (substrate: Poly(Glu:Tyr))",B,,,BAO_0000190,BAO_0000219,cell-based format,Cc1ccc(S(=O)(=O)NC(=O)NN2CC3CCCC3C2)cc1,,,CHEMBL1909046,,,,,CHEMBL427216,GLICLAZIDE,CHEMBL427216,,0,,1539806,,15,0,,Not active,IC50,,,,CHEMBL203,Homo sapiens,Epidermal growth factor receptor,9606,Not Active,,IC50,,,,
,Inhibition < 50% @ 10 uM and thus dose-reponse curve not measured,7661974,[],CHEMBL1909203,"DRUGMATRIX: Protein Tyrosine Kinase, EGF Receptor enzyme inhibition (substrate: Poly(Glu:Tyr))",B,,,BAO_0000190,BAO_0000219,cell-based format,O=C(O)CNCP(=O)(O)O,,,CHEMBL1909046,,,,,CHEMBL95764,GLYPHOSATE,CHEMBL95764,,0,,1539814,,15,0,,Not active,IC50,,,,CHEMBL203,Homo sapiens,Epidermal growth factor receptor,9606,Not Active,,IC50,,,,
,Inhibition < 50% @ 10 uM and thus dose-reponse curve not measured,7662092,[],CHEMBL1909203,"DRUGMATRIX: Protein Tyrosine Kinase, EGF Receptor enzyme inhibition (substrate: Poly(Glu:Tyr))",B,,,BAO_0000190,BAO_0000219,cell-based format,N=C(N)NCCN1CCCCCCC1,,,CHEMBL1909046,,,,,CHEMBL765,GUANETHIDINE,CHEMBL765,,0,,1539822,,15,0,,Not active,IC50,,,,CHEMBL203,Homo sapiens,Epidermal growth factor receptor,9606,Not Active,,IC50,,,,
,Inhibition < 50% @ 10 uM and thus dose-reponse curve not measured,7662578,[],CHEMBL1909203,"DRUGMATRIX: Protein Tyrosine Kinase, EGF Receptor enzyme inhibition (substrate: Poly(Glu:Tyr))",B,,,BAO_0000190,BAO_0000219,cell-based format,Cn1c(=O)c2c(ncn2CC2OCCO2)n(C)c1=O,,,CHEMBL1909046,,,,,CHEMBL1527608,DOXOFYLLINE,CHEMBL1527608,,0,,1539718,,15,0,,Not active,IC50,,,,CHEMBL203,Homo sapiens,Epidermal growth factor receptor,9606,Not Active,,IC50,,,,
,Inhibition < 50% @ 10 uM and thus dose-reponse curve not measured,7663281,[],CHEMBL1909203,"DRUGMATRIX: Protein Tyrosine Kinase, EGF Receptor enzyme inhibition (substrate: Poly(Glu:Tyr))",B,,,BAO_0000190,BAO_0000219,cell-based format,CC(C)(C)NC(=O)[C@H]1CC[C@H]2[C@@H]3CC[C@H]4NC(=O)C=C[C@]4(C)[C@H]3CC[C@]12C,,,CHEMBL1909046,,,,,CHEMBL710,FINASTERIDE,CHEMBL710,,0,,1539766,,15,0,,Not active,IC50,,,,CHEMBL203,Homo sapiens,Epidermal growth factor receptor,9606,Not Active,,IC50,,,,
,Inhibition < 50% @ 10 uM and thus dose-reponse curve not measured,7663422,[],CHEMBL1909203,"DRUGMATRIX: Protein Tyrosine Kinase, EGF Receptor enzyme inhibition (substrate: Poly(Glu:Tyr))",B,,,BAO_0000190,BAO_0000219,cell-based format,CCOC(=O)c1ncn2c1CN(C)C(=O)c1cc(F)ccc1-2,,,CHEMBL1909046,,,,,CHEMBL407,FLUMAZENIL,CHEMBL407,,0,,1539774,,15,0,,Not active,IC50,,,,CHEMBL203,Homo sapiens,Epidermal growth factor receptor,9606,Not Active,,IC50,,,,
,Inhibition < 50% @ 10 uM and thus dose-reponse curve not measured,7790591,[],CHEMBL1909203,"DRUGMATRIX: Protein Tyrosine Kinase, EGF Receptor enzyme inhibition (substrate: Poly(Glu:Tyr))",B,,,BAO_0000190,BAO_0000219,cell-based format,NS(=O)(=O)c1cc2c(cc1Cl)NC(C(Cl)Cl)NS2(=O)=O,,,CHEMBL1909046,,,,,CHEMBL1054,TRICHLORMETHIAZIDE,CHEMBL1054,,0,,1540244,,15,0,,Not active,IC50,,,,CHEMBL203,Homo sapiens,Epidermal growth factor receptor,9606,Not Active,,IC50,,,,
,Inhibition < 50% @ 10 uM and thus dose-reponse curve not measured,7790717,[],CHEMBL1909203,"DRUGMATRIX: Protein Tyrosine Kinase, EGF Receptor enzyme inhibition (substrate: Poly(Glu:Tyr))",B,,,BAO_0000190,BAO_0000219,cell-based format,Cc1c(C)c2c(c(C)c1O)CCC(C)(COc1ccc(CC3SC(=O)NC3=O)cc1)O2,,,CHEMBL1909046,,,,,CHEMBL408,TROGLITAZONE,CHEMBL408,,0,,1540252,,15,0,,Not active,IC50,,,,CHEMBL203,Homo sapiens,Epidermal growth factor receptor,9606,Not Active,,IC50,,,,
,,7791308,[],CHEMBL1909203,"DRUGMATRIX: Protein Tyrosine Kinase, EGF Receptor enzyme inhibition (substrate: Poly(Glu:Tyr))",B,,,BAO_0000190,BAO_0000219,cell-based format,[Cl-].[Cl-].[Zn+2],,,CHEMBL1909046,,,"{'bei': '41.53', 'le': None, 'lle': None, 'sei': None}",,CHEMBL1200679,ZINC CHLORIDE,CHEMBL1200679,5.66,0,http://www.openphacts.org/units/Nanomolar,1540284,=,15,1,=,,IC50,nM,,2188.4,CHEMBL203,Homo sapiens,Epidermal growth factor receptor,9606,,,IC50,uM,UO_0000065,,2.1884
,Inhibition < 50% @ 10 uM and thus dose-reponse curve not measured,7791880,[],CHEMBL1909203,"DRUGMATRIX: Protein Tyrosine Kinase, EGF Receptor enzyme inhibition (substrate: Poly(Glu:Tyr))",B,,,BAO_0000190,BAO_0000219,cell-based format,CCOC(N)=O,,,CHEMBL1909046,,,,,CHEMBL462547,URETHANE,CHEMBL462547,,0,,1540261,,15,0,,Not active,IC50,,,,CHEMBL203,Homo sapiens,Epidermal growth factor receptor,9606,Not Active,,IC50,,,,
,Inhibition < 50% @ 10 uM and thus dose-reponse curve not measured,7792013,[],CHEMBL1909203,"DRUGMATRIX: Protein Tyrosine Kinase, EGF Receptor enzyme inhibition (substrate: Poly(Glu:Tyr))",B,,,BAO_0000190,BAO_0000219,cell-based format,COc1ccc(C(CN(C)C)C2(O)CCCCC2)cc1,,,CHEMBL1909046,,,,,CHEMBL637,VENLAFAXINE,CHEMBL637,,0,,1540269,,15,0,,Not active,IC50,,,,CHEMBL203,Homo sapiens,Epidermal growth factor receptor,9606,Not Active,,IC50,,,,
,Inhibition < 50% @ 10 uM and thus dose-reponse curve not measured,7792120,[],CHEMBL1909203,"DRUGMATRIX: Protein Tyrosine Kinase, EGF Receptor enzyme inhibition (substrate: Poly(Glu:Tyr))",B,,,BAO_0000190,BAO_0000219,cell-based format,C[C@@H](N)[C@H]1CC[C@H](C(=O)Nc2ccncc2)CC1,,,CHEMBL1909046,,,,,CHEMBL559147,Y-27632,CHEMBL559147,,0,,1540277,,15,0,,Not active,IC50,,,,CHEMBL203,Homo sapiens,Epidermal growth factor receptor,9606,Not Active,,IC50,,,,
,Inhibition < 50% @ 10 uM and thus dose-reponse curve not measured,7792321,[],CHEMBL1909203,"DRUGMATRIX: Protein Tyrosine Kinase, EGF Receptor enzyme inhibition (substrate: Poly(Glu:Tyr))",B,,,BAO_0000190,BAO_0000219,cell-based format,O=c1n(CCCN2CCN(c3cccc(Cl)c3)CC2)nc2ccccn12,,,CHEMBL1909046,,,,,CHEMBL621,TRAZODONE,CHEMBL621,,0,,1540237,,15,0,,Not active,IC50,,,,CHEMBL203,Homo sapiens,Epidermal growth factor receptor,9606,Not Active,,IC50,,,,
,Inhibition < 50% @ 10 uM and thus dose-reponse curve not measured,7792450,[],CHEMBL1909203,"DRUGMATRIX: Protein Tyrosine Kinase, EGF Receptor enzyme inhibition (substrate: Poly(Glu:Tyr))",B,,,BAO_0000190,BAO_0000219,cell-based format,O=C(O)C(Cl)(Cl)Cl,,,CHEMBL1909046,,,,,CHEMBL14053,TRICHLOROACETIC ACID,CHEMBL14053,,0,,1540245,,15,0,,Not active,IC50,,,,CHEMBL203,Homo sapiens,Epidermal growth factor receptor,9606,Not Active,,IC50,,,,
,Inhibition < 50% @ 10 uM and thus dose-reponse curve not measured,7792573,[],CHEMBL1909203,"DRUGMATRIX: Protein Tyrosine Kinase, EGF Receptor enzyme inhibition (substrate: Poly(Glu:Tyr))",B,,,BAO_0000190,BAO_0000219,cell-based format,NC(CO)(CO)CO,,,CHEMBL1909046,,,,,CHEMBL1200391,TROMETHAMINE,CHEMBL1200391,,0,,1540253,,15,0,,Not active,IC50,,,,CHEMBL203,Homo sapiens,Epidermal growth factor receptor,9606,Not Active,,IC50,,,,
,Inhibition < 50% @ 10 uM and thus dose-reponse curve not measured,7793179,[],CHEMBL1909203,"DRUGMATRIX: Protein Tyrosine Kinase, EGF Receptor enzyme inhibition (substrate: Poly(Glu:Tyr))",B,,,BAO_0000190,BAO_0000219,cell-based format,,,,CHEMBL1909046,,,,,CHEMBL1909083,ZIRCONIUM(IV) CHLORIDE,CHEMBL1909083,,0,,1540285,,15,0,,Not active,IC50,,,,CHEMBL203,Homo sapiens,Epidermal growth factor receptor,9606,Not Active,,IC50,,,,
,Inhibition < 50% @ 10 uM and thus dose-reponse curve not measured,7793751,[],CHEMBL1909203,"DRUGMATRIX: Protein Tyrosine Kinase, EGF Receptor enzyme inhibition (substrate: Poly(Glu:Tyr))",B,,,BAO_0000190,BAO_0000219,cell-based format,CC(C)[C@H](N)C(=O)OCCOCn1cnc2c(=O)nc(N)[nH]c21,,,CHEMBL1909046,,,,,CHEMBL1349,VALACYCLOVIR,CHEMBL1349,,0,,1540262,,15,0,,Not active,IC50,,,,CHEMBL203,Homo sapiens,Epidermal growth factor receptor,9606,Not Active,,IC50,,,,
,Inhibition < 50% @ 10 uM and thus dose-reponse curve not measured,7793875,[],CHEMBL1909203,"DRUGMATRIX: Protein Tyrosine Kinase, EGF Receptor enzyme inhibition (substrate: Poly(Glu:Tyr))",B,,,BAO_0000190,BAO_0000219,cell-based format,COc1ccc(CCN(C)CCCC(C#N)(c2ccc(OC)c(OC)c2)C(C)C)cc1OC,,,CHEMBL1909046,,,,,CHEMBL6966,VERAPAMIL,CHEMBL6966,,0,,1540270,,15,0,,Not active,IC50,,,,CHEMBL203,Homo sapiens,Epidermal growth factor receptor,9606,Not Active,,IC50,,,,
,Inhibition < 50% @ 10 uM and thus dose-reponse curve not measured,7793988,[],CHEMBL1909203,"DRUGMATRIX: Protein Tyrosine Kinase, EGF Receptor enzyme inhibition (substrate: Poly(Glu:Tyr))",B,,,BAO_0000190,BAO_0000219,cell-based format,COC(=O)[C@@H]1[C@H]2C[C@H]3c4[nH]c5ccccc5c4CCN3C[C@@H]2CC[C@@H]1O,,,CHEMBL1909046,,,,,CHEMBL15245,YOHIMBINE,CHEMBL15245,,0,,1540278,,15,0,,Not active,IC50,,,,CHEMBL203,Homo sapiens,Epidermal growth factor receptor,9606,Not Active,,IC50,,,,
,Inhibition < 50% @ 10 uM and thus dose-reponse curve not measured,7794062,[],CHEMBL1909203,"DRUGMATRIX: Protein Tyrosine Kinase, EGF Receptor enzyme inhibition (substrate: Poly(Glu:Tyr))",B,,,BAO_0000190,BAO_0000219,cell-based format,CC1=C(/C=C/C(C)=C/C=C/C(C)=C/C(=O)O)C(C)(C)CCC1,,,CHEMBL1909046,,,,,CHEMBL38,TRETINOIN,CHEMBL38,,0,,1540238,,15,0,,Not active,IC50,,,,CHEMBL203,Homo sapiens,Epidermal growth factor receptor,9606,Not Active,,IC50,,,,
,Inhibition < 50% @ 10 uM and thus dose-reponse curve not measured,7794193,[],CHEMBL1909203,"DRUGMATRIX: Protein Tyrosine Kinase, EGF Receptor enzyme inhibition (substrate: Poly(Glu:Tyr))",B,,,BAO_0000190,BAO_0000219,cell-based format,CC(Cl)(Cl)Cl,,,CHEMBL1909046,,,,,CHEMBL16080,TRICHLOROETHANE,CHEMBL16080,,0,,1540246,,15,0,,Not active,IC50,,,,CHEMBL203,Homo sapiens,Epidermal growth factor receptor,9606,Not Active,,IC50,,,,
,Inhibition < 50% @ 10 uM and thus dose-reponse curve not measured,7794307,[],CHEMBL1909203,"DRUGMATRIX: Protein Tyrosine Kinase, EGF Receptor enzyme inhibition (substrate: Poly(Glu:Tyr))",B,,,BAO_0000190,BAO_0000219,cell-based format,CCN(Cc1ccncc1)C(=O)C(CO)c1ccccc1,,,CHEMBL1909046,,,,,CHEMBL1200604,TROPICAMIDE,CHEMBL1200604,,0,,1540254,,15,0,,Not active,IC50,,,,CHEMBL203,Homo sapiens,Epidermal growth factor receptor,9606,Not Active,,IC50,,,,
,Inhibition < 50% @ 10 uM and thus dose-reponse curve not measured,7795353,[],CHEMBL1909203,"DRUGMATRIX: Protein Tyrosine Kinase, EGF Receptor enzyme inhibition (substrate: Poly(Glu:Tyr))",B,,,BAO_0000190,BAO_0000219,cell-based format,Nc1c2c(nc3ccccc13)CCCC2,,,CHEMBL1909046,,,,,CHEMBL95,TACRINE,CHEMBL95,,0,,1540190,,15,0,,Not active,IC50,,,,CHEMBL203,Homo sapiens,Epidermal growth factor receptor,9606,Not Active,,IC50,,,,
,Inhibition < 50% @ 10 uM and thus dose-reponse curve not measured,7795415,[],CHEMBL1909203,"DRUGMATRIX: Protein Tyrosine Kinase, EGF Receptor enzyme inhibition (substrate: Poly(Glu:Tyr))",B,,,BAO_0000190,BAO_0000219,cell-based format,NC(=O)N1C(=O)/C(=C(\O)c2cccs2)c2cc(Cl)ccc21,,,CHEMBL1909046,,,,,CHEMBL1908355,TENIDAP,CHEMBL1908355,,0,,1540198,,15,0,,Not active,IC50,,,,CHEMBL203,Homo sapiens,Epidermal growth factor receptor,9606,Not Active,,IC50,,,,
,Inhibition < 50% @ 10 uM and thus dose-reponse curve not measured,7796858,[],CHEMBL1909203,"DRUGMATRIX: Protein Tyrosine Kinase, EGF Receptor enzyme inhibition (substrate: Poly(Glu:Tyr))",B,,,BAO_0000190,BAO_0000219,cell-based format,CC(=O)S[C@@H]1CC2=CC(=O)CC[C@]2(C)[C@H]2CC[C@@]3(C)[C@@H](CC[C@@]34CCC(=O)O4)[C@H]12,,,CHEMBL1909046,,,,,CHEMBL1393,SPIRONOLACTONE,CHEMBL1393,,0,,1540158,,15,0,,Not active,IC50,,,,CHEMBL203,Homo sapiens,Epidermal growth factor receptor,9606,Not Active,,IC50,,,,
,Inhibition < 50% @ 10 uM and thus dose-reponse curve not measured,7796993,[],CHEMBL1909203,"DRUGMATRIX: Protein Tyrosine Kinase, EGF Receptor enzyme inhibition (substrate: Poly(Glu:Tyr))",B,,,BAO_0000190,BAO_0000219,cell-based format,O=C1C[C@@H]2OCC=C3CN4CC[C@]56c7ccccc7N1[C@H]5[C@H]2[C@H]3C[C@H]46,,,CHEMBL1909046,,,,,CHEMBL227934,STRYCHNINE,CHEMBL227934,,0,,1540166,,15,0,,Not active,IC50,,,,CHEMBL203,Homo sapiens,Epidermal growth factor receptor,9606,Not Active,,IC50,,,,
,,10855848,[],CHEMBL2020642,Inhibition of human EGFR expressed in human A431 cells using poly(Glu4/Tyr) and [gamma32P]ATP as substrate after 1 hr by scintillation counting,B,,,BAO_0000190,BAO_0000219,cell-based format,COc1ccc(NC(=O)Nc2ccc(Oc3ncnc4cc(OC)c(OC)cc34)cc2)cc1,,,CHEMBL2016491,J Med Chem,2012.0,,,CHEMBL179603,,CHEMBL179603,,1,http://www.openphacts.org/units/Nanomolar,1636782,>,1,1,>,,IC50,nM,,10000.0,CHEMBL203,Homo sapiens,Epidermal growth factor receptor,9606,,,IC50,uM,UO_0000065,,10.0
,,10855849,[],CHEMBL2020642,Inhibition of human EGFR expressed in human A431 cells using poly(Glu4/Tyr) and [gamma32P]ATP as substrate after 1 hr by scintillation counting,B,,,BAO_0000190,BAO_0000219,cell-based format,COc1cc2ncnc(Oc3ccc(NC(=O)Nc4ccc(F)c(Cl)c4)cc3)c2cc1OC,,,CHEMBL2016491,J Med Chem,2012.0,,,CHEMBL1761939,,CHEMBL1761939,,1,http://www.openphacts.org/units/Nanomolar,1636783,>,1,1,>,,IC50,nM,,10000.0,CHEMBL203,Homo sapiens,Epidermal growth factor receptor,9606,,,IC50,uM,UO_0000065,,10.0
,,10855850,[],CHEMBL2020642,Inhibition of human EGFR expressed in human A431 cells using poly(Glu4/Tyr) and [gamma32P]ATP as substrate after 1 hr by scintillation counting,B,,,BAO_0000190,BAO_0000219,cell-based format,COc1cc2ncnc(Oc3ccc(NC(=O)Nc4ccc(F)cc4F)cc3)c2cc1OC,,,CHEMBL2016491,J Med Chem,2012.0,,,CHEMBL1761938,,CHEMBL1761938,,1,http://www.openphacts.org/units/Nanomolar,1636784,>,1,1,>,,IC50,nM,,10000.0,CHEMBL203,Homo sapiens,Epidermal growth factor receptor,9606,,,IC50,uM,UO_0000065,,10.0
,,10855851,[],CHEMBL2020642,Inhibition of human EGFR expressed in human A431 cells using poly(Glu4/Tyr) and [gamma32P]ATP as substrate after 1 hr by scintillation counting,B,,,BAO_0000190,BAO_0000219,cell-based format,COc1cc2ncnc(Oc3ccc(NC(=O)Nc4ccc(Br)cc4)cc3)c2cc1OC,,,CHEMBL2016491,J Med Chem,2012.0,,,CHEMBL1761937,,CHEMBL1761937,,1,http://www.openphacts.org/units/Nanomolar,1636785,>,1,1,>,,IC50,nM,,10000.0,CHEMBL203,Homo sapiens,Epidermal growth factor receptor,9606,,,IC50,uM,UO_0000065,,10.0
,,10855852,[],CHEMBL2020642,Inhibition of human EGFR expressed in human A431 cells using poly(Glu4/Tyr) and [gamma32P]ATP as substrate after 1 hr by scintillation counting,B,,,BAO_0000190,BAO_0000219,cell-based format,COc1cc2ncnc(Oc3ccc(NC(=O)Nc4ccc5ccccc5c4)cc3)c2cc1OC,,,CHEMBL2016491,J Med Chem,2012.0,,,CHEMBL1761942,,CHEMBL1761942,,1,http://www.openphacts.org/units/Nanomolar,1636786,>,1,1,>,,IC50,nM,,10000.0,CHEMBL203,Homo sapiens,Epidermal growth factor receptor,9606,,,IC50,uM,UO_0000065,,10.0
,,10855853,[],CHEMBL2020642,Inhibition of human EGFR expressed in human A431 cells using poly(Glu4/Tyr) and [gamma32P]ATP as substrate after 1 hr by scintillation counting,B,,,BAO_0000190,BAO_0000219,cell-based format,COc1cc2ncnc(Oc3cccc(NC(=O)Nc4ccccc4)c3)c2cc1OC,,,CHEMBL2016491,J Med Chem,2012.0,,,CHEMBL1277253,,CHEMBL1277253,,1,http://www.openphacts.org/units/Nanomolar,1636787,>,1,1,>,,IC50,nM,,10000.0,CHEMBL203,Homo sapiens,Epidermal growth factor receptor,9606,,,IC50,uM,UO_0000065,,10.0
,,10855854,[],CHEMBL2020642,Inhibition of human EGFR expressed in human A431 cells using poly(Glu4/Tyr) and [gamma32P]ATP as substrate after 1 hr by scintillation counting,B,,,BAO_0000190,BAO_0000219,cell-based format,COc1ccc(NC(=O)Nc2cccc(Oc3ncnc4cc(OC)c(OC)cc34)c2)cc1,,,CHEMBL2016491,J Med Chem,2012.0,,,CHEMBL1277254,,CHEMBL1277254,,1,http://www.openphacts.org/units/Nanomolar,1636788,>,1,1,>,,IC50,nM,,10000.0,CHEMBL203,Homo sapiens,Epidermal growth factor receptor,9606,,,IC50,uM,UO_0000065,,10.0
,,10855855,[],CHEMBL2020642,Inhibition of human EGFR expressed in human A431 cells using poly(Glu4/Tyr) and [gamma32P]ATP as substrate after 1 hr by scintillation counting,B,,,BAO_0000190,BAO_0000219,cell-based format,COc1cccc(NC(=O)Nc2ccc(Oc3ncnc4cc(OC)c(OC)cc34)cc2)c1,,,CHEMBL2016491,J Med Chem,2012.0,,,CHEMBL2018881,,CHEMBL2018881,,0,http://www.openphacts.org/units/Nanomolar,1636789,>,1,1,>,,IC50,nM,,10000.0,CHEMBL203,Homo sapiens,Epidermal growth factor receptor,9606,,,IC50,uM,UO_0000065,,10.0
,,10855856,[],CHEMBL2020642,Inhibition of human EGFR expressed in human A431 cells using poly(Glu4/Tyr) and [gamma32P]ATP as substrate after 1 hr by scintillation counting,B,,,BAO_0000190,BAO_0000219,cell-based format,COc1cc2ncnc(Oc3ccc(NC(=O)Nc4cccc(Br)c4)cc3)c2cc1OC,,,CHEMBL2016491,J Med Chem,2012.0,,,CHEMBL2018882,,CHEMBL2018882,,0,http://www.openphacts.org/units/Nanomolar,1636790,>,1,1,>,,IC50,nM,,10000.0,CHEMBL203,Homo sapiens,Epidermal growth factor receptor,9606,,,IC50,uM,UO_0000065,,10.0
,,10855857,[],CHEMBL2020642,Inhibition of human EGFR expressed in human A431 cells using poly(Glu4/Tyr) and [gamma32P]ATP as substrate after 1 hr by scintillation counting,B,,,BAO_0000190,BAO_0000219,cell-based format,COc1cc2ncnc(Oc3ccc(NC(=O)Nc4ccc(Br)cc4)c(C)c3)c2cc1OC,,,CHEMBL2016491,J Med Chem,2012.0,,,CHEMBL2018883,,CHEMBL2018883,,0,http://www.openphacts.org/units/Nanomolar,1636791,>,1,1,>,,IC50,nM,,10000.0,CHEMBL203,Homo sapiens,Epidermal growth factor receptor,9606,,,IC50,uM,UO_0000065,,10.0
,,10855858,[],CHEMBL2020642,Inhibition of human EGFR expressed in human A431 cells using poly(Glu4/Tyr) and [gamma32P]ATP as substrate after 1 hr by scintillation counting,B,,,BAO_0000190,BAO_0000219,cell-based format,COc1cc2ncnc(Oc3ccc(NC(=O)Nc4cccc(Br)c4)c(C)c3)c2cc1OC,,,CHEMBL2016491,J Med Chem,2012.0,,,CHEMBL2018884,,CHEMBL2018884,,0,http://www.openphacts.org/units/Nanomolar,1636792,>,1,1,>,,IC50,nM,,10000.0,CHEMBL203,Homo sapiens,Epidermal growth factor receptor,9606,,,IC50,uM,UO_0000065,,10.0
,,10855859,[],CHEMBL2020642,Inhibition of human EGFR expressed in human A431 cells using poly(Glu4/Tyr) and [gamma32P]ATP as substrate after 1 hr by scintillation counting,B,,,BAO_0000190,BAO_0000219,cell-based format,COc1cc2ncnc(Oc3ccc(NC(=O)Nc4ccc(F)c(Cl)c4)c(C)c3)c2cc1OC,,,CHEMBL2016491,J Med Chem,2012.0,,,CHEMBL2018885,,CHEMBL2018885,,0,http://www.openphacts.org/units/Nanomolar,1636793,>,1,1,>,,IC50,nM,,10000.0,CHEMBL203,Homo sapiens,Epidermal growth factor receptor,9606,,,IC50,uM,UO_0000065,,10.0
,,10855860,[],CHEMBL2020642,Inhibition of human EGFR expressed in human A431 cells using poly(Glu4/Tyr) and [gamma32P]ATP as substrate after 1 hr by scintillation counting,B,,,BAO_0000190,BAO_0000219,cell-based format,COc1cc2ncnc(Oc3ccc(NC(=O)Nc4ccc5ccccc5c4)c(C)c3)c2cc1OC,,,CHEMBL2016491,J Med Chem,2012.0,,,CHEMBL2018886,,CHEMBL2018886,,0,http://www.openphacts.org/units/Nanomolar,1636794,>,1,1,>,,IC50,nM,,10000.0,CHEMBL203,Homo sapiens,Epidermal growth factor receptor,9606,,,IC50,uM,UO_0000065,,10.0
,,10883601,[],CHEMBL2033651,Inhibition of EGFR after 1.5 hr by FRET assay,B,,,BAO_0000190,BAO_0000357,single protein format,C=CC(=O)Nc1cccc(Oc2nc(Nc3ccc(N4CCN(C)CC4)cc3OC)ncc2Cl)c1,,,CHEMBL2029259,J Med Chem,2012.0,"{'bei': '16.58', 'le': '0.32', 'lle': '3.66', 'sei': '8.94'}",,CHEMBL1229592,,CHEMBL1229592,8.21,0,http://www.openphacts.org/units/Nanomolar,1644606,=,1,1,=,,IC50,nM,,6.18,CHEMBL203,Homo sapiens,Epidermal growth factor receptor,9606,,,IC50,nM,UO_0000065,,6.18
,,10883602,[],CHEMBL2033651,Inhibition of EGFR after 1.5 hr by FRET assay,B,,,BAO_0000190,BAO_0000357,single protein format,C=CC(=O)Nc1cccc(N2C(=O)N(C)Cc3cnc(Nc4ccc(N5CCN(C)CC5)cc4OC)nc32)c1,,,CHEMBL2029259,J Med Chem,2012.0,"{'bei': '16.90', 'le': '0.31', 'lle': '5.13', 'sei': '8.42'}",,CHEMBL2032376,,CHEMBL2032376,8.94,0,http://www.openphacts.org/units/Nanomolar,1644607,=,1,1,=,,IC50,nM,,1.16,CHEMBL203,Homo sapiens,Epidermal growth factor receptor,9606,,,IC50,nM,UO_0000065,,1.16
,,10883603,[],CHEMBL2033651,Inhibition of EGFR after 1.5 hr by FRET assay,B,,,BAO_0000190,BAO_0000357,single protein format,C=CC(=O)Nc1cccc(N2C(=O)N(C)Cc3cnc(Nc4ccc(N(C)C)cc4OC)nc32)c1,,,CHEMBL2029259,J Med Chem,2012.0,"{'bei': '17.53', 'le': '0.32', 'lle': '4.18', 'sei': '8.07'}",,CHEMBL2032377,,CHEMBL2032377,8.30,0,http://www.openphacts.org/units/Nanomolar,1644608,=,1,1,=,,IC50,nM,,4.99,CHEMBL203,Homo sapiens,Epidermal growth factor receptor,9606,,,IC50,nM,UO_0000065,,4.99
,,10883604,[],CHEMBL2033651,Inhibition of EGFR after 1.5 hr by FRET assay,B,,,BAO_0000190,BAO_0000357,single protein format,C=CC(=O)Nc1cccc(N2C(=O)N(C)Cc3cnc(Nc4ccc(N5CCCCC5)cc4OC)nc32)c1,,,CHEMBL2029259,J Med Chem,2012.0,"{'bei': '14.66', 'le': '0.27', 'lle': '2.48', 'sei': '7.32'}",,CHEMBL2032378,,CHEMBL2032378,7.53,0,http://www.openphacts.org/units/Nanomolar,1644609,=,1,1,=,,IC50,nM,,29.5,CHEMBL203,Homo sapiens,Epidermal growth factor receptor,9606,,,IC50,nM,UO_0000065,,29.5
,,10883605,[],CHEMBL2033651,Inhibition of EGFR after 1.5 hr by FRET assay,B,,,BAO_0000190,BAO_0000357,single protein format,C=CC(=O)Nc1cccc(N2C(=O)N(C)Cc3cnc(Nc4ccc(N5CCOCC5)cc4OC)nc32)c1,,,CHEMBL2029259,J Med Chem,2012.0,"{'bei': '15.10', 'le': '0.28', 'lle': '3.90', 'sei': '6.94'}",,CHEMBL2032379,,CHEMBL2032379,7.79,0,http://www.openphacts.org/units/Nanomolar,1644610,=,1,1,=,,IC50,nM,,16.4,CHEMBL203,Homo sapiens,Epidermal growth factor receptor,9606,,,IC50,nM,UO_0000065,,16.4
,,10883606,[],CHEMBL2033651,Inhibition of EGFR after 1.5 hr by FRET assay,B,,,BAO_0000190,BAO_0000357,single protein format,C=CC(=O)Nc1cccc(N2C(=O)N(C)Cc3cnc(Nc4ccc(N5CCCN(C)CC5)cc4OC)nc32)c1,,,CHEMBL2029259,J Med Chem,2012.0,"{'bei': '16.28', 'le': '0.30', 'lle': '4.63', 'sei': '8.32'}",,CHEMBL2032380,,CHEMBL2032380,8.83,0,http://www.openphacts.org/units/Nanomolar,1644611,=,1,1,=,,IC50,nM,,1.47,CHEMBL203,Homo sapiens,Epidermal growth factor receptor,9606,,,IC50,nM,UO_0000065,,1.47
,,10883607,[],CHEMBL2033651,Inhibition of EGFR after 1.5 hr by FRET assay,B,,,BAO_0000190,BAO_0000357,single protein format,C=CC(=O)Nc1cccc(N2C(=O)N(C)Cc3cnc(Nc4ccc(N5CCC(N(C)C)CC5)cc4OC)nc32)c1,,,CHEMBL2029259,J Med Chem,2012.0,"{'bei': '15.19', 'le': '0.28', 'lle': '3.86', 'sei': '7.96'}",,CHEMBL2029425,,CHEMBL2029425,8.45,0,http://www.openphacts.org/units/Nanomolar,1641131,=,1,1,=,,IC50,nM,,3.52,CHEMBL203,Homo sapiens,Epidermal growth factor receptor,9606,,,IC50,nM,UO_0000065,,3.52
,,12684829,[],CHEMBL2344596,Inhibition of EGFR in human A431 cells assessed as inhibition of EGF-induced tyrosine phosphorylation incubated for 60 mins prior to EGF-activation measured 10 mins by ELISA,B,,,BAO_0000190,BAO_0000219,cell-based format,CC(C)(C)C(=O)Nc1nc(Nc2ccc(Cl)cc2F)c2c(n1)[nH]c1cccc(Cl)c12,Outside typical range,"Values for this activity type are unusually large/small, so may not be accurate",CHEMBL2331095,Bioorg Med Chem,2013.0,,,CHEMBL2337370,,CHEMBL2337370,,0,http://www.openphacts.org/units/Nanomolar,1872493,>,1,1,>,,IC50,nM,,200000.0,CHEMBL203,Homo sapiens,Epidermal growth factor receptor,9606,,,IC50,uM,UO_0000065,,200.0
,,12684830,[],CHEMBL2344596,Inhibition of EGFR in human A431 cells assessed as inhibition of EGF-induced tyrosine phosphorylation incubated for 60 mins prior to EGF-activation measured 10 mins by ELISA,B,,,BAO_0000190,BAO_0000219,cell-based format,CC(C)(C)C(=O)Nc1nc(Nc2ccc(Cl)cc2)c2c(n1)[nH]c1cccc(Cl)c12,,,CHEMBL2331095,Bioorg Med Chem,2013.0,"{'bei': '9.88', 'le': '0.20', 'lle': '-1.92', 'sei': '5.12'}",,CHEMBL2337369,,CHEMBL2337369,4.23,0,http://www.openphacts.org/units/Nanomolar,1872492,=,1,1,=,,IC50,nM,,58700.0,CHEMBL203,Homo sapiens,Epidermal growth factor receptor,9606,,,IC50,uM,UO_0000065,,58.7
,,12684831,[],CHEMBL2344596,Inhibition of EGFR in human A431 cells assessed as inhibition of EGF-induced tyrosine phosphorylation incubated for 60 mins prior to EGF-activation measured 10 mins by ELISA,B,,,BAO_0000190,BAO_0000219,cell-based format,CC(C)c1ccc(Nc2nc(NC(=O)C(C)(C)C)nc3[nH]c4cccc(Cl)c4c23)cc1,,,CHEMBL2331095,Bioorg Med Chem,2013.0,"{'bei': '10.11', 'le': '0.19', 'lle': '-2.21', 'sei': '5.33'}",,CHEMBL2337368,,CHEMBL2337368,4.41,0,http://www.openphacts.org/units/Nanomolar,1872491,=,1,1,=,,IC50,nM,,39200.0,CHEMBL203,Homo sapiens,Epidermal growth factor receptor,9606,,,IC50,uM,UO_0000065,,39.2
,,12684832,[],CHEMBL2344596,Inhibition of EGFR in human A431 cells assessed as inhibition of EGF-induced tyrosine phosphorylation incubated for 60 mins prior to EGF-activation measured 10 mins by ELISA,B,,,BAO_0000190,BAO_0000219,cell-based format,CC(C)(C)C(=O)Nc1nc(Nc2ccccc2)c2c(n1)[nH]c1cccc(Cl)c12,Outside typical range,"Values for this activity type are unusually large/small, so may not be accurate",CHEMBL2331095,Bioorg Med Chem,2013.0,,,CHEMBL2337367,,CHEMBL2337367,,0,http://www.openphacts.org/units/Nanomolar,1872490,=,1,1,=,,IC50,nM,,114700.0,CHEMBL203,Homo sapiens,Epidermal growth factor receptor,9606,,,IC50,uM,UO_0000065,,114.7
,,12684833,[],CHEMBL2344596,Inhibition of EGFR in human A431 cells assessed as inhibition of EGF-induced tyrosine phosphorylation incubated for 60 mins prior to EGF-activation measured 10 mins by ELISA,B,,,BAO_0000190,BAO_0000219,cell-based format,COc1cccc(Nc2nc(N)nc3[nH]c4cccc(Cl)c4c23)c1,,,CHEMBL2331095,Bioorg Med Chem,2013.0,"{'bei': '12.01', 'le': '0.23', 'lle': '-0.02', 'sei': '4.59'}",,CHEMBL2337366,,CHEMBL2337366,4.08,0,http://www.openphacts.org/units/Nanomolar,1872489,=,1,1,=,,IC50,nM,,82900.0,CHEMBL203,Homo sapiens,Epidermal growth factor receptor,9606,,,IC50,uM,UO_0000065,,82.9
,,12684834,[],CHEMBL2344596,Inhibition of EGFR in human A431 cells assessed as inhibition of EGF-induced tyrosine phosphorylation incubated for 60 mins prior to EGF-activation measured 10 mins by ELISA,B,,,BAO_0000190,BAO_0000219,cell-based format,Nc1nc(Nc2cccc(F)c2)c2c(n1)[nH]c1cccc(Cl)c12,Outside typical range,"Values for this activity type are unusually large/small, so may not be accurate",CHEMBL2331095,Bioorg Med Chem,2013.0,,,CHEMBL2337365,,CHEMBL2337365,,0,http://www.openphacts.org/units/Nanomolar,1872488,>,1,1,>,,IC50,nM,,200000.0,CHEMBL203,Homo sapiens,Epidermal growth factor receptor,9606,,,IC50,uM,UO_0000065,,200.0
,,12684835,[],CHEMBL2344596,Inhibition of EGFR in human A431 cells assessed as inhibition of EGF-induced tyrosine phosphorylation incubated for 60 mins prior to EGF-activation measured 10 mins by ELISA,B,,,BAO_0000190,BAO_0000219,cell-based format,Nc1nc(Nc2ccc(Cl)cc2F)c2c(n1)[nH]c1cccc(Cl)c12,,,CHEMBL2331095,Bioorg Med Chem,2013.0,"{'bei': '12.18', 'le': '0.25', 'lle': '-0.47', 'sei': '5.54'}",,CHEMBL2337364,,CHEMBL2337364,4.41,0,http://www.openphacts.org/units/Nanomolar,1872487,=,1,1,=,,IC50,nM,,38900.0,CHEMBL203,Homo sapiens,Epidermal growth factor receptor,9606,,,IC50,uM,UO_0000065,,38.9
,,12684836,[],CHEMBL2344596,Inhibition of EGFR in human A431 cells assessed as inhibition of EGF-induced tyrosine phosphorylation incubated for 60 mins prior to EGF-activation measured 10 mins by ELISA,B,,,BAO_0000190,BAO_0000219,cell-based format,Nc1nc(Nc2ccc(Cl)cc2)c2c(n1)[nH]c1cccc(Cl)c12,,,CHEMBL2331095,Bioorg Med Chem,2013.0,"{'bei': '12.19', 'le': '0.25', 'lle': '-0.54', 'sei': '5.27'}",,CHEMBL2337363,,CHEMBL2337363,4.20,0,http://www.openphacts.org/units/Nanomolar,1872486,=,1,1,=,,IC50,nM,,63600.0,CHEMBL203,Homo sapiens,Epidermal growth factor receptor,9606,,,IC50,uM,UO_0000065,,63.6
,,12684837,[],CHEMBL2344596,Inhibition of EGFR in human A431 cells assessed as inhibition of EGF-induced tyrosine phosphorylation incubated for 60 mins prior to EGF-activation measured 10 mins by ELISA,B,,,BAO_0000190,BAO_0000219,cell-based format,CC(C)c1ccc(Nc2nc(N)nc3[nH]c4cccc(Cl)c4c23)cc1,,,CHEMBL2331095,Bioorg Med Chem,2013.0,"{'bei': '12.44', 'le': '0.24', 'lle': '-0.83', 'sei': '5.50'}",,CHEMBL2337362,,CHEMBL2337362,4.38,0,http://www.openphacts.org/units/Nanomolar,1872485,=,1,1,=,,IC50,nM,,42000.0,CHEMBL203,Homo sapiens,Epidermal growth factor receptor,9606,,,IC50,uM,UO_0000065,,42.0
,,12684838,[],CHEMBL2344596,Inhibition of EGFR in human A431 cells assessed as inhibition of EGF-induced tyrosine phosphorylation incubated for 60 mins prior to EGF-activation measured 10 mins by ELISA,B,,,BAO_0000190,BAO_0000219,cell-based format,Nc1nc(Nc2ccccc2)c2c(n1)[nH]c1cccc(Cl)c12,Outside typical range,"Values for this activity type are unusually large/small, so may not be accurate",CHEMBL2331095,Bioorg Med Chem,2013.0,,,CHEMBL2337374,,CHEMBL2337374,,0,http://www.openphacts.org/units/Nanomolar,1872503,>,1,1,>,,IC50,nM,,200000.0,CHEMBL203,Homo sapiens,Epidermal growth factor receptor,9606,,,IC50,uM,UO_0000065,,200.0
,,12684839,[],CHEMBL2344596,Inhibition of EGFR in human A431 cells assessed as inhibition of EGF-induced tyrosine phosphorylation incubated for 60 mins prior to EGF-activation measured 10 mins by ELISA,B,,,BAO_0000190,BAO_0000219,cell-based format,Nc1nc(Nc2ccccc2)c2c(n1)[nH]c1ccccc12,,,CHEMBL2331095,Bioorg Med Chem,2013.0,"{'bei': '24.82', 'le': '0.44', 'lle': '3.39', 'sei': '8.58'}",,CHEMBL2337373,,CHEMBL2337373,6.83,0,http://www.openphacts.org/units/Nanomolar,1872502,=,1,1,=,,IC50,nM,,147.0,CHEMBL203,Homo sapiens,Epidermal growth factor receptor,9606,,,IC50,nM,UO_0000065,,147.0
,,12684840,[],CHEMBL2344596,Inhibition of EGFR in human A431 cells assessed as inhibition of EGF-induced tyrosine phosphorylation incubated for 60 mins prior to EGF-activation measured 10 mins by ELISA,B,,,BAO_0000190,BAO_0000219,cell-based format,Clc1cccc(Nc2ncnc3[nH]c4ccccc4c23)c1,,,CHEMBL2331095,Bioorg Med Chem,2013.0,"{'bei': '27.89', 'le': '0.53', 'lle': '3.71', 'sei': '15.34'}",,CHEMBL306315,,CHEMBL306315,8.22,1,http://www.openphacts.org/units/Nanomolar,1872501,=,1,1,=,,IC50,nM,,6.0,CHEMBL203,Homo sapiens,Epidermal growth factor receptor,9606,,,IC50,nM,UO_0000065,,6.0
,,12692756,[],CHEMBL2343569,Inhibition of EGF-induced EGFR phosphorylation in human A431 cells overexpressing EGFR pretreated for 60 mins prior to EGF addition measured after 10 mins by phosphotyrosine ELISA cytoblot analysis,B,,,BAO_0000190,BAO_0000219,cell-based format,C#Cc1cccc(Nc2nc(NC(=O)C(C)(C)C)nc3[nH]c(CCc4ccccn4)cc23)c1,Outside typical range,"Values for this activity type are unusually large/small, so may not be accurate",CHEMBL2331499,Bioorg Med Chem,2013.0,,,CHEMBL2335017,,CHEMBL2335017,,0,http://www.openphacts.org/units/Nanomolar,1869544,>,1,1,>,,IC50,nM,,200000.0,CHEMBL203,Homo sapiens,Epidermal growth factor receptor,9606,,,IC50,uM,UO_0000065,,200.0
,,12692760,[],CHEMBL2343569,Inhibition of EGF-induced EGFR phosphorylation in human A431 cells overexpressing EGFR pretreated for 60 mins prior to EGF addition measured after 10 mins by phosphotyrosine ELISA cytoblot analysis,B,,,BAO_0000190,BAO_0000219,cell-based format,CCN(CC)CCNC(=O)c1c(C)[nH]c(/C=C2\C(=O)Nc3ccc(F)cc32)c1C,Outside typical range,"Values for this activity type are unusually large/small, so may not be accurate",CHEMBL2331499,Bioorg Med Chem,2013.0,,,CHEMBL535,SUNITINIB,CHEMBL535,,1,http://www.openphacts.org/units/Nanomolar,1869553,=,1,1,=,,IC50,nM,,172100.0,CHEMBL203,Homo sapiens,Epidermal growth factor receptor,9606,,,IC50,uM,UO_0000065,,172.1
,,12692767,[],CHEMBL2343569,Inhibition of EGF-induced EGFR phosphorylation in human A431 cells overexpressing EGFR pretreated for 60 mins prior to EGF addition measured after 10 mins by phosphotyrosine ELISA cytoblot analysis,B,,,BAO_0000190,BAO_0000219,cell-based format,Nc1nc(Nc2ccc(F)c(Cl)c2)c2cc(CCc3ccccn3)[nH]c2n1,Outside typical range,"Values for this activity type are unusually large/small, so may not be accurate",CHEMBL2331499,Bioorg Med Chem,2013.0,,,CHEMBL2335378,,CHEMBL2335378,,0,http://www.openphacts.org/units/Nanomolar,1870023,=,1,1,=,,IC50,nM,,110600.0,CHEMBL203,Homo sapiens,Epidermal growth factor receptor,9606,,,IC50,uM,UO_0000065,,110.6
,,12692772,[],CHEMBL2343569,Inhibition of EGF-induced EGFR phosphorylation in human A431 cells overexpressing EGFR pretreated for 60 mins prior to EGF addition measured after 10 mins by phosphotyrosine ELISA cytoblot analysis,B,,,BAO_0000190,BAO_0000219,cell-based format,Nc1nc(Nc2ccc(F)c(Br)c2)c2cc(CCc3ccccn3)[nH]c2n1,,,CHEMBL2331499,Bioorg Med Chem,2013.0,"{'bei': '9.52', 'le': '0.21', 'lle': '-0.30', 'sei': '4.40'}",,CHEMBL2335377,,CHEMBL2335377,4.07,0,http://www.openphacts.org/units/Nanomolar,1870022,=,1,1,=,,IC50,nM,,85900.0,CHEMBL203,Homo sapiens,Epidermal growth factor receptor,9606,,,IC50,uM,UO_0000065,,85.9
,,12692778,[],CHEMBL2343569,Inhibition of EGF-induced EGFR phosphorylation in human A431 cells overexpressing EGFR pretreated for 60 mins prior to EGF addition measured after 10 mins by phosphotyrosine ELISA cytoblot analysis,B,,,BAO_0000190,BAO_0000219,cell-based format,CC(C)(C)C(=O)Nc1nc(Nc2ccc(F)c(C(F)(F)F)c2)c2cc(CCc3ccccn3)[nH]c2n1,,,CHEMBL2331499,Bioorg Med Chem,2013.0,"{'bei': '9.13', 'le': '0.17', 'lle': '-1.45', 'sei': '4.78'}",,CHEMBL2335019,,CHEMBL2335019,4.57,0,http://www.openphacts.org/units/Nanomolar,1869546,=,1,1,=,,IC50,nM,,26900.0,CHEMBL203,Homo sapiens,Epidermal growth factor receptor,9606,,,IC50,uM,UO_0000065,,26.9
,,12692780,[],CHEMBL2343569,Inhibition of EGF-induced EGFR phosphorylation in human A431 cells overexpressing EGFR pretreated for 60 mins prior to EGF addition measured after 10 mins by phosphotyrosine ELISA cytoblot analysis,B,,,BAO_0000190,BAO_0000219,cell-based format,C#Cc1cccc(Nc2nc(N)nc3[nH]c(CCc4ccccn4)cc23)c1,,,CHEMBL2331499,Bioorg Med Chem,2013.0,"{'bei': '13.26', 'le': '0.24', 'lle': '1.25', 'sei': '5.08'}",,CHEMBL2335379,,CHEMBL2335379,4.70,0,http://www.openphacts.org/units/Nanomolar,1870024,=,1,1,=,,IC50,nM,,19900.0,CHEMBL203,Homo sapiens,Epidermal growth factor receptor,9606,,,IC50,uM,UO_0000065,,19.9
,,12692782,[],CHEMBL2343569,Inhibition of EGF-induced EGFR phosphorylation in human A431 cells overexpressing EGFR pretreated for 60 mins prior to EGF addition measured after 10 mins by phosphotyrosine ELISA cytoblot analysis,B,,,BAO_0000190,BAO_0000219,cell-based format,Nc1nc(Nc2cccc(C(F)(F)F)c2)c2cc(CCc3ccccn3)[nH]c2n1,,,CHEMBL2331499,Bioorg Med Chem,2013.0,"{'bei': '11.83', 'le': '0.22', 'lle': '0.23', 'sei': '5.10'}",,CHEMBL2335013,,CHEMBL2335013,4.71,0,http://www.openphacts.org/units/Nanomolar,1869540,=,1,1,=,,IC50,nM,,19300.0,CHEMBL203,Homo sapiens,Epidermal growth factor receptor,9606,,,IC50,uM,UO_0000065,,19.3
,,12692786,[],CHEMBL2343569,Inhibition of EGF-induced EGFR phosphorylation in human A431 cells overexpressing EGFR pretreated for 60 mins prior to EGF addition measured after 10 mins by phosphotyrosine ELISA cytoblot analysis,B,,,BAO_0000190,BAO_0000219,cell-based format,CC(C)(C)C(=O)Nc1nc(Nc2ccc(F)c(Cl)c2)c2cc(CCc3ccccn3)[nH]c2n1,,,CHEMBL2331499,Bioorg Med Chem,2013.0,"{'bei': '10.25', 'le': '0.20', 'lle': '-0.87', 'sei': '5.01'}",,CHEMBL2335016,,CHEMBL2335016,4.79,0,http://www.openphacts.org/units/Nanomolar,1869543,=,1,1,=,,IC50,nM,,16300.0,CHEMBL203,Homo sapiens,Epidermal growth factor receptor,9606,,,IC50,uM,UO_0000065,,16.3
,,13833374,[],CHEMBL3091175,Inhibition of recombinant EGFR cytoplasmic domain (645 to 1186) (unknown origin) autophosphorylation expressed in baculovirus infected insect Sf9 cells preincubated for 10 mins followed by ATP-MgCl2 addition measured after 1 hr by fluorometric analysis,B,,,BAO_0000190,BAO_0000219,cell-based format,Cc1ncc([N+](=O)[O-])n1C/C(=N/NC(=O)c1ccccc1N)c1ccc(Br)cc1,,,CHEMBL3085672,Bioorg Med Chem Lett,2013.0,"{'bei': '12.52', 'le': '0.27', 'lle': '2.44', 'sei': '4.46'}",,CHEMBL3088221,,CHEMBL3088221,5.72,0,http://www.openphacts.org/units/Nanomolar,1950800,=,1,1,=,,IC50,nM,,1890.0,CHEMBL203,Homo sapiens,Epidermal growth factor receptor,9606,,,IC50,uM,UO_0000065,,1.89
,,13833375,[],CHEMBL3091175,Inhibition of recombinant EGFR cytoplasmic domain (645 to 1186) (unknown origin) autophosphorylation expressed in baculovirus infected insect Sf9 cells preincubated for 10 mins followed by ATP-MgCl2 addition measured after 1 hr by fluorometric analysis,B,,,BAO_0000190,BAO_0000219,cell-based format,Cc1ncc([N+](=O)[O-])n1C/C(=N/NC(=O)c1ccccc1O)c1ccc(Br)cc1,,,CHEMBL3085672,Bioorg Med Chem Lett,2013.0,"{'bei': '12.19', 'le': '0.26', 'lle': '2.19', 'sei': '4.56'}",,CHEMBL3088222,,CHEMBL3088222,5.59,0,http://www.openphacts.org/units/Nanomolar,1950801,=,1,1,=,,IC50,nM,,2580.0,CHEMBL203,Homo sapiens,Epidermal growth factor receptor,9606,,,IC50,uM,UO_0000065,,2.58
,,13833376,[],CHEMBL3091175,Inhibition of recombinant EGFR cytoplasmic domain (645 to 1186) (unknown origin) autophosphorylation expressed in baculovirus infected insect Sf9 cells preincubated for 10 mins followed by ATP-MgCl2 addition measured after 1 hr by fluorometric analysis,B,,,BAO_0000190,BAO_0000219,cell-based format,Cc1ncc([N+](=O)[O-])n1C/C(=N/NC(=O)c1ccc(Cl)cc1)c1ccc(Br)cc1,,,CHEMBL3085672,Bioorg Med Chem Lett,2013.0,"{'bei': '10.29', 'le': '0.23', 'lle': '0.55', 'sei': '4.79'}",,CHEMBL3088223,,CHEMBL3088223,4.91,0,http://www.openphacts.org/units/Nanomolar,1950802,=,1,1,=,,IC50,nM,,12450.0,CHEMBL203,Homo sapiens,Epidermal growth factor receptor,9606,,,IC50,uM,UO_0000065,,12.45
,,13833377,[],CHEMBL3091175,Inhibition of recombinant EGFR cytoplasmic domain (645 to 1186) (unknown origin) autophosphorylation expressed in baculovirus infected insect Sf9 cells preincubated for 10 mins followed by ATP-MgCl2 addition measured after 1 hr by fluorometric analysis,B,,,BAO_0000190,BAO_0000219,cell-based format,Cc1ccc(C(=O)N/N=C(/Cn2c([N+](=O)[O-])cnc2C)c2ccc(Br)cc2)cc1,,,CHEMBL3085672,Bioorg Med Chem Lett,2013.0,"{'bei': '11.42', 'le': '0.25', 'lle': '1.21', 'sei': '5.09'}",,CHEMBL3088224,,CHEMBL3088224,5.21,0,http://www.openphacts.org/units/Nanomolar,1950803,=,1,1,=,,IC50,nM,,6130.0,CHEMBL203,Homo sapiens,Epidermal growth factor receptor,9606,,,IC50,uM,UO_0000065,,6.13
,,13833378,[],CHEMBL3091175,Inhibition of recombinant EGFR cytoplasmic domain (645 to 1186) (unknown origin) autophosphorylation expressed in baculovirus infected insect Sf9 cells preincubated for 10 mins followed by ATP-MgCl2 addition measured after 1 hr by fluorometric analysis,B,,,BAO_0000190,BAO_0000219,cell-based format,Cc1ncc([N+](=O)[O-])n1C/C(=N/NC(=O)c1ccccc1)c1ccc(Br)cc1,,,CHEMBL3085672,Bioorg Med Chem Lett,2013.0,"{'bei': '11.30', 'le': '0.24', 'lle': '1.30', 'sei': '4.88'}",,CHEMBL3088225,,CHEMBL3088225,5.00,0,http://www.openphacts.org/units/Nanomolar,1950804,=,1,1,=,,IC50,nM,,10020.0,CHEMBL203,Homo sapiens,Epidermal growth factor receptor,9606,,,IC50,uM,UO_0000065,,10.02
,,13836306,[],CHEMBL3090914,Inhibition of EGFR (unknown origin) after 90 mins by TR-FRET/IMAP fluorescence polarization assay,B,,,BAO_0000190,BAO_0000357,single protein format,CNS(=O)(=O)Nc1cccc(Cc2c(C)c3cc(Cl)c(OC(=O)N(C)C)cc3oc2=O)c1,,,CHEMBL3085763,Bioorg Med Chem Lett,2013.0,,,CHEMBL3086065,,CHEMBL3086065,,0,http://www.openphacts.org/units/Nanomolar,1948057,>,1,1,>,,IC50,nM,,50000.0,CHEMBL203,Homo sapiens,Epidermal growth factor receptor,9606,,,IC50,uM,UO_0000065,,50.0
,,13851944,[],CHEMBL3095055,"Inhibition of EGFR T790M/L858M double mutant (unknown origin) expressed in baculovirus expression system using poly (Glu, Tyr) 4:1 as substrate after 60 mins by ELISA",B,P00533,"T790M,L858M",BAO_0000190,BAO_0000019,assay format,CN(C)C/C=C/C(=O)Nc1cc2c(Nc3ccc(F)c(Cl)c3)ncnc2cc1O[C@H]1CCOC1,,,CHEMBL3091333,Bioorg Med Chem,2013.0,"{'bei': '18.74', 'le': '0.37', 'lle': '4.72', 'sei': '10.28'}",,CHEMBL1173655,AFATINIB,CHEMBL1173655,9.11,0,http://www.openphacts.org/units/Nanomolar,1951976,=,1,1,=,,IC50,nM,,0.78,CHEMBL203,Homo sapiens,Epidermal growth factor receptor,9606,,,IC50,nM,UO_0000065,,0.78
,,13851945,[],CHEMBL3095055,"Inhibition of EGFR T790M/L858M double mutant (unknown origin) expressed in baculovirus expression system using poly (Glu, Tyr) 4:1 as substrate after 60 mins by ELISA",B,P00533,"T790M,L858M",BAO_0000190,BAO_0000019,assay format,C#Cc1cccc(Nc2ncnc3cc(OCCOC)c(OCCOC)cc23)c1,,,CHEMBL3091333,Bioorg Med Chem,2013.0,"{'bei': '15.22', 'le': '0.28', 'lle': '2.58', 'sei': '8.02'}",,CHEMBL553,ERLOTINIB,CHEMBL553,5.99,1,http://www.openphacts.org/units/Nanomolar,1951975,=,1,1,=,,IC50,nM,,1024.0,CHEMBL203,Homo sapiens,Epidermal growth factor receptor,9606,,,IC50,uM,UO_0000065,,1.024
,,13851946,[],CHEMBL3095055,"Inhibition of EGFR T790M/L858M double mutant (unknown origin) expressed in baculovirus expression system using poly (Glu, Tyr) 4:1 as substrate after 60 mins by ELISA",B,P00533,"T790M,L858M",BAO_0000190,BAO_0000019,assay format,COC(=O)/C=C/CNC(=O)Nc1cc2c(Nc3ccc(F)c(Cl)c3)ncnc2cc1O[C@H]1CCOC1,,,CHEMBL3091333,Bioorg Med Chem,2013.0,"{'bei': '12.75', 'le': '0.25', 'lle': '2.40', 'sei': '5.32'}",,CHEMBL3092305,,CHEMBL3092305,6.58,0,http://www.openphacts.org/units/Nanomolar,1951974,=,1,1,=,,IC50,nM,,265.0,CHEMBL203,Homo sapiens,Epidermal growth factor receptor,9606,,,IC50,uM,UO_0000065,,0.265
,,13851947,[],CHEMBL3095055,"Inhibition of EGFR T790M/L858M double mutant (unknown origin) expressed in baculovirus expression system using poly (Glu, Tyr) 4:1 as substrate after 60 mins by ELISA",B,P00533,"T790M,L858M",BAO_0000190,BAO_0000019,assay format,C#CCNC(=O)Nc1cc2c(Nc3ccc(F)c(Cl)c3)ncnc2cc1O[C@H]1CCOC1,,,CHEMBL3091333,Bioorg Med Chem,2013.0,"{'bei': '14.10', 'le': '0.27', 'lle': '2.34', 'sei': '6.60'}",,CHEMBL3092304,,CHEMBL3092304,6.43,0,http://www.openphacts.org/units/Nanomolar,1951973,=,1,1,=,,IC50,nM,,374.0,CHEMBL203,Homo sapiens,Epidermal growth factor receptor,9606,,,IC50,uM,UO_0000065,,0.374
,,13851948,[],CHEMBL3095055,"Inhibition of EGFR T790M/L858M double mutant (unknown origin) expressed in baculovirus expression system using poly (Glu, Tyr) 4:1 as substrate after 60 mins by ELISA",B,P00533,"T790M,L858M",BAO_0000190,BAO_0000019,assay format,O=C(Nc1cc2c(Nc3ccc(F)c(Cl)c3)ncnc2cc1O[C@H]1CCOC1)N1CCN(CCO)CC1,,,CHEMBL3091333,Bioorg Med Chem,2013.0,"{'bei': '10.12', 'le': '0.20', 'lle': '1.90', 'sei': '4.80'}",,CHEMBL3092303,,CHEMBL3092303,5.38,0,http://www.openphacts.org/units/Nanomolar,1951972,=,1,1,=,,IC50,nM,,4212.0,CHEMBL203,Homo sapiens,Epidermal growth factor receptor,9606,,,IC50,uM,UO_0000065,,4.212
,,13851949,[],CHEMBL3095055,"Inhibition of EGFR T790M/L858M double mutant (unknown origin) expressed in baculovirus expression system using poly (Glu, Tyr) 4:1 as substrate after 60 mins by ELISA",B,P00533,"T790M,L858M",BAO_0000190,BAO_0000019,assay format,O=C(Nc1cc2c(Nc3ccc(F)c(Cl)c3)ncnc2cc1O[C@H]1CCOC1)N1CCC(CCO)CC1,,,CHEMBL3091333,Bioorg Med Chem,2013.0,"{'bei': '10.44', 'le': '0.20', 'lle': '0.57', 'sei': '5.08'}",,CHEMBL3092302,,CHEMBL3092302,5.53,0,http://www.openphacts.org/units/Nanomolar,1951971,=,1,1,=,,IC50,nM,,2937.0,CHEMBL203,Homo sapiens,Epidermal growth factor receptor,9606,,,IC50,uM,UO_0000065,,2.937
,,13851950,[],CHEMBL3095055,"Inhibition of EGFR T790M/L858M double mutant (unknown origin) expressed in baculovirus expression system using poly (Glu, Tyr) 4:1 as substrate after 60 mins by ELISA",B,P00533,"T790M,L858M",BAO_0000190,BAO_0000019,assay format,O=C(Nc1cc2c(Nc3ccc(F)c(Cl)c3)ncnc2cc1O[C@H]1CCOC1)N1CCC(N2CCCC2)CC1,,,CHEMBL3091333,Bioorg Med Chem,2013.0,"{'bei': '10.45', 'le': '0.20', 'lle': '0.37', 'sei': '6.31'}",,CHEMBL3092301,,CHEMBL3092301,5.80,0,http://www.openphacts.org/units/Nanomolar,1951970,=,1,1,=,,IC50,nM,,1594.0,CHEMBL203,Homo sapiens,Epidermal growth factor receptor,9606,,,IC50,uM,UO_0000065,,1.594
,,13851951,[],CHEMBL3095055,"Inhibition of EGFR T790M/L858M double mutant (unknown origin) expressed in baculovirus expression system using poly (Glu, Tyr) 4:1 as substrate after 60 mins by ELISA",B,P00533,"T790M,L858M",BAO_0000190,BAO_0000019,assay format,O=C(Nc1cc2c(Nc3ccc(F)c(Cl)c3)ncnc2cc1O[C@H]1CCOC1)N1CCC2(CC1)OCCO2,,,CHEMBL3091333,Bioorg Med Chem,2013.0,"{'bei': '9.72', 'le': '0.19', 'lle': '0.59', 'sei': '4.94'}",,CHEMBL3092300,,CHEMBL3092300,5.29,0,http://www.openphacts.org/units/Nanomolar,1951969,=,1,1,=,,IC50,nM,,5187.0,CHEMBL203,Homo sapiens,Epidermal growth factor receptor,9606,,,IC50,uM,UO_0000065,,5.187
,,13851952,[],CHEMBL3095055,"Inhibition of EGFR T790M/L858M double mutant (unknown origin) expressed in baculovirus expression system using poly (Glu, Tyr) 4:1 as substrate after 60 mins by ELISA",B,P00533,"T790M,L858M",BAO_0000190,BAO_0000019,assay format,O=C(Nc1cc2c(Nc3ccc(F)c(Cl)c3)ncnc2cc1O[C@H]1CCOC1)N1CCCC(F)(F)C1,,,CHEMBL3091333,Bioorg Med Chem,2013.0,"{'bei': '10.97', 'le': '0.22', 'lle': '0.12', 'sei': '6.46'}",,CHEMBL3092299,,CHEMBL3092299,5.72,0,http://www.openphacts.org/units/Nanomolar,1951968,=,1,1,=,,IC50,nM,,1891.0,CHEMBL203,Homo sapiens,Epidermal growth factor receptor,9606,,,IC50,uM,UO_0000065,,1.891
,,13851953,[],CHEMBL3095055,"Inhibition of EGFR T790M/L858M double mutant (unknown origin) expressed in baculovirus expression system using poly (Glu, Tyr) 4:1 as substrate after 60 mins by ELISA",B,P00533,"T790M,L858M",BAO_0000190,BAO_0000019,assay format,O=C(Nc1cc2c(Nc3ccc(F)c(Cl)c3)ncnc2cc1O[C@H]1CCOC1)N1CCC(F)(F)CC1,,,CHEMBL3091333,Bioorg Med Chem,2013.0,"{'bei': '10.11', 'le': '0.20', 'lle': '-0.33', 'sei': '5.95'}",,CHEMBL3092298,,CHEMBL3092298,5.28,0,http://www.openphacts.org/units/Nanomolar,1951967,=,1,1,=,,IC50,nM,,5311.0,CHEMBL203,Homo sapiens,Epidermal growth factor receptor,9606,,,IC50,uM,UO_0000065,,5.311
,,13851954,[],CHEMBL3095055,"Inhibition of EGFR T790M/L858M double mutant (unknown origin) expressed in baculovirus expression system using poly (Glu, Tyr) 4:1 as substrate after 60 mins by ELISA",B,P00533,"T790M,L858M",BAO_0000190,BAO_0000019,assay format,O=C(Nc1cc2c(Nc3ccc(F)c(Cl)c3)ncnc2cc1O[C@H]1CCOC1)N1CCC(F)CC1,,,CHEMBL3091333,Bioorg Med Chem,2013.0,"{'bei': '11.39', 'le': '0.22', 'lle': '0.44', 'sei': '6.48'}",,CHEMBL3092297,,CHEMBL3092297,5.74,0,http://www.openphacts.org/units/Nanomolar,1951966,=,1,1,=,,IC50,nM,,1824.0,CHEMBL203,Homo sapiens,Epidermal growth factor receptor,9606,,,IC50,uM,UO_0000065,,1.824
,,13851955,[],CHEMBL3095055,"Inhibition of EGFR T790M/L858M double mutant (unknown origin) expressed in baculovirus expression system using poly (Glu, Tyr) 4:1 as substrate after 60 mins by ELISA",B,P00533,"T790M,L858M",BAO_0000190,BAO_0000019,assay format,CN1CCN(C(=O)Nc2cc3c(Nc4ccc(F)c(Cl)c4)ncnc3cc2O[C@H]2CCOC2)CC1,,,CHEMBL3091333,Bioorg Med Chem,2013.0,"{'bei': '10.49', 'le': '0.20', 'lle': '1.14', 'sei': '5.72'}",,CHEMBL3092321,,CHEMBL3092321,5.25,0,http://www.openphacts.org/units/Nanomolar,1951992,=,1,1,=,,IC50,nM,,5578.0,CHEMBL203,Homo sapiens,Epidermal growth factor receptor,9606,,,IC50,uM,UO_0000065,,5.578
,,13851956,[],CHEMBL3095055,"Inhibition of EGFR T790M/L858M double mutant (unknown origin) expressed in baculovirus expression system using poly (Glu, Tyr) 4:1 as substrate after 60 mins by ELISA",B,P00533,"T790M,L858M",BAO_0000190,BAO_0000019,assay format,O=C(Nc1cc2c(Nc3ccc(F)c(Cl)c3)ncnc2cc1O[C@H]1CCOC1)N1CCC(F)(F)C1,,,CHEMBL3091333,Bioorg Med Chem,2013.0,"{'bei': '10.84', 'le': '0.21', 'lle': '0.30', 'sei': '6.21'}",,CHEMBL3092320,,CHEMBL3092320,5.51,0,http://www.openphacts.org/units/Nanomolar,1951991,=,1,1,=,,IC50,nM,,3121.0,CHEMBL203,Homo sapiens,Epidermal growth factor receptor,9606,,,IC50,uM,UO_0000065,,3.121
,,13851957,[],CHEMBL3095055,"Inhibition of EGFR T790M/L858M double mutant (unknown origin) expressed in baculovirus expression system using poly (Glu, Tyr) 4:1 as substrate after 60 mins by ELISA",B,P00533,"T790M,L858M",BAO_0000190,BAO_0000019,assay format,O=C(Nc1cc2c(Nc3ccc(F)c(Cl)c3)ncnc2cc1O[C@H]1CCOC1)N1CC(F)C1,,,CHEMBL3091333,Bioorg Med Chem,2013.0,"{'bei': '11.90', 'le': '0.23', 'lle': '1.14', 'sei': '6.39'}",,CHEMBL3092319,,CHEMBL3092319,5.67,0,http://www.openphacts.org/units/Nanomolar,1951990,=,1,1,=,,IC50,nM,,2165.0,CHEMBL203,Homo sapiens,Epidermal growth factor receptor,9606,,,IC50,uM,UO_0000065,,2.165
,,14652515,[],CHEMBL3266279,Inhibition of recombinant EGFR (unknown origin) using poly-GT peptide as substrate by Transcreener assay,B,,,BAO_0000190,BAO_0000357,single protein format,COc1cc2c(Oc3ccc(NS(=O)(=O)c4cccc(-c5cnn(C)c5)c4)cc3F)ccnc2cc1OCCCN1CCN(C)CC1,,,CHEMBL3259680,ACS Med Chem Lett,2014.0,"{'bei': '10.71', 'le': '0.21', 'lle': '1.69', 'sei': '6.37'}",,CHEMBL3263962,,CHEMBL3263962,7.08,0,http://www.openphacts.org/units/Nanomolar,2103050,=,1,1,=,,IC50,nM,,84.0,CHEMBL203,Homo sapiens,Epidermal growth factor receptor,9606,,,IC50,uM,UO_0000065,,0.084
,,14652516,[],CHEMBL3266279,Inhibition of recombinant EGFR (unknown origin) using poly-GT peptide as substrate by Transcreener assay,B,,,BAO_0000190,BAO_0000357,single protein format,COc1cc2c(Oc3ccc(NS(=O)(=O)c4cccc(-c5ccoc5)c4)cc3F)ccnc2cc1OCCCN1CCN(C)CC1,,,CHEMBL3259680,ACS Med Chem Lett,2014.0,"{'bei': '10.48', 'le': '0.20', 'lle': '0.52', 'sei': '6.37'}",,CHEMBL3263963,,CHEMBL3263963,6.78,0,http://www.openphacts.org/units/Nanomolar,2103051,=,1,1,=,,IC50,nM,,168.0,CHEMBL203,Homo sapiens,Epidermal growth factor receptor,9606,,,IC50,uM,UO_0000065,,0.168
,,14652517,[],CHEMBL3266279,Inhibition of recombinant EGFR (unknown origin) using poly-GT peptide as substrate by Transcreener assay,B,,,BAO_0000190,BAO_0000357,single protein format,COc1cc2c(Oc3ccc(NS(=O)(=O)c4cccc(-c5ccsc5)c4)cc3F)ccnc2cc1OCCCN1CCN(C)CC1,,,CHEMBL3259680,ACS Med Chem Lett,2014.0,"{'bei': '10.60', 'le': '0.21', 'lle': '0.31', 'sei': '7.54'}",,CHEMBL3263964,,CHEMBL3263964,7.03,0,http://www.openphacts.org/units/Nanomolar,2103052,=,1,1,=,,IC50,nM,,94.0,CHEMBL203,Homo sapiens,Epidermal growth factor receptor,9606,,,IC50,uM,UO_0000065,,0.094
,,14652518,[],CHEMBL3266279,Inhibition of recombinant EGFR (unknown origin) using poly-GT peptide as substrate by Transcreener assay,B,,,BAO_0000190,BAO_0000357,single protein format,COc1cc2c(Oc3ccc(NS(=O)(=O)c4cc(-c5ccsc5)ccc4F)cc3F)ccnc2cc1OCCCN1CCN(C)CC1,,,CHEMBL3259680,ACS Med Chem Lett,2014.0,"{'bei': '9.17', 'le': '0.18', 'lle': '-0.62', 'sei': '6.70'}",,CHEMBL3263965,,CHEMBL3263965,6.24,0,http://www.openphacts.org/units/Nanomolar,2103053,=,1,1,=,,IC50,nM,,572.0,CHEMBL203,Homo sapiens,Epidermal growth factor receptor,9606,,,IC50,uM,UO_0000065,,0.572
,,14652519,[],CHEMBL3266279,Inhibition of recombinant EGFR (unknown origin) using poly-GT peptide as substrate by Transcreener assay,B,,,BAO_0000190,BAO_0000357,single protein format,COc1cc2c(Oc3ccc(NS(=O)(=O)c4ccc(-c5cnn(C)c5)cc4)cc3F)ccnc2cc1OCCCN1CCN(C)CC1,,,CHEMBL3259680,ACS Med Chem Lett,2014.0,"{'bei': '8.11', 'le': '0.16', 'lle': '-0.03', 'sei': '4.83'}",,CHEMBL3263966,,CHEMBL3263966,5.36,0,http://www.openphacts.org/units/Nanomolar,2103054,=,1,1,=,,IC50,nM,,4354.0,CHEMBL203,Homo sapiens,Epidermal growth factor receptor,9606,,,IC50,uM,UO_0000065,,4.354
,,14652520,[],CHEMBL3266279,Inhibition of recombinant EGFR (unknown origin) using poly-GT peptide as substrate by Transcreener assay,B,,,BAO_0000190,BAO_0000357,single protein format,COc1cc2c(Oc3ccc(NS(=O)(=O)c4ccc(-c5ccsc5)cc4)cc3F)ccnc2cc1OCCCN1CCN(C)CC1,,,CHEMBL3259680,ACS Med Chem Lett,2014.0,"{'bei': '8.93', 'le': '0.18', 'lle': '-0.80', 'sei': '6.35'}",,CHEMBL3263967,,CHEMBL3263967,5.92,0,http://www.openphacts.org/units/Nanomolar,2103055,=,1,1,=,,IC50,nM,,1201.0,CHEMBL203,Homo sapiens,Epidermal growth factor receptor,9606,,,IC50,uM,UO_0000065,,1.201
,,14652521,[],CHEMBL3266279,Inhibition of recombinant EGFR (unknown origin) using poly-GT peptide as substrate by Transcreener assay,B,,,BAO_0000190,BAO_0000357,single protein format,COc1cc2c(Oc3ccc(NS(=O)(=O)c4cccc(-c5cccs5)c4)cc3F)ccnc2cc1OCCCN1CCN(C)CC1,,,CHEMBL3259680,ACS Med Chem Lett,2014.0,"{'bei': '9.02', 'le': '0.18', 'lle': '-0.74', 'sei': '6.41'}",,CHEMBL3263968,,CHEMBL3263968,5.98,0,http://www.openphacts.org/units/Nanomolar,2103056,=,1,1,=,,IC50,nM,,1052.0,CHEMBL203,Homo sapiens,Epidermal growth factor receptor,9606,,,IC50,uM,UO_0000065,,1.052
,,14652522,[],CHEMBL3266279,Inhibition of recombinant EGFR (unknown origin) using poly-GT peptide as substrate by Transcreener assay,B,,,BAO_0000190,BAO_0000357,single protein format,COc1cc2c(Oc3ccc(NS(=O)(=O)c4cccc(-c5ccco5)c4)cc3F)ccnc2cc1OCCCN1CCN(C)CC1,,,CHEMBL3259680,ACS Med Chem Lett,2014.0,"{'bei': '8.84', 'le': '0.17', 'lle': '-0.53', 'sei': '5.38'}",,CHEMBL3263969,,CHEMBL3263969,5.72,0,http://www.openphacts.org/units/Nanomolar,2103057,=,1,1,=,,IC50,nM,,1907.0,CHEMBL203,Homo sapiens,Epidermal growth factor receptor,9606,,,IC50,uM,UO_0000065,,1.907
,,14652523,[],CHEMBL3266279,Inhibition of recombinant EGFR (unknown origin) using poly-GT peptide as substrate by Transcreener assay,B,,,BAO_0000190,BAO_0000357,single protein format,C#Cc1cccc(Nc2ncnc3cc(OCCOC)c(OCCOC)cc23)c1,,,CHEMBL3259680,ACS Med Chem Lett,2014.0,"{'bei': '19.81', 'le': '0.37', 'lle': '4.39', 'sei': '10.43'}",,CHEMBL553,ERLOTINIB,CHEMBL553,7.80,0,http://www.openphacts.org/units/Nanomolar,2103058,=,1,1,=,,IC50,nM,,16.0,CHEMBL203,Homo sapiens,Epidermal growth factor receptor,9606,,,IC50,uM,UO_0000065,,0.016
,,14652524,[],CHEMBL3266279,Inhibition of recombinant EGFR (unknown origin) using poly-GT peptide as substrate by Transcreener assay,B,,,BAO_0000190,BAO_0000357,single protein format,CCOc1ccn(-c2ccc(F)cc2)c(=O)c1C(=O)Nc1ccc(Oc2ccnc(N)c2Cl)c(F)c1,,,CHEMBL3259680,ACS Med Chem Lett,2014.0,,,CHEMBL460702,BMS-777607,CHEMBL460702,,0,http://www.openphacts.org/units/Nanomolar,2103059,>,1,1,>,,IC50,nM,,12500.0,CHEMBL203,Homo sapiens,Epidermal growth factor receptor,9606,,,IC50,uM,UO_0000065,,12.5
,,14652525,[],CHEMBL3266279,Inhibition of recombinant EGFR (unknown origin) using poly-GT peptide as substrate by Transcreener assay,B,,,BAO_0000190,BAO_0000357,single protein format,C[C@]1(O)C[C@@H](c2nc(-c3ccc4ccc(-c5ccccc5)nc4c3)c3c(N)nccn32)C1,,,CHEMBL3259680,ACS Med Chem Lett,2014.0,,,CHEMBL1091644,LINSITINIB,CHEMBL1091644,,0,http://www.openphacts.org/units/Nanomolar,2103060,>,1,1,>,,IC50,nM,,12500.0,CHEMBL203,Homo sapiens,Epidermal growth factor receptor,9606,,,IC50,uM,UO_0000065,,12.5
,,14652526,[],CHEMBL3266279,Inhibition of recombinant EGFR (unknown origin) using poly-GT peptide as substrate by Transcreener assay,B,,,BAO_0000190,BAO_0000357,single protein format,C[C@@H](Oc1cc(-c2cnn(C3CCNCC3)c2)cnc1N)c1c(Cl)ccc(F)c1Cl,,,CHEMBL3259680,ACS Med Chem Lett,2014.0,,,CHEMBL601719,CRIZOTINIB,CHEMBL601719,,0,http://www.openphacts.org/units/Nanomolar,2103061,>,1,1,>,,IC50,nM,,12500.0,CHEMBL203,Homo sapiens,Epidermal growth factor receptor,9606,,,IC50,uM,UO_0000065,,12.5
,Not Determined,14652527,[],CHEMBL3266279,Inhibition of recombinant EGFR (unknown origin) using poly-GT peptide as substrate by Transcreener assay,B,,,BAO_0000190,BAO_0000357,single protein format,CN(C)C/C=C/C(=O)Nc1cc2c(Nc3ccc(F)c(Cl)c3)ncnc2cc1O[C@H]1CCOC1,,,CHEMBL3259680,ACS Med Chem Lett,2014.0,,,CHEMBL1173655,AFATINIB,CHEMBL1173655,,0,,2103062,,1,0,,,IC50,,,,CHEMBL203,Homo sapiens,Epidermal growth factor receptor,9606,,,IC50,,,,
,,14652528,[],CHEMBL3266280,Inhibition of recombinant EGFR L858R mutant (unknown origin) using poly-GT peptide as substrate after 1 hr by Transcreener assay,B,P00533,L858R,BAO_0000190,BAO_0000224,protein format,COc1cc2c(Oc3ccc(NC(=O)c4c(C)n(C)n(-c5ccccc5)c4=O)cc3F)ccnc2cc1OCCCN1CCOCC1,,,CHEMBL3259680,ACS Med Chem Lett,2014.0,,,CHEMBL3263958,,CHEMBL3263958,,0,http://www.openphacts.org/units/Nanomolar,2103046,>,1,1,>,,IC50,nM,,16000.0,CHEMBL203,Homo sapiens,Epidermal growth factor receptor,9606,,,IC50,uM,UO_0000065,,16.0
,,14652529,[],CHEMBL3266280,Inhibition of recombinant EGFR L858R mutant (unknown origin) using poly-GT peptide as substrate after 1 hr by Transcreener assay,B,P00533,L858R,BAO_0000190,BAO_0000224,protein format,COc1cc2c(Oc3ccc(NC(=O)c4c(C)n(C)n(-c5ccccc5)c4=O)cc3F)ccnc2cc1OCCCN1CCN(C)CC1,,,CHEMBL3259680,ACS Med Chem Lett,2014.0,,,CHEMBL3263959,,CHEMBL3263959,,0,http://www.openphacts.org/units/Nanomolar,2103047,>,1,1,>,,IC50,nM,,16000.0,CHEMBL203,Homo sapiens,Epidermal growth factor receptor,9606,,,IC50,uM,UO_0000065,,16.0
,,14652530,[],CHEMBL3266280,Inhibition of recombinant EGFR L858R mutant (unknown origin) using poly-GT peptide as substrate after 1 hr by Transcreener assay,B,P00533,L858R,BAO_0000190,BAO_0000224,protein format,COc1cc2c(Oc3ccc(NS(=O)(=O)c4cccc(-c5ccoc5)c4)cc3F)ccnc2cc1OCCCN1CCOCC1,,,CHEMBL3259680,ACS Med Chem Lett,2014.0,"{'bei': '8.74', 'le': '0.17', 'lle': '-0.80', 'sei': '4.93'}",,CHEMBL3263960,,CHEMBL3263960,5.54,0,http://www.openphacts.org/units/Nanomolar,2103048,=,1,1,=,,IC50,nM,,2895.0,CHEMBL203,Homo sapiens,Epidermal growth factor receptor,9606,,,IC50,uM,UO_0000065,,2.895
,,14652531,[],CHEMBL3266280,Inhibition of recombinant EGFR L858R mutant (unknown origin) using poly-GT peptide as substrate after 1 hr by Transcreener assay,B,P00533,L858R,BAO_0000190,BAO_0000224,protein format,COc1cc2c(Oc3ccc(NS(=O)(=O)c4cccc(-c5cnn(C)c5)c4)cc3F)ccnc2cc1OCCCN1CCOCC1,,,CHEMBL3259680,ACS Med Chem Lett,2014.0,"{'bei': '8.81', 'le': '0.17', 'lle': '0.23', 'sei': '4.88'}",,CHEMBL3263961,,CHEMBL3263961,5.71,0,http://www.openphacts.org/units/Nanomolar,2103049,=,1,1,=,,IC50,nM,,1969.0,CHEMBL203,Homo sapiens,Epidermal growth factor receptor,9606,,,IC50,uM,UO_0000065,,1.969
,,14652532,[],CHEMBL3266280,Inhibition of recombinant EGFR L858R mutant (unknown origin) using poly-GT peptide as substrate after 1 hr by Transcreener assay,B,P00533,L858R,BAO_0000190,BAO_0000224,protein format,COc1cc2c(Oc3ccc(NS(=O)(=O)c4cccc(-c5cnn(C)c5)c4)cc3F)ccnc2cc1OCCCN1CCN(C)CC1,,,CHEMBL3259680,ACS Med Chem Lett,2014.0,"{'bei': '9.74', 'le': '0.19', 'lle': '1.04', 'sei': '5.79'}",,CHEMBL3263962,,CHEMBL3263962,6.43,0,http://www.openphacts.org/units/Nanomolar,2103050,=,1,1,=,,IC50,nM,,369.0,CHEMBL203,Homo sapiens,Epidermal growth factor receptor,9606,,,IC50,uM,UO_0000065,,0.369
,,14652533,[],CHEMBL3266280,Inhibition of recombinant EGFR L858R mutant (unknown origin) using poly-GT peptide as substrate after 1 hr by Transcreener assay,B,P00533,L858R,BAO_0000190,BAO_0000224,protein format,COc1cc2c(Oc3ccc(NS(=O)(=O)c4cccc(-c5ccoc5)c4)cc3F)ccnc2cc1OCCCN1CCN(C)CC1,,,CHEMBL3259680,ACS Med Chem Lett,2014.0,"{'bei': '10.12', 'le': '0.19', 'lle': '0.30', 'sei': '6.16'}",,CHEMBL3263963,,CHEMBL3263963,6.55,0,http://www.openphacts.org/units/Nanomolar,2103051,=,1,1,=,,IC50,nM,,283.0,CHEMBL203,Homo sapiens,Epidermal growth factor receptor,9606,,,IC50,uM,UO_0000065,,0.283
,,14652534,[],CHEMBL3266280,Inhibition of recombinant EGFR L858R mutant (unknown origin) using poly-GT peptide as substrate after 1 hr by Transcreener assay,B,P00533,L858R,BAO_0000190,BAO_0000224,protein format,COc1cc2c(Oc3ccc(NS(=O)(=O)c4cccc(-c5ccsc5)c4)cc3F)ccnc2cc1OCCCN1CCN(C)CC1,,,CHEMBL3259680,ACS Med Chem Lett,2014.0,"{'bei': '9.82', 'le': '0.19', 'lle': '-0.21', 'sei': '6.98'}",,CHEMBL3263964,,CHEMBL3263964,6.51,0,http://www.openphacts.org/units/Nanomolar,2103052,=,1,1,=,,IC50,nM,,310.0,CHEMBL203,Homo sapiens,Epidermal growth factor receptor,9606,,,IC50,uM,UO_0000065,,0.31
,,15685156,[],CHEMBL3606404,Inhibition of EGFR L858R mutant (unknown origin) expressed in Sf9 cells pre-incubated for 60 mins before substrate and ATP addition by homogeneous time-resolved FRET assay,B,P00533,L858R,BAO_0000190,BAO_0000219,cell-based format,C=CC(=O)Nc1cccc(Oc2nccc(Nc3cc(C)[nH]n3)n2)c1,,,CHEMBL3603765,J Med Chem,2015.0,"{'bei': '17.08', 'le': '0.31', 'lle': '2.57', 'sei': '5.48'}",,CHEMBL3604931,,CHEMBL3604931,5.75,0,http://www.openphacts.org/units/Nanomolar,2494940,=,1,1,=,,IC50,nM,,1800.0,CHEMBL203,Homo sapiens,Epidermal growth factor receptor,9606,,,IC50,uM,UO_0000065,,1.8
,,15685157,[],CHEMBL3606404,Inhibition of EGFR L858R mutant (unknown origin) expressed in Sf9 cells pre-incubated for 60 mins before substrate and ATP addition by homogeneous time-resolved FRET assay,B,P00533,L858R,BAO_0000190,BAO_0000219,cell-based format,CCC(=O)Nc1cccc(Oc2nccc(Nc3cc(C)[nH]n3)n2)c1,,,CHEMBL3603765,J Med Chem,2015.0,,,CHEMBL3604932,,CHEMBL3604932,,0,http://www.openphacts.org/units/Nanomolar,2494941,>,1,1,>,,IC50,nM,,10000.0,CHEMBL203,Homo sapiens,Epidermal growth factor receptor,9606,,,IC50,uM,UO_0000065,,10.0
,,15685158,[],CHEMBL3606404,Inhibition of EGFR L858R mutant (unknown origin) expressed in Sf9 cells pre-incubated for 60 mins before substrate and ATP addition by homogeneous time-resolved FRET assay,B,P00533,L858R,BAO_0000190,BAO_0000219,cell-based format,C=CC(=O)Nc1cccc(Oc2nc(Nc3cc[nH]n3)cc(N3CCN(C)CC3)n2)c1,,,CHEMBL3603765,J Med Chem,2015.0,"{'bei': '13.55', 'le': '0.25', 'lle': '3.09', 'sei': '5.12'}",,CHEMBL3604933,,CHEMBL3604933,5.70,0,http://www.openphacts.org/units/Nanomolar,2494942,=,1,1,=,,IC50,nM,,2000.0,CHEMBL203,Homo sapiens,Epidermal growth factor receptor,9606,,,IC50,uM,UO_0000065,,2.0
,,15685159,[],CHEMBL3606404,Inhibition of EGFR L858R mutant (unknown origin) expressed in Sf9 cells pre-incubated for 60 mins before substrate and ATP addition by homogeneous time-resolved FRET assay,B,P00533,L858R,BAO_0000190,BAO_0000219,cell-based format,CCC(=O)Nc1cccc(Oc2nc(Nc3cc[nH]n3)cc(N3CCN(C)CC3)n2)c1,,,CHEMBL3603765,J Med Chem,2015.0,,,CHEMBL3604934,,CHEMBL3604934,,0,http://www.openphacts.org/units/Nanomolar,2494943,>,1,1,>,,IC50,nM,,10000.0,CHEMBL203,Homo sapiens,Epidermal growth factor receptor,9606,,,IC50,uM,UO_0000065,,10.0
,,15685160,[],CHEMBL3606404,Inhibition of EGFR L858R mutant (unknown origin) expressed in Sf9 cells pre-incubated for 60 mins before substrate and ATP addition by homogeneous time-resolved FRET assay,B,P00533,L858R,BAO_0000190,BAO_0000219,cell-based format,Cc1cc(Nc2cc(N3CCN(C)CC3)nc(Oc3ccc(NC(=O)/C=C/CN(C)C)cc3)n2)n[nH]1,,,CHEMBL3603765,J Med Chem,2015.0,"{'bei': '11.69', 'le': '0.22', 'lle': '2.89', 'sei': '5.02'}",,CHEMBL3604935,,CHEMBL3604935,5.75,0,http://www.openphacts.org/units/Nanomolar,2494944,=,1,1,=,,IC50,nM,,1800.0,CHEMBL203,Homo sapiens,Epidermal growth factor receptor,9606,,,IC50,uM,UO_0000065,,1.8
,,15685161,[],CHEMBL3606404,Inhibition of EGFR L858R mutant (unknown origin) expressed in Sf9 cells pre-incubated for 60 mins before substrate and ATP addition by homogeneous time-resolved FRET assay,B,P00533,L858R,BAO_0000190,BAO_0000219,cell-based format,Cc1cc(Nc2cc(N3CCN(C)CC3)nc(Oc3ccc(NC(=O)/C=C/C(F)(F)F)cc3)n2)n[nH]1,,,CHEMBL3603765,J Med Chem,2015.0,"{'bei': '11.30', 'le': '0.22', 'lle': '1.83', 'sei': '5.10'}",,CHEMBL3604936,,CHEMBL3604936,5.68,0,http://www.openphacts.org/units/Nanomolar,2494945,=,1,1,=,,IC50,nM,,2100.0,CHEMBL203,Homo sapiens,Epidermal growth factor receptor,9606,,,IC50,uM,UO_0000065,,2.1
,,15685162,[],CHEMBL3606404,Inhibition of EGFR L858R mutant (unknown origin) expressed in Sf9 cells pre-incubated for 60 mins before substrate and ATP addition by homogeneous time-resolved FRET assay,B,P00533,L858R,BAO_0000190,BAO_0000219,cell-based format,C=CC(=O)Nc1cccc(Oc2nc(Nc3n[nH]c4ccccc34)cc(N3CCN(C)CC3)n2)c1,,,CHEMBL3603765,J Med Chem,2015.0,"{'bei': '13.39', 'le': '0.25', 'lle': '2.53', 'sei': '5.66'}",,CHEMBL3604937,,CHEMBL3604937,6.30,0,http://www.openphacts.org/units/Nanomolar,2494946,=,1,1,=,,IC50,nM,,500.0,CHEMBL203,Homo sapiens,Epidermal growth factor receptor,9606,,,IC50,uM,UO_0000065,,0.5
,,15685163,[],CHEMBL3606404,Inhibition of EGFR L858R mutant (unknown origin) expressed in Sf9 cells pre-incubated for 60 mins before substrate and ATP addition by homogeneous time-resolved FRET assay,B,P00533,L858R,BAO_0000190,BAO_0000219,cell-based format,CCC(=O)Nc1cccc(Oc2nc(Nc3n[nH]c4ccccc34)cc(N3CCN(C)CC3)n2)c1,,,CHEMBL3603765,J Med Chem,2015.0,,,CHEMBL3604938,,CHEMBL3604938,,0,http://www.openphacts.org/units/Nanomolar,2494947,>,1,1,>,,IC50,nM,,10000.0,CHEMBL203,Homo sapiens,Epidermal growth factor receptor,9606,,,IC50,uM,UO_0000065,,10.0
,,15685164,[],CHEMBL3606404,Inhibition of EGFR L858R mutant (unknown origin) expressed in Sf9 cells pre-incubated for 60 mins before substrate and ATP addition by homogeneous time-resolved FRET assay,B,P00533,L858R,BAO_0000190,BAO_0000219,cell-based format,CN(C)C/C=C/C(=O)Nc1cccc(Oc2nc(Nc3n[nH]c4ccccc34)cc(N3CCN(C)CC3)n2)c1,,,CHEMBL3603765,J Med Chem,2015.0,"{'bei': '10.32', 'le': '0.19', 'lle': '1.74', 'sei': '4.75'}",,CHEMBL3604939,,CHEMBL3604939,5.44,0,http://www.openphacts.org/units/Nanomolar,2494948,=,1,1,=,,IC50,nM,,3600.0,CHEMBL203,Homo sapiens,Epidermal growth factor receptor,9606,,,IC50,uM,UO_0000065,,3.6
,,15685165,[],CHEMBL3606404,Inhibition of EGFR L858R mutant (unknown origin) expressed in Sf9 cells pre-incubated for 60 mins before substrate and ATP addition by homogeneous time-resolved FRET assay,B,P00533,L858R,BAO_0000190,BAO_0000219,cell-based format,C=CC(=O)Nc1cccc(Oc2nc(Nc3n[nH]c4ccc(Br)cc34)cc(N3CCN(C)CC3)n2)c1,,,CHEMBL3603765,J Med Chem,2015.0,"{'bei': '11.64', 'le': '0.24', 'lle': '1.87', 'sei': '5.75'}",,CHEMBL3604940,,CHEMBL3604940,6.40,0,http://www.openphacts.org/units/Nanomolar,2494949,=,1,1,=,,IC50,nM,,400.0,CHEMBL203,Homo sapiens,Epidermal growth factor receptor,9606,,,IC50,uM,UO_0000065,,0.4
,,15685166,[],CHEMBL3606404,Inhibition of EGFR L858R mutant (unknown origin) expressed in Sf9 cells pre-incubated for 60 mins before substrate and ATP addition by homogeneous time-resolved FRET assay,B,P00533,L858R,BAO_0000190,BAO_0000219,cell-based format,C=CC(=O)Nc1cccc(Oc2nc(Nc3n[nH]c4ccccc34)cc(N3CCN(C(C)=O)CC3)n2)c1,,,CHEMBL3603765,J Med Chem,2015.0,"{'bei': '12.48', 'le': '0.23', 'lle': '2.54', 'sei': '4.85'}",,CHEMBL3604941,,CHEMBL3604941,6.22,0,http://www.openphacts.org/units/Nanomolar,2494950,=,1,1,=,,IC50,nM,,600.0,CHEMBL203,Homo sapiens,Epidermal growth factor receptor,9606,,,IC50,uM,UO_0000065,,0.6
,,15685167,[],CHEMBL3606404,Inhibition of EGFR L858R mutant (unknown origin) expressed in Sf9 cells pre-incubated for 60 mins before substrate and ATP addition by homogeneous time-resolved FRET assay,B,P00533,L858R,BAO_0000190,BAO_0000219,cell-based format,C=CC(=O)Nc1cc(Nc2nccc(-c3cn(C)c4ccccc34)n2)c(OC)cc1N1CCN(C)CC1,,,CHEMBL3603765,J Med Chem,2015.0,"{'bei': '18.09', 'le': '0.33', 'lle': '4.74', 'sei': '10.28'}",,CHEMBL3604943,,CHEMBL3604943,9.00,0,http://www.openphacts.org/units/Nanomolar,2494953,=,1,1,=,,IC50,nM,,1.0,CHEMBL203,Homo sapiens,Epidermal growth factor receptor,9606,,,IC50,uM,UO_0000065,,0.001
,,15685168,[],CHEMBL3606404,Inhibition of EGFR L858R mutant (unknown origin) expressed in Sf9 cells pre-incubated for 60 mins before substrate and ATP addition by homogeneous time-resolved FRET assay,B,P00533,L858R,BAO_0000190,BAO_0000219,cell-based format,C=CC(=O)Nc1cccc(Nc2nc(Nc3ccc(N4CCN(C(C)=O)CC4)cc3OC)ncc2C(F)(F)F)c1,,,CHEMBL3603765,J Med Chem,2015.0,"{'bei': '15.66', 'le': '0.30', 'lle': '3.92', 'sei': '7.79'}",,CHEMBL3545308,ROCILETINIB,CHEMBL3545308,8.70,0,http://www.openphacts.org/units/Nanomolar,2494952,=,1,1,=,,IC50,nM,,2.0,CHEMBL203,Homo sapiens,Epidermal growth factor receptor,9606,,,IC50,uM,UO_0000065,,0.002
,,15685169,[],CHEMBL3606404,Inhibition of EGFR L858R mutant (unknown origin) expressed in Sf9 cells pre-incubated for 60 mins before substrate and ATP addition by homogeneous time-resolved FRET assay,B,P00533,L858R,BAO_0000190,BAO_0000219,cell-based format,COc1cc2ncnc(Nc3ccc(F)c(Cl)c3)c2cc1OCCCN1CCOCC1,,,CHEMBL3603765,J Med Chem,2015.0,,,CHEMBL939,GEFITINIB,CHEMBL939,,1,http://www.openphacts.org/units/Nanomolar,2494954,<,1,1,<,,IC50,nM,,1.0,CHEMBL203,Homo sapiens,Epidermal growth factor receptor,9606,,,IC50,uM,UO_0000065,,0.001
,,15685170,[],CHEMBL3606404,Inhibition of EGFR L858R mutant (unknown origin) expressed in Sf9 cells pre-incubated for 60 mins before substrate and ATP addition by homogeneous time-resolved FRET assay,B,P00533,L858R,BAO_0000190,BAO_0000219,cell-based format,C=CC(=O)Nc1cccc(Oc2nc(Nc3ccc(N4CCN(C)CC4)cc3OC)ncc2Cl)c1,,,CHEMBL3603765,J Med Chem,2015.0,,,CHEMBL1229592,,CHEMBL1229592,,0,http://www.openphacts.org/units/Nanomolar,2494955,<,1,1,<,,IC50,nM,,1.0,CHEMBL203,Homo sapiens,Epidermal growth factor receptor,9606,,,IC50,uM,UO_0000065,,0.001
,,15685171,[],CHEMBL3606405,Inhibition of EGFR L858R/T790M mutant (unknown origin) expressed in Sf9 cells pre-incubated for 60 mins before substrate and ATP addition by homogeneous time-resolved FRET assay,B,P00533,"L858R,T790M",BAO_0000190,BAO_0000219,cell-based format,C=CC(=O)Nc1cccc(-c2nccc(Nc3cc(C)[nH]n3)n2)c1,,,CHEMBL3603765,J Med Chem,2015.0,"{'bei': '17.49', 'le': '0.32', 'lle': '2.56', 'sei': '5.86'}",,CHEMBL3604919,,CHEMBL3604919,5.60,0,http://www.openphacts.org/units/Nanomolar,2494928,=,1,1,=,,IC50,nM,,2500.0,CHEMBL203,Homo sapiens,Epidermal growth factor receptor,9606,,,IC50,uM,UO_0000065,,2.5
,,15685172,[],CHEMBL3606405,Inhibition of EGFR L858R/T790M mutant (unknown origin) expressed in Sf9 cells pre-incubated for 60 mins before substrate and ATP addition by homogeneous time-resolved FRET assay,B,P00533,"L858R,T790M",BAO_0000190,BAO_0000219,cell-based format,C=CC(=O)Nc1cccc(-c2nc(Nc3n[nH]c4ccccc34)cc(N3CCN(C)CC3)n2)c1,,,CHEMBL3603765,J Med Chem,2015.0,"{'bei': '11.68', 'le': '0.21', 'lle': '1.67', 'sei': '5.20'}",,CHEMBL3604942,,CHEMBL3604942,5.31,0,http://www.openphacts.org/units/Nanomolar,2494951,=,1,1,=,,IC50,nM,,4900.0,CHEMBL203,Homo sapiens,Epidermal growth factor receptor,9606,,,IC50,uM,UO_0000065,,4.9
,,15685173,[],CHEMBL3606405,Inhibition of EGFR L858R/T790M mutant (unknown origin) expressed in Sf9 cells pre-incubated for 60 mins before substrate and ATP addition by homogeneous time-resolved FRET assay,B,P00533,"L858R,T790M",BAO_0000190,BAO_0000219,cell-based format,C=CC(=O)Nc1ccc2c(Nc3cc[nH]n3)nc(-c3ccccc3)nc2c1,,,CHEMBL3603765,J Med Chem,2015.0,"{'bei': '15.87', 'le': '0.29', 'lle': '1.77', 'sei': '5.92'}",,CHEMBL1232944,,CHEMBL1232944,5.66,0,http://www.openphacts.org/units/Nanomolar,2494918,=,1,1,=,,IC50,nM,,2200.0,CHEMBL203,Homo sapiens,Epidermal growth factor receptor,9606,,,IC50,uM,UO_0000065,,2.2
,,15685174,[],CHEMBL3606405,Inhibition of EGFR L858R/T790M mutant (unknown origin) expressed in Sf9 cells pre-incubated for 60 mins before substrate and ATP addition by homogeneous time-resolved FRET assay,B,P00533,"L858R,T790M",BAO_0000190,BAO_0000219,cell-based format,CCC(=O)Nc1ccc2c(Nc3cc[nH]n3)nc(-c3ccccc3)nc2c1,,,CHEMBL3603765,J Med Chem,2015.0,"{'bei': '15.79', 'le': '0.29', 'lle': '1.55', 'sei': '5.92'}",,CHEMBL3604910,,CHEMBL3604910,5.66,0,http://www.openphacts.org/units/Nanomolar,2494919,=,1,1,=,,IC50,nM,,2200.0,CHEMBL203,Homo sapiens,Epidermal growth factor receptor,9606,,,IC50,uM,UO_0000065,,2.2
,,15685175,[],CHEMBL3606405,Inhibition of EGFR L858R/T790M mutant (unknown origin) expressed in Sf9 cells pre-incubated for 60 mins before substrate and ATP addition by homogeneous time-resolved FRET assay,B,P00533,"L858R,T790M",BAO_0000190,BAO_0000219,cell-based format,C=CC(=O)Nc1ccccc1-c1nc(Nc2cc[nH]n2)c2ccccc2n1,,,CHEMBL3603765,J Med Chem,2015.0,"{'bei': '16.72', 'le': '0.30', 'lle': '2.07', 'sei': '6.23'}",,CHEMBL3604911,,CHEMBL3604911,5.96,0,http://www.openphacts.org/units/Nanomolar,2494920,=,1,1,=,,IC50,nM,,1100.0,CHEMBL203,Homo sapiens,Epidermal growth factor receptor,9606,,,IC50,uM,UO_0000065,,1.1
,,16398688,[],CHEMBL3744325,Inhibition of EGFR (unknown origin) by microfluidic assay relative to control,B,,,BAO_0000190,BAO_0000357,single protein format,Cc1ccc(-n2cc3c(-c4c(C)[nH]c(-c5ccccc5)c4-c4ccccc4)nnc(C)c3n2)cc1,,,CHEMBL3739348,Medchemcomm,2015.0,"{'bei': '11.56', 'le': '0.21', 'lle': '-1.80', 'sei': '8.87'}",,CHEMBL3742060,,CHEMBL3742060,5.26,0,http://www.openphacts.org/units/Nanomolar,2739146,=,1,1,=,,IC50,nM,,5430.0,CHEMBL203,Homo sapiens,Epidermal growth factor receptor,9606,,,IC50,uM,UO_0000065,,5.43
,,16398689,[],CHEMBL3744325,Inhibition of EGFR (unknown origin) by microfluidic assay relative to control,B,,,BAO_0000190,BAO_0000357,single protein format,Cc1[nH]c(-c2ccccc2)c(-c2ccccc2)c1-c1nnc(C)c2nn(-c3ccc(Cl)cc3)cc12,,,CHEMBL3739348,Medchemcomm,2015.0,"{'bei': '11.75', 'le': '0.22', 'lle': '-1.82', 'sei': '9.42'}",,CHEMBL3741655,,CHEMBL3741655,5.59,0,http://www.openphacts.org/units/Nanomolar,2739147,=,1,1,=,,IC50,nM,,2550.0,CHEMBL203,Homo sapiens,Epidermal growth factor receptor,9606,,,IC50,uM,UO_0000065,,2.55
,,16398690,[],CHEMBL3744325,Inhibition of EGFR (unknown origin) by microfluidic assay relative to control,B,,,BAO_0000190,BAO_0000357,single protein format,Oc1nnc(-c2c[nH]c(-c3ccccc3)c2-c2ccccc2)c2cn(-c3ccccc3)nc12,,,CHEMBL3739348,Medchemcomm,2015.0,"{'bei': '12.68', 'le': '0.23', 'lle': '-0.41', 'sei': '6.84'}",,CHEMBL3740923,,CHEMBL3740923,5.44,0,http://www.openphacts.org/units/Nanomolar,2739148,=,1,1,=,,IC50,nM,,3600.0,CHEMBL203,Homo sapiens,Epidermal growth factor receptor,9606,,,IC50,uM,UO_0000065,,3.6
,,16398691,[],CHEMBL3744325,Inhibition of EGFR (unknown origin) by microfluidic assay relative to control,B,,,BAO_0000190,BAO_0000357,single protein format,Cc1ccc(-n2cc3c(-c4c[nH]c(-c5ccccc5)c4-c4ccccc4)nnc(O)c3n2)cc1,,,CHEMBL3739348,Medchemcomm,2015.0,"{'bei': '12.32', 'le': '0.22', 'lle': '-0.70', 'sei': '6.86'}",,CHEMBL3739586,,CHEMBL3739586,5.46,0,http://www.openphacts.org/units/Nanomolar,2739149,=,1,1,=,,IC50,nM,,3450.0,CHEMBL203,Homo sapiens,Epidermal growth factor receptor,9606,,,IC50,uM,UO_0000065,,3.45
,,16398692,[],CHEMBL3744325,Inhibition of EGFR (unknown origin) by microfluidic assay relative to control,B,,,BAO_0000190,BAO_0000357,single protein format,Oc1nnc(-c2c[nH]c(-c3ccccc3)c2-c2ccccc2)c2cn(-c3ccc(Cl)cc3)nc12,,,CHEMBL3739348,Medchemcomm,2015.0,"{'bei': '11.55', 'le': '0.22', 'lle': '-1.14', 'sei': '6.73'}",,CHEMBL3742200,,CHEMBL3742200,5.36,0,http://www.openphacts.org/units/Nanomolar,2739150,=,1,1,=,,IC50,nM,,4390.0,CHEMBL203,Homo sapiens,Epidermal growth factor receptor,9606,,,IC50,uM,UO_0000065,,4.39
,,16398693,[],CHEMBL3744325,Inhibition of EGFR (unknown origin) by microfluidic assay relative to control,B,,,BAO_0000190,BAO_0000357,single protein format,Cc1[nH]c(-c2ccccc2)c(-c2ccccc2)c1-c1ccc(NC(=O)c2ccccc2)c(=O)o1,,,CHEMBL3739348,Medchemcomm,2015.0,"{'bei': '12.41', 'le': '0.22', 'lle': '-0.99', 'sei': '7.38'}",,CHEMBL3740003,,CHEMBL3740003,5.54,0,http://www.openphacts.org/units/Nanomolar,2739151,=,1,1,=,,IC50,nM,,2890.0,CHEMBL203,Homo sapiens,Epidermal growth factor receptor,9606,,,IC50,uM,UO_0000065,,2.89
,,16398694,[],CHEMBL3744325,Inhibition of EGFR (unknown origin) by microfluidic assay relative to control,B,,,BAO_0000190,BAO_0000357,single protein format,Cc1c(C(=O)c2coc3ccc(O)cc23)[nH]c(-c2ccccc2)c1-c1ccccc1,,,CHEMBL3739348,Medchemcomm,2015.0,"{'bei': '13.81', 'le': '0.25', 'lle': '-0.90', 'sei': '8.21'}",,CHEMBL3741960,,CHEMBL3741960,5.43,0,http://www.openphacts.org/units/Nanomolar,2739152,=,1,1,=,,IC50,nM,,3670.0,CHEMBL203,Homo sapiens,Epidermal growth factor receptor,9606,,,IC50,uM,UO_0000065,,3.67
,,16398695,[],CHEMBL3744325,Inhibition of EGFR (unknown origin) by microfluidic assay relative to control,B,,,BAO_0000190,BAO_0000357,single protein format,Cc1c(C(=O)c2coc3c2cc(O)c2ccccc23)[nH]c(-c2ccccc2)c1-c1ccccc1,,,CHEMBL3739348,Medchemcomm,2015.0,"{'bei': '11.93', 'le': '0.21', 'lle': '-2.20', 'sei': '7.99'}",,CHEMBL3740492,,CHEMBL3740492,5.29,0,http://www.openphacts.org/units/Nanomolar,2739153,=,1,1,=,,IC50,nM,,5100.0,CHEMBL203,Homo sapiens,Epidermal growth factor receptor,9606,,,IC50,uM,UO_0000065,,5.1
,,16404680,[],CHEMBL3743364,Inhibition of human recombinant EGFR T790M/L858R double mutant preincubated for 10 mins followed by FAM-labeled peptide/ATP addition measured after 1 hr by mobility shift assay,B,P00533,"L858R,T790M",BAO_0000190,BAO_0000224,protein format,C=CC(=O)Nc1cccc(Nc2nc(N/N=C/c3ccc(F)cc3)ncc2Cl)c1,,,CHEMBL3739350,Eur J Med Chem,2015.0,"{'bei': '14.76', 'le': '0.29', 'lle': '1.49', 'sei': '6.64'}",,CHEMBL3740577,,CHEMBL3740577,6.07,0,http://www.openphacts.org/units/Nanomolar,2737387,=,1,1,=,,IC50,nM,,860.0,CHEMBL203,Homo sapiens,Epidermal growth factor receptor,9606,,,IC50,uM,UO_0000065,,0.86
,,16404681,[],CHEMBL3743364,Inhibition of human recombinant EGFR T790M/L858R double mutant preincubated for 10 mins followed by FAM-labeled peptide/ATP addition measured after 1 hr by mobility shift assay,B,P00533,"L858R,T790M",BAO_0000190,BAO_0000224,protein format,C=CC(=O)Nc1cccc(Nc2nc(N/N=C/c3ccccc3F)ncc2Cl)c1,,,CHEMBL3739350,Eur J Med Chem,2015.0,"{'bei': '14.17', 'le': '0.27', 'lle': '1.24', 'sei': '6.38'}",,CHEMBL3739812,,CHEMBL3739812,5.82,0,http://www.openphacts.org/units/Nanomolar,2737388,=,1,1,=,,IC50,nM,,1510.0,CHEMBL203,Homo sapiens,Epidermal growth factor receptor,9606,,,IC50,uM,UO_0000065,,1.51
,,16404682,[],CHEMBL3743364,Inhibition of human recombinant EGFR T790M/L858R double mutant preincubated for 10 mins followed by FAM-labeled peptide/ATP addition measured after 1 hr by mobility shift assay,B,P00533,"L858R,T790M",BAO_0000190,BAO_0000224,protein format,C=CC(=O)Nc1cccc(Nc2nc(N/N=C/c3ccc(F)cc3F)ncc2Cl)c1,,,CHEMBL3739350,Eur J Med Chem,2015.0,"{'bei': '11.51', 'le': '0.22', 'lle': '0.22', 'sei': '5.41'}",,CHEMBL3740614,,CHEMBL3740614,4.94,0,http://www.openphacts.org/units/Nanomolar,2737503,=,1,1,=,,IC50,nM,,11570.0,CHEMBL203,Homo sapiens,Epidermal growth factor receptor,9606,,,IC50,uM,UO_0000065,,11.57
,,16404683,[],CHEMBL3743364,Inhibition of human recombinant EGFR T790M/L858R double mutant preincubated for 10 mins followed by FAM-labeled peptide/ATP addition measured after 1 hr by mobility shift assay,B,P00533,"L858R,T790M",BAO_0000190,BAO_0000224,protein format,C=CC(=O)Nc1cccc(Nc2nc(N/N=C(\C)c3ccc(F)cc3)ncc2Cl)c1,,,CHEMBL3739350,Eur J Med Chem,2015.0,"{'bei': '13.59', 'le': '0.26', 'lle': '0.80', 'sei': '6.32'}",,CHEMBL3741245,,CHEMBL3741245,5.78,0,http://www.openphacts.org/units/Nanomolar,2737505,=,1,1,=,,IC50,nM,,1680.0,CHEMBL203,Homo sapiens,Epidermal growth factor receptor,9606,,,IC50,uM,UO_0000065,,1.68
,,16404684,[],CHEMBL3743364,Inhibition of human recombinant EGFR T790M/L858R double mutant preincubated for 10 mins followed by FAM-labeled peptide/ATP addition measured after 1 hr by mobility shift assay,B,P00533,"L858R,T790M",BAO_0000190,BAO_0000224,protein format,C=CC(=O)Nc1cccc(Nc2nc(N/N=C(\C)c3ccc(F)cc3F)ncc2Cl)c1,,,CHEMBL3739350,Eur J Med Chem,2015.0,"{'bei': '12.74', 'le': '0.25', 'lle': '0.53', 'sei': '6.18'}",,CHEMBL3740257,,CHEMBL3740257,5.64,0,http://www.openphacts.org/units/Nanomolar,2737506,=,1,1,=,,IC50,nM,,2270.0,CHEMBL203,Homo sapiens,Epidermal growth factor receptor,9606,,,IC50,uM,UO_0000065,,2.27
,,16404685,[],CHEMBL3743364,Inhibition of human recombinant EGFR T790M/L858R double mutant preincubated for 10 mins followed by FAM-labeled peptide/ATP addition measured after 1 hr by mobility shift assay,B,P00533,"L858R,T790M",BAO_0000190,BAO_0000224,protein format,C=CC(=O)Nc1cccc(Nc2nc(N/N=C(\C)c3ccc(C)cc3)ncc2Cl)c1,,,CHEMBL3739350,Eur J Med Chem,2015.0,"{'bei': '12.46', 'le': '0.24', 'lle': '0.11', 'sei': '5.75'}",,CHEMBL3741796,,CHEMBL3741796,5.25,0,http://www.openphacts.org/units/Nanomolar,2737507,=,1,1,=,,IC50,nM,,5670.0,CHEMBL203,Homo sapiens,Epidermal growth factor receptor,9606,,,IC50,uM,UO_0000065,,5.67
,,16404686,[],CHEMBL3743364,Inhibition of human recombinant EGFR T790M/L858R double mutant preincubated for 10 mins followed by FAM-labeled peptide/ATP addition measured after 1 hr by mobility shift assay,B,P00533,"L858R,T790M",BAO_0000190,BAO_0000224,protein format,CN(C)C/C=C/C(=O)Nc1cccc(Nc2nc(N/N=C/c3ccccc3F)ncc2Cl)c1,,,CHEMBL3739350,Eur J Med Chem,2015.0,"{'bei': '13.04', 'le': '0.25', 'lle': '1.58', 'sei': '6.45'}",,CHEMBL3741436,,CHEMBL3741436,6.10,0,http://www.openphacts.org/units/Nanomolar,2737511,=,1,1,=,,IC50,nM,,790.0,CHEMBL203,Homo sapiens,Epidermal growth factor receptor,9606,,,IC50,uM,UO_0000065,,0.79
,,16404687,[],CHEMBL3743364,Inhibition of human recombinant EGFR T790M/L858R double mutant preincubated for 10 mins followed by FAM-labeled peptide/ATP addition measured after 1 hr by mobility shift assay,B,P00533,"L858R,T790M",BAO_0000190,BAO_0000224,protein format,CN(C)C/C=C/C(=O)Nc1cccc(Nc2nc(N/N=C/c3ccc(F)cc3)ncc2Cl)c1,,,CHEMBL3739350,Eur J Med Chem,2015.0,"{'bei': '13.18', 'le': '0.26', 'lle': '1.65', 'sei': '6.52'}",,CHEMBL3741762,,CHEMBL3741762,6.17,0,http://www.openphacts.org/units/Nanomolar,2737512,=,1,1,=,,IC50,nM,,680.0,CHEMBL203,Homo sapiens,Epidermal growth factor receptor,9606,,,IC50,uM,UO_0000065,,0.68
,,16404688,[],CHEMBL3743364,Inhibition of human recombinant EGFR T790M/L858R double mutant preincubated for 10 mins followed by FAM-labeled peptide/ATP addition measured after 1 hr by mobility shift assay,B,P00533,"L858R,T790M",BAO_0000190,BAO_0000224,protein format,CN(C)C/C=C/C(=O)Nc1cccc(Nc2nc(N/N=C/c3ccc(F)cc3F)ncc2Cl)c1,,,CHEMBL3739350,Eur J Med Chem,2015.0,"{'bei': '11.52', 'le': '0.22', 'lle': '0.95', 'sei': '5.92'}",,CHEMBL3742128,,CHEMBL3742128,5.60,0,http://www.openphacts.org/units/Nanomolar,2737513,=,1,1,=,,IC50,nM,,2520.0,CHEMBL203,Homo sapiens,Epidermal growth factor receptor,9606,,,IC50,uM,UO_0000065,,2.52
,,16404689,[],CHEMBL3743364,Inhibition of human recombinant EGFR T790M/L858R double mutant preincubated for 10 mins followed by FAM-labeled peptide/ATP addition measured after 1 hr by mobility shift assay,B,P00533,"L858R,T790M",BAO_0000190,BAO_0000224,protein format,CN(C)C/C=C/C(=O)Nc1cccc(Nc2nc(N/N=C/c3c[nH]c4ccccc34)ncc2Cl)c1,,,CHEMBL3739350,Eur J Med Chem,2015.0,,,CHEMBL3740802,,CHEMBL3740802,,0,http://www.openphacts.org/units/Nanomolar,2737516,>,1,1,>,,IC50,nM,,20000.0,CHEMBL203,Homo sapiens,Epidermal growth factor receptor,9606,,,IC50,uM,UO_0000065,,20.0
,,16404690,[],CHEMBL3743364,Inhibition of human recombinant EGFR T790M/L858R double mutant preincubated for 10 mins followed by FAM-labeled peptide/ATP addition measured after 1 hr by mobility shift assay,B,P00533,"L858R,T790M",BAO_0000190,BAO_0000224,protein format,CN(C)C/C=C/C(=O)Nc1cccc(Nc2nc(N/N=C/c3cn(Cc4ccccc4)c4ccccc34)ncc2Cl)c1,,,CHEMBL3739350,Eur J Med Chem,2015.0,"{'bei': '10.46', 'le': '0.20', 'lle': '-0.32', 'sei': '6.09'}",,CHEMBL3741219,,CHEMBL3741219,6.06,0,http://www.openphacts.org/units/Nanomolar,2737517,=,1,1,=,,IC50,nM,,880.0,CHEMBL203,Homo sapiens,Epidermal growth factor receptor,9606,,,IC50,uM,UO_0000065,,0.88
,,16404691,[],CHEMBL3743364,Inhibition of human recombinant EGFR T790M/L858R double mutant preincubated for 10 mins followed by FAM-labeled peptide/ATP addition measured after 1 hr by mobility shift assay,B,P00533,"L858R,T790M",BAO_0000190,BAO_0000224,protein format,C/C(=N\Nc1ncc(Cl)c(Nc2cccc(NC(=O)/C=C/CN(C)C)c2)n1)c1ccc(F)cc1,,,CHEMBL3739350,Eur J Med Chem,2015.0,"{'bei': '11.68', 'le': '0.23', 'lle': '0.72', 'sei': '5.95'}",,CHEMBL3740102,,CHEMBL3740102,5.63,0,http://www.openphacts.org/units/Nanomolar,2737518,=,1,1,=,,IC50,nM,,2350.0,CHEMBL203,Homo sapiens,Epidermal growth factor receptor,9606,,,IC50,uM,UO_0000065,,2.35
,,16588546,[],CHEMBL3807186,Inhibition of wild type EGFR (unknown origin) autophosphorylation preincubated for 30 mins followed by ATP addition measured after 1 hr by kinase-glo luminescence assay,B,,,BAO_0000190,BAO_0000357,single protein format,Fc1ccc(Nc2ncnc3cc(OCCCN4CCOCC4)c4c(c23)OCCO4)cc1Cl,,,CHEMBL3804755,Bioorg Med Chem,2016.0,"{'bei': '15.98', 'le': '0.31', 'lle': '3.55', 'sei': '9.73'}",,CHEMBL3805218,,CHEMBL3805218,7.59,0,http://www.openphacts.org/units/Nanomolar,2777449,=,1,1,=,,IC50,nM,,25.86,CHEMBL203,Homo sapiens,Epidermal growth factor receptor,9606,,,IC50,nM,UO_0000065,,25.86
,,16588547,[],CHEMBL3807186,Inhibition of wild type EGFR (unknown origin) autophosphorylation preincubated for 30 mins followed by ATP addition measured after 1 hr by kinase-glo luminescence assay,B,,,BAO_0000190,BAO_0000357,single protein format,COc1cc2ncnc(Nc3ccc(F)c(Cl)c3)c2cc1OCCCN1CCOCC1,,,CHEMBL3804755,Bioorg Med Chem,2016.0,"{'bei': '19.21', 'le': '0.38', 'lle': '4.31', 'sei': '12.49'}",,CHEMBL939,GEFITINIB,CHEMBL939,8.59,0,http://www.openphacts.org/units/Nanomolar,2777448,=,1,1,=,,IC50,nM,,2.6,CHEMBL203,Homo sapiens,Epidermal growth factor receptor,9606,,,IC50,nM,UO_0000065,,2.6
,,16588548,[],CHEMBL3807186,Inhibition of wild type EGFR (unknown origin) autophosphorylation preincubated for 30 mins followed by ATP addition measured after 1 hr by kinase-glo luminescence assay,B,,,BAO_0000190,BAO_0000357,single protein format,C#Cc1cccc(Nc2ncnc3cc(OC4CCOCC4)c4c(c23)OCCO4)c1,,,CHEMBL3804755,Bioorg Med Chem,2016.0,"{'bei': '17.94', 'le': '0.33', 'lle': '3.56', 'sei': '9.69'}",,CHEMBL3806145,,CHEMBL3806145,7.24,0,http://www.openphacts.org/units/Nanomolar,2777447,=,1,1,=,,IC50,nM,,57.8,CHEMBL203,Homo sapiens,Epidermal growth factor receptor,9606,,,IC50,nM,UO_0000065,,57.8
,,16588549,[],CHEMBL3807186,Inhibition of wild type EGFR (unknown origin) autophosphorylation preincubated for 30 mins followed by ATP addition measured after 1 hr by kinase-glo luminescence assay,B,,,BAO_0000190,BAO_0000357,single protein format,Fc1ccc(Nc2ncnc3cc(OC4CCOCC4)c4c(c23)OCCO4)cc1Cl,,,CHEMBL3804755,Bioorg Med Chem,2016.0,"{'bei': '16.74', 'le': '0.33', 'lle': '2.74', 'sei': '9.68'}",,CHEMBL3806222,,CHEMBL3806222,7.23,0,http://www.openphacts.org/units/Nanomolar,2777446,=,1,1,=,,IC50,nM,,58.8,CHEMBL203,Homo sapiens,Epidermal growth factor receptor,9606,,,IC50,nM,UO_0000065,,58.8
,,16588550,[],CHEMBL3807186,Inhibition of wild type EGFR (unknown origin) autophosphorylation preincubated for 30 mins followed by ATP addition measured after 1 hr by kinase-glo luminescence assay,B,,,BAO_0000190,BAO_0000357,single protein format,C#Cc1cccc(Nc2ncnc3cc(OC4CCOC4)c4c(c23)OCCO4)c1,,,CHEMBL3804755,Bioorg Med Chem,2016.0,"{'bei': '19.97', 'le': '0.37', 'lle': '4.49', 'sei': '10.41'}",,CHEMBL3806170,,CHEMBL3806170,7.78,0,http://www.openphacts.org/units/Nanomolar,2777445,=,1,1,=,,IC50,nM,,16.7,CHEMBL203,Homo sapiens,Epidermal growth factor receptor,9606,,,IC50,nM,UO_0000065,,16.7
,,16588551,[],CHEMBL3807186,Inhibition of wild type EGFR (unknown origin) autophosphorylation preincubated for 30 mins followed by ATP addition measured after 1 hr by kinase-glo luminescence assay,B,,,BAO_0000190,BAO_0000357,single protein format,Fc1ccc(Nc2ncnc3cc(OC4CCOC4)c4c(c23)OCCO4)cc1Cl,,,CHEMBL3804755,Bioorg Med Chem,2016.0,"{'bei': '18.40', 'le': '0.36', 'lle': '3.59', 'sei': '10.29'}",,CHEMBL3805782,,CHEMBL3805782,7.69,0,http://www.openphacts.org/units/Nanomolar,2777444,=,1,1,=,,IC50,nM,,20.5,CHEMBL203,Homo sapiens,Epidermal growth factor receptor,9606,,,IC50,nM,UO_0000065,,20.5
,,16588552,[],CHEMBL3807186,Inhibition of wild type EGFR (unknown origin) autophosphorylation preincubated for 30 mins followed by ATP addition measured after 1 hr by kinase-glo luminescence assay,B,,,BAO_0000190,BAO_0000357,single protein format,C#Cc1cccc(Nc2ncnc3cc(OC(C)COC)c4c(c23)OCCO4)c1,,,CHEMBL3804755,Bioorg Med Chem,2016.0,"{'bei': '16.16', 'le': '0.30', 'lle': '2.78', 'sei': '8.46'}",,CHEMBL3805584,,CHEMBL3805584,6.33,0,http://www.openphacts.org/units/Nanomolar,2777443,=,1,1,=,,IC50,nM,,473.6,CHEMBL203,Homo sapiens,Epidermal growth factor receptor,9606,,,IC50,nM,UO_0000065,,473.6
,,16588553,[],CHEMBL3807186,Inhibition of wild type EGFR (unknown origin) autophosphorylation preincubated for 30 mins followed by ATP addition measured after 1 hr by kinase-glo luminescence assay,B,,,BAO_0000190,BAO_0000357,single protein format,COCC(C)Oc1cc2ncnc(Nc3ccc(F)c(Cl)c3)c2c2c1OCCO2,,,CHEMBL3804755,Bioorg Med Chem,2016.0,"{'bei': '15.74', 'le': '0.31', 'lle': '2.26', 'sei': '8.84'}",,CHEMBL3805775,,CHEMBL3805775,6.61,0,http://www.openphacts.org/units/Nanomolar,2777442,=,1,1,=,,IC50,nM,,247.2,CHEMBL203,Homo sapiens,Epidermal growth factor receptor,9606,,,IC50,nM,UO_0000065,,247.2
,,16588554,[],CHEMBL3807186,Inhibition of wild type EGFR (unknown origin) autophosphorylation preincubated for 30 mins followed by ATP addition measured after 1 hr by kinase-glo luminescence assay,B,,,BAO_0000190,BAO_0000357,single protein format,CCOC(C)Oc1cc2ncnc(Nc3ccc(C)c(C#N)c3)c2c2c1OCCO2,,,CHEMBL3804755,Bioorg Med Chem,2016.0,,,CHEMBL3805618,,CHEMBL3805618,,0,http://www.openphacts.org/units/Nanomolar,2777441,>,1,1,>,,IC50,nM,,1000.0,CHEMBL203,Homo sapiens,Epidermal growth factor receptor,9606,,,IC50,nM,UO_0000065,,1000.0
,,16588555,[],CHEMBL3807186,Inhibition of wild type EGFR (unknown origin) autophosphorylation preincubated for 30 mins followed by ATP addition measured after 1 hr by kinase-glo luminescence assay,B,,,BAO_0000190,BAO_0000357,single protein format,CCOC(C)Oc1cc2ncnc(Nc3ccc(F)c(C#N)c3)c2c2c1OCCO2,,,CHEMBL3804755,Bioorg Med Chem,2016.0,"{'bei': '15.73', 'le': '0.29', 'lle': '2.53', 'sei': '6.55'}",,CHEMBL3805654,,CHEMBL3805654,6.45,0,http://www.openphacts.org/units/Nanomolar,2777343,=,1,1,=,,IC50,nM,,351.8,CHEMBL203,Homo sapiens,Epidermal growth factor receptor,9606,,,IC50,nM,UO_0000065,,351.8
,,16588556,[],CHEMBL3807186,Inhibition of wild type EGFR (unknown origin) autophosphorylation preincubated for 30 mins followed by ATP addition measured after 1 hr by kinase-glo luminescence assay,B,,,BAO_0000190,BAO_0000357,single protein format,CCOC(C)Oc1cc2ncnc(Nc3ccc(C)c([N+](=O)[O-])c3)c2c2c1OCCO2,,,CHEMBL3804755,Bioorg Med Chem,2016.0,"{'bei': '15.10', 'le': '0.28', 'lle': '2.32', 'sei': '5.46'}",,CHEMBL3805260,,CHEMBL3805260,6.44,0,http://www.openphacts.org/units/Nanomolar,2777342,=,1,1,=,,IC50,nM,,363.3,CHEMBL203,Homo sapiens,Epidermal growth factor receptor,9606,,,IC50,nM,UO_0000065,,363.3
,,16588557,[],CHEMBL3807186,Inhibition of wild type EGFR (unknown origin) autophosphorylation preincubated for 30 mins followed by ATP addition measured after 1 hr by kinase-glo luminescence assay,B,,,BAO_0000190,BAO_0000357,single protein format,CCOC(C)Oc1cc2ncnc(Nc3ccc(F)c([N+](=O)[O-])c3)c2c2c1OCCO2,,,CHEMBL3804755,Bioorg Med Chem,2016.0,"{'bei': '15.41', 'le': '0.29', 'lle': '2.68', 'sei': '5.63'}",,CHEMBL3806172,,CHEMBL3806172,6.63,0,http://www.openphacts.org/units/Nanomolar,2777341,=,1,1,=,,IC50,nM,,232.3,CHEMBL203,Homo sapiens,Epidermal growth factor receptor,9606,,,IC50,nM,UO_0000065,,232.3
,,16588558,[],CHEMBL3807186,Inhibition of wild type EGFR (unknown origin) autophosphorylation preincubated for 30 mins followed by ATP addition measured after 1 hr by kinase-glo luminescence assay,B,,,BAO_0000190,BAO_0000357,single protein format,CCOC(C)Oc1cc2ncnc(Nc3ccc(OC)c([N+](=O)[O-])c3)c2c2c1OCCO2,,,CHEMBL3804755,Bioorg Med Chem,2016.0,,,CHEMBL3805402,,CHEMBL3805402,,0,http://www.openphacts.org/units/Nanomolar,2777340,>,1,1,>,,IC50,nM,,1000.0,CHEMBL203,Homo sapiens,Epidermal growth factor receptor,9606,,,IC50,nM,UO_0000065,,1000.0
,,16588559,[],CHEMBL3807186,Inhibition of wild type EGFR (unknown origin) autophosphorylation preincubated for 30 mins followed by ATP addition measured after 1 hr by kinase-glo luminescence assay,B,,,BAO_0000190,BAO_0000357,single protein format,C#Cc1cccc(Nc2ncnc3cc(OC(C)C)c4c(c23)OCCO4)c1,,,CHEMBL3804755,Bioorg Med Chem,2016.0,"{'bei': '21.10', 'le': '0.39', 'lle': '3.72', 'sei': '11.64'}",,CHEMBL3805509,,CHEMBL3805509,7.62,0,http://www.openphacts.org/units/Nanomolar,2777339,=,1,1,=,,IC50,nM,,23.7,CHEMBL203,Homo sapiens,Epidermal growth factor receptor,9606,,,IC50,nM,UO_0000065,,23.7
,,16588560,[],CHEMBL3807186,Inhibition of wild type EGFR (unknown origin) autophosphorylation preincubated for 30 mins followed by ATP addition measured after 1 hr by kinase-glo luminescence assay,B,,,BAO_0000190,BAO_0000357,single protein format,CC(C)Oc1cc2ncnc(Nc3ccc(F)c(Cl)c3)c2c2c1OCCO2,,,CHEMBL3804755,Bioorg Med Chem,2016.0,"{'bei': '19.33', 'le': '0.38', 'lle': '2.82', 'sei': '11.51'}",,CHEMBL3805283,,CHEMBL3805283,7.54,0,http://www.openphacts.org/units/Nanomolar,2777338,=,1,1,=,,IC50,nM,,29.1,CHEMBL203,Homo sapiens,Epidermal growth factor receptor,9606,,,IC50,nM,UO_0000065,,29.1
,,16588561,[],CHEMBL3807186,Inhibition of wild type EGFR (unknown origin) autophosphorylation preincubated for 30 mins followed by ATP addition measured after 1 hr by kinase-glo luminescence assay,B,,,BAO_0000190,BAO_0000357,single protein format,Cc1ccc(Nc2ncnc3cc(OC(C)C)c4c(c23)OCCO4)cc1C#N,,,CHEMBL3804755,Bioorg Med Chem,2016.0,"{'bei': '16.95', 'le': '0.31', 'lle': '2.27', 'sei': '7.15'}",,CHEMBL3806321,,CHEMBL3806321,6.38,0,http://www.openphacts.org/units/Nanomolar,2777337,=,1,1,=,,IC50,nM,,416.1,CHEMBL203,Homo sapiens,Epidermal growth factor receptor,9606,,,IC50,nM,UO_0000065,,416.1
,,16588562,[],CHEMBL3807186,Inhibition of wild type EGFR (unknown origin) autophosphorylation preincubated for 30 mins followed by ATP addition measured after 1 hr by kinase-glo luminescence assay,B,,,BAO_0000190,BAO_0000357,single protein format,CC(C)Oc1cc2ncnc(Nc3ccc(F)c(C#N)c3)c2c2c1OCCO2,,,CHEMBL3804755,Bioorg Med Chem,2016.0,"{'bei': '17.10', 'le': '0.32', 'lle': '2.56', 'sei': '7.28'}",,CHEMBL3805949,,CHEMBL3805949,6.50,0,http://www.openphacts.org/units/Nanomolar,2777336,=,1,1,=,,IC50,nM,,313.6,CHEMBL203,Homo sapiens,Epidermal growth factor receptor,9606,,,IC50,nM,UO_0000065,,313.6
,,16588563,[],CHEMBL3807186,Inhibition of wild type EGFR (unknown origin) autophosphorylation preincubated for 30 mins followed by ATP addition measured after 1 hr by kinase-glo luminescence assay,B,,,BAO_0000190,BAO_0000357,single protein format,CC(C)Oc1cc2ncnc(Nc3ccc(Cl)c([N+](=O)[O-])c3)c2c2c1OCCO2,,,CHEMBL3804755,Bioorg Med Chem,2016.0,"{'bei': '16.77', 'le': '0.33', 'lle': '2.50', 'sei': '6.43'}",,CHEMBL3805177,,CHEMBL3805177,6.99,0,http://www.openphacts.org/units/Nanomolar,2777335,=,1,1,=,,IC50,nM,,102.6,CHEMBL203,Homo sapiens,Epidermal growth factor receptor,9606,,,IC50,nM,UO_0000065,,102.6
,,16588564,[],CHEMBL3807186,Inhibition of wild type EGFR (unknown origin) autophosphorylation preincubated for 30 mins followed by ATP addition measured after 1 hr by kinase-glo luminescence assay,B,,,BAO_0000190,BAO_0000357,single protein format,Cc1ccc(Nc2ncnc3cc(OC(C)C)c4c(c23)OCCO4)cc1[N+](=O)[O-],,,CHEMBL3804755,Bioorg Med Chem,2016.0,"{'bei': '16.99', 'le': '0.32', 'lle': '2.58', 'sei': '6.20'}",,CHEMBL3805089,,CHEMBL3805089,6.73,0,http://www.openphacts.org/units/Nanomolar,2777334,=,1,1,=,,IC50,nM,,184.5,CHEMBL203,Homo sapiens,Epidermal growth factor receptor,9606,,,IC50,nM,UO_0000065,,184.5
,,16588565,[],CHEMBL3807186,Inhibition of wild type EGFR (unknown origin) autophosphorylation preincubated for 30 mins followed by ATP addition measured after 1 hr by kinase-glo luminescence assay,B,,,BAO_0000190,BAO_0000357,single protein format,CC(C)Oc1cc2ncnc(Nc3ccc(F)c([N+](=O)[O-])c3)c2c2c1OCCO2,,,CHEMBL3804755,Bioorg Med Chem,2016.0,"{'bei': '17.69', 'le': '0.33', 'lle': '3.10', 'sei': '6.52'}",,CHEMBL3805383,,CHEMBL3805383,7.08,0,http://www.openphacts.org/units/Nanomolar,2777333,=,1,1,=,,IC50,nM,,82.5,CHEMBL203,Homo sapiens,Epidermal growth factor receptor,9606,,,IC50,nM,UO_0000065,,82.5
,,16752384,[],CHEMBL3860368,Inhibition of EGFR L858R/T790M mutant phosphorylation in human patient derived H1975 cells incubated for 3 hrs by ELISA method,B,P00533,"L858R,T790M",BAO_0000190,BAO_0000219,cell-based format,C=CC(=O)Nc1cccc(-n2c(NC(=O)c3cccc(C(F)(F)F)c3)nc3cc(C)ccc32)c1,,,CHEMBL3860038,J Med Chem,2016.0,"{'bei': '14.79', 'le': '0.28', 'lle': '1.14', 'sei': '9.04'}",,CHEMBL3959632,,CHEMBL3959632,6.87,0,http://www.openphacts.org/units/Nanomolar,2800383,=,1,1,=,,IC50,nM,,134.8,CHEMBL203,Homo sapiens,Epidermal growth factor receptor,9606,,,IC50,nM,UO_0000065,,134.8
,,16752385,[],CHEMBL3860369,Inhibition of EGFR L858R mutant phosphorylation in human patient derived H3255 cells incubated for 3 hrs by ELISA method,B,P00533,L858R,BAO_0000190,BAO_0000219,cell-based format,C=CC(=O)Nc1cccc(-n2c(NC(=O)c3cccc(C(F)(F)F)c3)nc3cc(C)ccc32)c1,,,CHEMBL3860038,J Med Chem,2016.0,"{'bei': '12.88', 'le': '0.24', 'lle': '0.25', 'sei': '7.87'}",,CHEMBL3959632,,CHEMBL3959632,5.98,0,http://www.openphacts.org/units/Nanomolar,2800383,=,1,1,=,,IC50,nM,,1041.0,CHEMBL203,Homo sapiens,Epidermal growth factor receptor,9606,,,IC50,nM,UO_0000065,,1041.0
,,16752387,[],CHEMBL3860371,Inhibition of wild type EGFR phosphorylation in human HaCaT cells incubated for 3 hrs by ELISA method,A,,,BAO_0000190,BAO_0000219,cell-based format,C=CC(=O)Nc1cccc(-n2c(NC(=O)c3cccc(C(F)(F)F)c3)nc3cc(C)ccc32)c1,,,CHEMBL3860038,J Med Chem,2016.0,,,CHEMBL3959632,,CHEMBL3959632,,0,http://www.openphacts.org/units/Nanomolar,2800383,>,1,1,>,,IC50,nM,,10000.0,CHEMBL203,Homo sapiens,Epidermal growth factor receptor,9606,,,IC50,nM,UO_0000065,,10000.0
,,16752388,[],CHEMBL3860366,Inhibition of N-terminal 6x-HIS-tagged human recombinant EGFR (696 to 1022 residues) L858R/T790M mutant expressed in Sf9 cells pre-incubated for 0 mins followed by 1 mM ATP addition by HTRF assay,B,P00533,"L858R,T790M",BAO_0000190,BAO_0000219,cell-based format,C=CC(=O)N(C)c1cccc(-n2c(NC(=O)c3cccc(C(F)(F)F)c3)nc3cc(C)ccc32)c1,,,CHEMBL3860038,J Med Chem,2016.0,"{'bei': '9.72', 'le': '0.18', 'lle': '-1.10', 'sei': '6.92'}",,CHEMBL3961202,,CHEMBL3961202,4.65,0,http://www.openphacts.org/units/Nanomolar,2800384,=,1,1,=,,IC50,nM,,22310.0,CHEMBL203,Homo sapiens,Epidermal growth factor receptor,9606,,,IC50,uM,UO_0000065,,22.31
,,16752389,[],CHEMBL3860367,Inhibition of N-terminal 6x-HIS-tagged human recombinant EGFR (696 to 1022 residues) L858R/T790M mutant expressed in Sf9 cells pre-incubated for 90 mins followed by 1 mM ATP addition by HTRF assay,B,P00533,"L858R,T790M",BAO_0000190,BAO_0000219,cell-based format,C=CC(=O)N(C)c1cccc(-n2c(NC(=O)c3cccc(C(F)(F)F)c3)nc3cc(C)ccc32)c1,,,CHEMBL3860038,J Med Chem,2016.0,"{'bei': '16.72', 'le': '0.31', 'lle': '2.25', 'sei': '11.90'}",,CHEMBL3961202,,CHEMBL3961202,8.00,0,http://www.openphacts.org/units/Nanomolar,2800384,=,1,1,=,,IC50,nM,,10.0,CHEMBL203,Homo sapiens,Epidermal growth factor receptor,9606,,,IC50,uM,UO_0000065,,0.01
,,16752390,[],CHEMBL3860368,Inhibition of EGFR L858R/T790M mutant phosphorylation in human patient derived H1975 cells incubated for 3 hrs by ELISA method,B,P00533,"L858R,T790M",BAO_0000190,BAO_0000219,cell-based format,C=CC(=O)N(C)c1cccc(-n2c(NC(=O)c3cccc(C(F)(F)F)c3)nc3cc(C)ccc32)c1,,,CHEMBL3860038,J Med Chem,2016.0,"{'bei': '14.09', 'le': '0.26', 'lle': '0.99', 'sei': '10.03'}",,CHEMBL3961202,,CHEMBL3961202,6.74,0,http://www.openphacts.org/units/Nanomolar,2800384,=,1,1,=,,IC50,nM,,181.0,CHEMBL203,Homo sapiens,Epidermal growth factor receptor,9606,,,IC50,nM,UO_0000065,,181.0
,,16752391,[],CHEMBL3860369,Inhibition of EGFR L858R mutant phosphorylation in human patient derived H3255 cells incubated for 3 hrs by ELISA method,B,P00533,L858R,BAO_0000190,BAO_0000219,cell-based format,C=CC(=O)N(C)c1cccc(-n2c(NC(=O)c3cccc(C(F)(F)F)c3)nc3cc(C)ccc32)c1,,,CHEMBL3860038,J Med Chem,2016.0,"{'bei': '12.92', 'le': '0.24', 'lle': '0.43', 'sei': '9.19'}",,CHEMBL3961202,,CHEMBL3961202,6.18,0,http://www.openphacts.org/units/Nanomolar,2800384,=,1,1,=,,IC50,nM,,660.0,CHEMBL203,Homo sapiens,Epidermal growth factor receptor,9606,,,IC50,nM,UO_0000065,,660.0
,,16752393,[],CHEMBL3860371,Inhibition of wild type EGFR phosphorylation in human HaCaT cells incubated for 3 hrs by ELISA method,A,,,BAO_0000190,BAO_0000219,cell-based format,C=CC(=O)N(C)c1cccc(-n2c(NC(=O)c3cccc(C(F)(F)F)c3)nc3cc(C)ccc32)c1,,,CHEMBL3860038,J Med Chem,2016.0,,,CHEMBL3961202,,CHEMBL3961202,,0,http://www.openphacts.org/units/Nanomolar,2800384,>,1,1,>,,IC50,nM,,10000.0,CHEMBL203,Homo sapiens,Epidermal growth factor receptor,9606,,,IC50,nM,UO_0000065,,10000.0
,,16752394,[],CHEMBL3860366,Inhibition of N-terminal 6x-HIS-tagged human recombinant EGFR (696 to 1022 residues) L858R/T790M mutant expressed in Sf9 cells pre-incubated for 0 mins followed by 1 mM ATP addition by HTRF assay,B,P00533,"L858R,T790M",BAO_0000190,BAO_0000219,cell-based format,C=CC(=O)Nc1ccc(-n2c(NC(=O)c3cccc(C(F)(F)F)c3)nc3cc(C)ccc32)cc1,,,CHEMBL3860038,J Med Chem,2016.0,,,CHEMBL3916436,,CHEMBL3916436,,0,http://www.openphacts.org/units/Nanomolar,2800385,>,1,1,>,,IC50,nM,,50000.0,CHEMBL203,Homo sapiens,Epidermal growth factor receptor,9606,,,IC50,uM,UO_0000065,,50.0
,,16752395,[],CHEMBL3860367,Inhibition of N-terminal 6x-HIS-tagged human recombinant EGFR (696 to 1022 residues) L858R/T790M mutant expressed in Sf9 cells pre-incubated for 90 mins followed by 1 mM ATP addition by HTRF assay,B,P00533,"L858R,T790M",BAO_0000190,BAO_0000219,cell-based format,C=CC(=O)Nc1ccc(-n2c(NC(=O)c3cccc(C(F)(F)F)c3)nc3cc(C)ccc32)cc1,,,CHEMBL3860038,J Med Chem,2016.0,,,CHEMBL3916436,,CHEMBL3916436,,0,http://www.openphacts.org/units/Nanomolar,2800385,>,1,1,>,,IC50,nM,,50000.0,CHEMBL203,Homo sapiens,Epidermal growth factor receptor,9606,,,IC50,uM,UO_0000065,,50.0
,,16752404,[],CHEMBL3860368,Inhibition of EGFR L858R/T790M mutant phosphorylation in human patient derived H1975 cells incubated for 3 hrs by ELISA method,B,P00533,"L858R,T790M",BAO_0000190,BAO_0000219,cell-based format,Cc1cc(C(=O)Nc2nc3cccc(Cl)c3n2[C@@H]2CCCCN(C(=O)/C=C/CN(C)C)C2)ccn1,,,CHEMBL3860038,J Med Chem,2016.0,"{'bei': '16.93', 'le': '0.33', 'lle': '4.06', 'sei': '10.05'}",,CHEMBL3787344,NAZARTINIB,CHEMBL3787344,8.38,0,http://www.openphacts.org/units/Nanomolar,2800390,=,1,1,=,,IC50,nM,,4.18,CHEMBL203,Homo sapiens,Epidermal growth factor receptor,9606,,,IC50,nM,UO_0000065,,4.18
,,16752405,[],CHEMBL3860369,Inhibition of EGFR L858R mutant phosphorylation in human patient derived H3255 cells incubated for 3 hrs by ELISA method,B,P00533,L858R,BAO_0000190,BAO_0000219,cell-based format,Cc1cc(C(=O)Nc2nc3cccc(Cl)c3n2[C@@H]2CCCCN(C(=O)/C=C/CN(C)C)C2)ccn1,,,CHEMBL3860038,J Med Chem,2016.0,"{'bei': '16.59', 'le': '0.32', 'lle': '3.89', 'sei': '9.85'}",,CHEMBL3787344,NAZARTINIB,CHEMBL3787344,8.21,0,http://www.openphacts.org/units/Nanomolar,2800390,=,1,1,=,,IC50,nM,,6.11,CHEMBL203,Homo sapiens,Epidermal growth factor receptor,9606,,,IC50,nM,UO_0000065,,6.11
,,16752407,[],CHEMBL3860371,Inhibition of wild type EGFR phosphorylation in human HaCaT cells incubated for 3 hrs by ELISA method,A,,,BAO_0000190,BAO_0000219,cell-based format,Cc1cc(C(=O)Nc2nc3cccc(Cl)c3n2[C@@H]2CCCCN(C(=O)/C=C/CN(C)C)C2)ccn1,,,CHEMBL3860038,J Med Chem,2016.0,,,CHEMBL3787344,NAZARTINIB,CHEMBL3787344,6.79,0,http://www.openphacts.org/units/Nanomolar,2800390,=,1,1,=,,IC50,nM,,160.6,CHEMBL203,Homo sapiens,Epidermal growth factor receptor,9606,,,IC50,nM,UO_0000065,,160.6
,,16752448,[],CHEMBL3860368,Inhibition of EGFR L858R/T790M mutant phosphorylation in human patient derived H1975 cells incubated for 3 hrs by ELISA method,B,P00533,"L858R,T790M",BAO_0000190,BAO_0000219,cell-based format,C=CC(=O)Nc1cc(Nc2nccc(-c3cn(C)c4ccccc34)n2)c(OC)cc1N(C)CCN(C)C,,,CHEMBL3860038,J Med Chem,2016.0,"{'bei': '17.22', 'le': '0.32', 'lle': '4.09', 'sei': '9.83'}",,CHEMBL3353410,OSIMERTINIB,CHEMBL3353410,8.60,0,http://www.openphacts.org/units/Nanomolar,2800392,=,1,1,=,,IC50,nM,,2.5,CHEMBL203,Homo sapiens,Epidermal growth factor receptor,9606,,,IC50,nM,UO_0000065,,2.5
,,16752449,[],CHEMBL3860369,Inhibition of EGFR L858R mutant phosphorylation in human patient derived H3255 cells incubated for 3 hrs by ELISA method,B,P00533,L858R,BAO_0000190,BAO_0000219,cell-based format,C=CC(=O)Nc1cc(Nc2nccc(-c3cn(C)c4ccccc34)n2)c(OC)cc1N(C)CCN(C)C,,,CHEMBL3860038,J Med Chem,2016.0,"{'bei': '16.79', 'le': '0.31', 'lle': '3.88', 'sei': '9.58'}",,CHEMBL3353410,OSIMERTINIB,CHEMBL3353410,8.39,0,http://www.openphacts.org/units/Nanomolar,2800392,=,1,1,=,,IC50,nM,,4.1,CHEMBL203,Homo sapiens,Epidermal growth factor receptor,9606,,,IC50,nM,UO_0000065,,4.1
,,16752451,[],CHEMBL3860371,Inhibition of wild type EGFR phosphorylation in human HaCaT cells incubated for 3 hrs by ELISA method,A,,,BAO_0000190,BAO_0000219,cell-based format,C=CC(=O)Nc1cc(Nc2nccc(-c3cn(C)c4ccccc34)n2)c(OC)cc1N(C)CCN(C)C,,,CHEMBL3860038,J Med Chem,2016.0,,,CHEMBL3353410,OSIMERTINIB,CHEMBL3353410,7.13,0,http://www.openphacts.org/units/Nanomolar,2800392,=,1,1,=,,IC50,nM,,73.7,CHEMBL203,Homo sapiens,Epidermal growth factor receptor,9606,,,IC50,nM,UO_0000065,,73.7
,,16752452,[],CHEMBL3860368,Inhibition of EGFR L858R/T790M mutant phosphorylation in human patient derived H1975 cells incubated for 3 hrs by ELISA method,B,P00533,"L858R,T790M",BAO_0000190,BAO_0000219,cell-based format,C=CC(=O)Nc1cccc(Nc2nc(Nc3ccc(N4CCN(C(C)=O)CC4)cc3OC)ncc2C(F)(F)F)c1,,,CHEMBL3860038,J Med Chem,2016.0,"{'bei': '15.10', 'le': '0.29', 'lle': '3.61', 'sei': '7.51'}",,CHEMBL3545308,ROCILETINIB,CHEMBL3545308,8.39,0,http://www.openphacts.org/units/Nanomolar,2800393,=,1,1,=,,IC50,nM,,4.1,CHEMBL203,Homo sapiens,Epidermal growth factor receptor,9606,,,IC50,nM,UO_0000065,,4.1
,,16752453,[],CHEMBL3860369,Inhibition of EGFR L858R mutant phosphorylation in human patient derived H3255 cells incubated for 3 hrs by ELISA method,B,P00533,L858R,BAO_0000190,BAO_0000219,cell-based format,C=CC(=O)Nc1cccc(Nc2nc(Nc3ccc(N4CCN(C(C)=O)CC4)cc3OC)ncc2C(F)(F)F)c1,,,CHEMBL3860038,J Med Chem,2016.0,"{'bei': '14.15', 'le': '0.27', 'lle': '3.08', 'sei': '7.04'}",,CHEMBL3545308,ROCILETINIB,CHEMBL3545308,7.86,1,http://www.openphacts.org/units/Nanomolar,2800393,=,1,1,=,,IC50,nM,,13.8,CHEMBL203,Homo sapiens,Epidermal growth factor receptor,9606,,,IC50,nM,UO_0000065,,13.8
,,16752455,[],CHEMBL3860371,Inhibition of wild type EGFR phosphorylation in human HaCaT cells incubated for 3 hrs by ELISA method,A,,,BAO_0000190,BAO_0000219,cell-based format,C=CC(=O)Nc1cccc(Nc2nc(Nc3ccc(N4CCN(C(C)=O)CC4)cc3OC)ncc2C(F)(F)F)c1,,,CHEMBL3860038,J Med Chem,2016.0,,,CHEMBL3545308,ROCILETINIB,CHEMBL3545308,6.58,0,http://www.openphacts.org/units/Nanomolar,2800393,=,1,1,=,,IC50,nM,,262.3,CHEMBL203,Homo sapiens,Epidermal growth factor receptor,9606,,,IC50,nM,UO_0000065,,262.3
,,16756438,[],CHEMBL3861199,Inhibition of human recombinant N-terminal GST-tagged wild type EGFR cytoplasmic domain (695 end residues) autophosphorylation expressed in baculovirus infected Sf9 insect cells by ADP-Glo luminescence assay,A,,,BAO_0000190,BAO_0000219,cell-based format,C=CC(=O)Nc1cccc(Nc2nc(Nc3ccc(OCCn4cncn4)cc3)ncc2Cl)c1,,,CHEMBL3860065,Bioorg Med Chem,2016.0,,,CHEMBL3977022,,CHEMBL3977022,,0,http://www.openphacts.org/units/Nanomolar,2801077,>,1,1,>,,IC50,nM,,1000.0,CHEMBL203,Homo sapiens,Epidermal growth factor receptor,9606,,,IC50,nM,UO_0000065,,1000.0
,,16903048,[],CHEMBL3882759,Inhibition of recombinant human full length EGFR expressed in baculovirus expression system assessed as decrease in transfer of gamma-phosphate from ATP onto tyrosine residue of biotinylated peptide substrate preincubated for 1 hr followed by substrate addition measured after 90 mins by HTRF method,B,,,BAO_0000190,BAO_0000019,assay format,COc1cc(N2CCC(N3CCCCC3)CC2)ccc1Nc1nccc(-c2c(-c3cccc(C(=O)Nc4c(F)cccc4F)c3)nc3cc(F)ccn23)n1,,,CHEMBL3882727,,2008.0,,,CHEMBL3918216,,CHEMBL3918216,,0,http://www.openphacts.org/units/Nanomolar,2831404,>,38,1,<,,IC50,nM,,100.0,CHEMBL203,Homo sapiens,Epidermal growth factor receptor,9606,,,pIC50,,UO_0000065,,7.0
,,16903049,[],CHEMBL3882759,Inhibition of recombinant human full length EGFR expressed in baculovirus expression system assessed as decrease in transfer of gamma-phosphate from ATP onto tyrosine residue of biotinylated peptide substrate preincubated for 1 hr followed by substrate addition measured after 90 mins by HTRF method,B,,,BAO_0000190,BAO_0000019,assay format,COc1cc(N2CCC(N3CCN(S(C)(=O)=O)CC3)CC2)ccc1Nc1nccc(-c2c(-c3cccc(C(=O)Nc4c(F)cccc4F)c3)nc3cc(F)ccn23)n1,,,CHEMBL3882727,,2008.0,,,CHEMBL3920947,,CHEMBL3920947,,0,http://www.openphacts.org/units/Nanomolar,2831405,>,38,1,<,,IC50,nM,,100.0,CHEMBL203,Homo sapiens,Epidermal growth factor receptor,9606,,,pIC50,,UO_0000065,,7.0
,,16903050,[],CHEMBL3882759,Inhibition of recombinant human full length EGFR expressed in baculovirus expression system assessed as decrease in transfer of gamma-phosphate from ATP onto tyrosine residue of biotinylated peptide substrate preincubated for 1 hr followed by substrate addition measured after 90 mins by HTRF method,B,,,BAO_0000190,BAO_0000019,assay format,COc1cc(N2CCC(N3CCN(CCF)CC3)CC2)ccc1Nc1nccc(-c2c(-c3ccc(OC)c(C(=O)Nc4c(F)cccc4F)c3)nc3cc(F)ccn23)n1,,,CHEMBL3882727,,2008.0,,,CHEMBL3952960,,CHEMBL3952960,,0,http://www.openphacts.org/units/Nanomolar,2831406,>,38,1,<,,IC50,nM,,1000.0,CHEMBL203,Homo sapiens,Epidermal growth factor receptor,9606,,,pIC50,,UO_0000065,,6.0
,,16903051,[],CHEMBL3882759,Inhibition of recombinant human full length EGFR expressed in baculovirus expression system assessed as decrease in transfer of gamma-phosphate from ATP onto tyrosine residue of biotinylated peptide substrate preincubated for 1 hr followed by substrate addition measured after 90 mins by HTRF method,B,,,BAO_0000190,BAO_0000019,assay format,COc1cc(N2CCC(N3CCCCC3)CC2)ccc1Nc1nccc(-c2c(-c3ccc(OC)c(C(=O)Nc4c(F)cccc4F)c3)nc3cc(F)ccn23)n1,,,CHEMBL3882727,,2008.0,,,CHEMBL3950255,,CHEMBL3950255,,0,http://www.openphacts.org/units/Nanomolar,2831407,>,38,1,<,,IC50,nM,,1000.0,CHEMBL203,Homo sapiens,Epidermal growth factor receptor,9606,,,pIC50,,UO_0000065,,6.0
,,16903052,[],CHEMBL3882759,Inhibition of recombinant human full length EGFR expressed in baculovirus expression system assessed as decrease in transfer of gamma-phosphate from ATP onto tyrosine residue of biotinylated peptide substrate preincubated for 1 hr followed by substrate addition measured after 90 mins by HTRF method,B,,,BAO_0000190,BAO_0000019,assay format,COc1cc(N2CCC(N3CCN(S(C)(=O)=O)CC3)CC2)ccc1Nc1nccc(-c2c(-c3ccc(OC)c(C(=O)Nc4c(F)cccc4F)c3)nc3cc(F)ccn23)n1,,,CHEMBL3882727,,2008.0,,,CHEMBL3915154,,CHEMBL3915154,,0,http://www.openphacts.org/units/Nanomolar,2831408,>,38,1,<,,IC50,nM,,1000.0,CHEMBL203,Homo sapiens,Epidermal growth factor receptor,9606,,,pIC50,,UO_0000065,,6.0
,,16903053,[],CHEMBL3882759,Inhibition of recombinant human full length EGFR expressed in baculovirus expression system assessed as decrease in transfer of gamma-phosphate from ATP onto tyrosine residue of biotinylated peptide substrate preincubated for 1 hr followed by substrate addition measured after 90 mins by HTRF method,B,,,BAO_0000190,BAO_0000019,assay format,CCOc1ccc(-c2nc3ccccn3c2-c2ccnc(Nc3ccc(N4CCC(CCS(C)(=O)=O)CC4)cc3OC)n2)cc1C(=O)Nc1c(F)cccc1F,,,CHEMBL3882727,,2008.0,,,CHEMBL3912500,,CHEMBL3912500,,0,http://www.openphacts.org/units/Nanomolar,2831409,>,38,1,<,,IC50,nM,,1000.0,CHEMBL203,Homo sapiens,Epidermal growth factor receptor,9606,,,pIC50,,UO_0000065,,6.0
,,16903054,[],CHEMBL3882759,Inhibition of recombinant human full length EGFR expressed in baculovirus expression system assessed as decrease in transfer of gamma-phosphate from ATP onto tyrosine residue of biotinylated peptide substrate preincubated for 1 hr followed by substrate addition measured after 90 mins by HTRF method,B,,,BAO_0000190,BAO_0000019,assay format,COc1cc(N2CCC(CCS(C)(=O)=O)CC2)ccc1Nc1nccc(-c2c(-c3ccc(OC)c(C(=O)Nc4c(F)cccc4F)c3)nc3ccccn23)n1,,,CHEMBL3882727,,2008.0,,,CHEMBL3938801,,CHEMBL3938801,,0,http://www.openphacts.org/units/Nanomolar,2831410,>,38,1,<,,IC50,nM,,1000.0,CHEMBL203,Homo sapiens,Epidermal growth factor receptor,9606,,,pIC50,,UO_0000065,,6.0
,,16903055,[],CHEMBL3882759,Inhibition of recombinant human full length EGFR expressed in baculovirus expression system assessed as decrease in transfer of gamma-phosphate from ATP onto tyrosine residue of biotinylated peptide substrate preincubated for 1 hr followed by substrate addition measured after 90 mins by HTRF method,B,,,BAO_0000190,BAO_0000019,assay format,COc1cc(N2CCC(CCS(C)(=O)=O)CC2)ccc1Nc1nccc(-c2c(-c3cccc(C(=O)Nc4c(F)cccc4F)c3)nc3ccccn23)n1,,,CHEMBL3882727,,2008.0,,,CHEMBL3918624,,CHEMBL3918624,,0,http://www.openphacts.org/units/Nanomolar,2831411,>,38,1,<,,IC50,nM,,100.0,CHEMBL203,Homo sapiens,Epidermal growth factor receptor,9606,,,pIC50,,UO_0000065,,7.0
,,16903056,[],CHEMBL3882759,Inhibition of recombinant human full length EGFR expressed in baculovirus expression system assessed as decrease in transfer of gamma-phosphate from ATP onto tyrosine residue of biotinylated peptide substrate preincubated for 1 hr followed by substrate addition measured after 90 mins by HTRF method,B,,,BAO_0000190,BAO_0000019,assay format,CCOc1ccc(-c2nc3ccccn3c2-c2ccnc(Nc3cc(C)c(N4CCCN(CCS(C)(=O)=O)CC4)cc3OC)n2)cc1C(=O)Nc1c(F)cccc1F,,,CHEMBL3882727,,2008.0,,,CHEMBL3941932,,CHEMBL3941932,,0,http://www.openphacts.org/units/Nanomolar,2831412,>,38,1,<,,IC50,nM,,1000.0,CHEMBL203,Homo sapiens,Epidermal growth factor receptor,9606,,,pIC50,,UO_0000065,,6.0
,,16903057,[],CHEMBL3882759,Inhibition of recombinant human full length EGFR expressed in baculovirus expression system assessed as decrease in transfer of gamma-phosphate from ATP onto tyrosine residue of biotinylated peptide substrate preincubated for 1 hr followed by substrate addition measured after 90 mins by HTRF method,B,,,BAO_0000190,BAO_0000019,assay format,CCOc1cc(N2CCC(N3CCN(S(C)(=O)=O)CC3)CC2)c(CC)cc1Nc1nccc(-c2c(-c3ccc(OC)c(C(=O)Nc4c(F)cccc4F)c3)nc3ccccn23)n1,,,CHEMBL3882727,,2008.0,,,CHEMBL3890964,,CHEMBL3890964,,0,http://www.openphacts.org/units/Nanomolar,2831413,>,38,1,<,,IC50,nM,,1000.0,CHEMBL203,Homo sapiens,Epidermal growth factor receptor,9606,,,pIC50,,UO_0000065,,6.0
,,16903058,[],CHEMBL3882759,Inhibition of recombinant human full length EGFR expressed in baculovirus expression system assessed as decrease in transfer of gamma-phosphate from ATP onto tyrosine residue of biotinylated peptide substrate preincubated for 1 hr followed by substrate addition measured after 90 mins by HTRF method,B,,,BAO_0000190,BAO_0000019,assay format,CCOc1cc(N2CCC(N3CCN(S(C)(=O)=O)CC3)CC2)c(CC)cc1Nc1nccc(-c2c(-c3ccc(OCC)c(C(=O)Nc4c(F)cccc4F)c3)nc3ccccn23)n1,,,CHEMBL3882727,,2008.0,,,CHEMBL3986972,,CHEMBL3986972,,0,http://www.openphacts.org/units/Nanomolar,2831414,>,38,1,<,,IC50,nM,,1000.0,CHEMBL203,Homo sapiens,Epidermal growth factor receptor,9606,,,pIC50,,UO_0000065,,6.0
,,16903059,[],CHEMBL3882759,Inhibition of recombinant human full length EGFR expressed in baculovirus expression system assessed as decrease in transfer of gamma-phosphate from ATP onto tyrosine residue of biotinylated peptide substrate preincubated for 1 hr followed by substrate addition measured after 90 mins by HTRF method,B,,,BAO_0000190,BAO_0000019,assay format,CCOc1ccc(-c2nc3ccccn3c2-c2ccnc(Nc3cc(CC)c(N4CCC(N5CCN(S(C)(=O)=O)CC5)CC4)cc3OC)n2)cc1C(=O)Nc1c(F)cccc1F,,,CHEMBL3882727,,2008.0,,,CHEMBL3984255,,CHEMBL3984255,,0,http://www.openphacts.org/units/Nanomolar,2831415,>,38,1,<,,IC50,nM,,1000.0,CHEMBL203,Homo sapiens,Epidermal growth factor receptor,9606,,,pIC50,,UO_0000065,,6.0
,,16903060,[],CHEMBL3882759,Inhibition of recombinant human full length EGFR expressed in baculovirus expression system assessed as decrease in transfer of gamma-phosphate from ATP onto tyrosine residue of biotinylated peptide substrate preincubated for 1 hr followed by substrate addition measured after 90 mins by HTRF method,B,,,BAO_0000190,BAO_0000019,assay format,CCc1cc(Nc2nccc(-c3c(-c4ccc(OC)c(C(=O)Nc5c(F)cccc5F)c4)nc4ccccn34)n2)c(OC)cc1N1CCC(CCS(C)(=O)=O)CC1,,,CHEMBL3882727,,2008.0,,,CHEMBL3909461,,CHEMBL3909461,,0,http://www.openphacts.org/units/Nanomolar,2831416,>,38,1,<,,IC50,nM,,1000.0,CHEMBL203,Homo sapiens,Epidermal growth factor receptor,9606,,,pIC50,,UO_0000065,,6.0
,,16903061,[],CHEMBL3882759,Inhibition of recombinant human full length EGFR expressed in baculovirus expression system assessed as decrease in transfer of gamma-phosphate from ATP onto tyrosine residue of biotinylated peptide substrate preincubated for 1 hr followed by substrate addition measured after 90 mins by HTRF method,B,,,BAO_0000190,BAO_0000019,assay format,CCOc1cc(N2CCC(CCS(C)(=O)=O)CC2)c(CC)cc1Nc1nccc(-c2c(-c3ccc(OCC)c(C(=O)Nc4c(F)cccc4F)c3)nc3ccccn23)n1,,,CHEMBL3882727,,2008.0,,,CHEMBL3930103,,CHEMBL3930103,,0,http://www.openphacts.org/units/Nanomolar,2831417,>,38,1,<,,IC50,nM,,1000.0,CHEMBL203,Homo sapiens,Epidermal growth factor receptor,9606,,,pIC50,,UO_0000065,,6.0
,,16903062,[],CHEMBL3882759,Inhibition of recombinant human full length EGFR expressed in baculovirus expression system assessed as decrease in transfer of gamma-phosphate from ATP onto tyrosine residue of biotinylated peptide substrate preincubated for 1 hr followed by substrate addition measured after 90 mins by HTRF method,B,,,BAO_0000190,BAO_0000019,assay format,CCOc1ccc(-c2nc3ccccn3c2-c2ccnc(Nc3cc(CC)c(N4CCC(CCS(C)(=O)=O)CC4)cc3OC)n2)cc1C(=O)Nc1c(F)cccc1F,,,CHEMBL3882727,,2008.0,,,CHEMBL3967147,,CHEMBL3967147,,0,http://www.openphacts.org/units/Nanomolar,2831418,>,38,1,<,,IC50,nM,,1000.0,CHEMBL203,Homo sapiens,Epidermal growth factor receptor,9606,,,pIC50,,UO_0000065,,6.0
,,16903063,[],CHEMBL3882759,Inhibition of recombinant human full length EGFR expressed in baculovirus expression system assessed as decrease in transfer of gamma-phosphate from ATP onto tyrosine residue of biotinylated peptide substrate preincubated for 1 hr followed by substrate addition measured after 90 mins by HTRF method,B,,,BAO_0000190,BAO_0000019,assay format,CCOc1cc(N2CCC(CCS(C)(=O)=O)CC2)c(CC)cc1Nc1nccc(-c2c(-c3ccc(OC)c(C(=O)Nc4c(F)cccc4F)c3)nc3ccccn23)n1,,,CHEMBL3882727,,2008.0,,,CHEMBL3972920,,CHEMBL3972920,,0,http://www.openphacts.org/units/Nanomolar,2831419,>,38,1,<,,IC50,nM,,1000.0,CHEMBL203,Homo sapiens,Epidermal growth factor receptor,9606,,,pIC50,,UO_0000065,,6.0
,,16903064,[],CHEMBL3882759,Inhibition of recombinant human full length EGFR expressed in baculovirus expression system assessed as decrease in transfer of gamma-phosphate from ATP onto tyrosine residue of biotinylated peptide substrate preincubated for 1 hr followed by substrate addition measured after 90 mins by HTRF method,B,,,BAO_0000190,BAO_0000019,assay format,CCOc1cc(N2CCN(CCS(C)(=O)=O)CC2)c(CC)cc1Nc1nccc(-c2c(-c3ccc(OCC)c(C(=O)Nc4c(F)cccc4F)c3)nc3ccccn23)n1,,,CHEMBL3882727,,2008.0,,,CHEMBL3905860,,CHEMBL3905860,,0,http://www.openphacts.org/units/Nanomolar,2831420,>,38,1,<,,IC50,nM,,1000.0,CHEMBL203,Homo sapiens,Epidermal growth factor receptor,9606,,,pIC50,,UO_0000065,,6.0
,,16903065,[],CHEMBL3882759,Inhibition of recombinant human full length EGFR expressed in baculovirus expression system assessed as decrease in transfer of gamma-phosphate from ATP onto tyrosine residue of biotinylated peptide substrate preincubated for 1 hr followed by substrate addition measured after 90 mins by HTRF method,B,,,BAO_0000190,BAO_0000019,assay format,CCOc1cc(N2CCN(CCS(C)(=O)=O)CC2)c(Cl)cc1Nc1nccc(-c2c(-c3ccc(OCC)c(C(=O)Nc4c(F)cccc4F)c3)nc3ccccn23)n1,,,CHEMBL3882727,,2008.0,,,CHEMBL3915699,,CHEMBL3915699,,0,http://www.openphacts.org/units/Nanomolar,2831421,>,38,1,<,,IC50,nM,,1000.0,CHEMBL203,Homo sapiens,Epidermal growth factor receptor,9606,,,pIC50,,UO_0000065,,6.0
,,16903066,[],CHEMBL3882759,Inhibition of recombinant human full length EGFR expressed in baculovirus expression system assessed as decrease in transfer of gamma-phosphate from ATP onto tyrosine residue of biotinylated peptide substrate preincubated for 1 hr followed by substrate addition measured after 90 mins by HTRF method,B,,,BAO_0000190,BAO_0000019,assay format,COc1cc(N2CCN(CCS(C)(=O)=O)CC2)c(Cl)cc1Nc1nccc(-c2c(-c3ccc(OC)c(C(=O)Nc4c(F)cccc4F)c3)nc3ccccn23)n1,,,CHEMBL3882727,,2008.0,,,CHEMBL3950746,,CHEMBL3950746,,0,http://www.openphacts.org/units/Nanomolar,2831422,>,38,1,<,,IC50,nM,,1000.0,CHEMBL203,Homo sapiens,Epidermal growth factor receptor,9606,,,pIC50,,UO_0000065,,6.0
,,16903067,[],CHEMBL3882759,Inhibition of recombinant human full length EGFR expressed in baculovirus expression system assessed as decrease in transfer of gamma-phosphate from ATP onto tyrosine residue of biotinylated peptide substrate preincubated for 1 hr followed by substrate addition measured after 90 mins by HTRF method,B,,,BAO_0000190,BAO_0000019,assay format,COc1cc(N2CCC(CCS(C)(=O)=O)CC2)c(C)cc1Nc1nccc(-c2c(-c3ccc(OC(C)C)c(C(=O)Nc4c(F)cccc4F)c3)nc3ccccn23)n1,,,CHEMBL3882727,,2008.0,,,CHEMBL3953421,,CHEMBL3953421,,0,http://www.openphacts.org/units/Nanomolar,2831423,>,38,1,<,,IC50,nM,,1000.0,CHEMBL203,Homo sapiens,Epidermal growth factor receptor,9606,,,pIC50,,UO_0000065,,6.0
,266804,17649123,[],CHEMBL3705421,"Tyrosine Kinase Assay: EGFR1 (HER-1) enzyme assay was carried out by using Tyrosine Kinase Assay Kit Green. The entire assay was conducted in accordance with EGFR PTK inhibitor cellular activity test S.O.P.A typical kinase inhibition reaction requires a protein tyrosine kinase, a suitable buffer solution system, a peptide substrate and ATP. In the present EGFR tyrosine kinase assay, a buffer solution system containing 20 mM HEPES (pH 7.4), 5 mM MgCl2 and 2 mM MnCl2; 50 uM Na3VO4; 50 ng/10 ul EGFR (Proquinase); 100 uM ATP; and 10 ng/ml poly(Glu, Tyr) (4:1, Sigma) as a substrate were used.First, 10 ul of EGFR was added to each well of a 96-well plate, 10 ul of the test compounds diluted as described in Test Example 2 (Examples 1 to 173) was added to each well, and the plate was incubated at room temperature for 10 min. The compounds of Test Example 1 were used as control compounds at a concentration of 0.0001 to 10 uM.",B,,,BAO_0000190,BAO_0000357,single protein format,C=CC(=O)Nc1cc2c(Nc3ccc(Br)cc3F)ncnc2cc1OCCNC(=O)N1CCN(C(C)=O)CC1,,,CHEMBL3638799,,2014.0,"{'bei': '11.86', 'le': '0.25', 'lle': '3.47', 'sei': '5.53'}",,CHEMBL3671565,,CHEMBL3671565,7.12,0,http://www.openphacts.org/units/Nanomolar,2546920,=,37,1,=,,IC50,nM,,76.0,CHEMBL203,Homo sapiens,Epidermal growth factor receptor,9606,,,IC50,nM,UO_0000065,,76.0
,266805,17649124,[],CHEMBL3705421,"Tyrosine Kinase Assay: EGFR1 (HER-1) enzyme assay was carried out by using Tyrosine Kinase Assay Kit Green. The entire assay was conducted in accordance with EGFR PTK inhibitor cellular activity test S.O.P.A typical kinase inhibition reaction requires a protein tyrosine kinase, a suitable buffer solution system, a peptide substrate and ATP. In the present EGFR tyrosine kinase assay, a buffer solution system containing 20 mM HEPES (pH 7.4), 5 mM MgCl2 and 2 mM MnCl2; 50 uM Na3VO4; 50 ng/10 ul EGFR (Proquinase); 100 uM ATP; and 10 ng/ml poly(Glu, Tyr) (4:1, Sigma) as a substrate were used.First, 10 ul of EGFR was added to each well of a 96-well plate, 10 ul of the test compounds diluted as described in Test Example 2 (Examples 1 to 173) was added to each well, and the plate was incubated at room temperature for 10 min. The compounds of Test Example 1 were used as control compounds at a concentration of 0.0001 to 10 uM.",B,,,BAO_0000190,BAO_0000357,single protein format,C=CC(=O)Nc1cc2c(Nc3ccc(Br)cc3F)ncnc2cc1OCCNC(=O)N1CCN(C)CC1,,,CHEMBL3638799,,2014.0,"{'bei': '13.78', 'le': '0.29', 'lle': '4.15', 'sei': '7.06'}",,CHEMBL3671566,,CHEMBL3671566,7.89,0,http://www.openphacts.org/units/Nanomolar,2546921,=,37,1,=,,IC50,nM,,13.0,CHEMBL203,Homo sapiens,Epidermal growth factor receptor,9606,,,IC50,nM,UO_0000065,,13.0
,266806,17649125,[],CHEMBL3705421,"Tyrosine Kinase Assay: EGFR1 (HER-1) enzyme assay was carried out by using Tyrosine Kinase Assay Kit Green. The entire assay was conducted in accordance with EGFR PTK inhibitor cellular activity test S.O.P.A typical kinase inhibition reaction requires a protein tyrosine kinase, a suitable buffer solution system, a peptide substrate and ATP. In the present EGFR tyrosine kinase assay, a buffer solution system containing 20 mM HEPES (pH 7.4), 5 mM MgCl2 and 2 mM MnCl2; 50 uM Na3VO4; 50 ng/10 ul EGFR (Proquinase); 100 uM ATP; and 10 ng/ml poly(Glu, Tyr) (4:1, Sigma) as a substrate were used.First, 10 ul of EGFR was added to each well of a 96-well plate, 10 ul of the test compounds diluted as described in Test Example 2 (Examples 1 to 173) was added to each well, and the plate was incubated at room temperature for 10 min. The compounds of Test Example 1 were used as control compounds at a concentration of 0.0001 to 10 uM.",B,,,BAO_0000190,BAO_0000357,single protein format,C=CC(=O)Nc1cc2c(Nc3ccc(Br)cc3F)ncnc2cc1OCCNC(=O)C1CCCN1,,,CHEMBL3638799,,2014.0,"{'bei': '10.51', 'le': '0.22', 'lle': '2.06', 'sei': '4.87'}",,CHEMBL3671567,,CHEMBL3671567,5.71,0,http://www.openphacts.org/units/Nanomolar,2546922,=,37,1,=,,IC50,nM,,1954.0,CHEMBL203,Homo sapiens,Epidermal growth factor receptor,9606,,,IC50,nM,UO_0000065,,1954.0
,266807,17649126,[],CHEMBL3705421,"Tyrosine Kinase Assay: EGFR1 (HER-1) enzyme assay was carried out by using Tyrosine Kinase Assay Kit Green. The entire assay was conducted in accordance with EGFR PTK inhibitor cellular activity test S.O.P.A typical kinase inhibition reaction requires a protein tyrosine kinase, a suitable buffer solution system, a peptide substrate and ATP. In the present EGFR tyrosine kinase assay, a buffer solution system containing 20 mM HEPES (pH 7.4), 5 mM MgCl2 and 2 mM MnCl2; 50 uM Na3VO4; 50 ng/10 ul EGFR (Proquinase); 100 uM ATP; and 10 ng/ml poly(Glu, Tyr) (4:1, Sigma) as a substrate were used.First, 10 ul of EGFR was added to each well of a 96-well plate, 10 ul of the test compounds diluted as described in Test Example 2 (Examples 1 to 173) was added to each well, and the plate was incubated at room temperature for 10 min. The compounds of Test Example 1 were used as control compounds at a concentration of 0.0001 to 10 uM.",B,,,BAO_0000190,BAO_0000357,single protein format,C=CC(=O)Nc1cc2c(Nc3ccc(Br)cc3F)ncnc2cc1OCCNC(=O)C1CCCN1C,,,CHEMBL3638799,,2014.0,"{'bei': '12.85', 'le': '0.27', 'lle': '3.17', 'sei': '6.60'}",,CHEMBL3671568,,CHEMBL3671568,7.16,0,http://www.openphacts.org/units/Nanomolar,2546923,=,37,1,=,,IC50,nM,,69.0,CHEMBL203,Homo sapiens,Epidermal growth factor receptor,9606,,,IC50,nM,UO_0000065,,69.0
,266808,17649127,[],CHEMBL3705421,"Tyrosine Kinase Assay: EGFR1 (HER-1) enzyme assay was carried out by using Tyrosine Kinase Assay Kit Green. The entire assay was conducted in accordance with EGFR PTK inhibitor cellular activity test S.O.P.A typical kinase inhibition reaction requires a protein tyrosine kinase, a suitable buffer solution system, a peptide substrate and ATP. In the present EGFR tyrosine kinase assay, a buffer solution system containing 20 mM HEPES (pH 7.4), 5 mM MgCl2 and 2 mM MnCl2; 50 uM Na3VO4; 50 ng/10 ul EGFR (Proquinase); 100 uM ATP; and 10 ng/ml poly(Glu, Tyr) (4:1, Sigma) as a substrate were used.First, 10 ul of EGFR was added to each well of a 96-well plate, 10 ul of the test compounds diluted as described in Test Example 2 (Examples 1 to 173) was added to each well, and the plate was incubated at room temperature for 10 min. The compounds of Test Example 1 were used as control compounds at a concentration of 0.0001 to 10 uM.",B,,,BAO_0000190,BAO_0000357,single protein format,C=CC(=O)Nc1cc2c(Nc3ccc(Br)cc3F)ncnc2cc1OCCNC(=O)c1ccc[nH]1,,,CHEMBL3638799,,2014.0,"{'bei': '11.93', 'le': '0.25', 'lle': '1.89', 'sei': '5.32'}",,CHEMBL3671569,,CHEMBL3671569,6.43,0,http://www.openphacts.org/units/Nanomolar,2546924,=,37,1,=,,IC50,nM,,368.0,CHEMBL203,Homo sapiens,Epidermal growth factor receptor,9606,,,IC50,nM,UO_0000065,,368.0
,266809,17649128,[],CHEMBL3705421,"Tyrosine Kinase Assay: EGFR1 (HER-1) enzyme assay was carried out by using Tyrosine Kinase Assay Kit Green. The entire assay was conducted in accordance with EGFR PTK inhibitor cellular activity test S.O.P.A typical kinase inhibition reaction requires a protein tyrosine kinase, a suitable buffer solution system, a peptide substrate and ATP. In the present EGFR tyrosine kinase assay, a buffer solution system containing 20 mM HEPES (pH 7.4), 5 mM MgCl2 and 2 mM MnCl2; 50 uM Na3VO4; 50 ng/10 ul EGFR (Proquinase); 100 uM ATP; and 10 ng/ml poly(Glu, Tyr) (4:1, Sigma) as a substrate were used.First, 10 ul of EGFR was added to each well of a 96-well plate, 10 ul of the test compounds diluted as described in Test Example 2 (Examples 1 to 173) was added to each well, and the plate was incubated at room temperature for 10 min. The compounds of Test Example 1 were used as control compounds at a concentration of 0.0001 to 10 uM.",B,,,BAO_0000190,BAO_0000357,single protein format,C=CC(=O)Nc1cc2c(Nc3ccc(Br)cc3F)ncnc2cc1OCCNC(=O)C1CCCN1C,,,CHEMBL3638799,,2014.0,"{'bei': '13.67', 'le': '0.29', 'lle': '3.63', 'sei': '7.02'}",,CHEMBL3671568,,CHEMBL3671568,7.62,0,http://www.openphacts.org/units/Nanomolar,2546923,=,37,1,=,,IC50,nM,,24.0,CHEMBL203,Homo sapiens,Epidermal growth factor receptor,9606,,,IC50,nM,UO_0000065,,24.0
,266810,17649129,[],CHEMBL3705421,"Tyrosine Kinase Assay: EGFR1 (HER-1) enzyme assay was carried out by using Tyrosine Kinase Assay Kit Green. The entire assay was conducted in accordance with EGFR PTK inhibitor cellular activity test S.O.P.A typical kinase inhibition reaction requires a protein tyrosine kinase, a suitable buffer solution system, a peptide substrate and ATP. In the present EGFR tyrosine kinase assay, a buffer solution system containing 20 mM HEPES (pH 7.4), 5 mM MgCl2 and 2 mM MnCl2; 50 uM Na3VO4; 50 ng/10 ul EGFR (Proquinase); 100 uM ATP; and 10 ng/ml poly(Glu, Tyr) (4:1, Sigma) as a substrate were used.First, 10 ul of EGFR was added to each well of a 96-well plate, 10 ul of the test compounds diluted as described in Test Example 2 (Examples 1 to 173) was added to each well, and the plate was incubated at room temperature for 10 min. The compounds of Test Example 1 were used as control compounds at a concentration of 0.0001 to 10 uM.",B,,,BAO_0000190,BAO_0000357,single protein format,C=CC(=O)Nc1cc2c(Nc3ccc(Br)cc3F)ncnc2cc1OCCNC(=O)CN1CCCCC1,,,CHEMBL3638799,,2014.0,"{'bei': '14.27', 'le': '0.30', 'lle': '3.77', 'sei': '7.52'}",,CHEMBL3671570,,CHEMBL3671570,8.15,0,http://www.openphacts.org/units/Nanomolar,2546925,=,37,1,=,,IC50,nM,,7.0,CHEMBL203,Homo sapiens,Epidermal growth factor receptor,9606,,,IC50,nM,UO_0000065,,7.0
,266811,17649130,[],CHEMBL3705421,"Tyrosine Kinase Assay: EGFR1 (HER-1) enzyme assay was carried out by using Tyrosine Kinase Assay Kit Green. The entire assay was conducted in accordance with EGFR PTK inhibitor cellular activity test S.O.P.A typical kinase inhibition reaction requires a protein tyrosine kinase, a suitable buffer solution system, a peptide substrate and ATP. In the present EGFR tyrosine kinase assay, a buffer solution system containing 20 mM HEPES (pH 7.4), 5 mM MgCl2 and 2 mM MnCl2; 50 uM Na3VO4; 50 ng/10 ul EGFR (Proquinase); 100 uM ATP; and 10 ng/ml poly(Glu, Tyr) (4:1, Sigma) as a substrate were used.First, 10 ul of EGFR was added to each well of a 96-well plate, 10 ul of the test compounds diluted as described in Test Example 2 (Examples 1 to 173) was added to each well, and the plate was incubated at room temperature for 10 min. The compounds of Test Example 1 were used as control compounds at a concentration of 0.0001 to 10 uM.",B,,,BAO_0000190,BAO_0000357,single protein format,C=CC(=O)Nc1cc2c(Nc3ccc(Br)cc3F)ncnc2cc1OCCNC(=O)CN1CCN(C)CC1,,,CHEMBL3638799,,2014.0,"{'bei': '13.51', 'le': '0.28', 'lle': '4.78', 'sei': '7.09'}",,CHEMBL3671571,,CHEMBL3671571,7.92,0,http://www.openphacts.org/units/Nanomolar,2546926,=,37,1,=,,IC50,nM,,12.0,CHEMBL203,Homo sapiens,Epidermal growth factor receptor,9606,,,IC50,nM,UO_0000065,,12.0
,266812,17649131,[],CHEMBL3705421,"Tyrosine Kinase Assay: EGFR1 (HER-1) enzyme assay was carried out by using Tyrosine Kinase Assay Kit Green. The entire assay was conducted in accordance with EGFR PTK inhibitor cellular activity test S.O.P.A typical kinase inhibition reaction requires a protein tyrosine kinase, a suitable buffer solution system, a peptide substrate and ATP. In the present EGFR tyrosine kinase assay, a buffer solution system containing 20 mM HEPES (pH 7.4), 5 mM MgCl2 and 2 mM MnCl2; 50 uM Na3VO4; 50 ng/10 ul EGFR (Proquinase); 100 uM ATP; and 10 ng/ml poly(Glu, Tyr) (4:1, Sigma) as a substrate were used.First, 10 ul of EGFR was added to each well of a 96-well plate, 10 ul of the test compounds diluted as described in Test Example 2 (Examples 1 to 173) was added to each well, and the plate was incubated at room temperature for 10 min. The compounds of Test Example 1 were used as control compounds at a concentration of 0.0001 to 10 uM.",B,,,BAO_0000190,BAO_0000357,single protein format,C=CC(=O)Nc1cc2c(Nc3ccc(Br)cc3F)ncnc2cc1OCCNC(=O)CN1CCOCC1,,,CHEMBL3638799,,2014.0,"{'bei': '13.07', 'le': '0.28', 'lle': '4.26', 'sei': '6.37'}",,CHEMBL3671572,,CHEMBL3671572,7.50,0,http://www.openphacts.org/units/Nanomolar,2546927,=,37,1,=,,IC50,nM,,32.0,CHEMBL203,Homo sapiens,Epidermal growth factor receptor,9606,,,IC50,nM,UO_0000065,,32.0
,266813,17649132,[],CHEMBL3705421,"Tyrosine Kinase Assay: EGFR1 (HER-1) enzyme assay was carried out by using Tyrosine Kinase Assay Kit Green. The entire assay was conducted in accordance with EGFR PTK inhibitor cellular activity test S.O.P.A typical kinase inhibition reaction requires a protein tyrosine kinase, a suitable buffer solution system, a peptide substrate and ATP. In the present EGFR tyrosine kinase assay, a buffer solution system containing 20 mM HEPES (pH 7.4), 5 mM MgCl2 and 2 mM MnCl2; 50 uM Na3VO4; 50 ng/10 ul EGFR (Proquinase); 100 uM ATP; and 10 ng/ml poly(Glu, Tyr) (4:1, Sigma) as a substrate were used.First, 10 ul of EGFR was added to each well of a 96-well plate, 10 ul of the test compounds diluted as described in Test Example 2 (Examples 1 to 173) was added to each well, and the plate was incubated at room temperature for 10 min. The compounds of Test Example 1 were used as control compounds at a concentration of 0.0001 to 10 uM.",B,,,BAO_0000190,BAO_0000357,single protein format,C=CC(=O)Nc1cc2c(Nc3ccc(Br)cc3F)ncnc2cc1OCCNC(=O)CCN1CCCCC1,,,CHEMBL3638799,,2014.0,"{'bei': '13.41', 'le': '0.28', 'lle': '3.08', 'sei': '7.24'}",,CHEMBL3671573,,CHEMBL3671573,7.85,0,http://www.openphacts.org/units/Nanomolar,2546928,=,37,1,=,,IC50,nM,,14.0,CHEMBL203,Homo sapiens,Epidermal growth factor receptor,9606,,,IC50,nM,UO_0000065,,14.0
,266814,17649133,[],CHEMBL3705421,"Tyrosine Kinase Assay: EGFR1 (HER-1) enzyme assay was carried out by using Tyrosine Kinase Assay Kit Green. The entire assay was conducted in accordance with EGFR PTK inhibitor cellular activity test S.O.P.A typical kinase inhibition reaction requires a protein tyrosine kinase, a suitable buffer solution system, a peptide substrate and ATP. In the present EGFR tyrosine kinase assay, a buffer solution system containing 20 mM HEPES (pH 7.4), 5 mM MgCl2 and 2 mM MnCl2; 50 uM Na3VO4; 50 ng/10 ul EGFR (Proquinase); 100 uM ATP; and 10 ng/ml poly(Glu, Tyr) (4:1, Sigma) as a substrate were used.First, 10 ul of EGFR was added to each well of a 96-well plate, 10 ul of the test compounds diluted as described in Test Example 2 (Examples 1 to 173) was added to each well, and the plate was incubated at room temperature for 10 min. The compounds of Test Example 1 were used as control compounds at a concentration of 0.0001 to 10 uM.",B,,,BAO_0000190,BAO_0000357,single protein format,C=CC(=O)Nc1cc2c(Nc3ccc(Br)cc3F)ncnc2cc1OCCNC(=O)C1CCCN1C(C)=O,,,CHEMBL3638799,,2014.0,"{'bei': '12.99', 'le': '0.27', 'lle': '3.69', 'sei': '6.06'}",,CHEMBL3671574,,CHEMBL3671574,7.60,0,http://www.openphacts.org/units/Nanomolar,2546929,=,37,1,=,,IC50,nM,,25.0,CHEMBL203,Homo sapiens,Epidermal growth factor receptor,9606,,,IC50,nM,UO_0000065,,25.0
,266815,17649134,[],CHEMBL3705421,"Tyrosine Kinase Assay: EGFR1 (HER-1) enzyme assay was carried out by using Tyrosine Kinase Assay Kit Green. The entire assay was conducted in accordance with EGFR PTK inhibitor cellular activity test S.O.P.A typical kinase inhibition reaction requires a protein tyrosine kinase, a suitable buffer solution system, a peptide substrate and ATP. In the present EGFR tyrosine kinase assay, a buffer solution system containing 20 mM HEPES (pH 7.4), 5 mM MgCl2 and 2 mM MnCl2; 50 uM Na3VO4; 50 ng/10 ul EGFR (Proquinase); 100 uM ATP; and 10 ng/ml poly(Glu, Tyr) (4:1, Sigma) as a substrate were used.First, 10 ul of EGFR was added to each well of a 96-well plate, 10 ul of the test compounds diluted as described in Test Example 2 (Examples 1 to 173) was added to each well, and the plate was incubated at room temperature for 10 min. The compounds of Test Example 1 were used as control compounds at a concentration of 0.0001 to 10 uM.",B,,,BAO_0000190,BAO_0000357,single protein format,C=CC(=O)Nc1cc2c(Nc3ccc(Br)cc3F)ncnc2cc1OCCNC(=O)C1CCCN1C(=O)CC,,,CHEMBL3638799,,2014.0,"{'bei': '11.19', 'le': '0.23', 'lle': '2.41', 'sei': '5.34'}",,CHEMBL3671575,,CHEMBL3671575,6.71,0,http://www.openphacts.org/units/Nanomolar,2546930,=,37,1,=,,IC50,nM,,196.0,CHEMBL203,Homo sapiens,Epidermal growth factor receptor,9606,,,IC50,nM,UO_0000065,,196.0
,266816,17649135,[],CHEMBL3705421,"Tyrosine Kinase Assay: EGFR1 (HER-1) enzyme assay was carried out by using Tyrosine Kinase Assay Kit Green. The entire assay was conducted in accordance with EGFR PTK inhibitor cellular activity test S.O.P.A typical kinase inhibition reaction requires a protein tyrosine kinase, a suitable buffer solution system, a peptide substrate and ATP. In the present EGFR tyrosine kinase assay, a buffer solution system containing 20 mM HEPES (pH 7.4), 5 mM MgCl2 and 2 mM MnCl2; 50 uM Na3VO4; 50 ng/10 ul EGFR (Proquinase); 100 uM ATP; and 10 ng/ml poly(Glu, Tyr) (4:1, Sigma) as a substrate were used.First, 10 ul of EGFR was added to each well of a 96-well plate, 10 ul of the test compounds diluted as described in Test Example 2 (Examples 1 to 173) was added to each well, and the plate was incubated at room temperature for 10 min. The compounds of Test Example 1 were used as control compounds at a concentration of 0.0001 to 10 uM.",B,,,BAO_0000190,BAO_0000357,single protein format,C=CC(=O)Nc1cc2c(Nc3ccc(Br)cc3F)ncnc2cc1OCCNC(=O)CN1CCCC1,,,CHEMBL3638799,,2014.0,"{'bei': '13.18', 'le': '0.28', 'lle': '3.36', 'sei': '6.77'}",,CHEMBL3671576,,CHEMBL3671576,7.35,0,http://www.openphacts.org/units/Nanomolar,2546931,=,37,1,=,,IC50,nM,,45.0,CHEMBL203,Homo sapiens,Epidermal growth factor receptor,9606,,,IC50,nM,UO_0000065,,45.0
,266817,17649136,[],CHEMBL3705421,"Tyrosine Kinase Assay: EGFR1 (HER-1) enzyme assay was carried out by using Tyrosine Kinase Assay Kit Green. The entire assay was conducted in accordance with EGFR PTK inhibitor cellular activity test S.O.P.A typical kinase inhibition reaction requires a protein tyrosine kinase, a suitable buffer solution system, a peptide substrate and ATP. In the present EGFR tyrosine kinase assay, a buffer solution system containing 20 mM HEPES (pH 7.4), 5 mM MgCl2 and 2 mM MnCl2; 50 uM Na3VO4; 50 ng/10 ul EGFR (Proquinase); 100 uM ATP; and 10 ng/ml poly(Glu, Tyr) (4:1, Sigma) as a substrate were used.First, 10 ul of EGFR was added to each well of a 96-well plate, 10 ul of the test compounds diluted as described in Test Example 2 (Examples 1 to 173) was added to each well, and the plate was incubated at room temperature for 10 min. The compounds of Test Example 1 were used as control compounds at a concentration of 0.0001 to 10 uM.",B,,,BAO_0000190,BAO_0000357,single protein format,C=CC(=O)Nc1cc2c(Nc3ccc(Br)cc3F)ncnc2cc1OCCNC(=O)CN1CC=CC1,,,CHEMBL3638799,,2014.0,"{'bei': '13.49', 'le': '0.28', 'lle': '3.72', 'sei': '6.91'}",,CHEMBL3671577,,CHEMBL3671577,7.50,0,http://www.openphacts.org/units/Nanomolar,2546932,=,37,1,=,,IC50,nM,,32.0,CHEMBL203,Homo sapiens,Epidermal growth factor receptor,9606,,,IC50,nM,UO_0000065,,32.0
,266818,17649137,[],CHEMBL3705421,"Tyrosine Kinase Assay: EGFR1 (HER-1) enzyme assay was carried out by using Tyrosine Kinase Assay Kit Green. The entire assay was conducted in accordance with EGFR PTK inhibitor cellular activity test S.O.P.A typical kinase inhibition reaction requires a protein tyrosine kinase, a suitable buffer solution system, a peptide substrate and ATP. In the present EGFR tyrosine kinase assay, a buffer solution system containing 20 mM HEPES (pH 7.4), 5 mM MgCl2 and 2 mM MnCl2; 50 uM Na3VO4; 50 ng/10 ul EGFR (Proquinase); 100 uM ATP; and 10 ng/ml poly(Glu, Tyr) (4:1, Sigma) as a substrate were used.First, 10 ul of EGFR was added to each well of a 96-well plate, 10 ul of the test compounds diluted as described in Test Example 2 (Examples 1 to 173) was added to each well, and the plate was incubated at room temperature for 10 min. The compounds of Test Example 1 were used as control compounds at a concentration of 0.0001 to 10 uM.",B,,,BAO_0000190,BAO_0000357,single protein format,C=CC(=O)Nc1cc2c(Nc3ccc(Br)cc3F)ncnc2cc1OCC1=NCCO1,,,CHEMBL3638799,,2014.0,"{'bei': '14.20', 'le': '0.30', 'lle': '2.69', 'sei': '7.06'}",,CHEMBL3671578,,CHEMBL3671578,6.90,0,http://www.openphacts.org/units/Nanomolar,2546933,=,37,1,=,,IC50,nM,,125.0,CHEMBL203,Homo sapiens,Epidermal growth factor receptor,9606,,,IC50,nM,UO_0000065,,125.0
,266819,17649138,[],CHEMBL3705421,"Tyrosine Kinase Assay: EGFR1 (HER-1) enzyme assay was carried out by using Tyrosine Kinase Assay Kit Green. The entire assay was conducted in accordance with EGFR PTK inhibitor cellular activity test S.O.P.A typical kinase inhibition reaction requires a protein tyrosine kinase, a suitable buffer solution system, a peptide substrate and ATP. In the present EGFR tyrosine kinase assay, a buffer solution system containing 20 mM HEPES (pH 7.4), 5 mM MgCl2 and 2 mM MnCl2; 50 uM Na3VO4; 50 ng/10 ul EGFR (Proquinase); 100 uM ATP; and 10 ng/ml poly(Glu, Tyr) (4:1, Sigma) as a substrate were used.First, 10 ul of EGFR was added to each well of a 96-well plate, 10 ul of the test compounds diluted as described in Test Example 2 (Examples 1 to 173) was added to each well, and the plate was incubated at room temperature for 10 min. The compounds of Test Example 1 were used as control compounds at a concentration of 0.0001 to 10 uM.",B,,,BAO_0000190,BAO_0000357,single protein format,C=CC(=O)Nc1cc2c(Nc3ccc(Br)cc3F)ncnc2cc1OCCNC(=O)CN1CCC1,,,CHEMBL3638799,,2014.0,"{'bei': '11.05', 'le': '0.23', 'lle': '2.41', 'sei': '5.54'}",,CHEMBL3671579,,CHEMBL3671579,6.01,0,http://www.openphacts.org/units/Nanomolar,2546934,=,37,1,=,,IC50,nM,,987.0,CHEMBL203,Homo sapiens,Epidermal growth factor receptor,9606,,,IC50,nM,UO_0000065,,987.0
,266820,17649139,[],CHEMBL3705421,"Tyrosine Kinase Assay: EGFR1 (HER-1) enzyme assay was carried out by using Tyrosine Kinase Assay Kit Green. The entire assay was conducted in accordance with EGFR PTK inhibitor cellular activity test S.O.P.A typical kinase inhibition reaction requires a protein tyrosine kinase, a suitable buffer solution system, a peptide substrate and ATP. In the present EGFR tyrosine kinase assay, a buffer solution system containing 20 mM HEPES (pH 7.4), 5 mM MgCl2 and 2 mM MnCl2; 50 uM Na3VO4; 50 ng/10 ul EGFR (Proquinase); 100 uM ATP; and 10 ng/ml poly(Glu, Tyr) (4:1, Sigma) as a substrate were used.First, 10 ul of EGFR was added to each well of a 96-well plate, 10 ul of the test compounds diluted as described in Test Example 2 (Examples 1 to 173) was added to each well, and the plate was incubated at room temperature for 10 min. The compounds of Test Example 1 were used as control compounds at a concentration of 0.0001 to 10 uM.",B,,,BAO_0000190,BAO_0000357,single protein format,C=CC(=O)Nc1cc2c(Nc3ccc(F)c(Cl)c3)ncnc2cc1OCCNC(C)=O,,,CHEMBL3638799,,2014.0,"{'bei': '17.84', 'le': '0.35', 'lle': '4.11', 'sei': '7.53'}",,CHEMBL3671580,,CHEMBL3671580,7.92,0,http://www.openphacts.org/units/Nanomolar,2546935,=,37,1,=,,IC50,nM,,12.0,CHEMBL203,Homo sapiens,Epidermal growth factor receptor,9606,,,IC50,nM,UO_0000065,,12.0
,266821,17649140,[],CHEMBL3705421,"Tyrosine Kinase Assay: EGFR1 (HER-1) enzyme assay was carried out by using Tyrosine Kinase Assay Kit Green. The entire assay was conducted in accordance with EGFR PTK inhibitor cellular activity test S.O.P.A typical kinase inhibition reaction requires a protein tyrosine kinase, a suitable buffer solution system, a peptide substrate and ATP. In the present EGFR tyrosine kinase assay, a buffer solution system containing 20 mM HEPES (pH 7.4), 5 mM MgCl2 and 2 mM MnCl2; 50 uM Na3VO4; 50 ng/10 ul EGFR (Proquinase); 100 uM ATP; and 10 ng/ml poly(Glu, Tyr) (4:1, Sigma) as a substrate were used.First, 10 ul of EGFR was added to each well of a 96-well plate, 10 ul of the test compounds diluted as described in Test Example 2 (Examples 1 to 173) was added to each well, and the plate was incubated at room temperature for 10 min. The compounds of Test Example 1 were used as control compounds at a concentration of 0.0001 to 10 uM.",B,,,BAO_0000190,BAO_0000357,single protein format,C=CC(=O)Nc1cc2c(Nc3ccc(Cl)cc3F)ncnc2cc1OCCNC(C)=O,,,CHEMBL3638799,,2014.0,"{'bei': '17.45', 'le': '0.34', 'lle': '3.93', 'sei': '7.36'}",,CHEMBL3671581,,CHEMBL3671581,7.75,0,http://www.openphacts.org/units/Nanomolar,2546936,=,37,1,=,,IC50,nM,,18.0,CHEMBL203,Homo sapiens,Epidermal growth factor receptor,9606,,,IC50,nM,UO_0000065,,18.0
,266822,17649141,[],CHEMBL3705421,"Tyrosine Kinase Assay: EGFR1 (HER-1) enzyme assay was carried out by using Tyrosine Kinase Assay Kit Green. The entire assay was conducted in accordance with EGFR PTK inhibitor cellular activity test S.O.P.A typical kinase inhibition reaction requires a protein tyrosine kinase, a suitable buffer solution system, a peptide substrate and ATP. In the present EGFR tyrosine kinase assay, a buffer solution system containing 20 mM HEPES (pH 7.4), 5 mM MgCl2 and 2 mM MnCl2; 50 uM Na3VO4; 50 ng/10 ul EGFR (Proquinase); 100 uM ATP; and 10 ng/ml poly(Glu, Tyr) (4:1, Sigma) as a substrate were used.First, 10 ul of EGFR was added to each well of a 96-well plate, 10 ul of the test compounds diluted as described in Test Example 2 (Examples 1 to 173) was added to each well, and the plate was incubated at room temperature for 10 min. The compounds of Test Example 1 were used as control compounds at a concentration of 0.0001 to 10 uM.",B,,,BAO_0000190,BAO_0000357,single protein format,C=CC(=O)Nc1cc2c(Nc3ccc(Cl)cc3Cl)ncnc2cc1OCCNC(C)=O,,,CHEMBL3638799,,2014.0,"{'bei': '15.88', 'le': '0.32', 'lle': '2.99', 'sei': '6.95'}",,CHEMBL3671582,,CHEMBL3671582,7.31,0,http://www.openphacts.org/units/Nanomolar,2546937,=,37,1,=,,IC50,nM,,49.0,CHEMBL203,Homo sapiens,Epidermal growth factor receptor,9606,,,IC50,nM,UO_0000065,,49.0
,266823,17649142,[],CHEMBL3705421,"Tyrosine Kinase Assay: EGFR1 (HER-1) enzyme assay was carried out by using Tyrosine Kinase Assay Kit Green. The entire assay was conducted in accordance with EGFR PTK inhibitor cellular activity test S.O.P.A typical kinase inhibition reaction requires a protein tyrosine kinase, a suitable buffer solution system, a peptide substrate and ATP. In the present EGFR tyrosine kinase assay, a buffer solution system containing 20 mM HEPES (pH 7.4), 5 mM MgCl2 and 2 mM MnCl2; 50 uM Na3VO4; 50 ng/10 ul EGFR (Proquinase); 100 uM ATP; and 10 ng/ml poly(Glu, Tyr) (4:1, Sigma) as a substrate were used.First, 10 ul of EGFR was added to each well of a 96-well plate, 10 ul of the test compounds diluted as described in Test Example 2 (Examples 1 to 173) was added to each well, and the plate was incubated at room temperature for 10 min. The compounds of Test Example 1 were used as control compounds at a concentration of 0.0001 to 10 uM.",B,,,BAO_0000190,BAO_0000357,single protein format,C=CC(=O)Nc1cc2c(Nc3ccc(Br)cc3C(F)(F)F)ncnc2cc1OCCNC(C)=O,,,CHEMBL3638799,,2014.0,"{'bei': '11.78', 'le': '0.25', 'lle': '1.55', 'sei': '6.03'}",,CHEMBL3671583,,CHEMBL3671583,6.34,0,http://www.openphacts.org/units/Nanomolar,2546938,=,37,1,=,,IC50,nM,,456.0,CHEMBL203,Homo sapiens,Epidermal growth factor receptor,9606,,,IC50,nM,UO_0000065,,456.0
,,17989491,[],CHEMBL3999847,Inhibition of recombinant human GST-tagged EGFR L858R/T790M double mutant cytoplasmic domain (668 to 1210 residues) expressed in baculovirus expression system by Z'-Lyte assay,B,P00533,"L858R,T790M",BAO_0000190,BAO_0000019,assay format,Nc1ccc2ncnc(Nc3cccc(Cl)c3)c2c1,,,CHEMBL3997839,Bioorg Med Chem Lett,2017.0,,,CHEMBL343352,,CHEMBL343352,,0,http://www.openphacts.org/units/Nanomolar,2980308,>,1,1,>,,IC50,nM,,10000.0,CHEMBL203,Homo sapiens,Epidermal growth factor receptor,9606,,,IC50,uM,UO_0000065,,10.0
,,17989516,[],CHEMBL3999847,Inhibition of recombinant human GST-tagged EGFR L858R/T790M double mutant cytoplasmic domain (668 to 1210 residues) expressed in baculovirus expression system by Z'-Lyte assay,B,P00533,"L858R,T790M",BAO_0000190,BAO_0000019,assay format,O=C(Nc1ccc2ncnc(Nc3cccc(Cl)c3)c2c1)C1CCC2(CC1)OCC1(OO2)C2CC3CC(C2)CC1C3,,,CHEMBL3997839,Bioorg Med Chem Lett,2017.0,,,CHEMBL4082840,,CHEMBL4082840,,0,http://www.openphacts.org/units/Nanomolar,2980310,>,1,1,>,,IC50,nM,,10000.0,CHEMBL203,Homo sapiens,Epidermal growth factor receptor,9606,,,IC50,uM,UO_0000065,,10.0
,,17989522,[],CHEMBL3999845,Inhibition of recombinant human GST-tagged EGFR cytoplasmic domain (668 to 1210 residues) expressed in baculovirus expression system by Z'-Lyte assay,B,,,BAO_0000190,BAO_0000019,assay format,O=C(Nc1ccc2ncnc(Nc3cccc(Cl)c3)c2c1)C1CCC2(CC1)OCC1(OO2)C2CC3CC(C2)CC1C3,,,CHEMBL3997839,Bioorg Med Chem Lett,2017.0,"{'bei': '12.05', 'le': '0.23', 'lle': '-0.10', 'sei': '7.33'}",,CHEMBL4082840,,CHEMBL4082840,6.93,0,http://www.openphacts.org/units/Nanomolar,2980310,=,1,1,=,,IC50,nM,,117.5,CHEMBL203,Homo sapiens,Epidermal growth factor receptor,9606,,,IC50,nM,UO_0000065,,117.5
,,17989523,[],CHEMBL3999846,Inhibition of recombinant human GST-tagged EGFR L858R mutant cytoplasmic domain (695-end residues) expressed in insect cells by Z'-Lyte assay,B,P00533,L858R,BAO_0000190,BAO_0000219,cell-based format,O=C(Nc1ccc2ncnc(Nc3cccc(Cl)c3)c2c1)C1CCC2(CC1)OCC1(OO2)C2CC3CC(C2)CC1C3,,,CHEMBL3997839,Bioorg Med Chem Lett,2017.0,"{'bei': '11.75', 'le': '0.23', 'lle': '-0.27', 'sei': '7.14'}",,CHEMBL4082840,,CHEMBL4082840,6.76,0,http://www.openphacts.org/units/Nanomolar,2980310,=,1,1,=,,IC50,nM,,174.9,CHEMBL203,Homo sapiens,Epidermal growth factor receptor,9606,,,IC50,nM,UO_0000065,,174.9
,,17989529,[],CHEMBL3999845,Inhibition of recombinant human GST-tagged EGFR cytoplasmic domain (668 to 1210 residues) expressed in baculovirus expression system by Z'-Lyte assay,B,,,BAO_0000190,BAO_0000019,assay format,O=C(Nc1ccc2nccc(Nc3cccc(Cl)c3)c2c1)C1CCC2(CC1)OOC1(O2)C2CC3CC(C2)CC1C3,,,CHEMBL3997839,Bioorg Med Chem Lett,2017.0,"{'bei': '12.31', 'le': '0.24', 'lle': '-0.70', 'sei': '8.44'}",,CHEMBL4088200,,CHEMBL4088200,6.89,0,http://www.openphacts.org/units/Nanomolar,2980311,=,1,1,=,,IC50,nM,,127.8,CHEMBL203,Homo sapiens,Epidermal growth factor receptor,9606,,,IC50,nM,UO_0000065,,127.8
,,17989530,[],CHEMBL3999846,Inhibition of recombinant human GST-tagged EGFR L858R mutant cytoplasmic domain (695-end residues) expressed in insect cells by Z'-Lyte assay,B,P00533,L858R,BAO_0000190,BAO_0000219,cell-based format,O=C(Nc1ccc2nccc(Nc3cccc(Cl)c3)c2c1)C1CCC2(CC1)OOC1(O2)C2CC3CC(C2)CC1C3,,,CHEMBL3997839,Bioorg Med Chem Lett,2017.0,"{'bei': '12.20', 'le': '0.23', 'lle': '-0.75', 'sei': '8.37'}",,CHEMBL4088200,,CHEMBL4088200,6.83,0,http://www.openphacts.org/units/Nanomolar,2980311,=,1,1,=,,IC50,nM,,146.2,CHEMBL203,Homo sapiens,Epidermal growth factor receptor,9606,,,IC50,nM,UO_0000065,,146.2
,,17989531,[],CHEMBL3999847,Inhibition of recombinant human GST-tagged EGFR L858R/T790M double mutant cytoplasmic domain (668 to 1210 residues) expressed in baculovirus expression system by Z'-Lyte assay,B,P00533,"L858R,T790M",BAO_0000190,BAO_0000019,assay format,O=C(Nc1ccc2nccc(Nc3cccc(Cl)c3)c2c1)C1CCC2(CC1)OOC1(O2)C2CC3CC(C2)CC1C3,,,CHEMBL3997839,Bioorg Med Chem Lett,2017.0,,,CHEMBL4088200,,CHEMBL4088200,,0,http://www.openphacts.org/units/Nanomolar,2980311,>,1,1,>,,IC50,nM,,10000.0,CHEMBL203,Homo sapiens,Epidermal growth factor receptor,9606,,,IC50,uM,UO_0000065,,10.0
,,17998402,[],CHEMBL4001767,"Inhibition of N-terminal 6His/TEV protease cleavage site-tagged wild type human EGFR using poly (Glu,Tyr) 4:1 as substrate after 1 hr by ELISA",A,,,BAO_0000190,BAO_0000357,single protein format,C=CC(=O)Nc1cccc(Nc2nc(Nc3ccc(N4CCN(C(C)=O)CC4)cc3OC)ncc2C(F)(F)F)c1,,,CHEMBL4000215,Eur J Med Chem,2017.0,,,CHEMBL3545308,ROCILETINIB,CHEMBL3545308,6.46,1,http://www.openphacts.org/units/Nanomolar,2982076,=,1,1,=,,IC50,nM,,344.3,CHEMBL203,Homo sapiens,Epidermal growth factor receptor,9606,,,IC50,nM,UO_0000065,,344.3
,,17998403,[],CHEMBL4001767,"Inhibition of N-terminal 6His/TEV protease cleavage site-tagged wild type human EGFR using poly (Glu,Tyr) 4:1 as substrate after 1 hr by ELISA",A,,,BAO_0000190,BAO_0000357,single protein format,C=CC(=O)Nc1cc(Nc2nccc(-c3cn(C)c4ccccc34)n2)c(OC)cc1N(C)CCN(C)C,,,CHEMBL4000215,Eur J Med Chem,2017.0,,,CHEMBL3353410,OSIMERTINIB,CHEMBL3353410,6.58,0,http://www.openphacts.org/units/Nanomolar,2982077,=,1,1,=,,IC50,nM,,260.4,CHEMBL203,Homo sapiens,Epidermal growth factor receptor,9606,,,IC50,nM,UO_0000065,,260.4
,,17998404,[],CHEMBL4001767,"Inhibition of N-terminal 6His/TEV protease cleavage site-tagged wild type human EGFR using poly (Glu,Tyr) 4:1 as substrate after 1 hr by ELISA",A,,,BAO_0000190,BAO_0000357,single protein format,C=CC(=O)Nc1cccc(-n2c(=O)cc(C)c3cnc(Nc4ccc(N5CCN(C)CC5)cc4OC)nc32)c1,,,CHEMBL4000215,Eur J Med Chem,2017.0,,,CHEMBL3633143,,CHEMBL3633143,6.48,0,http://www.openphacts.org/units/Nanomolar,2982078,=,1,1,=,,IC50,nM,,329.7,CHEMBL203,Homo sapiens,Epidermal growth factor receptor,9606,,,IC50,nM,UO_0000065,,329.7
,,17998405,[],CHEMBL4001767,"Inhibition of N-terminal 6His/TEV protease cleavage site-tagged wild type human EGFR using poly (Glu,Tyr) 4:1 as substrate after 1 hr by ELISA",A,,,BAO_0000190,BAO_0000357,single protein format,C=CC(=O)Nc1cccc(-n2c(=O)cc(C)c3cnc(Nc4cnn(CCN(C)C)c4)nc32)c1,,,CHEMBL4000215,Eur J Med Chem,2017.0,,,CHEMBL4082515,,CHEMBL4082515,6.35,0,http://www.openphacts.org/units/Nanomolar,2982079,=,1,1,=,,IC50,nM,,444.7,CHEMBL203,Homo sapiens,Epidermal growth factor receptor,9606,,,IC50,nM,UO_0000065,,444.7
,,17998406,[],CHEMBL4001767,"Inhibition of N-terminal 6His/TEV protease cleavage site-tagged wild type human EGFR using poly (Glu,Tyr) 4:1 as substrate after 1 hr by ELISA",A,,,BAO_0000190,BAO_0000357,single protein format,C=CC(=O)Nc1cccc(-n2c(=O)cc(C)c3cnc(Nc4cnn(C5CCN(C)CC5)c4)nc32)c1,,,CHEMBL4000215,Eur J Med Chem,2017.0,,,CHEMBL4064475,,CHEMBL4064475,6.78,0,http://www.openphacts.org/units/Nanomolar,2982080,=,1,1,=,,IC50,nM,,166.2,CHEMBL203,Homo sapiens,Epidermal growth factor receptor,9606,,,IC50,nM,UO_0000065,,166.2
,,17998407,[],CHEMBL4001767,"Inhibition of N-terminal 6His/TEV protease cleavage site-tagged wild type human EGFR using poly (Glu,Tyr) 4:1 as substrate after 1 hr by ELISA",A,,,BAO_0000190,BAO_0000357,single protein format,C=CC(=O)Nc1cccc(-n2c(=O)cc(C)c3cnc(Nc4ccc(N5CCN(C)CC5)nc4)nc32)c1,,,CHEMBL4000215,Eur J Med Chem,2017.0,,,CHEMBL4086000,,CHEMBL4086000,7.33,0,http://www.openphacts.org/units/Nanomolar,2982081,=,1,1,=,,IC50,nM,,46.8,CHEMBL203,Homo sapiens,Epidermal growth factor receptor,9606,,,IC50,nM,UO_0000065,,46.8
,,17998408,[],CHEMBL4001767,"Inhibition of N-terminal 6His/TEV protease cleavage site-tagged wild type human EGFR using poly (Glu,Tyr) 4:1 as substrate after 1 hr by ELISA",A,,,BAO_0000190,BAO_0000357,single protein format,C=CC(=O)Nc1cccc(-n2c(=O)cc(C)c3cnc(Nc4nc5c(s4)CN(C)CC5)nc32)c1,,,CHEMBL4000215,Eur J Med Chem,2017.0,,,CHEMBL4063421,,CHEMBL4063421,6.26,0,http://www.openphacts.org/units/Nanomolar,2982082,=,1,1,=,,IC50,nM,,549.6,CHEMBL203,Homo sapiens,Epidermal growth factor receptor,9606,,,IC50,nM,UO_0000065,,549.6
,,17998409,[],CHEMBL4001767,"Inhibition of N-terminal 6His/TEV protease cleavage site-tagged wild type human EGFR using poly (Glu,Tyr) 4:1 as substrate after 1 hr by ELISA",A,,,BAO_0000190,BAO_0000357,single protein format,C=CC(=O)Nc1cccc(-n2c(=O)cc(C)c3cnc(Nc4ccc(N5CCN(C)C(C)C5)cc4OC)nc32)c1,,,CHEMBL4000215,Eur J Med Chem,2017.0,,,CHEMBL4091276,,CHEMBL4091276,6.77,0,http://www.openphacts.org/units/Nanomolar,2982083,=,1,1,=,,IC50,nM,,169.2,CHEMBL203,Homo sapiens,Epidermal growth factor receptor,9606,,,IC50,nM,UO_0000065,,169.2
,,17998410,[],CHEMBL4001767,"Inhibition of N-terminal 6His/TEV protease cleavage site-tagged wild type human EGFR using poly (Glu,Tyr) 4:1 as substrate after 1 hr by ELISA",A,,,BAO_0000190,BAO_0000357,single protein format,C=CC(=O)Nc1cccc(-n2c(=O)cc(C)c3cnc(Nc4ccc(N5CC(C)N(C)C(C)C5)cc4OC)nc32)c1,,,CHEMBL4000215,Eur J Med Chem,2017.0,,,CHEMBL4072048,,CHEMBL4072048,7.01,0,http://www.openphacts.org/units/Nanomolar,2982084,=,1,1,=,,IC50,nM,,97.0,CHEMBL203,Homo sapiens,Epidermal growth factor receptor,9606,,,IC50,nM,UO_0000065,,97.0
,,17998411,[],CHEMBL4001767,"Inhibition of N-terminal 6His/TEV protease cleavage site-tagged wild type human EGFR using poly (Glu,Tyr) 4:1 as substrate after 1 hr by ELISA",A,,,BAO_0000190,BAO_0000357,single protein format,C=CC(=O)N1CCC(Cn2c(=O)cc(C)c3cnc(Nc4ccc(N5CCN(C)CC5)cc4OC)nc32)C1,,,CHEMBL4000215,Eur J Med Chem,2017.0,,,CHEMBL4099008,,CHEMBL4099008,,0,http://www.openphacts.org/units/Nanomolar,2982085,>,1,1,>,,IC50,nM,,1000.0,CHEMBL203,Homo sapiens,Epidermal growth factor receptor,9606,,,IC50,nM,UO_0000065,,1000.0
,,17998412,[],CHEMBL4001767,"Inhibition of N-terminal 6His/TEV protease cleavage site-tagged wild type human EGFR using poly (Glu,Tyr) 4:1 as substrate after 1 hr by ELISA",A,,,BAO_0000190,BAO_0000357,single protein format,C=CC(=O)N1CC[C@H](n2c(=O)cc(C)c3cnc(Nc4ccc(N5CCN(C)CC5)cc4OC)nc32)C1,,,CHEMBL4000215,Eur J Med Chem,2017.0,,,CHEMBL4093766,,CHEMBL4093766,,0,http://www.openphacts.org/units/Nanomolar,2982086,>,1,1,>,,IC50,nM,,1000.0,CHEMBL203,Homo sapiens,Epidermal growth factor receptor,9606,,,IC50,nM,UO_0000065,,1000.0
,,17998413,[],CHEMBL4001767,"Inhibition of N-terminal 6His/TEV protease cleavage site-tagged wild type human EGFR using poly (Glu,Tyr) 4:1 as substrate after 1 hr by ELISA",A,,,BAO_0000190,BAO_0000357,single protein format,C=CC(=O)N1CC[C@@H](n2c(=O)cc(C)c3cnc(Nc4ccc(N5CCN(C)CC5)cc4OC)nc32)C1,,,CHEMBL4000215,Eur J Med Chem,2017.0,,,CHEMBL4073062,,CHEMBL4073062,,0,http://www.openphacts.org/units/Nanomolar,2982087,>,1,1,>,,IC50,nM,,1000.0,CHEMBL203,Homo sapiens,Epidermal growth factor receptor,9606,,,IC50,nM,UO_0000065,,1000.0
,,17998414,[],CHEMBL4001767,"Inhibition of N-terminal 6His/TEV protease cleavage site-tagged wild type human EGFR using poly (Glu,Tyr) 4:1 as substrate after 1 hr by ELISA",A,,,BAO_0000190,BAO_0000357,single protein format,C=CC(=O)N1CCC(n2c(=O)cc(C)c3cnc(Nc4ccc(N5CCN(C)CC5)cc4OC)nc32)CC1,,,CHEMBL4000215,Eur J Med Chem,2017.0,,,CHEMBL4101484,,CHEMBL4101484,,0,http://www.openphacts.org/units/Nanomolar,2982088,>,1,1,>,,IC50,nM,,1000.0,CHEMBL203,Homo sapiens,Epidermal growth factor receptor,9606,,,IC50,nM,UO_0000065,,1000.0
,,18172269,[],CHEMBL4038017,Inhibition of recombinant human wild type GST-tagged EGFR cytoplasmic domain (668 to 1210 residues) expressed in baculovirus using tyr4 peptide as substrate after 1 hr by FRET-based Z'-Lyte assay,B,,,BAO_0000190,BAO_0000019,assay format,CCC(=O)N1CC[C@H](N2C(=O)N(c3cc(OC)ccc3F)Cc3cnc(Nc4ccc(N5CCN(C)CC5)c(C(F)(F)F)c4)nc32)C1,,,CHEMBL4033795,J Med Chem,2018.0,"{'bei': '8.33', 'le': '0.16', 'lle': '0.37', 'sei': '5.62'}",,CHEMBL4068695,,CHEMBL4068695,5.47,0,http://www.openphacts.org/units/Nanomolar,3014991,=,1,1,=,,IC50,nM,,3400.0,CHEMBL203,Homo sapiens,Epidermal growth factor receptor,9606,,,IC50,nM,UO_0000065,,3400.0
,,18172270,[],CHEMBL4038017,Inhibition of recombinant human wild type GST-tagged EGFR cytoplasmic domain (668 to 1210 residues) expressed in baculovirus using tyr4 peptide as substrate after 1 hr by FRET-based Z'-Lyte assay,B,,,BAO_0000190,BAO_0000019,assay format,CCC(=O)N1CC[C@H](N2C(=O)N(c3cc(OC)ccc3F)Cc3cnc(Nc4ccc(N5CCN(C)CC5)c(CC)c4)nc32)C1,,,CHEMBL4033795,J Med Chem,2018.0,"{'bei': '10.19', 'le': '0.19', 'lle': '1.65', 'sei': '6.45'}",,CHEMBL4096014,,CHEMBL4096014,6.29,0,http://www.openphacts.org/units/Nanomolar,3014992,=,1,1,=,,IC50,nM,,518.0,CHEMBL203,Homo sapiens,Epidermal growth factor receptor,9606,,,IC50,nM,UO_0000065,,518.0
,,18172271,[],CHEMBL4038017,Inhibition of recombinant human wild type GST-tagged EGFR cytoplasmic domain (668 to 1210 residues) expressed in baculovirus using tyr4 peptide as substrate after 1 hr by FRET-based Z'-Lyte assay,B,,,BAO_0000190,BAO_0000019,assay format,CCC(=O)N1CC[C@H](N2C(=O)N(c3cc(OC)ccc3F)Cc3cnc(Nc4ccc(N5CCN(C)CC5)c(C(C)C)c4)nc32)C1,,,CHEMBL4033795,J Med Chem,2018.0,"{'bei': '10.21', 'le': '0.19', 'lle': '1.24', 'sei': '6.61'}",,CHEMBL4083916,,CHEMBL4083916,6.44,0,http://www.openphacts.org/units/Nanomolar,3014993,=,1,1,=,,IC50,nM,,365.0,CHEMBL203,Homo sapiens,Epidermal growth factor receptor,9606,,,IC50,nM,UO_0000065,,365.0
,,18172272,[],CHEMBL4038017,Inhibition of recombinant human wild type GST-tagged EGFR cytoplasmic domain (668 to 1210 residues) expressed in baculovirus using tyr4 peptide as substrate after 1 hr by FRET-based Z'-Lyte assay,B,,,BAO_0000190,BAO_0000019,assay format,CCC(=O)N1CC[C@H](N2C(=O)N(c3cc(OC)ccc3F)Cc3cnc(Nc4ccc(N5CCCCC5)c(C)c4)nc32)C1,,,CHEMBL4033795,J Med Chem,2018.0,"{'bei': '10.77', 'le': '0.20', 'lle': '0.71', 'sei': '6.72'}",,CHEMBL4062192,,CHEMBL4062192,6.33,0,http://www.openphacts.org/units/Nanomolar,3014994,=,1,1,=,,IC50,nM,,467.0,CHEMBL203,Homo sapiens,Epidermal growth factor receptor,9606,,,IC50,nM,UO_0000065,,467.0
,,18172273,[],CHEMBL4038017,Inhibition of recombinant human wild type GST-tagged EGFR cytoplasmic domain (668 to 1210 residues) expressed in baculovirus using tyr4 peptide as substrate after 1 hr by FRET-based Z'-Lyte assay,B,,,BAO_0000190,BAO_0000019,assay format,CCC(=O)N1CC[C@H](N2C(=O)N(c3cc(OC)ccc3F)Cc3cnc(Nc4ccc(N5CCOCC5)c(C)c4)nc32)C1,,,CHEMBL4033795,J Med Chem,2018.0,"{'bei': '10.52', 'le': '0.20', 'lle': '1.73', 'sei': '6.00'}",,CHEMBL4102288,,CHEMBL4102288,6.20,0,http://www.openphacts.org/units/Nanomolar,3014995,=,1,1,=,,IC50,nM,,626.0,CHEMBL203,Homo sapiens,Epidermal growth factor receptor,9606,,,IC50,nM,UO_0000065,,626.0
,,18172274,[],CHEMBL4038017,Inhibition of recombinant human wild type GST-tagged EGFR cytoplasmic domain (668 to 1210 residues) expressed in baculovirus using tyr4 peptide as substrate after 1 hr by FRET-based Z'-Lyte assay,B,,,BAO_0000190,BAO_0000019,assay format,CCC(=O)N1CC[C@H](N2C(=O)N(c3cc(OC)ccc3F)Cc3cnc(Nc4ccc(N5CCN(C(C)=O)CC5)c(C)c4)nc32)C1,,,CHEMBL4033795,J Med Chem,2018.0,"{'bei': '10.83', 'le': '0.20', 'lle': '2.53', 'sei': '5.97'}",,CHEMBL4078026,,CHEMBL4078026,6.83,0,http://www.openphacts.org/units/Nanomolar,3014996,=,1,1,=,,IC50,nM,,148.0,CHEMBL203,Homo sapiens,Epidermal growth factor receptor,9606,,,IC50,nM,UO_0000065,,148.0
,,18172275,[],CHEMBL4038017,Inhibition of recombinant human wild type GST-tagged EGFR cytoplasmic domain (668 to 1210 residues) expressed in baculovirus using tyr4 peptide as substrate after 1 hr by FRET-based Z'-Lyte assay,B,,,BAO_0000190,BAO_0000019,assay format,CCC(=O)N1CC[C@H](N2C(=O)N(c3cc(OC)ccc3F)Cc3cnc(Nc4ccc(N5CCCN(C)CC5)c(C)c4)nc32)C1,,,CHEMBL4033795,J Med Chem,2018.0,"{'bei': '10.83', 'le': '0.20', 'lle': '1.90', 'sei': '6.86'}",,CHEMBL4083224,,CHEMBL4083224,6.68,0,http://www.openphacts.org/units/Nanomolar,3014997,=,1,1,=,,IC50,nM,,209.0,CHEMBL203,Homo sapiens,Epidermal growth factor receptor,9606,,,IC50,nM,UO_0000065,,209.0
,,18172276,[],CHEMBL4038017,Inhibition of recombinant human wild type GST-tagged EGFR cytoplasmic domain (668 to 1210 residues) expressed in baculovirus using tyr4 peptide as substrate after 1 hr by FRET-based Z'-Lyte assay,B,,,BAO_0000190,BAO_0000019,assay format,CCC(=O)N1CC[C@H](N2C(=O)N(c3cc(OC)ccc3F)Cc3cnc(Nc4ccc(N5CCC(N(C)C)CC5)c(C)c4)nc32)C1,,,CHEMBL4033795,J Med Chem,2018.0,"{'bei': '10.37', 'le': '0.19', 'lle': '1.38', 'sei': '6.72'}",,CHEMBL4076405,,CHEMBL4076405,6.54,0,http://www.openphacts.org/units/Nanomolar,3014998,=,1,1,=,,IC50,nM,,286.0,CHEMBL203,Homo sapiens,Epidermal growth factor receptor,9606,,,IC50,nM,UO_0000065,,286.0
,,18172277,[],CHEMBL4038017,Inhibition of recombinant human wild type GST-tagged EGFR cytoplasmic domain (668 to 1210 residues) expressed in baculovirus using tyr4 peptide as substrate after 1 hr by FRET-based Z'-Lyte assay,B,,,BAO_0000190,BAO_0000019,assay format,CCC(=O)N1CC[C@H](N2C(=O)N(c3cc(OC)ccc3F)Cc3cnc(Nc4ccc(N5CCC6(CCN(C)C6)C5)c(C)c4)nc32)C1,,,CHEMBL4033795,J Med Chem,2018.0,"{'bei': '10.16', 'le': '0.19', 'lle': '1.36', 'sei': '6.70'}",,CHEMBL4086821,,CHEMBL4086821,6.53,0,http://www.openphacts.org/units/Nanomolar,3014999,=,1,1,=,,IC50,nM,,295.7,CHEMBL203,Homo sapiens,Epidermal growth factor receptor,9606,,,IC50,nM,UO_0000065,,295.7
,,18172278,[],CHEMBL4038017,Inhibition of recombinant human wild type GST-tagged EGFR cytoplasmic domain (668 to 1210 residues) expressed in baculovirus using tyr4 peptide as substrate after 1 hr by FRET-based Z'-Lyte assay,B,,,BAO_0000190,BAO_0000019,assay format,CCC(=O)N1CC[C@H](N2C(=O)N(c3cc(OC)ccc3F)Cc3cnc(Nc4ccc(N5CCC6(CCN(C)CC6)CC5)c(C)c4)nc32)C1,,,CHEMBL4033795,J Med Chem,2018.0,"{'bei': '9.91', 'le': '0.19', 'lle': '0.70', 'sei': '6.83'}",,CHEMBL4104717,,CHEMBL4104717,6.65,0,http://www.openphacts.org/units/Nanomolar,3015000,=,1,1,=,,IC50,nM,,224.5,CHEMBL203,Homo sapiens,Epidermal growth factor receptor,9606,,,IC50,nM,UO_0000065,,224.5
,,18172279,[],CHEMBL4038017,Inhibition of recombinant human wild type GST-tagged EGFR cytoplasmic domain (668 to 1210 residues) expressed in baculovirus using tyr4 peptide as substrate after 1 hr by FRET-based Z'-Lyte assay,B,,,BAO_0000190,BAO_0000019,assay format,CCC(=O)N1CC[C@H](N2C(=O)N(c3cc(OC)ccc3F)Cc3cnc(Nc4ccc(N5CC6(CCN(C)CC6)C5)c(C)c4)nc32)C1,,,CHEMBL4033795,J Med Chem,2018.0,"{'bei': '10.36', 'le': '0.19', 'lle': '1.49', 'sei': '6.84'}",,CHEMBL4078973,,CHEMBL4078973,6.66,0,http://www.openphacts.org/units/Nanomolar,3015001,=,1,1,=,,IC50,nM,,218.0,CHEMBL203,Homo sapiens,Epidermal growth factor receptor,9606,,,IC50,nM,UO_0000065,,218.0
,,18172280,[],CHEMBL4038017,Inhibition of recombinant human wild type GST-tagged EGFR cytoplasmic domain (668 to 1210 residues) expressed in baculovirus using tyr4 peptide as substrate after 1 hr by FRET-based Z'-Lyte assay,B,,,BAO_0000190,BAO_0000019,assay format,CCC(=O)N1CC[C@H](N2C(=O)N(c3cc(OC)ccc3F)Cc3cnc(Nc4ccc(N5C[C@H]6CN(C)C[C@H]6C5)c(C)c4)nc32)C1,,,CHEMBL4033795,J Med Chem,2018.0,"{'bei': '10.60', 'le': '0.20', 'lle': '2.04', 'sei': '6.84'}",,CHEMBL4096988,,CHEMBL4096988,6.67,0,http://www.openphacts.org/units/Nanomolar,3015002,=,1,1,=,,IC50,nM,,216.0,CHEMBL203,Homo sapiens,Epidermal growth factor receptor,9606,,,IC50,nM,UO_0000065,,216.0
,,18172281,[],CHEMBL4038017,Inhibition of recombinant human wild type GST-tagged EGFR cytoplasmic domain (668 to 1210 residues) expressed in baculovirus using tyr4 peptide as substrate after 1 hr by FRET-based Z'-Lyte assay,B,,,BAO_0000190,BAO_0000019,assay format,CCC(=O)N1CC[C@H](N2C(=O)N(c3cc(OC)ccc3F)Cc3cnc(Nc4ccc(N(C)CCN(C)C)c(C)c4)nc32)C1,,,CHEMBL4033795,J Med Chem,2018.0,"{'bei': '9.73', 'le': '0.18', 'lle': '1.26', 'sei': '6.04'}",,CHEMBL4076515,,CHEMBL4076515,5.89,0,http://www.openphacts.org/units/Nanomolar,3015003,=,1,1,=,,IC50,nM,,1300.0,CHEMBL203,Homo sapiens,Epidermal growth factor receptor,9606,,,IC50,nM,UO_0000065,,1300.0
,,18172282,[],CHEMBL4038017,Inhibition of recombinant human wild type GST-tagged EGFR cytoplasmic domain (668 to 1210 residues) expressed in baculovirus using tyr4 peptide as substrate after 1 hr by FRET-based Z'-Lyte assay,B,,,BAO_0000190,BAO_0000019,assay format,CCC(=O)N1CC[C@H](N2C(=O)N(c3cc(OC)ccc3F)Cc3cnc(Nc4ccc(N5CCN(C)C(C)C5)c(C)c4)nc32)C1,,,CHEMBL4033795,J Med Chem,2018.0,"{'bei': '9.96', 'le': '0.19', 'lle': '1.38', 'sei': '6.31'}",,CHEMBL4093535,,CHEMBL4093535,6.15,0,http://www.openphacts.org/units/Nanomolar,3015004,=,1,1,=,,IC50,nM,,715.0,CHEMBL203,Homo sapiens,Epidermal growth factor receptor,9606,,,IC50,nM,UO_0000065,,715.0
,,18172283,[],CHEMBL4038017,Inhibition of recombinant human wild type GST-tagged EGFR cytoplasmic domain (668 to 1210 residues) expressed in baculovirus using tyr4 peptide as substrate after 1 hr by FRET-based Z'-Lyte assay,B,,,BAO_0000190,BAO_0000019,assay format,CCC(=O)N1CC[C@H](N2C(=O)N(c3cc(OC)ccc3F)Cc3cnc(Nc4ccc(N5C[C@@H](C)N(C)[C@@H](C)C5)c(C)c4)nc32)C1,,,CHEMBL4033795,J Med Chem,2018.0,"{'bei': '9.59', 'le': '0.18', 'lle': '0.89', 'sei': '6.21'}",,CHEMBL4103893,,CHEMBL4103893,6.05,0,http://www.openphacts.org/units/Nanomolar,3015005,=,1,1,=,,IC50,nM,,888.2,CHEMBL203,Homo sapiens,Epidermal growth factor receptor,9606,,,IC50,nM,UO_0000065,,888.2
,,18172284,[],CHEMBL4038017,Inhibition of recombinant human wild type GST-tagged EGFR cytoplasmic domain (668 to 1210 residues) expressed in baculovirus using tyr4 peptide as substrate after 1 hr by FRET-based Z'-Lyte assay,B,,,BAO_0000190,BAO_0000019,assay format,CCC(=O)N1CC[C@H](N2C(=O)N(c3cc(OC)ccc3F)Cc3cnc(Nc4ccc(N5CCN(C6COC6)CC5)c(C)c4)nc32)C1,,,CHEMBL4033795,J Med Chem,2018.0,"{'bei': '10.11', 'le': '0.19', 'lle': '2.37', 'sei': '6.12'}",,CHEMBL4072688,,CHEMBL4072688,6.52,0,http://www.openphacts.org/units/Nanomolar,3015006,=,1,1,=,,IC50,nM,,302.0,CHEMBL203,Homo sapiens,Epidermal growth factor receptor,9606,,,IC50,nM,UO_0000065,,302.0
,,18172285,[],CHEMBL4038017,Inhibition of recombinant human wild type GST-tagged EGFR cytoplasmic domain (668 to 1210 residues) expressed in baculovirus using tyr4 peptide as substrate after 1 hr by FRET-based Z'-Lyte assay,B,,,BAO_0000190,BAO_0000019,assay format,CCC(=O)N1CC[C@H](N2C(=O)N(c3cc(OC)ccc3Cl)Cc3cnc(Nc4ccc(N5CCN(C6COC6)CC5)c(C)c4)nc32)C1,,,CHEMBL4033795,J Med Chem,2018.0,"{'bei': '9.75', 'le': '0.19', 'lle': '1.77', 'sei': '6.04'}",,CHEMBL4066141,,CHEMBL4066141,6.44,0,http://www.openphacts.org/units/Nanomolar,3015007,=,1,1,=,,IC50,nM,,360.0,CHEMBL203,Homo sapiens,Epidermal growth factor receptor,9606,,,IC50,nM,UO_0000065,,360.0
,,18189779,[],CHEMBL4041412,Inhibition of wild type N-terminal GST-fused human EGFR cytoplasmic domain expressed in baculovirus expression system preincubated for 30 mins followed by ATP and TK-substrate addition measured after 25 mins by HTRF assay,A,,,BAO_0000190,BAO_0000019,assay format,C=CC(=O)N1CCC[C@@H](n2nc(-c3cccc(F)c3)c3c(N)ncnc32)C1,,,CHEMBL4038351,J Med Chem,2017.0,,,CHEMBL4100655,,CHEMBL4100655,6.89,0,http://www.openphacts.org/units/Nanomolar,3017542,=,1,1,=,,IC50,nM,,130.0,CHEMBL203,Homo sapiens,Epidermal growth factor receptor,9606,,,IC50,uM,UO_0000065,,0.13
,,18189780,[],CHEMBL4041412,Inhibition of wild type N-terminal GST-fused human EGFR cytoplasmic domain expressed in baculovirus expression system preincubated for 30 mins followed by ATP and TK-substrate addition measured after 25 mins by HTRF assay,A,,,BAO_0000190,BAO_0000019,assay format,CCC(=O)N1CCC[C@@H](n2nc(-c3cccc(F)c3)c3c(N)ncnc32)C1,,,CHEMBL4038351,J Med Chem,2017.0,,,CHEMBL4084214,,CHEMBL4084214,,0,http://www.openphacts.org/units/Nanomolar,3017543,>,1,1,>,,IC50,nM,,10000.0,CHEMBL203,Homo sapiens,Epidermal growth factor receptor,9606,,,IC50,uM,UO_0000065,,10.0
,,18189781,[],CHEMBL4041412,Inhibition of wild type N-terminal GST-fused human EGFR cytoplasmic domain expressed in baculovirus expression system preincubated for 30 mins followed by ATP and TK-substrate addition measured after 25 mins by HTRF assay,A,,,BAO_0000190,BAO_0000019,assay format,C=CC(=O)N1CCC[C@@H](n2nc(-c3ccc(F)cc3)c3c(N)ncnc32)C1,,,CHEMBL4038351,J Med Chem,2017.0,,,CHEMBL4062509,,CHEMBL4062509,6.89,0,http://www.openphacts.org/units/Nanomolar,3017544,=,1,1,=,,IC50,nM,,130.0,CHEMBL203,Homo sapiens,Epidermal growth factor receptor,9606,,,IC50,uM,UO_0000065,,0.13
